Workbook
Name \C: #REF!
Name \C: #REF!
Name \C: #REF!
Name \C: #REF!
Name \F: #REF!
Name \F: #REF!
Name _1_0_0TO_LT1_IN_C: #REF!
Name _10.1.2_P2: #REF!
Name _10.1.2_P2: #REF!
Name _10.1.2_P3: #REF!
Name _10.1.2_P3: #REF!
Name _10.1.2_P4: #REF!
Name _10.1.2_P4: #REF!
Name _2_0_0TO_LT1_IN_C: #REF!
Name _3_0_0TO_LT2_IN_C: #REF!
Name _4_0_0TO_LT2_IN_C: #REF!
Name _7.0.13_P10: #REF!
Name _7.0.13_P10: #REF!
Name _7.0.13_P12: #REF!
Name _7.0.13_P12: #REF!
Name _7.0.13_P14: #REF!
Name _7.0.13_P14: #REF!
Name _7.0.13_P16: #REF!
Name _7.0.13_P16: #REF!
Name _7.0.13_P18: #REF!
Name _7.0.13_P18: #REF!
Name _7.0.13_P2: #REF!
Name _7.0.13_P2: #REF!
Name _7.0.13_P20: #REF!
Name _7.0.13_P20: #REF!
Name _7.0.13_P4: #REF!
Name _7.0.13_P4: #REF!
Name _7.0.13_P6: #REF!
Name _7.0.13_P6: #REF!
Name _7.0.13_P8: #REF!
Name _7.0.13_P8: #REF!
Name compclasses: #REF!
Name compclasses: #REF!
Name compclasses: #REF!
Name compcomps: #REF!
Name compcomps: #REF!
Name compcomps: #REF!
Name COMPLIST: #REF!
Name COMPLIST: #REF!
Name COMPLIST: #REF!
Name FROM_RDGOVADJ_1: #REF!
Name FROM_RDGOVADJ_1: #REF!
Name FROM_RDGOVADJ_2: #REF!
Name FROM_RDGOVADJ_2: #REF!
Name MACROS: #REF!
Name MACROS: #REF!
Name PIECES_1: #REF!
Name PIECES_1: #REF!
Name PIECES_2: #REF!
Name PIECES_2: #REF!
Name SPR_IN_TO_SUB_1: #REF!
Name SPR_IN_TO_SUB_1: #REF!
Name SPR_IN_TO_SUB_2: #REF!
Name SPR_IN_TO_SUB_2: #REF!
Name sumcode: #REF!

Sheet NOTES
A1: =Inputs!$C$4 -> Unit Delivery Cost Model - 12/16/2025
A2: UDCINPUTS DOCUMENTATION PAGE
A4: Worksheet | B4: USPS-FY25-19 Synopsis
A5: Inputs | B5: Various Inputs needed thoroughout the model
A6: 7.0.6 | B6: Inputs from USPS-FY25-32, CS06&7.xls, W/S 7.0.6
A7: 7.0.8 | B7: Inputs from USPS-FY25-19, CS06&7.xls, W/S 7.0.8
A8: 7.0.6.10 | B8: Inputs from USPS-FY25-19, CS06&7.xls, W/S 7.0.6.10
A9: City DAL Costs | B9: City DAL direct labor street costs are brought over from USPS-FY25-32 CS06&7.xls WS 7.0.6, and cost for flat host pieces are calculated.
A10: CS06&7 CRA | B10: From USPS-FY25-32, CS06&7.xls, Outputs to CRA
A11: CS7Shape | B11: USPS-FY25-32, 7.0.6 City carrier letter route street costs by shape
A12: CS10CRA | B12: USPS-FY25-32 CS10, Outputs to CRA
A13: Rural DAL Costs | B13: Rural DAL direct labor street costs are brought over from CS10.xls 10.3, and cost for flat host pieces are calculated.
A14: RuralCosts | B14: USPS-FY25-32, CS10.xls WS 10.1.3, 10.2.3, Rural carrier costs for evaluated and other routes
A15: RuralVols | B15: USPS-FY25-32 CS10.xlsx, Inputs DK, RCS volumes by rural evaluation factor
... A31: ParcelVols | B31: Crosswalks Periodicals parcels to flats by taking ratio of CCCS and RCCS parcels to RPW parcels.

Sheet Changes
A1: Sheet | B1: Change
A3: December 2019 Changes
A4: 7.0.6.6 | B4: Added sheet for distribution of Sunday/Holiday costs, as per Docket No RM2018-5, Order 4972.
A5: 7.0.6 | B5: Sunday Delivery column removed as no longer needed because of the addition of sheet 7.0.6.6.
A6: CS6&7 CRA | B6: Sunday/Holidays costs added into Delivery Activities column from CS06&7-NP-FY19.xlsx source.
A8: 2020 Changes for RM2019-6 Proposal One, SPR
A9: 7.0.6 | B9: New SPR columns added from CS06&7, C-F. Old SPR columns removed.
A10: 7.0.6.6 | B10: Removed Sheet, no longer needed as all data is on Sheet 7.0.6
A12: 2021 Changes for RM2021-7, SPR Peak and Non-Peak
A13: 7.0.6 | B13: New SPR columns for SPR Peak and Non-Peak from CS06&7, D-E. Changed formulas for columns F-Z to point to the correct column in CS06&7.
A15: 2024 Changes for RRECS (RM2024-2, Order 7919)
A16: CS10 CRA | B16: Updated references to CS10 Outputs to CRA tab, including removal of second costpool for other routes and renaming of evaluated routes costpool
A17: RuralVols | B17: Updated references to CS10 Inputs DK tab, including removal of old costpools and addition of new ones consistent with RRECS; added formulas to look up values based on CRA class numbers
A18: RuralVols | B18: Updated links to RCCS Matrix consistent with RRECS and allocate Direct Bundle volumes to Door Parcels
A19: RuralCosts | B19: Updated links to CS10 to refer to 10.1.2 tab, including removal of old costpools and addition of new ones consistent with RRECS; added formulas to look up values based on CRA class numbers
A20: Rural DAL Costs | B20: Updated references to other worksheets consistent with new methodology; remove split between evaluated and other routes as DALs costs no longer need to be split
A21: BYPBack | B21: Added links to PB workbook and updated values
A22: RCSECRVols | B22: Updated links to RCCS Matrix consistent with RRECS, including removal of old costpools and addition of new ones consistent with RRECS
A23: BoxholderbyShape | B23: Updated links to RCCS Matrix consistent with RRECS
A24: PeriodicalsVolAdj | B24: Updated references to 7.0.8 tab for Parcels
A25: ParcelVols | B25: Updated formulas to include three Parcel costpools
A27: 2024 Changes for Top Down (RM2022-3)
A28: CS6&7 CRA | B28: Updated all references to refer to CS06&7 Outputs to CRA tab, including costpools no longer relevant under Top Down; added formulas to look up values based on CRA class numbers
A29: 7.0.8 | B29: Updated references to I_FORMS
A30: 7.0.8 | B30: Updated references to CS06&7 7.0.8 tab; added formulas to look up values based on CRA class numbers
A31: 7.0.6 | B31: Updated references to CS06&7 7.0.6 tab, including removing costpools no longer relevant under Top Down; added formulas to look up values based on CRA class numbers
A32: 7.0.6.10 | B32: Renamed 7.0.6.5; Updated references to refer to CS06&7 7.0.6.5 tab, including removing costpools no longer relevant under Top Down; added formulas to look up values based on CRA class numbers; ultimately deleted as not needed (data on 7.0.6 tab)
A33: CS7Shape | B33: Updated references to CS06&7 7.0.6.5 tab, including combining Deviation Parcels and Accountables into one costpool; added formulas to look up values based on CRA class numbers
A35: 2024 Changes Additional
A36: 7.0.8 | B36: Removed FSS
A37: CS7Shape | B37: Removed FSS
A38: RuralCosts | B38: Removed FSS
A39: RuralVols | B39: Removed FSS
A40: CCSDALs | B40: Removed FSS
A41: CCSECRVols | B41: Removed FSS
A42: RCSECRVols | B42: Removed FSS
A43: CARMM | B43: Removed note on FSS Split
A44: CARMMCasing | B44: Removed note on FSS Split
A45: BYPBack | B45: Added formulas to look up values based on CRA class numbers
A46: DPS% | B46: Added formulas to look up values
A48: 2025 Changes
A49: CS6&7 CRA | B49: Updated to reflect latest CS06&7 format that removes FCPS, Retail Ground and FSS
A50: 7.0.8 | B50: Updated to reflect latest CS06&7 format that removes FCPS, Retail Ground and FSS
A51: 7.0.6 | B51: Updated to reflect latest CS06&7 format that removes FCPS, Retail Ground and FSS
A52: CS7Shape | B52: Updated to reflect latest CS06&7 format that removes FCPS, Retail Ground and FSS
A53: City DAL Costs | B53: Updated to reflect latest CS06&7 format that removes FCPS, Retail Ground and FSS
A54: 7.0.8 | B54: Updated to reflect latest CCCS Matrix format (correction to FY24)
A55: CCSECRVols | B55: Updated to reflect latest CCCS Matrix format (correction to FY24)
A56: 7.0.8 | B56: Updated to reflect latest I_FORMS format that removes FCPS, Retail Ground and FSS
A57: CS10 CRA | B57: Updated to reflect latest CS10 format that removes FCPS, Retail Ground and FSS
A58: RuralCosts | B58: Updated to reflect latest CS10 format that removes FCPS, Retail Ground and FSS
A59: RuralVols | B59: Updated to reflect latest CS10 format that removes FCPS, Retail Ground and FSS
A60: RuralVols | B60: Updated to reflect latest RCCS Matrix format (correction to FY24)
A61: BoxholderbyShape | B61: Updated to reflect latest RCCS Matrix values

Sheet Inputs
B1: Inputs Used in USPS-FY25-19
A3: Line No.
A4: 1 | B4: Library Reference & Revision Date | C4: Unit Delivery Cost Model - 12/16/2025
A6: 2 | B6: YEAR | C6: FY 2025
A8: =A6+1 -> 3 | B8: Adjustment factor for HD Letters to HD Flats | C8: =[1]MM_HD_SAT_Summary!$I$9 -> 0.0031055058 | D8: Source:
A9: =A8+1 -> 4 | B9: Adjustment factor for Sat Letters to Sat Flats | C9: =[1]MM_HD_SAT_Summary!$I$10 -> 0.067217436 | D9: FCM_MM_WGTI_FY25_EOYv.xlsx

Sheet CS6&7 CRA
A1: ='7.0.6'!A1 -> Unit Delivery Cost Model - 12/16/2025
A2: C/S 6&7 CITY CARRIERS
A3: OUTPUTS TO CRA MODEL
A5: LINE NO. | B5: CLASS, SUBCLASS, OR SPECIAL SERVICE | C5: IN-OFFICE DIRECT LABOR | D5: IN-OFFICE SUPPORT OVERHEAD | E5: IN-OFFICE ROUTE SUPPORT | F5: DELIVERY ACTIVITIES
B6: COLUMN NUMBER | C6: -1 | D6: =C6-1 -> -2 | E6: =D6-1 -> -3 | F6: -3
B7: UNITS | C7: $(000) | D7: $(000) | E7: $(000) | F7: $(000)
B8: COLUMN SOURCE/NOTES | C8: WS 6.0.2.1 C2 | D8: ="L"&A30&" dist on C"&-C6 -> L21 dist on C1 | E8: Outputs to CRA | F8: Outputs to CRA
B9: MODEL COMPONENT | C9: 43 | D9: 44 | E9: 604 | F9: 47 + 48 + 49
A10: 1 | B10: FIRST-CLASS MAIL
A11: =A10+1 -> 2 | B11: SINGLE-PIECE LETTERS | C11: ='[2]6.0.2.1'!F11 -> 166731.92 | D11: =C11/C$31*D$31 -> 22864.588 | E11: ='[2]Outputs to CRA'!E12 -> 14195.783 | F11: ='[2]Outputs to CRA'!F12+'[2]Outputs to CRA'!G12+'[2]Outputs to CRA'!H12 -> 280972.66
A12: =A11+1 -> 3 | B12: SINGLE-PIECE CARDS | C12: ='[2]6.0.2.1'!F12 -> 9361.7585 | D12: =C12/C$31*D$31 -> 1283.8139 | E12: ='[2]Outputs to CRA'!E13 -> 635.21465 | F12: ='[2]Outputs to CRA'!F13+'[2]Outputs to CRA'!G13+'[2]Outputs to CRA'!H13 -> 10015.63
A13: =A12+1 -> 4 | B13: PRESORT LETTERS | C13: ='[2]6.0.2.1'!F13 -> 361821.5 | D13: =C13/C$31*D$31 -> 49617.971 | E13: ='[2]Outputs to CRA'!E14 -> 27551.071 | F13: ='[2]Outputs to CRA'!F14+'[2]Outputs to CRA'!G14+'[2]Outputs to CRA'!H14 -> 423776.48
A14: =A13+1 -> 5 | B14: PRESORT CARDS | C14: ='[2]6.0.2.1'!F14 -> 26921.232 | D14: =C14/C$31*D$31 -> 3691.8119 | E14: ='[2]Outputs to CRA'!E15 -> 2132.0624 | F14: ='[2]Outputs to CRA'!F15+'[2]Outputs to CRA'!G15+'[2]Outputs to CRA'!H15 -> 34003.954
A15: =A14+1 -> 6 | B15: SINGLE PIECE FLATS | C15: ='[2]6.0.2.1'!F15 -> 63759.544 | D15: =C15/C$31*D$31 -> 8743.591 | E15: ='[2]Outputs to CRA'!E16 -> 2702.7843 | F15: ='[2]Outputs to CRA'!F16+'[2]Outputs to CRA'!G16+'[2]Outputs to CRA'!H16 -> 11658.984
A16: =A15+1 -> 7 | B16: PRESORT FLATS | C16: ='[2]6.0.2.1'!F16 -> 66608.274 | D16: =C16/C$31*D$31 -> 9134.2483 | E16: ='[2]Outputs to CRA'!E17 -> 2653.5014 | F16: ='[2]Outputs to CRA'!F17+'[2]Outputs to CRA'!G17+'[2]Outputs to CRA'!H17 -> 5195.9811
A17: =A16+1 -> 8 | B17: USPS MARKETING MAIL
A18: =A17+1 -> 9 | B18: HIGH DENSITY & SATURATION LETTERS | C18: ='[2]6.0.2.1'!F19 -> 55182.385 | D18: =C18/C$31*D$31 -> 7567.3723 | E18: ='[2]Outputs to CRA'!E20 -> 5205.1514 | F18: ='[2]Outputs to CRA'!F20+'[2]Outputs to CRA'!G20+'[2]Outputs to CRA'!H20 -> 94839.18
A19: =A18+1 -> 10 | B19: HIGH DENSITY & SATURATION FLATS & PARCELS | C19: ='[2]6.0.2.1'!F20 -> 70465.38 | D19: =C19/C$31*D$31 -> 9663.1881 | E19: ='[2]Outputs to CRA'!E21 -> 9031.315 | F19: ='[2]Outputs to CRA'!F21+'[2]Outputs to CRA'!G21+'[2]Outputs to CRA'!H21 -> 192903.99
A20: =A19+1 -> 11 | B20: EVERY DOOR DIRECT MAIL RETAIL | C20: ='[2]6.0.2.1'!F21 -> 5007.5316 | D20: =C20/C$31*D$31 -> 686.70204 | E20: ='[2]Outputs to CRA'!E22 -> 635.2942 | F20: ='[2]Outputs to CRA'!F22+'[2]Outputs to CRA'!G22+'[2]Outputs to CRA'!H22 -> 13512.623
A21: =A20+1 -> 12 | B21: CARRIER ROUTE | C21: ='[2]6.0.2.1'!F22 -> 193209.9 | D21: =C21/C$31*D$31 -> 26495.615 | E21: ='[2]Outputs to CRA'!E23 -> 8220.6369 | F21: ='[2]Outputs to CRA'!F23+'[2]Outputs to CRA'!G23+'[2]Outputs to CRA'!H23 -> 30838.966
A22: =A21+1 -> 13 | B22: LETTERS | C22: ='[2]6.0.2.1'!F23 -> 476552.55 | D22: =C22/C$31*D$31 -> 65351.481 | E22: ='[2]Outputs to CRA'!E24 -> 36408.862 | F22: ='[2]Outputs to CRA'!F24+'[2]Outputs to CRA'!G24+'[2]Outputs to CRA'!H24 -> 562270.52
A23: =A22+1 -> 14 | B23: FLATS | C23: ='[2]6.0.2.1'!F24 -> 225228.98 | D23: =C23/C$31*D$31 -> 30886.515 | E23: ='[2]Outputs to CRA'!E25 -> 9059.4731 | F23: ='[2]Outputs to CRA'!F25+'[2]Outputs to CRA'!G25+'[2]Outputs to CRA'!H25 -> 20207.345
A24: =A23+1 -> 15 | B24: PARCELS | C24: ='[2]6.0.2.1'!F25 -> 1482.9199 | D24: =C24/C$31*D$31 -> 203.3585 | E24: ='[2]Outputs to CRA'!E26 -> 110.95859 | F24: ='[2]Outputs to CRA'!F26+'[2]Outputs to CRA'!G26+'[2]Outputs to CRA'!H26 -> 1903.1363
A25: =A24+1 -> 16 | B25: TOTAL PERIODICALS | C25: ='[2]6.0.2.1'!F30 -> 195656.05 | D25: =C25/C$31*D$31 -> 26831.065 | E25: ='[2]Outputs to CRA'!$E$31 -> 8060.2961 | F25: ='[2]Outputs to CRA'!$F$31+'[2]Outputs to CRA'!$G$31+'[2]Outputs to CRA'!$H$31 -> 23335.638
A26: =A25+1 -> 17 | B26: PACKAGE SERVICES
A27: =A26+1 -> 18 | B27: BOUND PRINTED MATTER FLATS | C27: ='[2]6.0.2.1'!F32 -> 8053.5989 | D27: =C27/C$31*D$31 -> 1104.4209 | E27: ='[2]Outputs to CRA'!E33 -> 348.67338 | F27: ='[2]Outputs to CRA'!F33+'[2]Outputs to CRA'!G33+'[2]Outputs to CRA'!H33 -> 1466.7021
A28: =A27+1 -> 19 | B28: BOUND PRINTED MATTER PARCELS | C28: ='[2]6.0.2.1'!F33 -> 24420.664 | D28: =C28/C$31*D$31 -> 3348.8993 | E28: ='[2]Outputs to CRA'!E34 -> 2465.1661 | F28: ='[2]Outputs to CRA'!F34+'[2]Outputs to CRA'!G34+'[2]Outputs to CRA'!H34 -> 53953.591
A29: =A28+1 -> 20 | B29: MEDIA MAIL | C29: ='[2]6.0.2.1'!F34 -> 8300.1564 | D29: =C29/C$31*D$31 -> 1138.2323 | E29: ='[2]Outputs to CRA'!E35 -> 890.71788 | F29: ='[2]Outputs to CRA'!F35+'[2]Outputs to CRA'!G35+'[2]Outputs to CRA'!H35 -> 21421.829
A30: =A29+1 -> 21 | B30: TOTAL VOLUME VARIABLE | C30: ='[2]6.0.2.1'!$D$62 -> 2735847.1 | D30: =C30/C$31*D$31 -> 375177.21 | E30: ='[2]Outputs to CRA'!$E$62 -> 208118.93 | F30: ='[2]Outputs to CRA'!F62+'[2]Outputs to CRA'!G64+'[2]Outputs to CRA'!H62 -> 3698548.7
A31: =A30+1 -> 22 | B31: TOTAL | C31: ='[2]6.0.2.1'!$F$64 -> 2835480 | D31: ='[2]Outputs to CRA'!Q8 -> 388840.26 | E31: ='[2]Outputs to CRA'!$E$64 -> 592626.64 | F31: ='[2]Outputs to CRA'!$F$64+'[2]Outputs to CRA'!$G$64+'[2]Outputs to CRA'!$H$64 -> 15467431
A32: =A31+1 -> 23 | B32: USPS MARKETING MAIL
A33: =A32+1 -> 24 | B33: HIGH DENSITY & SATURATION LETTERS | C33: =C18 -> 55182.385 | D33: =D18 -> 7567.3723 | E33: =E18 -> 5205.1514 | F33: =F18 -> 94839.18
A34: =A33+1 -> 25 | B34: HD Letters | C34: =CARMM!D18 -> 33827.056 | D34: =IFERROR(C34/C$31*D$31,0) -> 4638.834 | E34: ='7.0.6'!M34 -> 2957.5134 | F34: ='7.0.6'!L34 -> 51124.897
A35: =A34+1 -> 26 | B35: Sat Letters | C35: =CARMM!D19 -> 21372.307 | D35: =IFERROR(C35/C$31*D$31,0) -> 2930.8665 | E35: ='7.0.6'!M35 -> 2247.638 | F35: ='7.0.6'!L35 -> 43714.284
A36: =A35+1 -> 27 | B36: HIGH DENSITY & SATURATION FLATS & PARCELS | C36: =C19 -> 70465.38 | D36: =D19 -> 9663.1881 | E36: =E19 -> 9031.315 | F36: =F19 -> 192903.99
A37: =A36+1 -> 28 | B37: HD Flats | C37: =CARMM!D23 -> 45414.554 | D37: =IFERROR(C37/C$31*D$31,0) -> 6227.8721 | E37: ='7.0.6'!M37 -> 2305.9052 | F37: ='7.0.6'!L37 -> 18506.279
A38: =A37+1 -> 29 | B38: Sat Flats | C38: =CARMM!D25 -> 25061.774 | D38: =IFERROR(C38/C$31*D$31,0) -> 3436.8173 | E38: ='7.0.6'!M38 -> 6725.4097 | F38: ='7.0.6'!L38 -> 174397.71
A39: =A38+1 -> 30 | B39: HD Parcels | C39: =CARMM!D24 -> 0 | D39: =IFERROR(C39/C$31*D$31,0) -> 0 | E39: ='7.0.6'!M39 -> 0 | F39: ='7.0.6'!L39 -> 0
A40: =A39+1 -> 31 | B40: Sat Parcels | C40: =CARMM!D29 -> 0 | D40: =IFERROR(C40/C$31*D$31,0) -> 0 | E40: ='7.0.6'!M40 -> 0 | F40: ='7.0.6'!L40 -> 0

Sheet 7.0.8
A1: =Inputs!C4 -> Unit Delivery Cost Model - 12/16/2025
A2: CS 7 CITY CARRIERS STREET
A3: WS 7.0.8 DEVELOP DIST KEYS W/ CCS VOL
A5: LINE NO. | B5: CLASS TITLE | C5: RPW TOTAL | D5: COLLECTIONS | E5: CASED MAIL | F5: CASED MAIL LETTERS | G5: CASED MAIL FLATS | H5: DPS | I5: SMALL PARCELS | J5: SEQUENCED | K5: ACCOUNTABLES | L5: LARGE PARCELS
B6: COLUMN NUMBER | C6: -1 | D6: =C6-1 -> -2 | E6: =D6-1 -> -3 | F6: =E6-1 -> -4 | G6: =F6-1 -> -5 | H6: =G6-1 -> -6 | I6: =H6-1 -> -7 | J6: =I6-1 -> -8 | K6: =J6-1 -> -9 | L6: =K6-1 -> -10
B7: CALCULATIONS
B8: UNITS | C8: Pieces (000) | D8: Pieces (000) | E8: Pieces (000) | F8: Pieces (000) | G8: Pieces (000) | H8: Pieces (000) | I8: Pieces (000) | J8: Pieces (000) | K8: Pieces (000) | L8: Pieces (000)
B9: COLUMN SOURCE/NOTES | C9: WS 1.1.2 | D9: CCS | E9: CCS | F9: CCS | G9: CCS | H9: CCS | I9: CCS | J9: CCS | K9: CCS | L9: CCS
A10: 1 | B10: FIRST-CLASS MAIL
A11: =A10+1 -> 2 | B11: SINGLE-PIECE LETTERS | C11: ='[2]7.0.8'!D11 -> 9372495.3 | D11: ='[2]7.0.8'!E11 -> 1843932.9 | E11: ='[2]7.0.8'!F11 -> 562209.02 | F11: =[3]CCCS_Matrix_FY25!E3 -> 562209.02 | G11: =[3]CCCS_Matrix_FY25!F3 -> 0 | H11: ='[2]7.0.8'!G11 -> 3966989.2 | I11: ='[2]7.0.8'!H11 -> 229.54725 | J11: ='[2]7.0.8'!I11 -> 0 | K11: ='[2]7.0.8'!K11 -> 2577.0309 | L11: ='[2]7.0.8'!L11 -> 0
A12: =A11+1 -> 3 | B12: SINGLE-PIECE CARDS | C12: ='[2]7.0.8'!D12 -> 326604.93 | D12: ='[2]7.0.8'!E12 -> 64255.842 | E12: ='[2]7.0.8'!F12 -> 34284.935 | F12: =[3]CCCS_Matrix_FY25!E9 -> 34284.935 | G12: =[3]CCCS_Matrix_FY25!F9 -> 0 | H12: ='[2]7.0.8'!G12 -> 137332.12 | I12: ='[2]7.0.8'!H12 -> 5.4856643 | J12: ='[2]7.0.8'!I12 -> 0 | K12: ='[2]7.0.8'!K12 -> 97.491877 | L12: ='[2]7.0.8'!L12 -> 0
A13: =A12+1 -> 4 | B13: PRESORT LETTERS | C13: ='[2]7.0.8'!D13 -> 29129460 | D13: ='[2]7.0.8'!E13 -> 0 | E13: ='[2]7.0.8'!F13 -> 1113191.2 | F13: =[3]CCCS_Matrix_FY25!E6 -> 1113191.2 | G13: =[3]CCCS_Matrix_FY25!F6 -> 0 | H13: ='[2]7.0.8'!G13 -> 15643945 | I13: ='[2]7.0.8'!H13 -> 0 | J13: ='[2]7.0.8'!I13 -> 0 | K13: ='[2]7.0.8'!K13 -> 0 | L13: ='[2]7.0.8'!L13 -> 0
A14: =A13+1 -> 5 | B14: PRESORT CARDS | C14: ='[2]7.0.8'!D14 -> 2340299.4 | D14: ='[2]7.0.8'!E14 -> 0 | E14: ='[2]7.0.8'!F14 -> 103307.35 | F14: =[3]CCCS_Matrix_FY25!E10 -> 103307.35 | G14: =[3]CCCS_Matrix_FY25!F10 -> 0 | H14: ='[2]7.0.8'!G14 -> 1245279.5 | I14: ='[2]7.0.8'!H14 -> 16.595866 | J14: ='[2]7.0.8'!I14 -> 0 | K14: ='[2]7.0.8'!K14 -> 0 | L14: ='[2]7.0.8'!L14 -> 0
A15: =A14+1 -> 6 | B15: SINGLE PIECE FLATS | C15: ='[2]7.0.8'!D15 -> 407262.06 | D15: ='[2]7.0.8'!E15 -> 80124.224 | E15: ='[2]7.0.8'!F15 -> 236517.94 | F15: =[3]CCCS_Matrix_FY25!E4 -> 0 | G15: =[3]CCCS_Matrix_FY25!F4 -> 236517.94 | H15: ='[2]7.0.8'!G15 -> 0 | I15: ='[2]7.0.8'!H15 -> 33.033469 | J15: ='[2]7.0.8'!I15 -> 0 | K15: ='[2]7.0.8'!K15 -> 134.37511 | L15: ='[2]7.0.8'!L15 -> 0
A16: =A15+1 -> 7 | B16: PRESORT FLATS | C16: ='[2]7.0.8'!D16 -> 432797.83 | D16: ='[2]7.0.8'!E16 -> 0 | E16: ='[2]7.0.8'!F16 -> 286041.99 | F16: =[3]CCCS_Matrix_FY25!$E$7 -> 0 | G16: =[3]CCCS_Matrix_FY25!$F$7 -> 286041.99 | H16: ='[2]7.0.8'!G16 -> 0 | I16: ='[2]7.0.8'!H16 -> 0 | J16: ='[2]7.0.8'!I16 -> 0 | K16: ='[2]7.0.8'!K16 -> 0 | L16: ='[2]7.0.8'!L16 -> 0
A17: =A16+1 -> 8 | B17: USPS MARKETING MAIL
A18: =A17+1 -> 9 | B18: HIGH DENSITY & SATURATION LETTERS | C18: ='[2]7.0.8'!D19 -> 6017413.6 | D18: ='[2]7.0.8'!E19 -> 0 | E18: ='[2]7.0.8'!F19 -> 768413.85 | F18: =[3]CCCS_Matrix_FY25!E26+[3]CCCS_Matrix_FY25!E30-J18 -> 768413.85 | G18: =[3]CCCS_Matrix_FY25!F26+[3]CCCS_Matrix_FY25!F30 -> 0 | H18: ='[2]7.0.8'!G19 -> 2817705 | I18: ='[2]7.0.8'!H19 -> 0 | J18: ='[2]7.0.8'!I19 -> 202943.25 | K18: ='[2]7.0.8'!K19 -> 0 | L18: ='[2]7.0.8'!L19 -> 0
A19: =A18+1 -> 10 | B19: HIGH DENSITY & SATURATION FLATS & PARCELS | C19: ='[2]7.0.8'!D20 -> 7868876.8 | D19: ='[2]7.0.8'!E20 -> 0 | E19: ='[2]7.0.8'!F20 -> 2046717 | F19: =[3]CCCS_Matrix_FY25!E27+[3]CCCS_Matrix_FY25!E28+[3]CCCS_Matrix_FY25!E31+[3]CCCS_Matrix_FY25!E32 -> 0 | G19: =[3]CCCS_Matrix_FY25!F27+[3]CCCS_Matrix_FY25!F28+[3]CCCS_Matrix_FY25!F29+[3]CCCS_Matrix_FY25!F31+[3]CCCS_Matrix_FY25!$F$32+[3]CCCS_Matrix_FY25!$E$29-J19 -> 2046717 | H19: ='[2]7.0.8'!G20 -> 0 | I19: ='[2]7.0.8'!H20 -> 0 | J19: ='[2]7.0.8'!I20 -> 3085341.8 | K19: ='[2]7.0.8'!K20 -> 0 | L19: ='[2]7.0.8'!L20 -> 0
A20: =A19+1 -> 11 | B20: EVERY DOOR DIRECT MAIL RETAIL | C20: ='[2]7.0.8'!D21 -> 559191.61 | D20: ='[2]7.0.8'!E21 -> 0 | E20: ='[2]7.0.8'!F21 -> 0 | H20: ='[2]7.0.8'!G21 -> 0 | I20: ='[2]7.0.8'!H21 -> 0 | J20: ='[2]7.0.8'!I21 -> 0 | K20: ='[2]7.0.8'!K21 -> 0 | L20: ='[2]7.0.8'!L21 -> 0
A21: =A20+1 -> 12 | B21: CARRIER ROUTE | C21: ='[2]7.0.8'!D22 -> 2745353.6 | D21: ='[2]7.0.8'!E22 -> 0 | E21: ='[2]7.0.8'!F22 -> 1685118.5 | F21: =SUM([3]CCCS_Matrix_FY25!E22:E24) -> 7634.0384 | G21: =SUM([3]CCCS_Matrix_FY25!F22:F24) -> 1677484.4 | H21: ='[2]7.0.8'!G22 -> 7677.7877 | I21: ='[2]7.0.8'!H22 -> 133.03005 | J21: ='[2]7.0.8'!I22 -> 0 | K21: ='[2]7.0.8'!K22 -> 0 | L21: ='[2]7.0.8'!L22 -> 0
A22: =A21+1 -> 13 | B22: LETTERS | C22: ='[2]7.0.8'!D23 -> 37911961 | D22: ='[2]7.0.8'!E23 -> 209499.51 | E22: ='[2]7.0.8'!F23 -> 1769970 | F22: =[3]CCCS_Matrix_FY25!E17 -> 1769970 | G22: =[3]CCCS_Matrix_FY25!F17 -> 0 | H22: ='[2]7.0.8'!G23 -> 19974964 | I22: ='[2]7.0.8'!H23 -> 257.65505 | J22: ='[2]7.0.8'!I23 -> 0 | K22: ='[2]7.0.8'!K23 -> 0 | L22: ='[2]7.0.8'!L23 -> 0
A23: =A22+1 -> 14 | B23: FLATS | C23: ='[2]7.0.8'!D24 -> 1668400.6 | D23: ='[2]7.0.8'!E24 -> 9219.494 | E23: ='[2]7.0.8'!F24 -> 1075918.7 | F23: =[3]CCCS_Matrix_FY25!E18 -> 0 | G23: =[3]CCCS_Matrix_FY25!F18 -> 1075918.7 | H23: ='[2]7.0.8'!G24 -> 0 | I23: ='[2]7.0.8'!H24 -> 55.43277 | J23: ='[2]7.0.8'!I24 -> 0 | K23: ='[2]7.0.8'!K24 -> 0 | L23: ='[2]7.0.8'!L24 -> 0
A24: =A23+1 -> 15 | B24: PARCELS | C24: ='[2]7.0.8'!D25 -> 11706.037 | D24: ='[2]7.0.8'!E25 -> 2568 | E24: ='[2]7.0.8'!F25 -> 0 | F24: =[3]CCCS_Matrix_FY25!E19 -> 0 | G24: =[3]CCCS_Matrix_FY25!F19 -> 0 | H24: ='[2]7.0.8'!G25 -> 0 | I24: ='[2]7.0.8'!H25 -> 3983.7749 | J24: ='[2]7.0.8'!I25 -> 0 | K24: ='[2]7.0.8'!K25 -> 0 | L24: ='[2]7.0.8'!L25 -> 847.68225
A25: =A24+1 -> 16 | B25: TOTAL PERIODICALS | C25: ='[2]7.0.8'!D30 -> 2442702 | D25: ='[2]7.0.8'!E30 -> 5938 | E25: ='[2]7.0.8'!F30 -> 1236646.9 | F25: =[3]CCCS_Matrix_FY25!E15 -> 2468.5903 | G25: =[3]CCCS_Matrix_FY25!F15 -> 1234178.3 | H25: ='[2]7.0.8'!G30 -> 3222.7953 | I25: ='[2]7.0.8'!H30 -> 1123.6544 | J25: ='[2]7.0.8'!I30 -> 0 | K25: ='[2]7.0.8'!K30 -> 0 | L25: ='[2]7.0.8'!$L$30 -> 82.017669
A26: =A25+1 -> 17 | B26: PACKAGE SERVICES
A27: =A26+1 -> 18 | B27: BOUND PRINTED MATTER FLATS | C27: ='[2]7.0.8'!D32 -> 104285.95 | D27: ='[2]7.0.8'!E32 -> 2772 | E27: ='[2]7.0.8'!F32 -> 62408.081 | F27: =[3]CCCS_Matrix_FY25!E43 -> 16.580178 | G27: =[3]CCCS_Matrix_FY25!F43 -> 62391.501 | H27: ='[2]7.0.8'!G32 -> 0 | I27: ='[2]7.0.8'!H32 -> 516.01717 | J27: ='[2]7.0.8'!I32 -> 0 | K27: ='[2]7.0.8'!K32 -> 35.744654 | L27: ='[2]7.0.8'!L32 -> 0
A28: =A27+1 -> 19 | B28: BOUND PRINTED MATTER PARCELS | C28: ='[2]7.0.8'!D33 -> 225885.53 | D28: ='[2]7.0.8'!E33 -> 1553 | E28: ='[2]7.0.8'!F33 -> 0 | F28: =[3]CCCS_Matrix_FY25!E44 -> 0 | G28: =[3]CCCS_Matrix_FY25!F44 -> 0 | H28: ='[2]7.0.8'!G33 -> 0 | I28: ='[2]7.0.8'!H33 -> 83223.558 | J28: ='[2]7.0.8'!I33 -> 0 | K28: ='[2]7.0.8'!K33 -> 47.275962 | L28: ='[2]7.0.8'!L33 -> 39823.766
A29: =A28+1 -> 20 | B29: MEDIA AND LIBRARY MAIL | C29: ='[2]7.0.8'!D34 -> 69096.131 | D29: ='[2]7.0.8'!E34 -> 3868 | E29: ='[2]7.0.8'!F34 -> 734.76084 | F29: =[3]CCCS_Matrix_FY25!E45 -> 62.414398 | G29: =[3]CCCS_Matrix_FY25!F45 -> 672.34645 | H29: ='[2]7.0.8'!G34 -> 0 | I29: ='[2]7.0.8'!H34 -> 16901.441 | J29: ='[2]7.0.8'!I34 -> 0 | K29: ='[2]7.0.8'!K34 -> 0 | L29: ='[2]7.0.8'!L34 -> 19277.314
A30: =A29+1 -> 21 | B30: FREE + USPS MAIL | C30: ='[2]7.0.8'!D36+'[2]7.0.8'!D37 -> 376368.17 | D30: ='[2]7.0.8'!E36+'[2]7.0.8'!E37 -> 0 | E30: ='[2]7.0.8'!F36+'[2]7.0.8'!F37 -> 51974.774 | F30: =SUM([3]CCCS_Matrix_FY25!E49:E50) -> 40310.166 | G30: =SUM([3]CCCS_Matrix_FY25!F49:F50) -> 11664.608 | H30: ='[2]7.0.8'!G36+'[2]7.0.8'!G37 -> 173980.44 | I30: ='[2]7.0.8'!H36+'[2]7.0.8'!H37 -> 10791.101 | J30: ='[2]7.0.8'!I36+'[2]7.0.8'!I37 -> 0 | K30: ='[2]7.0.8'!K36+'[2]7.0.8'!K37 -> 0 | L30: ='[2]7.0.8'!L36+'[2]7.0.8'!L37 -> 2824.7213
A31: =A30+1 -> 22 | B31: TOTAL VOLUME | C31: ='[2]7.0.8'!D62 -> 1.088848e+08 | D31: ='[2]7.0.8'!E62 -> 2638286 | E31: ='[2]7.0.8'!F62 -> 11059370 | F31: =E31*SUM(F11:F30)/SUM(F11:G30) -> 4412206.9 | G31: =E31*SUM(G11:G30)/SUM(F11:G30) -> 6647162.7 | H31: ='[2]7.0.8'!G62 -> 43997885 | I31: ='[2]7.0.8'!H62 -> 1902016.6 | J31: ='[2]7.0.8'!I62 -> 3288285 | K31: ='[2]7.0.8'!K62 -> 128718.77 | L31: ='[2]7.0.8'!L62 -> 1412797
A33: =A31+1 -> 23 | B33: USPS MARKETING MAIL
A34: =A33+1 -> 24 | B34: HIGH DENSITY & SATURATION LETTERS | C34: =C18 -> 6017413.6 | E34: =E18 -> 768413.85 | F34: =F18 -> 768413.85 | G34: =G18 -> 0 | H34: =H18 -> 2817705 | J34: =J18 -> 202943.25
A35: =A34+1 -> 25 | B35: HD Letters | C35: =RPWShape!C18 -> 3430799.2 | E35: =[3]CCCS_Matrix_FY25!E26*'[4]I-CS07 DALs'!E19 -> 378613.7 | F35: =E35 -> 378613.7 | H35: =[3]CCCS_Matrix_FY25!D26 -> 1643112.6 | J35: =[3]CCCS_Matrix_FY25!E26*(1-'[4]I-CS07 DALs'!E19) -> 35086.244
A36: =A35+1 -> 26 | B36: Sat Letters | C36: =RPWShape!C19 -> 2586614.3 | E36: =[3]CCCS_Matrix_FY25!E30*'[4]I-CS07 DALs'!D19 -> 389800.16 | F36: =F34-F35 -> 389800.16 | H36: =H34-H35 -> 1174592.4 | J36: =J34-J35 -> 167857.01
A37: =A36+1 -> 27 | B37: HIGH DENSITY & SATURATION FLATS & PARCELS | C37: =C19 -> 7868876.8 | E37: =E19 -> 2046717 | F37: =F19 -> 0 | G37: =G19 -> 2046717 | I37: =I19 -> 0 | J37: =J19 -> 3085341.8 | L37: =L19 -> 0
A38: =A37+1 -> 28 | B38: HD Flats | C38: =RPWShape!D21 -> 1307868.7 | E38: =[3]CCCS_Matrix_FY25!F27*'[4]I-CS07 DALs'!E20 -> 819032.93 | G38: =E38 -> 819032.93 | I38: =[3]CCCS_Matrix_FY25!H27+[3]CCCS_Matrix_FY25!$I$27 -> 0 | J38: =[3]CCCS_Matrix_FY25!F27*(1-'[4]I-CS07 DALs'!E20) -> 90981.705
A39: =A38+1 -> 29 | B39: Sat Flats | C39: =RPWShape!D22 -> 6561008.2 | E39: =([3]CCCS_Matrix_FY25!F29+[3]CCCS_Matrix_FY25!F31+[3]CCCS_Matrix_FY25!E29)*'[4]I-CS07 DALs'!D20 -> 1227684.1 | G39: =E39 -> 1227684.1 | I39: =[3]CCCS_Matrix_FY25!$H$31+[3]CCCS_Matrix_FY25!$I$31 -> 0 | J39: =([3]CCCS_Matrix_FY25!F29+[3]CCCS_Matrix_FY25!F31+[3]CCCS_Matrix_FY25!E29)*(1-'[4]I-CS07 DALs'!$D$20) -> 2994360.1
A40: =A39+1 -> 30 | B40: HD Parcels | C40: =RPWShape!E21 -> 0 | I40: =[3]CCCS_Matrix_FY25!H28+[3]CCCS_Matrix_FY25!I28 -> 0 | L40: =[3]CCCS_Matrix_FY25!J29 -> 0
A41: =A40+1 -> 31 | B41: Sat Parcels | C41: =RPWShape!E22 -> 0 | I41: =[3]CCCS_Matrix_FY25!$H$32+[3]CCCS_Matrix_FY25!$I$32 -> 0 | L41: =L37 -> 0
B42: HD & SAT Flats and PRCLS TOTAL | C42: =SUM(C38:C41) -> 7868876.8 | E42: =SUM(E38:E41) -> 2046717 | G42: =SUM(G38:G41) -> 2046717 | H42: =SUM(H38:H41) -> 0 | I42: =SUM(I38:I41) -> 0 | J42: =SUM(J38:J41) -> 3085341.8
B43: HD & SAT LTRS TOTAL | C43: =SUM(C35:C36) -> 6017413.6 | E43: =SUM(E35:E36) -> 768413.85 | F43: =SUM(F35:F36) -> 768413.85 | H43: =SUM(H35:H36) -> 2817705 | J43: =SUM(J35:J36) -> 202943.25
B44: HD & SAT LTRS Diff | C44: =+C34-C43 -> 0 | E44: =+E34-E43 -> 0 | F44: =+F34-F43 -> 0 | H44: =+H34-H43 -> 0 | J44: =+J34-J43 -> 0
B45: HD & SAT Flats and PRCLS Diff | C45: =C37-C42 -> 0 | E45: =E37-E42 -> 0 | G45: =G37-G42 -> 0 | I45: =I37-I42 -> 0 | J45: =J37-J42 -> 0
B48: Source: RPWShape, CCCS_Matrix_FY25_Final_adj_v4.xlsxx,CS06&7-NP-FY25.xlsx

Sheet 7.0.6
A1: =Inputs!C4 -> Unit Delivery Cost Model - 12/16/2025
A2: CS 7 CITY CARRIERS STREET
A3: WS 7.0.6 DISTRIB. AND SUMMARY OF SPR
B4: AND LTR COST POOLS
A5: LINE NO. | B5: CLASS, SUBCLASS, OR SPECIAL SERVICE | C5: SPR COLLECTION | D5: SPR MON - SAT DELIVERY NON-PEAK | E5: SPR MON - SAT DELIVERY PEAK | F5: SPR SUNDAY/ HOLIDAY DELIVERY | G5: SPR PME COLLECTION | H5: LTR - DELIVERY ACTIVITIES | I5: LTR IN-OFFICE SUPPORT TO OFFICE | J5: LTR IN-OFFICE SUPPORT TO DELIVERY ACTIVITIES | K5: PRODUCT SPECIFIC DELIVERY ACTIVITIES | L5: TOTAL DELIVERY ACTIVITIES | M5: TOTAL IN-OFFICE ROUTE SUPPORT
B6: COLUMN NUMBER | C6: -1 | D6: =C6-1 -> -2 | E6: =D6-1 -> -3 | F6: =E6-1 -> -4 | G6: =F6-1 -> -5 | H6: =G6-1 -> -6 | I6: =H6-1 -> -7 | J6: =I6-1 -> -8 | K6: =J6-1 -> -9 | ... M6: =L6-1 -> -11
B7: UNITS | C7: $(000) | D7: $(000) | E7: $(000) | F7: $(000) | G7: $(000) | H7: $(000) | I7: $(000) | J7: $(000) | K7: $(000) | L7: $(000) | M7: $(000)
B8: COLUMN SOURCE/NOTES
A9: 1 | B9: FIRST-CLASS MAIL
A10: =A9+1 -> 2 | B10: SINGLE-PIECE LETTERS | C10: ='[2]7.0.6'!D12 -> 39848.01 | D10: ='[2]7.0.6'!E12 -> 345.00996 | E10: ='[2]7.0.6'!F12 -> 48.779805 | F10: ='[2]7.0.6'!G12 -> 287.80835 | G10: ='[2]7.0.6'!H12 -> 0 | H10: ='[2]7.0.6'!I12 -> 240443.05 | I10: ='[2]7.0.6'!J12 -> 6210.1993 | J10: ='[2]7.0.6'!K12 -> 7985.5832 | ... M10: ='[2]7.0.6'!N12 -> 14195.783
A11: =A10+1 -> 3 | B11: SINGLE-PIECE CARDS | C11: ='[2]7.0.6'!D13 -> 1388.5903 | D11: ='[2]7.0.6'!E13 -> 0 | E11: ='[2]7.0.6'!F13 -> 0 | F11: ='[2]7.0.6'!G13 -> 0 | G11: ='[2]7.0.6'!H13 -> 0 | H11: ='[2]7.0.6'!I13 -> 8627.0398 | I11: ='[2]7.0.6'!J13 -> 348.69381 | J11: ='[2]7.0.6'!K13 -> 286.52084 | ... M11: ='[2]7.0.6'!N13 -> 635.21465
A12: =A11+1 -> 4 | B12: PRESORT LETTERS | C12: ='[2]7.0.6'!D14 -> 0 | D12: ='[2]7.0.6'!E14 -> 0 | E12: ='[2]7.0.6'!F14 -> 0 | F12: ='[2]7.0.6'!G14 -> 0 | G12: ='[2]7.0.6'!H14 -> 0 | H12: ='[2]7.0.6'!I14 -> 423776.48 | I12: ='[2]7.0.6'!J14 -> 13476.626 | J12: ='[2]7.0.6'!K14 -> 14074.445 | ... M12: ='[2]7.0.6'!N14 -> 27551.071
A13: =A12+1 -> 5 | B13: PRESORT CARDS | C13: ='[2]7.0.6'!D15 -> 0 | D13: ='[2]7.0.6'!E15 -> 0 | E13: ='[2]7.0.6'!F15 -> 0 | F13: ='[2]7.0.6'!G15 -> 0 | G13: ='[2]7.0.6'!H15 -> 0 | H13: ='[2]7.0.6'!I15 -> 34003.954 | I13: ='[2]7.0.6'!J15 -> 1002.7247 | J13: ='[2]7.0.6'!K15 -> 1129.3377 | ... M13: ='[2]7.0.6'!N15 -> 2132.0624
A14: =A13+1 -> 6 | B14: SINGLE PIECE FLATS | C14: ='[2]7.0.6'!D16 -> 1731.5114 | D14: ='[2]7.0.6'!E16 -> 3.5551159 | E14: ='[2]7.0.6'!F16 -> 0.38937634 | F14: ='[2]7.0.6'!G16 -> 48.854963 | G14: ='[2]7.0.6'!H16 -> 0 | H14: ='[2]7.0.6'!I16 -> 9874.6731 | I14: ='[2]7.0.6'!J16 -> 2374.8271 | J14: ='[2]7.0.6'!K16 -> 327.95718 | ... M14: ='[2]7.0.6'!N16 -> 2702.7843
A15: =A14+1 -> 7 | B15: PRESORT FLATS | C15: ='[2]7.0.6'!D17 -> 0 | D15: ='[2]7.0.6'!E17 -> 0 | E15: ='[2]7.0.6'!F17 -> 0 | F15: ='[2]7.0.6'!G17 -> 0 | G15: ='[2]7.0.6'!H17 -> 0 | H15: ='[2]7.0.6'!I17 -> 5195.9811 | I15: ='[2]7.0.6'!J17 -> 2480.9327 | J15: ='[2]7.0.6'!K17 -> 172.56868 | ... M15: ='[2]7.0.6'!N17 -> 2653.5014
A16: =A15+1 -> 8 | B16: USPS MARKETING MAIL
A17: =A16+1 -> 9 | B17: HIGH DENSITY & SATURATION LETTERS | C17: ='[2]7.0.6'!D20 -> 0 | D17: ='[2]7.0.6'!E20 -> 0 | E17: ='[2]7.0.6'!F20 -> 0 | F17: ='[2]7.0.6'!G20 -> 0 | G17: ='[2]7.0.6'!H20 -> 0 | H17: ='[2]7.0.6'!I20 -> 94839.18 | I17: ='[2]7.0.6'!J20 -> 2055.357 | J17: ='[2]7.0.6'!K20 -> 3149.7944 | ... M17: ='[2]7.0.6'!N20 -> 5205.1514
A18: =A17+1 -> 10 | B18: HIGH DENSITY & SATURATION FLATS & PARCELS | C18: ='[2]7.0.6'!D21 -> 0 | D18: ='[2]7.0.6'!E21 -> 0 | E18: ='[2]7.0.6'!F21 -> 0 | F18: ='[2]7.0.6'!G21 -> 0 | G18: ='[2]7.0.6'!H21 -> 0 | H18: ='[2]7.0.6'!I21 -> 192903.99 | I18: ='[2]7.0.6'!J21 -> 2624.5968 | J18: ='[2]7.0.6'!K21 -> 6406.7181 | ... M18: ='[2]7.0.6'!N21 -> 9031.315
A19: =A18+1 -> 11 | B19: EVERY DOOR DIRECT MAIL RETAIL | C19: ='[2]7.0.6'!D22 -> 0 | D19: ='[2]7.0.6'!E22 -> 0 | E19: ='[2]7.0.6'!F22 -> 0 | F19: ='[2]7.0.6'!G22 -> 0 | G19: ='[2]7.0.6'!H22 -> 0 | H19: ='[2]7.0.6'!I22 -> 13512.623 | I19: ='[2]7.0.6'!J22 -> 186.5136 | J19: ='[2]7.0.6'!K22 -> 448.7806 | ... M19: ='[2]7.0.6'!N22 -> 635.2942
A20: =A19+1 -> 12 | B20: CARRIER ROUTE | C20: ='[2]7.0.6'!D23 -> 0 | D20: ='[2]7.0.6'!E23 -> 0 | E20: ='[2]7.0.6'!F23 -> 0 | F20: ='[2]7.0.6'!G23 -> 0 | G20: ='[2]7.0.6'!H23 -> 0 | H20: ='[2]7.0.6'!I23 -> 30838.966 | I20: ='[2]7.0.6'!J23 -> 7196.4146 | J20: ='[2]7.0.6'!K23 -> 1024.2223 | ... M20: ='[2]7.0.6'!N23 -> 8220.6369
A21: =A20+1 -> 13 | B21: LETTERS | C21: ='[2]7.0.6'!D24 -> 457.94013 | D21: ='[2]7.0.6'!E24 -> 0 | E21: ='[2]7.0.6'!F24 -> 0 | F21: ='[2]7.0.6'!G24 -> 0 | G21: ='[2]7.0.6'!H24 -> 0 | H21: ='[2]7.0.6'!I24 -> 561812.58 | I21: ='[2]7.0.6'!J24 -> 17749.969 | J21: ='[2]7.0.6'!K24 -> 18658.893 | ... M21: ='[2]7.0.6'!N24 -> 36408.862
A22: =A21+1 -> 14 | B22: FLATS | C22: ='[2]7.0.6'!D25 -> 20.152679 | D22: ='[2]7.0.6'!E25 -> 0 | E22: ='[2]7.0.6'!F25 -> 0 | F22: ='[2]7.0.6'!G25 -> 0 | G22: ='[2]7.0.6'!H25 -> 0 | H22: ='[2]7.0.6'!I25 -> 20187.192 | I22: ='[2]7.0.6'!J25 -> 8389.017 | J22: ='[2]7.0.6'!K25 -> 670.45609 | ... M22: ='[2]7.0.6'!N25 -> 9059.4731
A23: =A22+1 -> 15 | B23: PARCELS | C23: ='[2]7.0.6'!D26 -> 34.132377 | D23: ='[2]7.0.6'!E26 -> 123.45319 | E23: ='[2]7.0.6'!F26 -> 41.61928 | F23: ='[2]7.0.6'!G26 -> 26.076503 | G23: ='[2]7.0.6'!H26 -> 0 | H23: ='[2]7.0.6'!I26 -> 1677.8549 | I23: ='[2]7.0.6'!J26 -> 55.233747 | J23: ='[2]7.0.6'!K26 -> 55.724838 | ... M23: ='[2]7.0.6'!N26 -> 110.95859
A24: =A23+1 -> 16 | B24: TOTAL PERIODICALS | C24: ='[2]7.0.6'!D31 -> 67.785704 | D24: ='[2]7.0.6'!E31 -> 0 | E24: ='[2]7.0.6'!F31 -> 0 | F24: ='[2]7.0.6'!G31 -> 0 | G24: ='[2]7.0.6'!H31 -> 0 | H24: ='[2]7.0.6'!I31 -> 23267.853 | I24: ='[2]7.0.6'!J31 -> 7287.5253 | J24: ='[2]7.0.6'!K31 -> 772.77083 | ... M24: ='[2]7.0.6'!N31 -> 8060.2961
A25: =A24+1 -> 17 | B25: PACKAGE SERVICES
A26: =A25+1 -> 18 | B26: BOUND PRINTED MATTER FLATS | C26: ='[2]7.0.6'!D33 -> 0.23952545 | D26: ='[2]7.0.6'!E33 -> 0 | E26: ='[2]7.0.6'!F33 -> 0 | F26: ='[2]7.0.6'!G33 -> 0 | G26: ='[2]7.0.6'!H33 -> 0 | H26: ='[2]7.0.6'!I33 -> 1466.4626 | I26: ='[2]7.0.6'!J33 -> 299.96929 | J26: ='[2]7.0.6'!K33 -> 48.704086 | ... M26: ='[2]7.0.6'!N33 -> 348.67338
A27: =A26+1 -> 19 | B27: BOUND PRINTED MATTER PARCELS | C27: ='[2]7.0.6'!D34 -> 48.384142 | D27: ='[2]7.0.6'!E34 -> 5167.8723 | E27: ='[2]7.0.6'!F34 -> 1407.2798 | F27: ='[2]7.0.6'!G34 -> 492.1256 | G27: ='[2]7.0.6'!H34 -> 0 | H27: ='[2]7.0.6'!I34 -> 46837.929 | I27: ='[2]7.0.6'!J34 -> 909.58704 | J27: ='[2]7.0.6'!K34 -> 1555.5791 | ... M27: ='[2]7.0.6'!N34 -> 2465.1661
A28: =A27+1 -> 20 | B28: MEDIA MAIL | C28: ='[2]7.0.6'!D35 -> 47.306277 | D28: ='[2]7.0.6'!E35 -> 2853.547 | E28: ='[2]7.0.6'!F35 -> 672.98092 | F28: ='[2]7.0.6'!G35 -> 337.27663 | G28: ='[2]7.0.6'!H35 -> 0 | H28: ='[2]7.0.6'!I35 -> 17510.718 | I28: ='[2]7.0.6'!J35 -> 309.15272 | J28: ='[2]7.0.6'!K35 -> 581.56516 | ... M28: ='[2]7.0.6'!N35 -> 890.71788
A29: =A28+1 -> 21 | B29: TOTAL VOLUME VARIABLE & PRODUCT SPECIFIC | C29: ='[2]7.0.6'!D63 -> 45853.915 | D29: ='[2]7.0.6'!E63 -> 204029.98 | E29: ='[2]7.0.6'!F63 -> 65758.131 | F29: ='[2]7.0.6'!G63 -> 183445.85 | G29: ='[2]7.0.6'!H63 -> 1278.3068 | H29: ='[2]7.0.6'!I63 -> 3198182.5 | I29: ='[2]7.0.6'!J63 -> 101901.04 | J29: ='[2]7.0.6'!K63 -> 106217.89 | ... M29: ='[2]7.0.6'!N63 -> 208118.93
A30: =A29+1 -> 22 | B30: TOTAL | C30: ='[2]7.0.6'!D65 -> 189478.99 | D30: ='[2]7.0.6'!E65 -> 331925.41 | E30: ='[2]7.0.6'!F65 -> 81102.776 | F30: ='[2]7.0.6'!G65 -> 199810.31 | G30: ='[2]7.0.6'!H65 -> 1278.3068 | H30: ='[2]7.0.6'!I65 -> 14663835 | I30: ='[2]7.0.6'!J65 -> 105612.03 | J30: ='[2]7.0.6'!K65 -> 487014.62 | ... M30: ='[2]7.0.6'!N65 -> 592626.64
A32: =A30+1 -> 23 | B32: USPS MARKETING MAIL
A33: =A32+1 -> 24 | B33: HIGH DENSITY & SATURATION LETTERS | C33: =C17 -> 0 | D33: =D17 -> 0 | E33: =E17 -> 0 | F33: =F17 -> 0 | G33: =G17 -> 0 | H33: =H17 -> 94839.18 | I33: =I17 -> 2055.357 | J33: =J17 -> 3149.7944 | ... M33: =M17 -> 5205.1514
A34: =A33+1 -> 25 | B34: HD Letters | F34: =F$33*'7.0.8'!$C35/'7.0.8'!$C$43 -> 0 | H34: =CS7Shape!K57 -> 51124.897 | I34: =I33*CARMM!C18/CARMM!C17 -> 1259.5558 | J34: =J$33*$H34/$H$33 -> 1697.9577 | L34: =SUM(C34:G34)+H34 -> 51124.897 | M34: =SUM(I34:J34) -> 2957.5134
A35: =A34+1 -> 26 | B35: Sat Letters | F35: =F$33*'7.0.8'!$C36/'7.0.8'!$C$43 -> 0 | H35: =CS7Shape!K58 -> 43714.284 | I35: =I33*CARMM!C19/CARMM!C17 -> 795.80124 | J35: =J$33*$H35/$H$33 -> 1451.8367 | L35: =SUM(C35:G35)+H35 -> 43714.284 | M35: =SUM(I35:J35) -> 2247.638
A36: =A35+1 -> 27 | B36: HIGH DENSITY & SATURATION FLATS & PARCELS | C36: =C18 -> 0 | D36: =D18 -> 0 | E36: =E18 -> 0 | F36: =F18 -> 0 | G36: =G18 -> 0 | H36: =H18 -> 192903.99 | I36: =I18 -> 2624.5968 | J36: =J18 -> 6406.7181 | K36: =K18 -> 0 | L36: =SUM(C36:G36)+H36 -> 192903.99 | M36: =M18 -> 9031.315
A37: =A36+1 -> 28 | B37: HD Flats | D37: =D$36*'7.0.8'!$C38/'7.0.8'!$C$42 -> 0 | F37: =F$36*'7.0.8'!$C38/'7.0.8'!$C$42 -> 0 | H37: =CS7Shape!K60 -> 18506.279 | I37: =I36*CARMM!C23/CARMM!C20 -> 1691.2756 | J37: =J$36*$H37/$H$36 -> 614.62965 | L37: =SUM(C37:G37)+H37 -> 18506.279 | M37: =SUM(I37:J37) -> 2305.9052
A38: =A37+1 -> 29 | B38: Sat Flats | D38: =D$36*'7.0.8'!$C39/'7.0.8'!$C$42 -> 0 | F38: =F$36*'7.0.8'!$C39/'7.0.8'!$C$42 -> 0 | H38: =CS7Shape!K61 -> 174397.71 | I38: =I36*CARMM!C25/CARMM!C20 -> 933.32124 | J38: =J$36*$H38/$H$36 -> 5792.0885 | L38: =SUM(C38:G38)+H38 -> 174397.71 | M38: =SUM(I38:J38) -> 6725.4097
A39: =A38+1 -> 30 | B39: HD Parcels | D39: =D$36*'7.0.8'!$C40/'7.0.8'!$C$42 -> 0 | F39: =F$36*'7.0.8'!$C40/'7.0.8'!$C$42 -> 0 | H39: =CS7Shape!K62 -> 0 | I39: =I36*CARMM!C24/CARMM!C20 -> 0 | J39: =J$36*$H39/$H$36 -> 0 | L39: =SUM(C39:G39)+H39 -> 0 | M39: =SUM(I39:J39) -> 0
A40: =A39+1 -> 31 | B40: Sat Parcels | D40: =D$36*'7.0.8'!$C41/'7.0.8'!$C$42 -> 0 | F40: =F$36*'7.0.8'!$C41/'7.0.8'!$C$42 -> 0 | H40: =CS7Shape!K63 -> 0 | I40: =I36*CARMM!C29/CARMM!C20 -> 0 | J40: =J$36*$H40/$H$36 -> 0 | L40: =SUM(C40:G40)+H40 -> 0 | M40: =SUM(I40:J40) -> 0
B41: HD & SAT Flats and PRCLS TOTAL | C41: =SUM(C37:C40) -> 0 | E41: =SUM(E37:E40) -> 0 | G41: =SUM(G37:G40) -> 0 | H41: =SUM(H37:H40) -> 192903.99 | I41: =SUM(I37:I40) -> 2624.5968 | J41: =SUM(J37:J40) -> 6406.7181
B42: HD & SAT LTRS TOTAL | C42: =SUM(C34:C35) -> 0 | E42: =SUM(E34:E35) -> 0 | F42: =SUM(F34:F35) -> 0 | H42: =SUM(H34:H35) -> 94839.18 | I42: =SUM(I34:I35) -> 2055.357 | J42: =SUM(J34:J35) -> 3149.7944
B43: HD & SAT LTRS Diff | C43: =+C33-C42 -> 0 | E43: =+E33-E42 -> 0 | F43: =+F33-F42 -> 0 | G43: =+G33-G42 -> 0 | H43: =+H33-H42 -> 0 | I43: =+I33-I42 -> 0 | J43: =+J33-J42 -> 0
B44: HD & SAT Flats and PRCLS Diff | C44: =C36-C41 -> 0 | E44: =E36-E41 -> 0 | G44: =G36-G41 -> 0 | H44: =H36-H41 -> 0 | I44: =I36-I41 -> 0 | J44: =J36-J41 -> 0

Sheet CS7Shape
A1: =Inputs!$C$4 -> Unit Delivery Cost Model - 12/16/2025
A2: =Inputs!C6 & " C/S 7 CITY CARRIERS LETTER ROUTE STREET COSTS BY SHAPE" -> FY 2025 C/S 7 CITY CARRIERS LETTER ROUTE STREET COSTS BY SHAPE
A3: SOURCE: CS06&7-NP-FY25.xlsx
A5: LINE NO. | B5: CLASS, SUBCLASS, OR SPECIAL SERVICE | C5: CASED MAIL LETTERS WITH DAL COSTS REMOVED | D5: CASED MAIL FLATS | E5: DPS WITH DAL COST MOVED | F5: SMALL PARCELS | G5: DEVIATION PARCELS/ ACCOUNTABLES | H5: TOTAL LETTERS, FLATS, AND SMALL PARCELS, DEVIATION PARCELS | I5: SEQUENCED WITH DAL COST MOVED TO FLATS | J5: COLLECTIONS AT CUSTOMER DELIVERY POINTS | K5: TOTAL DELIVERY SECTIONS
B6: COLUMN NUMBER | C6: =-1 -> -1 | D6: =C6-1 -> -2 | E6: =D6-1 -> -3 | F6: =E6-1 -> -4 | G6: =F6-1 -> -5 | H6: =G6-1 -> -6 | I6: =H6-1 -> -7 | J6: =I6-1 -> -8 | K6: =J6-1 -> -9
B7: UNITS | C7: $(000) | D7: $(000) | E7: $(000) | F7: $(000) | G7: $(000) | H7: $(000) | I7: $(000) | J7: $(000) | K7: $(000)
B8: COLUMN SOURCE/NOTES
A9: 1 | B9: FIRST-CLASS MAIL
A10: =A9+1 -> 2 | B10: SINGLE-PIECE LETTERS | C10: =IF(SUM('7.0.8'!$F11:$G11),'[2]7.0.6.5'!$D11*'7.0.8'!F11/SUM('7.0.8'!$F11:$G11),0) -> 10212.583 | D10: =IF(SUM('7.0.8'!$F11:$G11),'[2]7.0.6.5'!$D11*'7.0.8'!G11/SUM('7.0.8'!$F11:$G11),0) -> 0 | E10: ='[2]7.0.6.5'!$E11 -> 102333.48 | F10: ='[2]7.0.6.5'!$F11 -> 52.737753 | G10: ='[2]7.0.6.5'!I11 -> 1784.64 | H10: =SUM(C10:G10) -> 114383.44 | I10: ='[2]7.0.6.5'!$G11 -> 0 | J10: ='[2]7.0.6.5'!$H11 -> 126059.6 | K10: =SUM(H10:J10) -> 240443.05
A11: =A10+1 -> 3 | B11: SINGLE-PIECE CARDS | C11: =IF(SUM('7.0.8'!$F12:$G12),'[2]7.0.6.5'!$D12*'7.0.8'!F12/SUM('7.0.8'!$F12:$G12),0) -> 622.78924 | D11: =IF(SUM('7.0.8'!$F12:$G12),'[2]7.0.6.5'!$D12*'7.0.8'!G12/SUM('7.0.8'!$F12:$G12),0) -> 0 | E11: ='[2]7.0.6.5'!$E12 -> 3542.655 | F11: ='[2]7.0.6.5'!$F12 -> 1.260314 | G11: ='[2]7.0.6.5'!I12 -> 67.514869 | H11: =SUM(C11:G11) -> 4234.2195 | I11: ='[2]7.0.6.5'!$G12 -> 0 | J11: ='[2]7.0.6.5'!$H12 -> 4392.8203 | K11: =SUM(H11:J11) -> 8627.0398
A12: =A11+1 -> 4 | B12: PRESORT LETTERS | C12: =IF(SUM('7.0.8'!$F13:$G13),'[2]7.0.6.5'!$D13*'7.0.8'!F13/SUM('7.0.8'!$F13:$G13),0) -> 20221.228 | D12: =IF(SUM('7.0.8'!$F13:$G13),'[2]7.0.6.5'!$D13*'7.0.8'!G13/SUM('7.0.8'!$F13:$G13),0) -> 0 | E12: ='[2]7.0.6.5'!$E13 -> 403555.25 | F12: ='[2]7.0.6.5'!$F13 -> 0 | G12: ='[2]7.0.6.5'!I13 -> 0 | H12: =SUM(C12:G12) -> 423776.48 | I12: ='[2]7.0.6.5'!$G13 -> 0 | J12: ='[2]7.0.6.5'!$H13 -> 0 | K12: =SUM(H12:J12) -> 423776.48
A13: =A12+1 -> 5 | B13: PRESORT CARDS | C13: =IF(SUM('7.0.8'!$F14:$G14),'[2]7.0.6.5'!$D14*'7.0.8'!F14/SUM('7.0.8'!$F14:$G14),0) -> 1876.5883 | D13: =IF(SUM('7.0.8'!$F14:$G14),'[2]7.0.6.5'!$D14*'7.0.8'!G14/SUM('7.0.8'!$F14:$G14),0) -> 0 | E13: ='[2]7.0.6.5'!$E14 -> 32123.552 | F13: ='[2]7.0.6.5'!$F14 -> 3.8128477 | G13: ='[2]7.0.6.5'!I14 -> 0 | H13: =SUM(C13:G13) -> 34003.954 | I13: ='[2]7.0.6.5'!$G14 -> 0 | J13: ='[2]7.0.6.5'!$H14 -> 0 | K13: =SUM(H13:J13) -> 34003.954
A14: =A13+1 -> 6 | B14: SINGLE PIECE FLATS | C14: =IF(SUM('7.0.8'!$F15:$G15),'[2]7.0.6.5'!$D15*'7.0.8'!F15/SUM('7.0.8'!$F15:$G15),0) -> 0 | D14: =IF(SUM('7.0.8'!$F15:$G15),'[2]7.0.6.5'!$D15*'7.0.8'!G15/SUM('7.0.8'!$F15:$G15),0) -> 4296.3718 | E14: ='[2]7.0.6.5'!$E15 -> 0 | F14: ='[2]7.0.6.5'!$F15 -> 7.5893349 | G14: ='[2]7.0.6.5'!I15 -> 93.057168 | H14: =SUM(C14:G14) -> 4397.0183 | I14: ='[2]7.0.6.5'!$G15 -> 0 | J14: ='[2]7.0.6.5'!$H15 -> 5477.6548 | K14: =SUM(H14:J14) -> 9874.6731
A15: =A14+1 -> 7 | B15: PRESORT FLATS | C15: =IF(SUM('7.0.8'!$F16:$G16),'[2]7.0.6.5'!$D16*'7.0.8'!F16/SUM('7.0.8'!$F16:$G16),0) -> 0 | D15: =IF(SUM('7.0.8'!$F16:$G16),'[2]7.0.6.5'!$D16*'7.0.8'!G16/SUM('7.0.8'!$F16:$G16),0) -> 5195.9811 | E15: ='[2]7.0.6.5'!$E16 -> 0 | F15: ='[2]7.0.6.5'!$F16 -> 0 | G15: ='[2]7.0.6.5'!I16 -> 0 | H15: =SUM(C15:G15) -> 5195.9811 | I15: ='[2]7.0.6.5'!$G16 -> 0 | J15: ='[2]7.0.6.5'!$H16 -> 0 | K15: =SUM(H15:J15) -> 5195.9811
A16: =A15+1 -> 8 | B16: TOTAL FIRST-CLASS | C16: =SUM(C10:C15) -> 32933.188 | D16: =SUM(D10:D15) -> 9492.3529 | E16: ='[2]7.0.6.5'!$E17 -> 541554.95 | F16: ='[2]7.0.6.5'!$F17 -> 65.400249 | G16: ='[2]7.0.6.5'!I17 -> 1945.2121 | H16: =SUM(C16:G16) -> 585991.1 | I16: ='[2]7.0.6.5'!$G17 -> 0 | J16: ='[2]7.0.6.5'!$H17 -> 135930.08 | K16: =SUM(H16:J16) -> 721921.18
A17: =A16+1 -> 9 | B17: USPS MARKETING MAIL
A18: =A17+1 -> 10 | B18: HIGH DENSITY & SATURATION LETTERS | C18: =IF(SUM('7.0.8'!$F18:$G18),('[2]7.0.6.5'!$D19-'City DAL Costs'!J10-'City DAL Costs'!L10)*'7.0.8'!$F18/SUM('7.0.8'!$F18:$G18),0) -> 13432.396 | D18: =IF(SUM('7.0.8'!$F18:$G18),('[2]7.0.6.5'!$D19-'City DAL Costs'!K10-'City DAL Costs'!M10)*'7.0.8'!$G18/SUM('7.0.8'!$F18:$G18),0) -> 0 | E18: ='[2]7.0.6.5'!$E19-'City DAL Costs'!J11-'City DAL Costs'!L11 -> 71929.886 | F18: ='[2]7.0.6.5'!$F19 -> 0 | G18: ='[2]7.0.6.5'!I19 -> 0 | H18: =SUM(C18:G18) -> 85362.282 | I18: ='[2]7.0.6.5'!$G19-'City DAL Costs'!J15-'City DAL Costs'!L15 -> 9476.8981 | J18: ='[2]7.0.6.5'!$H19 -> 0 | K18: =SUM(H18:J18) -> 94839.18
A19: =A18+1 -> 11 | B19: HIGH DENSITY & SATURATION FLATS & PARCELS | C19: =IF(SUM('7.0.8'!$F19:$G19),'[2]7.0.6.5'!$D20*'7.0.8'!$F19/SUM('7.0.8'!$F19:$G19),0) -> 0 | D19: ='City DAL Costs'!C12+'City DAL Costs'!J10+'City DAL Costs'!L10-'City DAL Costs'!D19 -> 35237.968 | E19: ='City DAL Costs'!J11+'City DAL Costs'!L11 -> 756.36279 | F19: ='[2]7.0.6.5'!$F20-'City DAL Costs'!D20 -> 0 | G19: ='[2]7.0.6.5'!I20 -> 0 | H19: =SUM(C19:G19) -> 35994.331 | I19: ='City DAL Costs'!E16+'City DAL Costs'!J15+'City DAL Costs'!L15 -> 156909.66 | J19: ='[2]7.0.6.5'!$H20 -> 0 | K19: =SUM(H19:J19) -> 192903.99
A20: =A19+1 -> 12 | B20: EVERY DOOR DIRECT MAIL RETAIL | C20: ='[2]7.0.6.5'!$D$21*[3]CCCS_Matrix_FY25!$E$29/([3]CCCS_Matrix_FY25!$E$29+[3]CCCS_Matrix_FY25!$F$29) -> 0 | D20: ='City DAL Costs'!D19 -> 2466.7672 | E20: ='[2]7.0.6.5'!$E21 -> 0 | F20: ='City DAL Costs'!D20 -> 0 | G20: ='[2]7.0.6.5'!I21 -> 0 | H20: =SUM(C20:G20) -> 2466.7672 | I20: ='City DAL Costs'!D21 -> 11045.856 | J20: ='[2]7.0.6.5'!$H21 -> 0 | K20: =SUM(H20:J20) -> 13512.623
A21: =A20+1 -> 13 | B21: CARRIER ROUTE | C21: =IF(SUM('7.0.8'!F21:G21),'[2]7.0.6.5'!D22*'7.0.8'!F21/SUM('7.0.8'!F21:G21),0) -> 138.67307 | D21: =IF(SUM('7.0.8'!F21:G21),'[2]7.0.6.5'!$D22*'7.0.8'!G21/SUM('7.0.8'!F21:G21),0) -> 30471.671 | E21: ='[2]7.0.6.5'!$E22 -> 198.0582 | F21: ='[2]7.0.6.5'!$F22 -> 30.563232 | G21: ='[2]7.0.6.5'!I22 -> 0 | H21: =SUM(C21:G21) -> 30838.966 | I21: ='[2]7.0.6.5'!$G22 -> 0 | J21: ='[2]7.0.6.5'!$H22 -> 0 | K21: =SUM(H21:J21) -> 30838.966
A22: =A21+1 -> 14 | B22: LETTERS | C22: =IF(SUM('7.0.8'!F22:G22),'[2]7.0.6.5'!D23*'7.0.8'!F22/SUM('7.0.8'!F22:G22),0) -> 32151.681 | D22: =IF(SUM('7.0.8'!F22:G22),'[2]7.0.6.5'!$D23*'7.0.8'!G22/SUM('7.0.8'!F22:G22),0) -> 0 | E22: ='[2]7.0.6.5'!$E23 -> 515279.37 | F22: ='[2]7.0.6.5'!$F23 -> 59.195431 | G22: ='[2]7.0.6.5'!I23 -> 0 | H22: =SUM(C22:G22) -> 547490.24 | I22: ='[2]7.0.6.5'!$G23 -> 0 | J22: ='[2]7.0.6.5'!$H23 -> 14322.335 | K22: =SUM(H22:J22) -> 561812.58
A23: =A22+1 -> 15 | B23: FLATS | C23: =IF(SUM('7.0.8'!F23:G23),'[2]7.0.6.5'!D24*'7.0.8'!F23/SUM('7.0.8'!F23:G23),0) -> 0 | D23: =IF(SUM('7.0.8'!F23:G23),'[2]7.0.6.5'!$D24*'7.0.8'!G23/SUM('7.0.8'!F23:G23),0) -> 19544.171 | E23: ='[2]7.0.6.5'!$E24 -> 0 | F23: ='[2]7.0.6.5'!$F24 -> 12.735503 | G23: ='[2]7.0.6.5'!I24 -> 0 | H23: =SUM(C23:G23) -> 19556.906 | I23: ='[2]7.0.6.5'!$G24 -> 0 | J23: ='[2]7.0.6.5'!$H24 -> 630.28635 | K23: =SUM(H23:J23) -> 20187.192
A24: =A23+1 -> 16 | B24: PARCELS | E24: ='[2]7.0.6.5'!$E25 -> 0 | F24: ='[2]7.0.6.5'!$F25 -> 915.25967 | G24: ='[2]7.0.6.5'!I25 -> 587.03512 | H24: =SUM(C24:G24) -> 1502.2948 | I24: ='[2]7.0.6.5'!$G25 -> 0 | J24: ='[2]7.0.6.5'!$H25 -> 175.56011 | K24: =SUM(H24:J24) -> 1677.8549
A25: =A24+1 -> 17 | B25: TOTAL USPS MARKETING MAIL | C25: =SUM(C18:C24) -> 45722.75 | D25: =SUM(D18:D24) -> 87720.577 | E25: ='[2]7.0.6.5'!$E26 -> 588163.67 | F25: ='[2]7.0.6.5'!$F26 -> 1017.7538 | G25: ='[2]7.0.6.5'!I26 -> 587.03512 | H25: =SUM(C25:G25) -> 723211.79 | I25: =SUM(I18:I24) -> 177432.41 | J25: ='[2]7.0.6.5'!$H26 -> 15128.181 | K25: =SUM(H25:J25) -> 915772.38
A26: =A25+1 -> 18 | B26: PERIODICALS
A27: =A26+1 -> 19 | B27: IN-COUNTY | E27: ='[2]7.0.6.5'!$E27 -> 0 | F27: 0 | H27: =SUM(C27:F27) -> 0 | I27: ='[2]7.0.6.5'!$G28 -> 0 | K27: =SUM(H27:J27) -> 0
A28: =A27+1 -> 20 | B28: OUTSIDE COUNTY | E28: ='[2]7.0.6.5'!$E29 -> 0 | F28: 0 | H28: =SUM(C28:F28) -> 0 | I28: ='[2]7.0.6.5'!$G29 -> 0 | K28: =SUM(H28:J28) -> 0
A29: =A28+1 -> 21 | B29: TOTAL PERIODICALS | C29: =IF(SUM('7.0.8'!F25:G25),'[2]7.0.6.5'!D30*'7.0.8'!F25/SUM('7.0.8'!F25:G25),0) -> 44.842188 | D29: =IF(SUM('7.0.8'!F25:G25),'[2]7.0.6.5'!$D30*'7.0.8'!G25/SUM('7.0.8'!F25:G25),0) -> 22418.971 | E29: ='[2]7.0.6.5'!$E$30 -> 83.136063 | F29: ='[2]7.0.6.5'!$F$30 -> 258.15603 | G29: ='[2]7.0.6.5'!I30 -> 56.798703 | H29: =SUM(C29:G29) -> 22861.904 | I29: ='[2]7.0.6.5'!$G30 -> 0 | J29: ='[2]7.0.6.5'!$H30 -> 405.94857 | K29: =SUM(H29:J29) -> 23267.853
A30: =A29+1 -> 22 | B30: PACKAGE SERVICES
A31: =A30+1 -> 23 | B31: BOUND PRINTED MATTER FLATS | C31: =IF(SUM('7.0.8'!$F27:$G27),'[2]7.0.6.5'!$D32*'7.0.8'!F27/SUM('7.0.8'!$F27:$G27),0) -> 0.30118058 | D31: =IF(SUM('7.0.8'!$F27:$G27),'[2]7.0.6.5'!$D32*'7.0.8'!G27/SUM('7.0.8'!$F27:$G27),0) -> 1133.3478 | E31: ='[2]7.0.6.5'!$E32 -> 0 | F31: ='[2]7.0.6.5'!$F32 -> 118.55331 | G31: ='[2]7.0.6.5'!I32 -> 24.753812 | H31: =SUM(C31:G31) -> 1276.9561 | I31: ='[2]7.0.6.5'!$G32 -> 0 | J31: ='[2]7.0.6.5'!$H32 -> 189.50647 | K31: =SUM(H31:J31) -> 1466.4626
A32: =A31+1 -> 24 | B32: BOUND PRINTED MATTER PARCELS | E32: ='[2]7.0.6.5'!$E33 -> 0 | F32: ='[2]7.0.6.5'!$F33 -> 19120.349 | G32: ='[2]7.0.6.5'!I33 -> 27611.41 | H32: =SUM(C32:G32) -> 46731.759 | I32: ='[2]7.0.6.5'!$G33 -> 0 | J32: ='[2]7.0.6.5'!$H33 -> 106.17011 | K32: =SUM(H32:J32) -> 46837.929
A33: =A32+1 -> 25 | B33: MEDIA AND LIBRARY MAIL | C33: =IF(SUM('7.0.8'!F29:G29),'[2]7.0.6.5'!D34*'7.0.8'!F29/SUM('7.0.8'!F29:G29),0) -> 1.1337637 | D33: =IF(SUM('7.0.8'!$F29:$G29),'[2]7.0.6.5'!$D34*'7.0.8'!G29/SUM('7.0.8'!$F29:$G29),0) -> 12.21324 | E33: ='[2]7.0.6.5'!$E34 -> 0 | F33: ='[2]7.0.6.5'!$F34 -> 3883.0526 | G33: ='[2]7.0.6.5'!I34 -> 13349.885 | H33: =SUM(C33:G33) -> 17246.284 | I33: ='[2]7.0.6.5'!$G34 -> 0 | J33: ='[2]7.0.6.5'!$H34 -> 264.43399 | K33: =SUM(H33:J33) -> 17510.718
A34: =A33+1 -> 26 | B34: TOTAL PACKAGE SERVICES | C34: =SUM(C31:C33) -> 1.4349443 | D34: =SUM(D31:D33) -> 1145.561 | E34: ='[2]7.0.6.5'!$E35 -> 0 | F34: ='[2]7.0.6.5'!$F35 -> 23121.955 | G34: ='[2]7.0.6.5'!I35 -> 40986.049 | H34: =SUM(C34:G34) -> 65254.999 | I34: ='[2]7.0.6.5'!$G35 -> 0 | J34: ='[2]7.0.6.5'!$H35 -> 560.11058 | K34: =SUM(H34:J34) -> 65815.11
A35: =A34+1 -> 27 | B35: US POSTAL SERVICE | C35: ='[2]7.0.6.5'!$D36*[3]CCCS_Matrix_FY25!E49/([3]CCCS_Matrix_FY25!$E49+[3]CCCS_Matrix_FY25!$F49) -> 728.12322 | D35: ='[2]7.0.6.5'!$D$36*[3]CCCS_Matrix_FY25!F$49/([3]CCCS_Matrix_FY25!$E$49+[3]CCCS_Matrix_FY25!$F$49) -> 76.910838 | E35: ='[2]7.0.6.5'!$E36 -> 4447.5363 | F35: ='[2]7.0.6.5'!$F36 -> 2202.2517 | G35: ='[2]7.0.6.5'!I36 -> 1664.8746 | H35: =SUM(C35:G35) -> 9119.6967 | I35: ='[2]7.0.6.5'!$G36 -> 0 | J35: ='[2]7.0.6.5'!$H36 -> 0 | K35: =SUM(H35:J35) -> 9119.6967
A36: =A35+1 -> 28 | B36: FREE MAIL | C36: ='[2]7.0.6.5'!$D37*[3]CCCS_Matrix_FY25!E50/([3]CCCS_Matrix_FY25!$E50+[3]CCCS_Matrix_FY25!$F50) -> 4.114946 | D36: ='[2]7.0.6.5'!$D37*[3]CCCS_Matrix_FY25!F50/([3]CCCS_Matrix_FY25!$E50+[3]CCCS_Matrix_FY25!$F50) -> 134.97793 | E36: ='[2]7.0.6.5'!$E37 -> 40.508248 | F36: ='[2]7.0.6.5'!$F37 -> 276.96967 | G36: ='[2]7.0.6.5'!I37 -> 291.29543 | H36: =SUM(C36:G36) -> 747.86622 | I36: ='[2]7.0.6.5'!$G37 -> 0 | J36: ='[2]7.0.6.5'!$H37 -> 0 | K36: =SUM(H36:J36) -> 747.86622
A37: =A36+1 -> 29 | B37: SPECIAL SERVICES: | H37: =SUM(C37:G37) -> 0 | K37: =SUM(H37:J37) -> 0
A38: =A37+1 -> 30 | B38: CERTIFIED | G38: ='[2]7.0.6.5'!I40 -> 72212.033 | H38: =SUM(C38:G38) -> 72212.033 | K38: =SUM(H38:J38) -> 72212.033
A39: =A38+1 -> 31 | B39: COD | G39: ='[2]7.0.6.5'!I41 -> 167.84825 | H39: =SUM(C39:G39) -> 167.84825 | K39: =SUM(H39:J39) -> 167.84825
A40: =A39+1 -> 32 | B40: INSURANCE | G40: ='[2]7.0.6.5'!I42 -> 816.36915 | H40: =SUM(C40:G40) -> 816.36915 | K40: =SUM(H40:J40) -> 816.36915
A41: =A40+1 -> 33 | B41: REGISTRY | G41: ='[2]7.0.6.5'!I43 -> 112.77531 | H41: =SUM(C41:G41) -> 112.77531 | K41: =SUM(H41:J41) -> 112.77531
A42: =A41+1 -> 34 | B42: STMPD ENVELOPES | G42: ='[2]7.0.6.5'!I44 -> 0 | H42: =SUM(C42:G42) -> 0 | K42: =SUM(H42:J42) -> 0
A43: =A42+1 -> 35 | B43: STMPD CARDS | G43: ='[2]7.0.6.5'!I45 -> 0 | H43: =SUM(C43:G43) -> 0 | K43: =SUM(H43:J43) -> 0
A44: =A43+1 -> 36 | B44: OTHER ANCILLARY SERVICES | G44: ='[2]7.0.6.5'!I46 -> 7511.1469 | H44: =SUM(C44:G44) -> 7511.1469 | K44: =SUM(H44:J44) -> 7511.1469
A45: =A44+1 -> 37 | B45: Special Services | H45: =SUM(C45:G45) -> 0 | K45: =SUM(H45:J45) -> 0
A46: =A45+1 -> 38 | B46: MONEY ORDERS | G46: ='[2]7.0.6.5'!I48 -> 0 | H46: =SUM(C46:G46) -> 0 | K46: =SUM(H46:J46) -> 0
A47: =A46+1 -> 39 | B47: POST OFFICE BOX | G47: ='[2]7.0.6.5'!I49 -> 0 | H47: =SUM(C47:G47) -> 0 | K47: =SUM(H47:J47) -> 0
A48: =A47+1 -> 40 | B48: TOTAL SPECIAL SERVICES | G48: ='[2]7.0.6.5'!I50 -> 80820.173 | H48: =SUM(C48:G48) -> 80820.173 | K48: =SUM(H48:J48) -> 80820.173
B49: Total Domestic Competitive Mail and Services | C49: ='[2]7.0.6.5'!$D$59*SUM([3]CCCS_Matrix_FY25!$E$12:$E$14,[3]CCCS_Matrix_FY25!$E$41:$E$42,[3]CCCS_Matrix_FY25!$E$46,[3]CCCS_Matrix_FY25!$E$80)/SUM([3]CCCS_Matrix_FY25!$E$12:$E$14,[3]CCCS_Matrix_FY25!$E$41:$E$42,[3]CCCS_Matrix_FY25!$E$46,[3]CCCS_Matrix_FY25!$E$80,[3]CCCS_Matrix_FY25!$F$12:$F$14,[3]CCCS_Matrix_FY25!$F$41:$F$42,[3]CCCS_Matrix_FY25!$F$46,[3]CCCS_Matrix_FY25!$F$80) -> 19.508183 | D49: ='[2]7.0.6.5'!$D$59*SUM([3]CCCS_Matrix_FY25!$F$12:$F$14,[3]CCCS_Matrix_FY25!$F$41:$F$42,[3]CCCS_Matrix_FY25!$F$46,[3]CCCS_Matrix_FY25!$F$80)/SUM([3]CCCS_Matrix_FY25!$E$12:$E$14,[3]CCCS_Matrix_FY25!$E$41:$E$42,[3]CCCS_Matrix_FY25!$E$46,[3]CCCS_Matrix_FY25!$E$80,[3]CCCS_Matrix_FY25!$F$12:$F$14,[3]CCCS_Matrix_FY25!$F$41:$F$42,[3]CCCS_Matrix_FY25!$F$46,[3]CCCS_Matrix_FY25!$F$80) -> 224.38142 | E49: ='[2]7.0.6.5'!$E$59 -> 11.890827 | F49: ='[2]7.0.6.5'!$F$59 -> 405569.32 | G49: ='[2]7.0.6.5'!I59 -> 927333.5 | H49: =SUM(C49:G49) -> 1333158.6 | J49: ='[2]7.0.6.5'!$H59 -> 28229.423 | K49: =SUM(H49:J49) -> 1361388
A50: =A48+1 -> 41 | B50: INTERNATIONAL MAIL | C50: ='[2]7.0.6.5'!$D$60*SUM([3]CCCS_Matrix_FY25!$E$53:$E$61)/(SUM([3]CCCS_Matrix_FY25!$E$53:$E$61)+SUM([3]CCCS_Matrix_FY25!$F$53:$F$61)) -> 133.81851 | D50: ='[2]7.0.6.5'!$D$60*SUM([3]CCCS_Matrix_FY25!$F$53:$F$61)/SUM([3]CCCS_Matrix_FY25!$E$53:$F$61) -> 93.03382 | E50: ='[2]7.0.6.5'!$E60 -> 679.17603 | F50: ='[2]7.0.6.5'!$F60 -> 4470.4896 | G50: ='[2]7.0.6.5'!I60 -> 13842.287 | H50: =SUM(C50:G50) -> 19218.805 | I50: ='[2]7.0.6.5'!$G60 -> 0 | J50: ='[2]7.0.6.5'!$H60 -> 111.43418 | K50: =SUM(H50:J50) -> 19330.239
A51: =A50+1 -> 42 | B51: TOTAL MAIL | C51: =C50+C49+C36+C35+C34+C29+C25+C16 -> 79587.78 | D51: =D50+D49+D36+D35+D34+D29+D25+D16 -> 121306.77 | E51: ='[2]7.0.6.5'!$E61 -> 1134980.9 | F51: ='[2]7.0.6.5'!$F61 -> 436982.3 | G51: ='[2]7.0.6.5'!I61 -> 986707.05 | H51: =SUM(C51:G51) -> 2759564.8 | I51: ='[2]7.0.6.5'!$G61 -> 177432.41 | J51: ='[2]7.0.6.5'!$H61 -> 180365.18 | K51: =SUM(H51:J51) -> 3117362.3
A52: =A51+1 -> 43 | B52: TOTAL VOLUME VARIABLE | C52: =C51 -> 79587.78 | D52: =D51 -> 121306.77 | E52: ='[2]7.0.6.5'!$E62 -> 1134980.9 | F52: ='[2]7.0.6.5'!$F62 -> 436982.3 | G52: ='[2]7.0.6.5'!I62 -> 1067527.2 | H52: =SUM(C52:G52) -> 2840384.9 | I52: ='[2]7.0.6.5'!$G62 -> 177432.41 | J52: ='[2]7.0.6.5'!$H62 -> 180365.18 | K52: =SUM(H52:J52) -> 3198182.5
A55: =A52+1 -> 44 | B55: USPS MARKETING MAIL | C55: ='[2]7.0.6.5'!D19 -> 13958.314 | D55: ='[2]7.0.6.5'!$D$20-'City DAL Costs'!D12 -> 34712.05 | E55: ='[2]7.0.6.5'!$E$19 -> 72686.249 | I55: ='[2]7.0.6.5'!$G$19 -> 10950.605
A56: =A55+1 -> 45 | B56: HIGH DENSITY & SATURATION LETTERS | C56: =C18 -> 13432.396 | E56: =E18 -> 71929.886 | F56: =F18 -> 0 | H56: =H18 -> 85362.282 | I56: =I18 -> 9476.8981 | J56: =J18 -> 0 | K56: =K18 -> 94839.18
A57: =A56+1 -> 46 | B57: HD Letters | C57: =(C55*'7.0.8'!F35/'7.0.8'!F34)-'City DAL Costs'!L10 -> 6877.455 | E57: =E55*'7.0.8'!H35/'7.0.8'!H34-'City DAL Costs'!L11 -> 42354.225 | H57: =SUM(C57:F57) -> 49231.68 | I57: =I55*'7.0.8'!J35/'7.0.8'!J34-'City DAL Costs'!L15 -> 1893.2169 | K57: =SUM(H57:J57) -> 51124.897
A58: =A57+1 -> 47 | B58: Sat Letters | C58: =(C55*'7.0.8'!E36/'7.0.8'!E34)-'City DAL Costs'!J10 -> 6554.9408 | E58: =(E55*'7.0.8'!H36/'7.0.8'!H34)-'City DAL Costs'!J11 -> 29575.662 | H58: =SUM(C58:F58) -> 36130.602 | I58: =I55*'7.0.8'!J36/'7.0.8'!J34-'City DAL Costs'!J15 -> 7583.6812 | K58: =SUM(H58:J58) -> 43714.284
A59: =A57+1 -> 47 | B59: HIGH DENSITY & SATURATION FLATS & PARCELS | C59: =C19 -> 0 | D59: =D19 -> 35237.968 | E59: =E19 -> 756.36279 | F59: =F19 -> 0 | H59: =H19 -> 35994.331 | I59: ='[2]7.0.6.5'!$G$20-'City DAL Costs'!D21+'City DAL Costs'!M15 -> 156909.66 | J59: =J19 -> 0 | K59: =K19 -> 192903.99
A60: =A59+1 -> 48 | B60: HD Flats | D60: =D55*'7.0.8'!G38/'7.0.8'!G37+'City DAL Costs'!L10 -> 13890.791 | E60: ='City DAL Costs'!L11 -> 31.934806 | F60: 0 | H60: =SUM(C60:F60) -> 13922.726 | I60: =(I59-'City DAL Costs'!M15)*'7.0.8'!J38/'7.0.8'!J37+'City DAL Costs'!L15 -> 4583.553 | K60: =SUM(H60:J60) -> 18506.279
A61: =A60+1 -> 49 | B61: Sat Flats | D61: =D55*'7.0.8'!G39/'7.0.8'!G37+'City DAL Costs'!J10 -> 21347.177 | E61: ='City DAL Costs'!J11 -> 724.42798 | F61: =IF('7.0.8'!$I$37<>0,$F59*'7.0.8'!$I$41/'7.0.8'!$I$37,0) -> 0 | H61: =SUM(C61:F61) -> 22071.605 | I61: =(I59-'City DAL Costs'!M15)*'7.0.8'!J39/'7.0.8'!J37+'City DAL Costs'!J15 -> 152326.1 | K61: =SUM(H61:J61) -> 174397.71
A62: =A61+1 -> 50 | B62: HD Parcels | F62: =IF('7.0.8'!I37<>0,F$59*'7.0.8'!I40/'7.0.8'!I$37,0) -> 0 | H62: =SUM(C62:F62) -> 0 | K62: =SUM(H62:J62) -> 0
A63: =A62+1 -> 51 | B63: Sat Parcels | H63: =SUM(C63:F63) -> 0 | K63: =SUM(H63:J63) -> 0
B64: HD & SAT Flats and PRCLS TOTAL | C64: =SUM(C60:C63) -> 0 | D64: =SUM(D60:D63) -> 35237.968 | E64: =SUM(E60:E63) -> 756.36279 | F64: =SUM(F60:F63) -> 0 | G64: =SUM(G60:G63) -> 0 | H64: =SUM(H60:H63) -> 35994.331 | I64: =SUM(I60:I63) -> 156909.66 | J64: =SUM(J60:J63) -> 0 | K64: =SUM(K60:K63) -> 192903.99
B65: HD & SAT LTRS TOTAL | C65: =SUM(C57:C58) -> 13432.396 | D65: =SUM(D57:D58) -> 0 | E65: =SUM(E57:E58) -> 71929.886 | F65: =SUM(F57:F58) -> 0 | G65: =SUM(G57:G58) -> 0 | H65: =SUM(H57:H58) -> 85362.282 | I65: =SUM(I57:I58) -> 9476.8981 | J65: =SUM(J57:J58) -> 0 | K65: =SUM(K57:K58) -> 94839.18
B66: HD & SAT LTRS Diff | C66: =+C56-C65 -> 0 | D66: =+D56-D65 -> 0 | E66: =+E56-E65 -> 0 | F66: =+F56-F65 -> 0 | G66: =+G56-G65 -> 0 | H66: =+H56-H65 -> 0 | I66: =+I56-I65 -> 0 | J66: =+J56-J65 -> 0 | K66: =+K56-K65 -> 0
B67: HD & SAT Flats and PRCLS Diff | C67: =C59-C64 -> 0 | D67: =D59-D64 -> 0 | E67: =E59-E64 -> 0 | F67: =F59-F64 -> 0 | G67: =G59-G64 -> 0 | H67: =H59-H64 -> 0 | I67: =I59-I64 -> 0 | J67: =J59-J64 -> 0 | K67: =K59-K64 -> 0

Sheet City DAL Costs
A1: ='7.0.6'!A1 -> Unit Delivery Cost Model - 12/16/2025
A2: CS 7 CITY CARRIERS STREET
A3: WS 7.0.10 DAL AND EDDM-R COSTS
A5: Line No. | B5: DELIVERY-ACTIVITY ACCRUED COST POOL | C5: VOLUME VARIABLE COST ON DELIVERY SECTIONS | D5: EDDM-R Cost | E5: HD/SAT FLATS & PARCELS COST | F5: CCS PIECES | G5: COST PER CCS PIECE | H5: SATURATION DALS - REGULAR DELIVERY | I5: SATURATION DALS - SEQUENCED | J5: SATURATION DAL & HOST COST | K5: HD DALS | L5: HD DAL & HOST COST | M5: DAL COST TO MOVE TO FLATS | N5: REVISED LETTER/FLAT COSTS
B6: COLUMN NUMBER | C6: -1 | D6: =+C6-1 -> -2 | E6: =+D6-1 -> -3 | F6: =+E6-1 -> -4 | G6: =+F6-1 -> -5 | H6: =+G6-1 -> -6 | I6: =+H6-1 -> -7 | J6: =+I6-1 -> -8 | K6: =+J6-1 -> -9 | ... N6: =+M6-1 -> -12
B7: CALCULATIONS | G7: ="C"&-C6&" / C"&-F6 -> C1 / C4 | L7: ="C"&-K6&" x C"&-G6 -> C9 x C5 | M7: ="C"&-J6&" + C"&-L6 -> C8 + C10
B8: UNITS
B9: COLUMN SOURCE/NOTES | C9: 7.0.6.5 | D9: 7.0.8 | F9: 7.0.8 | H9: CCSDALs | I9: CCSDALs | K9: CCSDALs
A10: 1 | B10: Regular Delivery of Cased HD/Saturation Letters | C10: ='[2]7.0.6.5'!D19 -> 13958.314 | F10: ='7.0.8'!E18 -> 768413.85 | G10: =C10/F10 -> 0.018165099 | H10: =CCSDALs!E12 -> 28946.592 | J10: =H10*G10 -> 525.81772 | K10: =CCSDALs!F12 -> 5.5223437 | L10: =K10*G10 -> 0.10031392 | M10: =J10+L10 -> 525.91803 | N10: =C10-M10 -> 13432.396
A11: =A10+1 -> 2 | B11: Regular Delivery of DPS HD & Saturation Letters | C11: ='[2]7.0.6.5'!E19 -> 72686.249 | F11: ='7.0.8'!H18 -> 2817705 | G11: =C11/F11 -> 0.025796259 | H11: =CCSDALs!E7 -> 28082.675 | J11: =H11*G11 -> 724.42798 | K11: =CCSDALs!F7 -> 1237.9627 | L11: =K11*G11 -> 31.934806 | M11: =J11+L11 -> 756.36279 | N11: =C11-M11 -> 71929.886
A12: =A11+1 -> 3 | B12: Regular Delivery of Cased HD/Saturation Flats | C12: ='[2]7.0.6.5'!D20 -> 37178.817 | D12: =D19 -> 2466.7672 | N12: =C12-D12+M10 -> 35237.968
A13: =A12+1 -> 4 | B13: Regular Delivery of Parcels | C13: ='[2]7.0.6.5'!F20 -> 0 | D13: =D20 -> 0
A14: =A13+1 -> 5 | B14: Regular Delivery of Flats / Parcels | C14: =C12+C13 -> 37178.817 | E14: =C14-D19-D20 -> 34712.05 | N14: =E14+M10+M11 -> 35994.331
A15: =A14+1 -> 6 | B15: Delivery of Sequenced HD and Saturation Letters | C15: ='[2]7.0.6.5'!G19 -> 10950.605 | F15: ='7.0.8'!J18 -> 202943.25 | G15: =C15/F15 -> 0.053958951 | I15: =CCSDALs!E11 -> 27311.628 | J15: =I15*G15 -> 1473.7068 | K15: =CCSDALs!F11 -> 0 | L15: =K15*G15 -> 0 | M15: =J15+L15 -> 1473.7068 | N15: =C15-M15 -> 9476.8981
A16: =A15+1 -> 7 | B16: Delivery of Sequenced HD & Saturation Flats | C16: ='[2]7.0.6.5'!G20 -> 166481.8 | E16: =C16-D21 -> 155435.95 | F16: ='7.0.8'!J19 -> 3085341.8 | G16: =C16/F16 -> 0.053958951 | J16: =(H10+H11+I15)*G16 -> 4550.9462 | L16: =(K10+K11)*G16 -> 67.097146 | N16: =E16+M15 -> 156909.66
A17: =A16+1 -> 8 | B17: Revised Cost, HD & Saturation Letters | N17: =N10+N15+N11 -> 94839.18
A18: =A17+1 -> 9 | B18: Revised Cost, HD & Saturation Flats and Parcels | N18: =N14+N16 -> 192903.99
A19: =A18+1 -> 10 | B19: EDDM Cased Mail Delivery Cost | D19: =C12*'7.0.8'!C20/('7.0.8'!C19+'7.0.8'!C20) -> 2466.7672 | N19: =D19 -> 2466.7672
A20: =A19+1 -> 11 | B20: EDDM Parcel Delivery Cost | D20: =C13*'7.0.8'!C20/('7.0.8'!C20+'7.0.8'!C19) -> 0 | N20: =D20 -> 0
A21: =A20+1 -> 12 | B21: EDDM Retail Sequenced Delivery Cost | D21: =C16*'7.0.8'!C20/('7.0.8'!C19+'7.0.8'!C20) -> 11045.856 | N21: =D21 -> 11045.856
B22: NOTE: DAL costs moved from HD/Saturation Letters to HD/Saturation Flats
B23: NOTE: EDDM-R Costs are split out using RPW proportions

Sheet CS10 CRA
A1: ='7.0.6'!A1 -> Unit Delivery Cost Model - 12/16/2025
A2: C/S 10 RURAL CARRIERS
A3: OUTPUTS TO CRA MODEL
A5: LINE NO | B5: CLASS, SUBCLASS, OR SPECIAL SERVICE | C5: CRA CLASS | D5: All ROUTES
B6: COLUMN NUMBER | D6: -1
B7: UNITS | D7: $(000)
B8: COLUMN SOURCE/NOTES | D8: WS 10.1.2 C18
B9: MODEL COMPONENT | D9: 69
A10: 1 | B10: FIRST-CLASS MAIL
A11: =A10+1 -> 2 | B11: SINGLE-PIECE LETTERS | C11: 3 | D11: ='[5]Outputs to CRA'!$D12 -> 140775.7
A12: =A11+1 -> 3 | B12: SINGLE-PIECE CARDS | C12: 4 | D12: ='[5]Outputs to CRA'!$D13 -> 6824.807
A13: =A12+1 -> 4 | B13: PRESORT LETTERS | C13: 8 | D13: ='[5]Outputs to CRA'!$D14 -> 406771.86
A14: =A13+1 -> 5 | B14: PRESORT CARDS | C14: 9 | D14: ='[5]Outputs to CRA'!$D15 -> 31516.878
A15: =A14+1 -> 6 | B15: SINGLE PIECE FLATS | C15: 16 | D15: ='[5]Outputs to CRA'!$D16 -> 18222.698
A16: =A15+1 -> 7 | B16: PRESORT FLATS | C16: 17 | D16: ='[5]Outputs to CRA'!$D17 -> 22621.902
A17: =A16+1 -> 8 | B17: USPS MARKETING MAIL
A18: =A17+1 -> 9 | B18: HIGH DENSITY & SATURATION LETTERS | C18: 21 | D18: ='[5]Outputs to CRA'!$D20 -> 142793.23
A19: =A18+1 -> 10 | B19: HIGH DENSITY & SATURATION FLATS & PARCELS | C19: 22 | D19: ='[5]Outputs to CRA'!$D21 -> 311173.67
A20: =A19+1 -> 11 | B20: EVERY DOOR DIRECT MAIL RETAIL | C20: 24 | D20: ='[5]Outputs to CRA'!$F$22 -> 6265.5646
A21: =A20+1 -> 12 | B21: CARRIER ROUTE | C21: 23 | D21: ='[5]Outputs to CRA'!$D23 -> 160206.59
A22: =A21+1 -> 13 | B22: LETTERS | C22: 25 | D22: ='[5]Outputs to CRA'!$D24 -> 606006.31
A23: =A22+1 -> 14 | B23: FLATS | C23: 26 | D23: ='[5]Outputs to CRA'!$D25 -> 101205.37
A24: =A23+1 -> 15 | B24: PARCELS | C24: 27 | D24: ='[5]Outputs to CRA'!$D26 -> 2671.3112
A25: =A24+1 -> 16 | B25: TOTAL PERIODICALS | D25: ='[5]Outputs to CRA'!$D$31 -> 165184.75
A26: =A25+1 -> 17 | B26: PACKAGE SERVICES
A27: =A26+1 -> 18 | B27: BOUND PRINTED MATTER FLATS | C27: 42 | D27: ='[5]Outputs to CRA'!$D33 -> 6221.2778
A28: =A27+1 -> 19 | B28: BOUND PRINTED MATTER PARCELS | C28: 43 | D28: ='[5]Outputs to CRA'!$D34 -> 72646.687
A29: =A28+1 -> 20 | B29: MEDIA MAIL | C29: 44 | D29: ='[5]Outputs to CRA'!$D35 -> 22216.989
A30: =A29+1 -> 21 | B30: TOTAL VOLUME VARIABLE | C30: 198 | D30: ='[5]Outputs to CRA'!$D$62 -> 4758958

Sheet RuralCosts
A1: =Inputs!$C$4 -> Unit Delivery Cost Model - 12/16/2025
A2: RURAL COSTS BY EVALUATION CATEGORY
A3: SOURCE: CS10-NP-FY25.xlsx, W/S 10.1.2
C4: NOTE: CRA Spreadsheets have Sat & HD DAL, Shape Adjustments
A5: Line No. | C5: Letters | D5: Flats | E5: Mailbox Parcels | F5: Door Parcels | G5: Parcel Locker Parcels | H5: Boxholder | I5: DPS | J5: Postage Due | K5: End Of Shift Collections | L5: Carrier Pickup | M5: Misc to Door | N5: Misc Actv | O5: Total Delivered | P5: Total
B6: Col. No. | C6: -1 | D6: =C6-1 -> -2 | E6: =D6-1 -> -3 | F6: =E6-1 -> -4 | G6: =F6-1 -> -5 | H6: =G6-1 -> -6 | I6: =H6-1 -> -7 | J6: =I6-1 -> -8 | K6: =J6-1 -> -9 | ... P6: =O6-1 -> -14
B7: Units | C7: $(000) | D7: $(000) | E7: $(000) | F7: $(000) | G7: $(000) | H7: $(000) | I7: $(000) | J7: $(000) | K7: $(000) | L7: $(000) | M7: $(000) | N7: $(000) | O7: $(000) | P7: $(000)
B8: Source / Calculations
A9: 1 | B9: WS 10.1.2
A10: =A9+1 -> 2 | B10: First-Class
A11: =A10+1 -> 3 | B11: SINGLE-PIECE LETTERS | C11: ='[5]10.1.2'!D11 -> 49940.214 | D11: ='[5]10.1.2'!E11 -> 775.65753 | E11: ='[5]10.1.2'!F11 -> 0 | F11: ='[5]10.1.2'!G11 -> 0 | G11: ='[5]10.1.2'!H11 -> 0 | H11: ='[5]10.1.2'!I11 -> 0 | I11: ='[5]10.1.2'!K11 -> 78847.976 | J11: ='[5]10.1.2'!L11 -> 309.18189 | K11: ='[5]10.1.2'!M11 -> 7699.2631 | L11: ='[5]10.1.2'!N11 -> 0 | M11: ='[5]10.1.2'!S11 -> 2911.9357 | N11: ='[5]10.1.2'!T11 -> 291.47557 | O11: =SUM(C11:J11)+SUM(M11:N11) -> 133076.44 | P11: =SUM(C11:N11) -> 140775.7
A12: =A11+1 -> 4 | B12: SINGLE-PIECE CARDS | C12: ='[5]10.1.2'!D12 -> 3870.8245 | D12: ='[5]10.1.2'!E12 -> 6.405856 | E12: ='[5]10.1.2'!F12 -> 0 | F12: ='[5]10.1.2'!G12 -> 0 | G12: ='[5]10.1.2'!H12 -> 0 | H12: ='[5]10.1.2'!I12 -> 0 | I12: ='[5]10.1.2'!K12 -> 2829.7251 | J12: ='[5]10.1.2'!L12 -> 2.2576494 | K12: ='[5]10.1.2'!M12 -> 0 | L12: ='[5]10.1.2'!N12 -> 0 | M12: ='[5]10.1.2'!S12 -> 101.47271 | N12: ='[5]10.1.2'!T12 -> 14.12119 | O12: =SUM(C12:J12)+SUM(M12:N12) -> 6824.807 | P12: =SUM(C12:N12) -> 6824.807
A13: =A12+1 -> 5 | B13: PRESORT LETTERS | C13: ='[5]10.1.2'!D13 -> 95004.735 | D13: ='[5]10.1.2'!E13 -> 1185.642 | E13: ='[5]10.1.2'!F13 -> 0 | F13: ='[5]10.1.2'!G13 -> 0 | G13: ='[5]10.1.2'!H13 -> 0 | H13: ='[5]10.1.2'!I13 -> 0 | I13: ='[5]10.1.2'!K13 -> 300688.73 | J13: ='[5]10.1.2'!L13 -> 0 | K13: ='[5]10.1.2'!M13 -> 0 | L13: ='[5]10.1.2'!N13 -> 0 | M13: ='[5]10.1.2'!S13 -> 9050.2166 | N13: ='[5]10.1.2'!T13 -> 842.52924 | O13: =SUM(C13:J13)+SUM(M13:N13) -> 406771.86 | P13: =SUM(C13:N13) -> 406771.86
A14: =A13+1 -> 6 | B14: PRESORT CARDS | C14: ='[5]10.1.2'!D14 -> 7603.1914 | D14: ='[5]10.1.2'!E14 -> 18.777653 | E14: ='[5]10.1.2'!F14 -> 0 | F14: ='[5]10.1.2'!G14 -> 7.411511 | G14: ='[5]10.1.2'!H14 -> 0 | H14: ='[5]10.1.2'!I14 -> 0 | I14: ='[5]10.1.2'!K14 -> 23095.113 | J14: ='[5]10.1.2'!L14 -> 0 | K14: ='[5]10.1.2'!M14 -> 0 | L14: ='[5]10.1.2'!N14 -> 0 | M14: ='[5]10.1.2'!S14 -> 727.10639 | N14: ='[5]10.1.2'!T14 -> 65.277708 | O14: =SUM(C14:J14)+SUM(M14:N14) -> 31516.878 | P14: =SUM(C14:N14) -> 31516.878
A15: =A14+1 -> 7 | B15: SINGLE PIECE FLATS | C15: ='[5]10.1.2'!D15 -> 1.8691304 | D15: ='[5]10.1.2'!E15 -> 17855.054 | E15: ='[5]10.1.2'!F15 -> 0 | F15: ='[5]10.1.2'!G15 -> 0 | G15: ='[5]10.1.2'!H15 -> 0 | H15: ='[5]10.1.2'!I15 -> 0 | I15: ='[5]10.1.2'!K15 -> 0 | J15: ='[5]10.1.2'!L15 -> 201.41223 | K15: ='[5]10.1.2'!M15 -> 0 | L15: ='[5]10.1.2'!N15 -> 0 | M15: ='[5]10.1.2'!S15 -> 126.53204 | N15: ='[5]10.1.2'!T15 -> 37.830605 | O15: =SUM(C15:J15)+SUM(M15:N15) -> 18222.698 | P15: =SUM(C15:N15) -> 18222.698
A16: =A15+1 -> 8 | B16: PRESORT FLATS | C16: ='[5]10.1.2'!D16 -> 1.2545102 | D16: ='[5]10.1.2'!E16 -> 22439.219 | E16: ='[5]10.1.2'!F16 -> 0 | F16: ='[5]10.1.2'!G16 -> 0 | G16: ='[5]10.1.2'!H16 -> 0 | H16: ='[5]10.1.2'!I16 -> 0 | I16: ='[5]10.1.2'!K16 -> 0 | J16: ='[5]10.1.2'!L16 -> 0 | K16: ='[5]10.1.2'!M16 -> 0 | L16: ='[5]10.1.2'!N16 -> 0 | M16: ='[5]10.1.2'!S16 -> 134.46573 | N16: ='[5]10.1.2'!T16 -> 46.962724 | O16: =SUM(C16:J16)+SUM(M16:N16) -> 22621.902 | P16: =SUM(C16:N16) -> 22621.902
A17: =A16+1 -> 9 | B17: USPS MARKETING MAIL (A)
A18: =A17+1 -> 10 | B18: HIGH DENSITY & SATURATION LETTERS | C18: ='[5]10.1.2'!D19 -> 70440.997 | D18: ='[5]10.1.2'!E19 -> 1915.5951 | E18: ='[5]10.1.2'!F19 -> 0 | F18: ='[5]10.1.2'!G19 -> 0 | G18: ='[5]10.1.2'!H19 -> 0 | H18: ='[5]10.1.2'!I19 -> 12847.592 | I18: ='[5]10.1.2'!K19 -> 55415.843 | J18: ='[5]10.1.2'!L19 -> 0 | K18: ='[5]10.1.2'!M19 -> 0 | L18: ='[5]10.1.2'!N19 -> 0 | M18: ='[5]10.1.2'!S19 -> 1869.5471 | N18: ='[5]10.1.2'!T19 -> 303.65557 | O18: =SUM(C18:J18)+SUM(M18:N18) -> 142793.23 | P18: =SUM(C18:N18) -> 142793.23
A19: =A18+1 -> 11 | B19: HIGH DENSITY & SATURATION FLATS & PARCELS | C19: ='[5]10.1.2'!D20 -> 2892.0863 | D19: ='[5]10.1.2'!E20 -> 218533.41 | E19: ='[5]10.1.2'!F20 -> 0 | F19: ='[5]10.1.2'!G20 -> 0 | G19: ='[5]10.1.2'!H20 -> 0 | H19: ='[5]10.1.2'!I20 -> 86461.102 | I19: ='[5]10.1.2'!K20 -> 204.70492 | J19: ='[5]10.1.2'!L20 -> 0 | K19: ='[5]10.1.2'!M20 -> 0 | L19: ='[5]10.1.2'!N20 -> 0 | M19: ='[5]10.1.2'!S20 -> 2444.7772 | N19: ='[5]10.1.2'!T20 -> 637.59347 | O19: =SUM(C19:J19)+SUM(M19:N19) -> 311173.67 | P19: =SUM(C19:N19) -> 311173.67
A20: =A19+1 -> 12 | B20: EVERY DOOR DIRECT MAIL RETAIL | C20: ='[5]10.1.2'!D21 -> 0 | D20: ='[5]10.1.2'!E21 -> 0 | E20: ='[5]10.1.2'!F21 -> 0 | F20: ='[5]10.1.2'!G21 -> 0 | G20: ='[5]10.1.2'!H21 -> 0 | H20: ='[5]10.1.2'!I21 -> 6078.8403 | I20: ='[5]10.1.2'!K21 -> 0 | J20: ='[5]10.1.2'!L21 -> 0 | K20: ='[5]10.1.2'!M21 -> 0 | L20: ='[5]10.1.2'!N21 -> 0 | M20: ='[5]10.1.2'!S21 -> 173.73495 | N20: ='[5]10.1.2'!T21 -> 12.989366 | O20: =SUM(C20:J20)+SUM(M20:N20) -> 6265.5646 | P20: =SUM(C20:N20) -> 6265.5646
A21: =A20+1 -> 13 | B21: CARRIER ROUTE | C21: ='[5]10.1.2'!D22 -> 184.01704 | D21: ='[5]10.1.2'!E22 -> 157048.94 | E21: ='[5]10.1.2'!F22 -> 0 | F21: ='[5]10.1.2'!G22 -> 0 | G21: ='[5]10.1.2'!H22 -> 0 | H21: ='[5]10.1.2'!I22 -> 1680.8907 | I21: ='[5]10.1.2'!K22 -> 107.20299 | J21: ='[5]10.1.2'!L22 -> 0 | K21: ='[5]10.1.2'!M22 -> 0 | L21: ='[5]10.1.2'!N22 -> 0 | M21: ='[5]10.1.2'!S22 -> 852.95248 | N21: ='[5]10.1.2'!T22 -> 332.58017 | O21: =SUM(C21:J21)+SUM(M21:N21) -> 160206.59 | P21: =SUM(C21:N21) -> 160206.59
A22: =A21+1 -> 14 | B22: LETTERS | C22: ='[5]10.1.2'!D23 -> 172873.07 | D22: ='[5]10.1.2'!E23 -> 2512.2066 | E22: ='[5]10.1.2'!F23 -> 0 | F22: ='[5]10.1.2'!G23 -> 173.68427 | G22: ='[5]10.1.2'!H23 -> 0 | H22: ='[5]10.1.2'!I23 -> 398.74105 | I22: ='[5]10.1.2'!K23 -> 417010.15 | J22: ='[5]10.1.2'!L23 -> 4.6170293 | K22: ='[5]10.1.2'!M23 -> 0 | L22: ='[5]10.1.2'!N23 -> 0 | M22: ='[5]10.1.2'!S23 -> 11778.847 | N22: ='[5]10.1.2'!T23 -> 1254.9973 | O22: =SUM(C22:J22)+SUM(M22:N22) -> 606006.31 | P22: =SUM(C22:N22) -> 606006.31
A23: =A22+1 -> 15 | B23: FLATS | C23: ='[5]10.1.2'!D24 -> 7.3754416 | D23: ='[5]10.1.2'!E24 -> 100382.67 | E23: ='[5]10.1.2'!F24 -> 0 | F23: ='[5]10.1.2'!G24 -> 67.413357 | G23: ='[5]10.1.2'!H24 -> 0 | H23: ='[5]10.1.2'!I24 -> 14.939512 | I23: ='[5]10.1.2'!K24 -> 0 | J23: ='[5]10.1.2'!L24 -> 4.5152988 | K23: ='[5]10.1.2'!M24 -> 0 | L23: ='[5]10.1.2'!N24 -> 0 | M23: ='[5]10.1.2'!S24 -> 518.3545 | N23: ='[5]10.1.2'!T24 -> 210.10101 | O23: =SUM(C23:J23)+SUM(M23:N23) -> 101205.37 | P23: =SUM(C23:N23) -> 101205.37
A24: =A23+1 -> 16 | B24: PARCELS | C24: ='[5]10.1.2'!D25 -> 0 | D24: ='[5]10.1.2'!E25 -> 0 | E24: ='[5]10.1.2'!F25 -> 1613.4995 | F24: ='[5]10.1.2'!G25 -> 974.4958 | G24: ='[5]10.1.2'!H25 -> 71.876359 | H24: ='[5]10.1.2'!I25 -> 0 | I24: ='[5]10.1.2'!K25 -> 0 | J24: ='[5]10.1.2'!L25 -> 2.2662054 | K24: ='[5]10.1.2'!M25 -> 0 | L24: ='[5]10.1.2'!N25 -> 0 | M24: ='[5]10.1.2'!S25 -> 3.6369425 | N24: ='[5]10.1.2'!T25 -> 5.5364821 | O24: =SUM(C24:J24)+SUM(M24:N24) -> 2671.3112 | P24: =SUM(C24:N24) -> 2671.3112
A25: =A24+1 -> 17 | B25: Periodicals | C25: ='[5]10.1.2'!D30 -> 298.56031 | D25: ='[5]10.1.2'!E30 -> 156173.81 | E25: ='[5]10.1.2'!F30 -> 5338.7116 | F25: ='[5]10.1.2'!G30 -> 1329.1201 | G25: ='[5]10.1.2'!H30 -> 0 | H25: ='[5]10.1.2'!I30 -> 848.1486 | I25: ='[5]10.1.2'!K30 -> 94.584005 | J25: ='[5]10.1.2'!L30 -> 0 | K25: ='[5]10.1.2'!M30 -> 0 | L25: ='[5]10.1.2'!N30 -> 0 | M25: ='[5]10.1.2'!S30 -> 758.9218 | N25: ='[5]10.1.2'!T30 -> 342.89333 | O25: =SUM(C25:J25)+SUM(M25:N25) -> 165184.75 | P25: =SUM(C25:N25) -> 165184.75
A26: =A25+1 -> 18 | B26: Package Services
A27: =A26+1 -> 19 | B27: BOUND PRINTED MATTER FLATS | C27: ='[5]10.1.2'!D32 -> 1.2292403 | D27: ='[5]10.1.2'!E32 -> 5103.7585 | E27: ='[5]10.1.2'!F32 -> 282.74941 | F27: ='[5]10.1.2'!G32 -> 761.49221 | G27: ='[5]10.1.2'!H32 -> 1.5028954 | H27: ='[5]10.1.2'!I32 -> 15.546449 | I27: ='[5]10.1.2'!K32 -> 0 | J27: ='[5]10.1.2'!L32 -> 2.2662054 | K27: ='[5]10.1.2'!M32 -> 7.4203257 | L27: ='[5]10.1.2'!N32 -> 0 | M27: ='[5]10.1.2'!S32 -> 32.400546 | N27: ='[5]10.1.2'!T32 -> 12.912019 | O27: =SUM(C27:J27)+SUM(M27:N27) -> 6213.8574 | P27: =SUM(C27:N27) -> 6221.2778
A28: =A27+1 -> 20 | B28: BOUND PRINTED MATTER PARCELS | C28: ='[5]10.1.2'!D33 -> 0 | D28: ='[5]10.1.2'!E33 -> 0 | E28: ='[5]10.1.2'!F33 -> 20201.551 | F28: ='[5]10.1.2'!G33 -> 50075.726 | G28: ='[5]10.1.2'!H33 -> 2071.9959 | H28: ='[5]10.1.2'!I33 -> 0 | I28: ='[5]10.1.2'!K33 -> 0 | J28: ='[5]10.1.2'!L33 -> 6.8269988 | K28: ='[5]10.1.2'!M33 -> 0.64895075 | L28: ='[5]10.1.2'!N33 -> 69.173682 | M28: ='[5]10.1.2'!S33 -> 70.180256 | N28: ='[5]10.1.2'!T33 -> 150.58405 | O28: =SUM(C28:J28)+SUM(M28:N28) -> 72576.864 | P28: =SUM(C28:N28) -> 72646.687
A29: =A28+1 -> 21 | B29: MEDIA AND LIBRARY MAIL | C29: ='[5]10.1.2'!D34 -> 0 | D29: ='[5]10.1.2'!E34 -> 0 | E29: ='[5]10.1.2'!F34 -> 5023.6909 | F29: ='[5]10.1.2'!G34 -> 15842.356 | G29: ='[5]10.1.2'!H34 -> 1011.6846 | H29: ='[5]10.1.2'!I34 -> 0 | I29: ='[5]10.1.2'!K34 -> 0 | J29: ='[5]10.1.2'!L34 -> 16.152047 | K29: ='[5]10.1.2'!M34 -> 18.236172 | L29: ='[5]10.1.2'!N34 -> 237.35059 | M29: ='[5]10.1.2'!S34 -> 21.467441 | N29: ='[5]10.1.2'!T34 -> 46.051374 | O29: =SUM(C29:J29)+SUM(M29:N29) -> 21961.402 | P29: =SUM(C29:N29) -> 22216.989
A30: =A29+1 -> 22 | B30: TOTAL VOLUME VARIABLE | C30: ='[5]10.1.2'!D62 -> 405945.71 | D30: ='[5]10.1.2'!E62 -> 685180.18 | E30: ='[5]10.1.2'!F62 -> 665898.4 | F30: ='[5]10.1.2'!G62 -> 1688416.5 | G30: ='[5]10.1.2'!H62 -> 82224.464 | H30: ='[5]10.1.2'!I62 -> 108345.8 | I30: ='[5]10.1.2'!K62 -> 881428.26 | J30: ='[5]10.1.2'!L62 -> 1330.0371 | K30: ='[5]10.1.2'!M62 -> 8548.1628 | L30: ='[5]10.1.2'!N62 -> 36897.345 | M30: ='[5]10.1.2'!S62 -> 33862.564 | N30: ='[5]10.1.2'!T62 -> 9863.6056 | O30: =SUM(C30:J30)+SUM(M30:N30) -> 4562495.5 | P30: =SUM(C30:N30) -> 4607941

Sheet RuralVols
A1: =Inputs!$C$4 -> Unit Delivery Cost Model - 12/16/2025
A2: RURAL VOLUMES BY EVALUATION CATEGORY
A3: SOURCE: CS10-NP-FY25.xlsx, Inputs DK
A5: Line No. | B5: Rural Defined Pieces | C5: Other Letters | D5: DPS/SS | E5: Flats | F5: Mailbox Parcels | G5: Door Parcels | H5: Parcel Locker Parcels | I5: Boxholder | J5: Subtotal | K5: Postage Due | L5: Collections | M5: Carrier Pickup
B6: Col. No. | C6: -1 | D6: =C6-1 -> -2 | E6: =D6-1 -> -3 | F6: =E6-1 -> -4 | G6: =F6-1 -> -5 | H6: =G6-1 -> -6 | I6: =H6-1 -> -7 | J6: =I6-1 -> -8 | K6: =J6-1 -> -9 | ... M6: =L6-1 -> -11
B7: Units | C7: Pieces (000) | D7: Pieces (000) | E7: Pieces (000) | F7: Pieces (000) | G7: Pieces (000) | H7: Pieces (000) | I7: Pieces (000) | J7: Pieces (000) | K7: Pieces (000) | L7: Pieces (000) | M7: Pieces (000)
B8: Source / Calculations | J8: FC = C1..C5 Std = C1..C6
A9: 1 | B9: First-Class
A10: =A9+1 -> 2 | B10: SINGLE-PIECE LETTERS | C10: ='[5]Inputs DK'!$F11 -> 319780.68 | D10: ='[5]Inputs DK'!$E11 -> 2453387.3 | E10: ='[5]Inputs DK'!G11 -> 5279.5744 | F10: ='[5]Inputs DK'!H11 -> 0 | G10: ='[5]Inputs DK'!I11 -> 0 | H10: ='[5]Inputs DK'!J11 -> 0 | I10: ='[5]Inputs DK'!K11 -> 0 | J10: =SUM(C10:H10) -> 2778447.6 | K10: ='[5]Inputs DK'!M11 -> 536.93706 | L10: ='[5]Inputs DK'!N11 -> 1174553 | M10: ='[5]Inputs DK'!P11 -> 0
A11: =A10+1 -> 3 | B11: SINGLE-PIECE CARDS | C11: ='[5]Inputs DK'!$F12 -> 24785.935 | D11: ='[5]Inputs DK'!$E12 -> 88048.067 | E11: ='[5]Inputs DK'!G12 -> 43.601966 | F11: ='[5]Inputs DK'!H12 -> 0 | G11: ='[5]Inputs DK'!I12 -> 0 | H11: ='[5]Inputs DK'!J12 -> 0 | I11: ='[5]Inputs DK'!K12 -> 0 | J11: =SUM(C11:H11) -> 112877.6 | K11: ='[5]Inputs DK'!M12 -> 3.9207201 | L11: ='[5]Inputs DK'!N12 -> 0 | M11: ='[5]Inputs DK'!P12 -> 0
A12: =A11+1 -> 4 | B12: PRESORT LETTERS | C12: ='[5]Inputs DK'!$F13 -> 608340.98 | D12: ='[5]Inputs DK'!$E13 -> 9356054.1 | E12: ='[5]Inputs DK'!G13 -> 8070.1664 | F12: ='[5]Inputs DK'!H13 -> 0 | G12: ='[5]Inputs DK'!I13 -> 0 | H12: ='[5]Inputs DK'!J13 -> 0 | I12: ='[5]Inputs DK'!K13 -> 0 | J12: =SUM(C12:H12) -> 9972465.3 | K12: ='[5]Inputs DK'!M13 -> 0 | L12: ='[5]Inputs DK'!N13 -> 0 | M12: ='[5]Inputs DK'!P13 -> 0
A13: =A12+1 -> 5 | B13: PRESORT CARDS | C13: ='[5]Inputs DK'!$F14 -> 48685.289 | D13: ='[5]Inputs DK'!$E14 -> 718613.99 | E13: ='[5]Inputs DK'!G14 -> 127.81158 | F13: ='[5]Inputs DK'!H14 -> 0 | G13: ='[5]Inputs DK'!I14 -> 3.9207201 | H13: ='[5]Inputs DK'!J14 -> 0 | I13: ='[5]Inputs DK'!K14 -> 0 | J13: =SUM(C13:H13) -> 767431.01 | K13: ='[5]Inputs DK'!M14 -> 0 | L13: ='[5]Inputs DK'!N14 -> 0 | M13: ='[5]Inputs DK'!P14 -> 0
A14: =A13+1 -> 6 | B14: SINGLE PIECE FLATS | C14: ='[5]Inputs DK'!$F15 -> 11.968547 | D14: ='[5]Inputs DK'!$E15 -> 0 | E14: ='[5]Inputs DK'!G15 -> 121531.84 | F14: ='[5]Inputs DK'!H15 -> 0 | G14: ='[5]Inputs DK'!I15 -> 0 | H14: ='[5]Inputs DK'!J15 -> 0 | I14: ='[5]Inputs DK'!K15 -> 0 | J14: =SUM(C14:H14) -> 121543.81 | K14: ='[5]Inputs DK'!M15 -> 349.78016 | L14: ='[5]Inputs DK'!N15 -> 0 | M14: ='[5]Inputs DK'!P15 -> 0
A15: =A14+1 -> 7 | B15: PRESORT FLATS | C15: ='[5]Inputs DK'!$F16 -> 8.0329679 | D15: ='[5]Inputs DK'!$E16 -> 0 | E15: ='[5]Inputs DK'!G16 -> 152734.32 | F15: ='[5]Inputs DK'!H16 -> 0 | G15: ='[5]Inputs DK'!I16 -> 0 | H15: ='[5]Inputs DK'!J16 -> 0 | I15: ='[5]Inputs DK'!K16 -> 0 | J15: =SUM(C15:H15) -> 152742.35 | K15: ='[5]Inputs DK'!M16 -> 0 | L15: ='[5]Inputs DK'!N16 -> 0 | M15: ='[5]Inputs DK'!P16 -> 0
A16: =A15+1 -> 8 | B16: USPS MARKETING MAIL (A) | J16: =SUM(C16:I16) -> 0
A17: =A16+1 -> 9 | B17: ECR | C17: =SUM(C18:C21) -> 470749.86 | D17: =SUM(D18:D21) -> 1733992 | E17: =SUM(E18:E21) -> 2569469.7 | F17: =SUM(F18:F21) -> 0 | G17: =SUM(G18:G21) -> 0 | H17: =SUM(H18:H21) -> 0 | I17: =SUM(I18:I21) -> 1605978.8 | J17: =SUM(C17:I17) -> 6380190.3 | K17: =SUM(K18:K21) -> 0 | L17: =SUM(L18:L21) -> 0 | M17: =SUM(M18:M21) -> 0
A18: =A17+1 -> 10 | B18: HIGH DENSITY & SATURATION LETTERS | C18: ='[5]Inputs DK'!$F19 -> 468996.63 | D18: ='[5]Inputs DK'!$E19 -> 1730656.3 | E18: ='[5]Inputs DK'!$G19 -> 13038.65 | F18: ='[5]Inputs DK'!H19 -> 0 | G18: ='[5]Inputs DK'!I19 -> 0 | H18: ='[5]Inputs DK'!J19 -> 0 | I18: ='[5]Inputs DK'!K19 -> 206513.68 | J18: =SUM(C18:I18) -> 2419205.3 | K18: ='[5]Inputs DK'!M19 -> 0 | L18: ='[5]Inputs DK'!N19 -> 0 | M18: ='[5]Inputs DK'!P19 -> 0
A19: =A18+1 -> 11 | B19: HIGH DENSITY & SATURATION FLATS & PARCELS | C19: ='[5]Inputs DK'!$F20 -> 574.91812 | D19: ='[5]Inputs DK'!$E20 -> 0 | E19: ='[5]Inputs DK'!$G20 -> 1487465 | F19: ='[5]Inputs DK'!H20 -> 0 | G19: ='[5]Inputs DK'!I20 -> 0 | H19: ='[5]Inputs DK'!J20 -> 0 | I19: ='[5]Inputs DK'!K20 -> 1129595.7 | J19: =SUM(C19:I19) -> 2617635.5 | K19: ='[5]Inputs DK'!M20 -> 0 | L19: ='[5]Inputs DK'!N20 -> 0 | M19: ='[5]Inputs DK'!P20 -> 0
A20: =A19+1 -> 12 | B20: EVERY DOOR DIRECT MAIL RETAIL | C20: ='[5]Inputs DK'!$F21 -> 0 | D20: ='[5]Inputs DK'!$E21 -> 0 | E20: ='[5]Inputs DK'!$G21 -> 0 | F20: ='[5]Inputs DK'!H21 -> 0 | G20: ='[5]Inputs DK'!I21 -> 0 | H20: ='[5]Inputs DK'!J21 -> 0 | I20: ='[5]Inputs DK'!K21 -> 244656.84 | J20: =SUM(C20:I20) -> 244656.84 | K20: ='[5]Inputs DK'!M21 -> 0 | L20: ='[5]Inputs DK'!N21 -> 0 | M20: ='[5]Inputs DK'!P21 -> 0
A21: =A20+1 -> 13 | B21: CARRIER ROUTE | C21: ='[5]Inputs DK'!$F22 -> 1178.3108 | D21: ='[5]Inputs DK'!$E22 -> 3335.6653 | E21: ='[5]Inputs DK'!$G22 -> 1068966.1 | F21: ='[5]Inputs DK'!H22 -> 0 | G21: ='[5]Inputs DK'!I22 -> 0 | H21: ='[5]Inputs DK'!J22 -> 0 | I21: ='[5]Inputs DK'!K22 -> 25212.613 | J21: =SUM(C21:I21) -> 1098692.7 | K21: ='[5]Inputs DK'!M22 -> 0 | L21: ='[5]Inputs DK'!N22 -> 0 | M21: ='[5]Inputs DK'!P22 -> 0
A22: =A21+1 -> 14 | B22: Regular | C22: =SUM(C23:C25) -> 1107000.2 | D22: =SUM(D23:D25) -> 12975443 | E22: =SUM(E23:E25) -> 700362.14 | F22: =SUM(F23:F25) -> 4088.0896 | G22: =SUM(G23:G25) -> 643.05397 | H22: =SUM(H23:H25) -> 131.27934 | I22: =SUM(I23:I25) -> 6205.0246 | J22: =SUM(C22:I22) -> 14793873 | K22: =SUM(K23:K25) -> 19.795128 | L22: =SUM(L23:L25) -> 0 | M22: =SUM(M23:M25) -> 0
A23: =A22+1 -> 15 | B23: LETTERS | C23: ='[5]Inputs DK'!$F23 -> 1106952.9 | D23: ='[5]Inputs DK'!$E23 -> 12975443 | E23: ='[5]Inputs DK'!$G23 -> 17099.533 | F23: ='[5]Inputs DK'!H23 -> 0 | G23: ='[5]Inputs DK'!I23 -> 91.8797 | H23: ='[5]Inputs DK'!J23 -> 0 | I23: ='[5]Inputs DK'!K23 -> 5980.9386 | J23: =SUM(C23:I23) -> 14105568 | K23: ='[5]Inputs DK'!M23 -> 8.0181092 | L23: ='[5]Inputs DK'!N23 -> 0 | M23: ='[5]Inputs DK'!P23 -> 0
A24: =A23+1 -> 16 | B24: FLATS | C24: ='[5]Inputs DK'!$F24 -> 47.226945 | D24: ='[5]Inputs DK'!$E24 -> 0 | E24: ='[5]Inputs DK'!$G24 -> 683262.61 | F24: ='[5]Inputs DK'!H24 -> 0 | G24: ='[5]Inputs DK'!I24 -> 35.661946 | H24: ='[5]Inputs DK'!J24 -> 0 | I24: ='[5]Inputs DK'!K24 -> 224.08605 | J24: =SUM(C24:I24) -> 683569.58 | K24: ='[5]Inputs DK'!M24 -> 7.8414402 | L24: ='[5]Inputs DK'!N24 -> 0 | M24: ='[5]Inputs DK'!P24 -> 0
A25: =A24+1 -> 17 | B25: PARCELS | C25: ='[5]Inputs DK'!$F25 -> 0 | D25: ='[5]Inputs DK'!$E25 -> 0 | E25: ='[5]Inputs DK'!$G25 -> 0 | F25: ='[5]Inputs DK'!H25 -> 4088.0896 | G25: ='[5]Inputs DK'!I25 -> 515.51232 | H25: ='[5]Inputs DK'!J25 -> 131.27934 | I25: ='[5]Inputs DK'!K25 -> 0 | J25: =SUM(C25:I25) -> 4734.8813 | K25: ='[5]Inputs DK'!M25 -> 3.9355787 | L25: ='[5]Inputs DK'!N25 -> 0 | M25: ='[5]Inputs DK'!P25 -> 0
A26: =A25+1 -> 18 | B26: TOTAL PERIODICALS | C26: ='[5]Inputs DK'!$F$30 -> 1911.7623 | D26: ='[5]Inputs DK'!$E$30 -> 2943.0204 | E26: ='[5]Inputs DK'!$G30 -> 1063009.4 | F26: ='[5]Inputs DK'!H30 -> 13526.581 | G26: ='[5]Inputs DK'!I30 -> 703.11003 | H26: ='[5]Inputs DK'!J30 -> 0 | I26: ='[5]Inputs DK'!K30 -> 12721.852 | J26: =SUM(C26:I26) -> 1094815.7 | K26: ='[5]Inputs DK'!M30 -> 0 | L26: ='[5]Inputs DK'!N30 -> 0 | M26: ='[5]Inputs DK'!P30 -> 0
A27: =A26+1 -> 19 | B27: PACKAGE SERVICES
A28: =A27+1 -> 20 | B28: BOUND PRINTED MATTER FLATS | C28: ='[5]Inputs DK'!$F32 -> 7.8711575 | D28: ='[5]Inputs DK'!$E32 -> 0 | E28: ='[5]Inputs DK'!$G32 -> 34739.136 | F28: ='[5]Inputs DK'!H32 -> 716.39623 | G28: ='[5]Inputs DK'!I32 -> 402.83253 | H28: ='[5]Inputs DK'!J32 -> 2.7449793 | I28: ='[5]Inputs DK'!K32 -> 233.18982 | J28: =SUM(C28:I28) -> 36102.171 | K28: ='[5]Inputs DK'!M32 -> 3.9355787 | L28: ='[5]Inputs DK'!N32 -> 1132 | M28: ='[5]Inputs DK'!P32 -> 0
A29: =A28+1 -> 21 | B29: BOUND PRINTED MATTER PARCELS | C29: ='[5]Inputs DK'!$F33 -> 0 | D29: ='[5]Inputs DK'!$E33 -> 0 | E29: ='[5]Inputs DK'!$G33 -> 0 | F29: ='[5]Inputs DK'!H33 -> 51184.244 | G29: ='[5]Inputs DK'!I33 -> 26490.267 | H29: ='[5]Inputs DK'!J33 -> 3784.4191 | I29: ='[5]Inputs DK'!K33 -> 0 | J29: =SUM(C29:I29) -> 81458.93 | K29: ='[5]Inputs DK'!M33 -> 11.856026 | L29: ='[5]Inputs DK'!N33 -> 99 | M29: ='[5]Inputs DK'!P33 -> 269
A30: =A29+1 -> 22 | B30: MEDIA AND LIBRARY MAIL | C30: ='[5]Inputs DK'!$F34 -> 0 | D30: ='[5]Inputs DK'!$E34 -> 0 | E30: ='[5]Inputs DK'!$G34 -> 0 | F30: ='[5]Inputs DK'!H34 -> 12728.42 | G30: ='[5]Inputs DK'!I34 -> 8380.6719 | H30: ='[5]Inputs DK'!J34 -> 1847.8021 | I30: ='[5]Inputs DK'!K34 -> 0 | J30: =SUM(C30:I30) -> 22956.894 | K30: ='[5]Inputs DK'!M34 -> 28.05026 | L30: ='[5]Inputs DK'!N34 -> 2782 | M30: ='[5]Inputs DK'!P34 -> 923
A31: =A30+1 -> 23 | B31: Free & USPS | C31: ='[5]Inputs DK'!$F36+'[5]Inputs DK'!$F37 -> 15500.796 | D31: ='[5]Inputs DK'!$E$36+'[5]Inputs DK'!$E$37 -> 87608.044 | E31: ='[5]Inputs DK'!G36+'[5]Inputs DK'!G37 -> 6743.5539 | F31: ='[5]Inputs DK'!H36+'[5]Inputs DK'!H37 -> 3387.4475 | G31: ='[5]Inputs DK'!I36+'[5]Inputs DK'!I37 -> 1717.6094 | H31: ='[5]Inputs DK'!J36+'[5]Inputs DK'!J37 -> 83.426019 | I31: ='[5]Inputs DK'!K36+'[5]Inputs DK'!K37 -> 0 | J31: =SUM(C31:I31) -> 115040.88 | K31: ='[5]Inputs DK'!M36+'[5]Inputs DK'!M37 -> 39.681246 | L31: ='[5]Inputs DK'!N36+'[5]Inputs DK'!N37 -> 12696 | M31: ='[5]Inputs DK'!P36+'[5]Inputs DK'!P37 -> 1636
A32: =A31+1 -> 24 | B32: TOTAL VOLUME | C32: ='[5]Inputs DK'!$F63 -> 2599380 | D32: ='[5]Inputs DK'!$E$63 -> 27426004 | E32: ='[5]Inputs DK'!G63 -> 4663733.1 | F32: ='[5]Inputs DK'!H63 -> 1687172.8 | G32: ='[5]Inputs DK'!I63 -> 893179.34 | H32: ='[5]Inputs DK'!J63 -> 150179.75 | I32: ='[5]Inputs DK'!K63 -> 1625138.9 | J32: =SUM(C32:I32) -> 39044788 | K32: ='[5]Inputs DK'!M63 -> 2309.7931 | L32: ='[5]Inputs DK'!N63 -> 1304056 | M32: ='[5]Inputs DK'!P63 -> 143485
B34: USPS MARKETING MAIL
B35: HIGH DENSITY & SATURATION LETTERS
B36: HD Letters | F36: =[6]RCCS_Matrix_FY25_Final!U26 -> 0 | G36: =[6]RCCS_Matrix_FY25_Final!T26 -> 0 | H36: =[6]RCCS_Matrix_FY25_Final!V26 -> 0
B37: Sat Letters | F37: =[6]RCCS_Matrix_FY25_Final!U30 -> 0 | G37: =[6]RCCS_Matrix_FY25_Final!T30 -> 0 | H37: =[6]RCCS_Matrix_FY25_Final!V30 -> 0
B38: HIGH DENSITY & SATURATION FLATS & PARCELS
B39: HD Flats | F39: =[6]RCCS_Matrix_FY25_Final!U27 -> 0 | G39: =[6]RCCS_Matrix_FY25_Final!T27 -> 0 | H39: =[6]RCCS_Matrix_FY25_Final!V27 -> 0
B40: Sat Flats | F40: =[6]RCCS_Matrix_FY25_Final!U31 -> 0 | G40: =[6]RCCS_Matrix_FY25_Final!T31 -> 0 | H40: =[6]RCCS_Matrix_FY25_Final!V31 -> 0
B41: HD Parcels | F41: =[6]RCCS_Matrix_FY25_Final!U24 -> 0 | G41: =[6]RCCS_Matrix_FY25_Final!T24 -> 0 | H41: =[6]RCCS_Matrix_FY25_Final!V24 -> 0
B42: Sat Parcels | F42: =[6]RCCS_Matrix_FY25_Final!U32 -> 0 | G42: =[6]RCCS_Matrix_FY25_Final!T32 -> 0 | H42: =[6]RCCS_Matrix_FY25_Final!V32 -> 0

Sheet Rural DAL Costs
A1: ='7.0.6'!A1 -> Unit Delivery Cost Model - 12/16/2025
A2: C/S 10 RURAL CARRIERS
A3: WS 10.3 DAL COSTS
A5: Line No. | B5: DELIVERY-ACTIVITY ACCRUED COST POOL | C5: VOLUME VARIABLE COST | D5: RCCS PIECES | E5: Cost per RCCS Piece | F5: DALs | G5: DAL Cost | H5: Host Piece Costs (Boxholders)
B6: Col. No. | C6: -1 | D6: =C6-1 -> -2 | E6: =D6-1 -> -3 | F6: =E6-1 -> -4 | G6: =F6-1 -> -5 | H6: =G6-1 -> -6
B7: Units | E7: $ | F7: Pieces (000) | G7: $(000) | H7: $(000)
B8: Source/Calculations | C8: RuralCosts | D8: RuralVols | E8: C1 / C2 | F8: RCSDALs | G8: ="C"&-F6&" x C"&-E6 -> C4 x C3 | H8: ="C"&-F6&" x C"&-E6&"L"&A12 -> C4 x C3L4
A9: 1 | B9: SATURATION DALS
A10: =A9+1 -> 2 | B10: DPS Letters | C10: =RuralCosts!I30 -> 881428.26 | D10: =RuralVols!D32 -> 27426004 | E10: =C10/D10 -> 0.032138413 | F10: =RCSDALs!E7 -> 4823.7024 | G10: =F10*E10 -> 155.02614
A11: =A10+1 -> 3 | B11: Other Letters | C11: =RuralCosts!C30 -> 405945.71 | D11: =RuralVols!C32 -> 2599380 | E11: =C11/D11 -> 0.1561702 | F11: =RCSDALs!E11 -> 16133.12 | G11: =F11*E11 -> 2519.5127
A12: =A11+1 -> 4 | B12: Boxholders | C12: =RuralCosts!H30 -> 108345.8 | D12: =RuralVols!I32 -> 1625138.9 | E12: =C12/D12 -> 0.066668641 | F12: =RCSDALs!E14 -> 13805.518 | G12: =F12*E12 -> 920.39514
A13: =A12+1 -> 5 | B13: TOTAL | F13: =SUM(F10:F12) -> 34762.341 | G13: =SUM(G10:G12) -> 3594.9339 | H13: =SUM(F10:F12)*E12 -> 2317.558
A14: =A13+1 -> 6 | B14: HD DALS
A15: =A14+1 -> 7 | B15: DPS Letters | F15: =RCSDALs!F7 -> 1545.7757 | G15: =F15*E10 -> 49.678777
A16: =A15+1 -> 8 | B16: Sector Segment Letters
A17: =A16+1 -> 9 | B17: Other Letters | F17: =RCSDALs!F11 -> 1810.7717 | G17: =F17*E11 -> 282.78858
A18: =A17+1 -> 10 | B18: Boxholders | F18: =RCSDALs!F14 -> 0 | G18: =F18*E12 -> 0 | H18: =SUM(F15:F18)*E12 -> 223.77645

Sheet CCSDALs
A1: =Inputs!$C$4 -> Unit Delivery Cost Model - 12/16/2025
A2: FY 2025 CCS DAL COUNTS
A3: ECR WSS ONLY
A4: Source: CCCS_DALCasing_FY25_Final_v1.xlsx | E4: WSS DALS | F4: WSH DALS
A5: Line No. | B5: SHAPE | C5: DAL | D5: Casing
A6: 1 | B6: DPS | C6: N | D6: N | E6: =[7]TEMP5!D2 -> 1146509.7 | F6: =[7]TEMP5!E2 -> 1641874.7
A7: 2 | B7: DPS | C7: Y | D7: N | E7: =[7]TEMP5!D3 -> 28082.675 | F7: =[7]TEMP5!E3 -> 1237.9627
A8: 3
A9: 4 | B9: Other Letter | C9: N | D9: N | E9: =[7]TEMP5!D4 -> 140545.38 | F9: =[7]TEMP5!E4 -> 35086.244
A10: 5 | B10: Other Letter | C10: N | D10: Y | E10: =[7]TEMP5!D5 -> 360853.56 | F10: =[7]TEMP5!E5 -> 378608.17
A11: 6 | B11: Other Letter | C11: Y | D11: N | E11: =[7]TEMP5!D6 -> 27311.628 | F11: =[7]TEMP5!E6 -> 0
A12: 7 | B12: Other Letter | C12: Y | D12: Y | E12: =[7]TEMP5!D7 -> 28946.592 | F12: =[7]TEMP5!E7 -> 5.5223437
A13: 8 | B13: Flat | C13: N | D13: N | E13: =[7]TEMP5!D8 -> 2823345.8 | F13: =[7]TEMP5!E8 -> 90981.705
A14: 9 | B14: Flat | C14: N | D14: Y | E14: =[7]TEMP5!D9 -> 1157568.4 | F14: =[7]TEMP5!E9 -> 819032.93
A15: =A14+1 -> 10 | B15: TOTAL City DALs | E15: =SUM(E7,E11:E12) -> 84340.896 | F15: =SUM(F7,F11:F12) -> 1243.485
A16: =A15+1 -> 11 | B16: DAL % of All Letters | E16: =E15/SUM(E6:E12) -> 0.048688653 | F16: =F15/SUM(F6:F12) -> 0.00060456895
A17: =A16+1 -> 12 | B17: % Non-DPS Letters Cased | E17: =(E10+E12)/SUM(E9:E12) -> 0.69899605 | F17: =(F10+F12)/SUM(F9:F12) -> 0.91518915
A18: =A17+1 -> 13 | B18: “% Flats/Letters Cased | E18: =SUM(E10,E12,E14)/SUM(E9:E14) -> 0.34093736 | F18: =(F10+F12)/SUM(F9:F14) -> 0.28602367

Sheet RCSDALs
A1: =Inputs!$C$4 -> Unit Delivery Cost Model - 12/16/2025
A2: FY 2025 RCS DALs
A3: ECR SATURATION
A4: Source: RCCS_DAL_FY25_Final_v1.xlsx
A5: Line No. | B5: SHAPE | D5: DAL | E5: WSS | F5: HD
A6: 1 | B6: DPS | D6: N | E6: =RCSECRVols!C12-E7 -> 746770.42 | F6: =RCSECRVols!C11-F7 -> 977516.44
A7: 2 | B7: DPS | D7: Y | E7: =[8]RCCS_DAL_FY25!C2 -> 4823.7024 | F7: =[8]RCCS_DAL_FY25!D2 -> 1545.7757
A8: 3 | B8: SS | D8: N
A9: 4 | B9: SS | D9: Y
A10: 5 | B10: OTH Let | D10: N | E10: =RCSECRVols!C17-E11 -> 197251.03 | F10: =RCSECRVols!C16-F11 -> 254376.63
A11: 6 | B11: OTHLet | D11: Y | E11: =[8]RCCS_DAL_FY25!C3 -> 16133.12 | F11: =[8]RCCS_DAL_FY25!D3 -> 1810.7717
A12: 7 | B12: Flats | D12: N
A13: 8 | B13: Boxholder | D13: N | E13: =RCSECRVols!C42-E14 -> 1523565.6 | F13: =RCSECRVols!C41-F14 -> 43395.047
A14: 9 | B14: Boxholder | D14: Y | E14: =[8]RCCS_DAL_FY25!C4 -> 13805.518 | F14: =[8]RCCS_DAL_FY25!D4 -> 0
A15: 10 | B15: Total Rural DALs | E15: =E7+E9+E11+E14 -> 34762.341 | F15: =F7+F9+F11+F14 -> 3356.5473
A16: 11 | B16: DAL proportion of Saturation or HD Letters | E16: =(E7+E9+E11)/SUM(E6:E11) -> 0.021717404 | F16: =(F7+F9+F11)/SUM(F6:F11) -> 0.0027173029
A17: 12 | B17: DAL proportion of Saturation Boxholders | E17: =E14/(E13+E14) -> 0.0089799515 | F17: =F14/(F13+F14) -> 0

Sheet BoxholderbyShape
A1: =Inputs!$C$4 -> Unit Delivery Cost Model - 12/16/2025
A2: BOXHOLDER BY SHAPE FOR USPS MARKETING MAIL ECR
A3: Source: RCCS_Matrix_FY25_Final_v1.xlsx
B5: Boxholders | C5: Letters | D5: Flats | E5: Parcels | F5: Total
C6: -1 | D6: =C6-1 -> -2 | E6: =D6-1 -> -3 | F6: =E6-1 -> -4
A7: 1 | B7: First Class Single Piece | C7: =[6]RCCS_Matrix_FY25_Final!$W$3+[6]RCCS_Matrix_FY25_Final!$W$9 -> 0 | F7: =SUM(C7:E7) -> 0
A8: =A7+1 -> 2 | B8: First-Class Presort | C8: =[6]RCCS_Matrix_FY25_Final!W6+[6]RCCS_Matrix_FY25_Final!$W$10 -> 0 | D8: =[6]RCCS_Matrix_FY25_Final!$X$6+[6]RCCS_Matrix_FY25_Final!$X$10 -> 0 | F8: =SUM(C8:E8) -> 0
A9: =A8+1 -> 3 | B9: Periodicals | C9: =[6]RCCS_Matrix_FY25_Final!$W$15 -> 0 | D9: =[6]RCCS_Matrix_FY25_Final!X15 -> 12721.852 | F9: =SUM(C9:E9) -> 12721.852
A10: =A9+1 -> 4 | B10: USPS Marketing
B11: Marketing Regular | C11: =[6]RCCS_Matrix_FY25_Final!$W$17 -> 5945.5184 | D11: =[6]RCCS_Matrix_FY25_Final!X18+[6]RCCS_Matrix_FY25_Final!$X$17 -> 259.50626 | F11: =SUM(C11:E11) -> 6205.0246
A12: =A10+1 -> 5 | B12: Marketing A ECR Basic | C12: =[6]RCCS_Matrix_FY25_Final!W22 -> 2284.8123 | D12: =[6]RCCS_Matrix_FY25_Final!X23 -> 22927.801 | F12: =SUM(C12:E12) -> 25212.613
A13: =A12+1 -> 6 | B13: Marketing A ECR High Density | C13: =[6]RCCS_Matrix_FY25_Final!W26 -> 8703.3644 | D13: =[6]RCCS_Matrix_FY25_Final!X27+[6]RCCS_Matrix_FY25_Final!$X$26 -> 34691.683 | F13: =SUM(C13:E13) -> 43395.047
A14: =A13+1 -> 7 | B14: Marketing A ECR Saturation | C14: =[6]RCCS_Matrix_FY25_Final!W30 -> 197539.48 | D14: =[6]RCCS_Matrix_FY25_Final!X29+[6]RCCS_Matrix_FY25_Final!X31+[6]RCCS_Matrix_FY25_Final!$X$30 -> 1339831.7 | F14: =SUM(C14:E14) -> 1537371.1
A15: =A14+1 -> 8 | B15: Marketing A Total ECR | C15: =SUM(C12:C14) -> 208527.65 | D15: =SUM(D12:D14) -> 1397451.1 | F15: =SUM(C15:E15) -> 1605978.8
A16: =A15+1 -> 9 | B16: EVERY DOOR DIRECT MAIL RETAIL | F16: =SUM(C16:E16) -> 0
A17: =A16+1 -> 10 | B17: Bound Printed Matter | D17: =[6]RCCS_Matrix_FY25_Final!X43+[6]RCCS_Matrix_FY25_Final!$X$44 -> 641.89813 | F17: =SUM(C17:E17) -> 641.89813

Sheet BYPBack
A1: =Inputs!$C$4 -> Unit Delivery Cost Model - 12/16/2025
A2: BASE YEAR PIGGYBACK FACTORS
A3: SOURCE: FY25Public.PB.xlsx
A5: Line No. | B5: Class, Subclass, or Special Service | D5: City Delivery | E5: Rural Delivery
B6: Cost Segment | D6: 6 & 7 | E6: 10
B7: Column Number | D7: -1 | E7: =D7-1 -> -2
B8: Units
B9: Column Source/Notes
A10: 1 | B10: FIRST-CLASS MAIL
A11: =A10+1 -> 2 | B11: SINGLE PIECE LETTERS | D11: =[9]PBRatios!M8 -> 1.2754928 | E11: =[9]PBRatios!$O$8 -> 1.2077066
A12: =A11+1 -> 3 | B12: SINGLE PIECE CARDS | D12: =[9]PBRatios!M9 -> 1.2630277 | E12: =$E$11 -> 1.2077066
A13: =A12+1 -> 4 | B13: PRESORT LETTERS | D13: =[9]PBRatios!M11 -> 1.2653303 | E13: =$E$11 -> 1.2077066
A14: =A13+1 -> 5 | B14: PRESORT CARDS | D14: =[9]PBRatios!M12 -> 1.2673643 | E14: =$E$11 -> 1.2077066
A15: =A14+1 -> 6 | B15: FLATS | D15: =[9]PBRatios!M14 -> 1.2217358 | E15: =$E$11 -> 1.2077066
A16: =A15+1 -> 7 | B16: USPS MARKETING MAIL:
A17: =A16+1 -> 8 | B17: HIGH DENSITY & SATURATION LETTERS | D17: =[9]PBRatios!M17 -> 1.2755175 | E17: =$E$11 -> 1.2077066
A18: =A17+1 -> 9 | B18: HIGH DENSITY & SATURATION FLATS & PARCELS | D18: =[9]PBRatios!M18 -> 1.2868129 | E18: =$E$11 -> 1.2077066
A19: =A18+1 -> 10 | B19: EVERY DOOR DIRECT MAIL RETAIL | D19: =[9]PBRatios!M19 -> 1.2864901 | E19: =$E$11 -> 1.2077066
A20: =A19+1 -> 11 | B20: CARRIER ROUTE | D20: =[9]PBRatios!M20 -> 1.2238624 | E20: =$E$11 -> 1.2077066
A21: =A20+1 -> 12 | B21: LETTERS | D21: =[9]PBRatios!M21 -> 1.2655294 | E21: =$E$11 -> 1.2077066
A22: =A21+1 -> 13 | B22: FLATS | D22: =[9]PBRatios!M22 -> 1.2184706 | E22: =$E$11 -> 1.2077066
A23: =A22+1 -> 14 | B23: PARCELS | D23: =[9]PBRatios!M23 -> 1.2711722 | E23: =$E$11 -> 1.2077066
A24: =A23+1 -> 15 | B24: PERIODICALS | D24: =[9]PBRatios!M28 -> 1.2208235 | E24: =$E$11 -> 1.2077066
A25: =A24+1 -> 16 | B25: PACKAGE SERVICES:
A26: =A25+1 -> 17 | B26: BOUND PRINTED MATTER FLATS | D26: =[9]PBRatios!M31 -> 1.2254768 | E26: =$E$11 -> 1.2077066
A27: =A26+1 -> 18 | B27: BOUND PRINTED MATTER PARCELS | D27: =[9]PBRatios!M32 -> 1.2847367 | E27: =$E$11 -> 1.2077066
A28: =A27+1 -> 19 | B28: MEDIA MAIL | D28: =[9]PBRatios!M33 -> 1.2907177 | E28: =$E$11 -> 1.2077066

Sheet DPS%
A1: =Inputs!$C$4 -> Unit Delivery Cost Model - 12/16/2025
A2: FIRST-CLASS AND MARKETING REGULAR LETTERS DPS PERCENTAGES
A3: SOURCE: DPS percentages FY25.xlsx
B7: First Class Presort Letters | C7: DPS% | D7: CCS Volume | E7: RPW Volume | F7: Adj. RPW
B8: Nonautomation Nonmachinable Mixed ADC | C8: ='[10]DPS FCM letters'!C8 -> 0 | D8: =E8/E$22*D$22 -> 1280.6256 | E8: ='[10]DPS FCM letters'!D8/1000 -> 2226.152 | F8: =E8/E$22*F$22 -> 2226.152
B9: Nonautomation Nonmachinable ADC | C9: ='[10]DPS FCM letters'!C9 -> 0 | D9: =E9/E$22*D$22 -> 0 | E9: ='[10]DPS FCM letters'!D9/1000 -> 0 | F9: =E9/E$22*F$22 -> 0
B10: Nonautomation Machinable Mixed AADC | C10: ='[10]DPS FCM letters'!C10 -> 0.85382551 | D10: =E10/E$22*D$22 -> 95018.567 | E10: ='[10]DPS FCM letters'!D10/1000 -> 165173.78 | F10: =E10/E$22*F$22 -> 165173.78
B11: Nonautomation Machinable AADC | C11: ='[10]DPS FCM letters'!C11 -> 0.90229116 | D11: =E11/E$22*D$22 -> 190240.72 | E11: ='[10]DPS FCM letters'!D11/1000 -> 330701.46 | F11: =E11/E$22*F$22 -> 330701.46
B12: Nonautomation Nonmachinable 3-Digit | C12: ='[10]DPS FCM letters'!C12 -> 0 | D12: =E12/E$22*D$22 -> 978.41801 | E12: ='[10]DPS FCM letters'!D12/1000 -> 1700.815 | F12: =E12/E$22*F$22 -> 1700.815
B13: Nonautomation Nonmachinable 5-Digit | C13: ='[10]DPS FCM letters'!C13 -> 0 | D13: =E13/E$22*D$22 -> 745.02757 | E13: ='[10]DPS FCM letters'!D13/1000 -> 1295.105 | F13: =E13/E$22*F$22 -> 1295.105
B14: Nonautomation Machinable 3-Digit | C14: ='[10]DPS FCM letters'!C14 -> 0.90229116 | D14: =E14/E$22*D$22 -> 0 | E14: ='[10]DPS FCM letters'!D14/1000 -> 0 | F14: =E14/E$22*F$22 -> 0
B15: Nonautomation Machinable 5-Digit | C15: ='[10]DPS FCM letters'!C15 -> 0.90229116 | D15: =E15/E$22*D$22 -> 0 | E15: ='[10]DPS FCM letters'!D15/1000 -> 0 | F15: =E15/E$22*F$22 -> 0
B16: Automation Mixed AADC | C16: ='[10]DPS FCM letters'!C18 -> 0.86458015 | D16: =E16/E$22*D$22 -> 731633.43 | E16: ='[10]DPS FCM letters'!D18/1000 -> 1271821.6 | F16: =E16/E$22*F$22 -> 1271821.6
B17: Automation AADC | C17: ='[10]DPS FCM letters'!C19 -> 0.89522961 | D17: =E17/E$22*D$22 -> 3462074.8 | E17: ='[10]DPS FCM letters'!D19/1000 -> 6018234.2 | F17: =E17/E$22*F$22 -> 6018234.2
B18: First-Class Automation 3-Digit Presort Letters | C18: ='[10]DPS FCM letters'!C21 -> 0.88352278 | D18: =E18/E$22*D$22 -> 0 | E18: ='[10]DPS FCM letters'!D21/1000 -> 0 | F18: =E18/E$22*F$22 -> 0
B19: First-Class Automation 5-Digit Presort Letters 5 DIGIT CSBCS/MANUAL | C19: ='[10]DPS FCM letters'!C25 -> 0 | D19: =E19/E$22*D$22 -> 431670.08 | E19: ='[10]DPS FCM letters'!D25/1000 -> 750385.77 | F19: =E19/E$22*F$22 -> 750385.77
B20: First-Class Automation 5-Digit Presort Letters OTHER SITES | C20: ='[10]DPS FCM letters'!C23 -> 0.97585901 | D20: =E20/E$22*D$22 -> 11843494 | E20: ='[10]DPS FCM letters'!D23/1000 -> 20587921 | F20: =E20/E$22*F$22 -> 20587921
B21: First-Class Automation 5-Digit Presort | C21: ='[10]DPS FCM letters'!C27 -> 0.94154182 | D21: =E21/E$22*D$22 -> 12275164 | E21: ='[10]DPS FCM letters'!D27/1000 -> 21338307 | F21: =E21/E$22*F$22 -> 21338307
B22: Presort Letters Subtotal | C22: =(SUMPRODUCT(C8:C20,E8:E20))/E22 -> 0.92750157 | D22: ='7.0.8'!E13+'7.0.8'!H13 -> 16757136 | E22: =SUM(E8:E20) -> 29129460 | F22: =RPWShape!C12 -> 29129460
B23: Marketing Mail Letters | C23: DPS% | D23: CCS Volume | E23: RPW Volume
B24: Nonautomation Nonmachinable MADC | C24: ='[10]DPS MM letters'!C6 -> 0 | D24: =E24/E$34*D$34 -> 429.59252 | E24: ='[10]DPS MM letters'!D6/1000 -> 749.092 | F24: =E24/E$34*F$34 -> 748.98798
B25: Nonautomation Nonmachinable ADC | C25: ='[10]DPS MM letters'!C7 -> 0 | D25: =E25/E$34*D$34 -> 323.72731 | E25: ='[10]DPS MM letters'!D7/1000 -> 564.492 | F25: =E25/E$34*F$34 -> 564.41361
B26: Nonautomation Machinable MAADC | C26: ='[10]DPS MM letters'!C10 -> 0.85384008 | D26: =E26/E$34*D$34 -> 92311.129 | E26: ='[10]DPS MM letters'!D10/1000 -> 160965.39 | F26: =E26/E$34*F$34 -> 160943.04
B27: Nonautomation Machinable AADC | C27: ='[10]DPS MM letters'!C11 -> 0.90228889 | D27: =E27/E$34*D$34 -> 185729.81 | E27: ='[10]DPS MM letters'!D11/1000 -> 323862.05 | F27: =E27/E$34*F$34 -> 323817.08
B28: Nonautomation Nonmachinable 3-Digit | C28: ='[10]DPS MM letters'!C8 -> 0 | D28: =E28/E$34*D$34 -> 971.49391 | E28: ='[10]DPS MM letters'!D8/1000 -> 1694.02 | F28: =E28/E$34*F$34 -> 1693.7848
B29: Nonautomation Nonmachinable 5-Digit | C29: ='[10]DPS MM letters'!C9 -> 0 | D29: =E29/E$34*D$34 -> 747.1606 | E29: ='[10]DPS MM letters'!D9/1000 -> 1302.844 | F29: =E29/E$34*F$34 -> 1302.6631
B30: Automation Mixed AADC | C30: ='[10]DPS MM letters'!C18 -> 0.86541423 | D30: =E30/E$34*D$34 -> 557889.06 | E30: ='[10]DPS MM letters'!D18/1000 -> 972806.13 | F30: =E30/E$34*F$34 -> 972671.04
B31: Automation AADC | C31: ='[10]DPS MM letters'!C19 -> 0.89507755 | D31: =E31/E$34*D$34 -> 3178122.7 | E31: ='[10]DPS MM letters'!D19/1000 -> 5541777.8 | F31: =E31/E$34*F$34 -> 5541008.3
B32: MM Automation 3-Digit Presort Letters | C32: ='[10]DPS MM letters'!C21 -> 0.88352278 | D32: =E32/E$34*D$34 -> 33.191105 | E32: ='[10]DPS MM letters'!D21/1000 -> 57.876221 | F32: =E32/E$34*F$34 -> 57.868184
B33: MM Automation 5-Digit Presort Letters | C33: ='[10]DPS MM letters'!C23 -> 0.94154182 | D33: =E33/E$34*D$34 -> 17728377 | E33: ='[10]DPS MM letters'!D23/1000 -> 30913446 | F33: =E33/E$34*F$34 -> 30909154
B34: Marketing Mail Letters | C34: =SUMPRODUCT(C24:C33,E24:E33)/E34 -> 0.93198302 | D34: ='7.0.8'!E22+'7.0.8'!H22 -> 21744935 | E34: =SUM(E24:E33) -> 37917226 | F34: =RPWShape!C25 -> 37911961
B35: First Class Presort Cards | C35: DPS% | D35: CCS Volume | E35: RPW Volume
B36: First-Class Nonautomation Presort Cards | C36: ='[10]DPS FCM cards'!C5 -> 0.85382551 | D36: =E36/E$43*D$43 -> 46595.509 | E36: ='[10]DPS FCM cards'!D5/1000 -> 80860.526
B37: Automation Mixed AADC | C37: ='[10]DPS FCM cards'!C8 -> 0.86458015 | D37: =E37/E$43*D$43 -> 110336.39 | E37: ='[10]DPS FCM cards'!D8/1000 -> 191474.64
B38: Automation AADC | C38: ='[10]DPS FCM cards'!C9 -> 0.89522961 | D38: =E38/E$43*D$43 -> 457897.86 | E38: ='[10]DPS FCM cards'!D9/1000 -> 794622.97
B39: First-Class Automation 3-Digit Presort Cards | C39: ='[10]DPS FCM cards'!C11 -> 0.88352278 | D39: =E39/E$43*D$43 -> 0 | E39: ='[10]DPS FCM cards'!D11/1000 -> 0
B40: First-Class Automation 5-Digit Presort | C40: ='[10]DPS FCM cards'!C17 -> 0.94154182 | D40: =E40/E$43*D$43 -> 733757.07 | E40: ='[10]DPS FCM cards'!D17/1000 -> 1273341.2
B41: First-Class Automation 5-Digit Presort Letters 5 DIGIT CSBCS/MANUAL | C41: ='[10]DPS FCM cards'!C15 -> 0 | D41: =E41/E$43*D$43 -> 25803.4 | E41: ='[10]DPS FCM cards'!D15/1000 -> 44778.49
B42: First-Class Automation 5-Digit Presort Cards Other Sites | C42: ='[10]DPS FCM cards'!C13 -> 0.97585901 | D42: =E42/E$43*D$43 -> 707953.67 | E42: ='[10]DPS FCM cards'!D13/1000 -> 1228562.7
B43: Presort Cards | C43: =SUMPRODUCT(C36:C40,E36:E40)/E43 -> 0.91648958 | D43: ='7.0.8'!E14+'7.0.8'!H14 -> 1348586.8 | E43: =SUM(E36:E40) -> 2340299.4 | F43: =RPWShape!F13 -> 2340299.4

Sheet CCSECRVols
A1: =Inputs!$C$4 -> Unit Delivery Cost Model - 12/16/2025
A2: CCS VOLUMES BY RATE CATEGORY FOR USPS MARKETING MAIL ECR
A3: Source: CCCS_Matrix_FY25_Final_adj_v4.xlsx
A5: Line No. | B5: Description | C5: Pieces (000)
B6: Column No. | C6: -1
B7: Units
B8: Source
A9: 1 | B9: USPS Marketing Mail ECR High Density
A10: =A9+1 -> 2 | B10: DPS | C10: =[3]CCCS_Matrix_FY25!D26 -> 1643112.6
A11: =A10+1 -> 3 | B11: Cased Letter | C11: =[3]CCCS_Matrix_FY25!E26 -> 413699.94
A12: =A11+1 -> 4 | B12: Cased Flat | C12: =[3]CCCS_Matrix_FY25!F27 -> 910014.63
A13: =A12+1 -> 5 | B13: Small Parcel | C13: =[3]CCCS_Matrix_FY25!I27 -> 0
A14: =A13+1 -> 6 | B14: Large Parcel | C14: =[3]CCCS_Matrix_FY25!J28 -> 0
A15: =A14+1 -> 7 | B15: USPS Marketing Mail ECR Saturation
A16: =A15+1 -> 8 | B16: DPS | C16: =[3]CCCS_Matrix_FY25!D30 -> 1174592.4
A17: =A16+1 -> 9 | B17: Cased Letter | C17: =[3]CCCS_Matrix_FY25!E30+[3]CCCS_Matrix_FY25!$E$29 -> 557657.17
A18: =A17+1 -> 10 | B18: Cased Flats | C18: =[3]CCCS_Matrix_FY25!F31+[3]CCCS_Matrix_FY25!$F$30+[3]CCCS_Matrix_FY25!$F$29 -> 4222044.1
A19: =A18+1 -> 11 | B19: Small Parcel | C19: =SUM([3]CCCS_Matrix_FY25!H32:I32) -> 0
A20: =A19+1 -> 12 | B20: Large Parcel | C20: =[3]CCCS_Matrix_FY25!J32 -> 0

Sheet RCSECRVols
A1: =Inputs!$C$4 -> Unit Delivery Cost Model - 12/16/2025
A2: RCS VOLUMES BY RATE CATEGORY FOR USPS MARKETING MAIL ECR
A3: Source: RCCS_Matrix_FY25_Final_v1.xlsx
A5: Line No. | B5: Rate | C5: Pieces (000) | D5: %
B6: Column No. | C6: -1 | D6: =C6-1 -> -2
B7: Units
B8: Source / Calculations
A9: 1 | B9: DPS/SS Letters | E9: Letters | F9: Flats | G9: Parcels
A10: =A9+1 -> 2 | B10: STD A ECR Basic | C10: =SUM(E10:G10) -> 3335.6653 | D10: =IF(C$13,(C10)/C$13,0) -> 0.0019236913 | E10: =[6]RCCS_Matrix_FY25_Final!I22 -> 3335.6653
A11: =A10+1 -> 3 | B11: STD A ECR High Density | C11: =SUM(E11:G11) -> 979062.22 | D11: =IF(C$13,(C11)/C$13,0) -> 0.56462903 | E11: =[6]RCCS_Matrix_FY25_Final!I26 -> 979062.22
A12: =A11+1 -> 4 | B12: STD A ECR Saturation | C12: =SUM(E12:G12) -> 751594.12 | D12: =IF(C$13,(C12)/C$13,0) -> 0.43344728 | E12: =[6]RCCS_Matrix_FY25_Final!I30 -> 751594.12
A13: =A12+1 -> 5 | B13: STD A Total ECR | C13: =SUM(C10:C12) -> 1733992
A14: =A13+1 -> 6 | B14: Other Letters | E14: Letters | F14: Flats | G14: Parcels
A15: =A14+1 -> 7 | B15: STD A ECR Basic | C15: =SUM(E15:G15) -> 1178.3108 | D15: =IF(C$18,C15/C$18,0) -> 0.0025030508 | E15: =[6]RCCS_Matrix_FY25_Final!J22 -> 1178.3108 | F15: =[6]RCCS_Matrix_FY25_Final!J23 -> 0 | G15: =[6]RCCS_Matrix_FY25_Final!J24 -> 0
A16: =A15+1 -> 8 | B16: STD A ECR High Density | C16: =SUM(E16:G16) -> 256187.4 | D16: =IF(C$18,C16/C$18,0) -> 0.54421131 | E16: =[6]RCCS_Matrix_FY25_Final!J26 -> 255612.48 | F16: =[6]RCCS_Matrix_FY25_Final!J27 -> 574.91812 | G16: =[6]RCCS_Matrix_FY25_Final!J28 -> 0
A17: =A16+1 -> 9 | B17: STD A ECR Saturation | C17: =SUM(E17:G17) -> 213384.15 | D17: =IF(C$18,C17/C$18,0) -> 0.45328563 | E17: =[6]RCCS_Matrix_FY25_Final!J30 -> 213384.15 | F17: =[6]RCCS_Matrix_FY25_Final!J31 -> 0 | G17: =[6]RCCS_Matrix_FY25_Final!J32 -> 0
A18: =A17+1 -> 10 | B18: STD A Total ECR | C18: =SUM(C15:C17) -> 470749.86
A19: =A18+1 -> 11 | B19: Flats | E19: Letters | F19: Flats | G19: Parcels
A20: =A19+1 -> 12 | B20: STD A ECR Basic | C20: =SUM(E20:G20) -> 1068966.1 | D20: =IF(C$23,C20/C$23,0) -> 0.41602595 | E20: =[6]RCCS_Matrix_FY25_Final!K22 -> 0 | F20: =[6]RCCS_Matrix_FY25_Final!K23+[6]RCCS_Matrix_FY25_Final!Y23 -> 1068966.1 | G20: =[6]RCCS_Matrix_FY25_Final!K24 -> 0
A21: =A20+1 -> 13 | B21: STD A ECR High Density | C21: =SUM(E21:G21) -> 486767.63 | D21: =IF(C$23,C21/C$23,0) -> 0.18944284 | E21: =[6]RCCS_Matrix_FY25_Final!K26 -> 6684.43 | F21: =[6]RCCS_Matrix_FY25_Final!Y27+[6]RCCS_Matrix_FY25_Final!K27 -> 480083.2 | G21: =[6]RCCS_Matrix_FY25_Final!K28 -> 0
A22: =A21+1 -> 14 | B22: STD A ECR Saturation | C22: =SUM(E22:G22) -> 1013736 | D22: =IF(C$23,C22/C$23,0) -> 0.39453121 | E22: =[6]RCCS_Matrix_FY25_Final!K30 -> 6354.2195 | F22: =[6]RCCS_Matrix_FY25_Final!K31 -> 1007381.8 | G22: =[6]RCCS_Matrix_FY25_Final!K32 -> 0
A23: =A22+1 -> 15 | B23: STD A Total ECR | C23: =SUM(C20:C22) -> 2569469.7
A24: =A23+1 -> 16 | B24: Door | E24: Letters | F24: Flats | G24: Parcels
A25: =A24+1 -> 17 | B25: STD A ECR Basic | C25: =SUM(E25:G25) -> 0 | D25: =IF(C$28,C25/C$28,0) -> 0 | E25: =[6]RCCS_Matrix_FY25_Final!$T$22 -> 0 | F25: =[6]RCCS_Matrix_FY25_Final!$T$23 -> 0 | G25: =[6]RCCS_Matrix_FY25_Final!$T$24 -> 0
A26: =A25+1 -> 18 | B26: STD A ECR High Density | C26: =SUM(E26:G26) -> 0 | D26: =IF(C$28,C26/C$28,0) -> 0 | E26: =-[6]RCCS_Matrix_FY25_Final!$T$26 -> 0 | F26: =[6]RCCS_Matrix_FY25_Final!$T$27 -> 0 | G26: =[6]RCCS_Matrix_FY25_Final!$T$28 -> 0
A27: =A26+1 -> 19 | B27: STD A ECR Saturation | C27: =SUM(E27:G27) -> 0 | D27: =IF(C$28,C27/C$28,0) -> 0 | E27: =[6]RCCS_Matrix_FY25_Final!$T$30 -> 0 | F27: =[6]RCCS_Matrix_FY25_Final!$T$31 -> 0 | G27: =[6]RCCS_Matrix_FY25_Final!$T$32 -> 0
A28: =A27+1 -> 20 | B28: STD A Total ECR | C28: =SUM(C25:C27) -> 0
A29: =A28+1 -> 21 | B29: Mailbox | E29: Letters | F29: Flats | G29: Parcels
A30: =A29+1 -> 22 | B30: STD A ECR Basic | C30: =SUM(E30:G30) -> 0 | D30: =IF(C$33,C30/C$33,0) -> 0 | E30: =[6]RCCS_Matrix_FY25_Final!$U$22 -> 0 | F30: =[6]RCCS_Matrix_FY25_Final!$U$23 -> 0 | G30: =[6]RCCS_Matrix_FY25_Final!$U$24 -> 0
A31: =A30+1 -> 23 | B31: STD A ECR High Density | C31: =SUM(E31:G31) -> 0 | D31: =IF(C$33,C31/C$33,0) -> 0 | E31: =[6]RCCS_Matrix_FY25_Final!$U$26 -> 0 | F31: =[6]RCCS_Matrix_FY25_Final!$U$27 -> 0 | G31: =[6]RCCS_Matrix_FY25_Final!$U$28 -> 0
A32: =A31+1 -> 24 | B32: STD A ECR Saturation | C32: =SUM(E32:G32) -> 0 | D32: =IF(C$33,C32/C$33,0) -> 0 | E32: =[6]RCCS_Matrix_FY25_Final!$U$30 -> 0 | F32: =[6]RCCS_Matrix_FY25_Final!$U$31 -> 0 | G32: =[6]RCCS_Matrix_FY25_Final!$U$32 -> 0
A33: =A32+1 -> 25 | B33: STD A Total ECR | C33: =SUM(C30:C32) -> 0
A34: =A33+1 -> 26 | B34: Parcel Locker | E34: Letters | F34: Flats | G34: Parcels
A35: =A34+1 -> 27 | B35: STD A ECR Basic | C35: =SUM(E35:G35) -> 0 | D35: =IF(C$38,C35/C$38,0) -> 0 | E35: =[6]RCCS_Matrix_FY25_Final!$V$22 -> 0 | F35: =[6]RCCS_Matrix_FY25_Final!$V$23 -> 0 | G35: =[6]RCCS_Matrix_FY25_Final!$V$24 -> 0
A36: =A35+1 -> 28 | B36: STD A ECR High Density | C36: =SUM(E36:G36) -> 0 | D36: =IF(C$38,C36/C$38,0) -> 0 | E36: =[6]RCCS_Matrix_FY25_Final!$V$26 -> 0 | F36: =[6]RCCS_Matrix_FY25_Final!$V$27 -> 0 | G36: =[6]RCCS_Matrix_FY25_Final!$V$28 -> 0
A37: =A36+1 -> 29 | B37: STD A ECR Saturation | C37: =SUM(E37:G37) -> 0 | D37: =IF(C$38,C37/C$38,0) -> 0 | E37: =[6]RCCS_Matrix_FY25_Final!$V$30 -> 0 | F37: =[6]RCCS_Matrix_FY25_Final!$V$31 -> 0 | G37: =[6]RCCS_Matrix_FY25_Final!$V$32 -> 0
A38: =A37+1 -> 30 | B38: STD A Total ECR | C38: =SUM(C35:C37) -> 0
A39: =A38+1 -> 31 | B39: Boxholders | E39: Letters | F39: Flats | G39: Parcels
A40: =A39+1 -> 32 | B40: STD A ECR Basic | C40: =SUM(E40:G40) -> 25212.613 | D40: =IF(C$43,C40/C$43,0) -> 0.015699219 | E40: =[6]RCCS_Matrix_FY25_Final!M22 -> 2284.8123 | F40: =[6]RCCS_Matrix_FY25_Final!M23 -> 22927.801 | G40: =[6]RCCS_Matrix_FY25_Final!M24 -> 0
A41: =A40+1 -> 33 | B41: STD A ECR High Density | C41: =SUM(E41:G41) -> 43395.047 | D41: =IF(C$43,C41/C$43,0) -> 0.027020934 | E41: =[6]RCCS_Matrix_FY25_Final!M26 -> 8891.559 | F41: =[6]RCCS_Matrix_FY25_Final!M27 -> 34503.488 | G41: =[6]RCCS_Matrix_FY25_Final!M28 -> 0
A42: =A41+1 -> 34 | B42: STD A ECR Saturation | C42: =SUM(E42:G42) -> 1537371.1 | D42: =IF(C$43,C42/C$43,0) -> 0.95727985 | E42: =[6]RCCS_Matrix_FY25_Final!M30 -> 197622.13 | F42: =[6]RCCS_Matrix_FY25_Final!M31+[6]RCCS_Matrix_FY25_Final!$M$29 -> 1339749 | G42: =[6]RCCS_Matrix_FY25_Final!M32 -> 0
A43: =A42+1 -> 35 | B43: STD A Total ECR | C43: =SUM(C40:C42) -> 1605978.8 | D43: =IF(C$43,C43/C$43,0) -> 1 | E43: =SUM(E40:E42) -> 208798.5 | F43: =SUM(F40:F42) -> 1397180.3 | G43: =SUM(G40:G42) -> 0
A44: =A43+1 -> 36 | B44: Direct Bundles | E44: Letters | F44: Flats | G44: Parcels
A45: =A44+1 -> 37 | B45: STD A ECR Basic | C45: =SUM(E45:G45) -> 0 | D45: =IF(C$48<>0,C45/C$48,0) -> 0 | G45: 0
A46: =A45+1 -> 38 | B46: STD A ECR High Density | C46: =SUM(E46:G46) -> 0 | D46: =IF(C$48<>0,C46/C$48,0) -> 0
A47: =A46+1 -> 39 | B47: STD A ECR Saturation | C47: =SUM(E47:G47) -> 0 | D47: =IF(C$48<>0,C47/C$48,0) -> 0
A48: =A47+1 -> 40 | B48: STD A Total ECR | C48: =SUM(E48:G48) -> 0 | D48: =SUM(D45:D47) -> 0
A49: =A48+1 -> 41 | B49: Postage Due
A50: =A49+1 -> 42 | B50: STD A PDU Excl PDU Parcel | C50: =SUM(E50:G50) -> 0 | F50: 0 | G50: 0

Sheet RPWShape
A1: =Inputs!$C$4 -> Unit Delivery Cost Model - 12/16/2025
A2: FY 2025 RPW VOLUME BY SHAPE
A3: SOURCE: FY2025R_RPWAdj_12-9-25_v2.xlsx, FY2025R_RPWextractfile_Restricted ACR.xlsx,Shape Indicia FY2025 ACR_v.xlsx
A5: Line No. | B5: Class, Subclass, or Special Service | C5: Letters (000) | D5: Flats (000) | E5: Parcels (000) | F5: Sum RPW Report | G5: RPW
B6: Column No. | C6: -1 | D6: =C6-1 -> -2 | E6: =D6-1 -> -3 | F6: =E6-1 -> -4 | G6: =F6-1 -> -5
B7: Units
B8: Source
A9: 1 | B9: First Class
A10: =A9+1 -> 2 | B10: SINGLE-PIECE LETTERS | C10: ='[11]Adjusted RPW Rpt'!G13 -> 9372495.3 | F10: =SUM(C10:E10) -> 9372495.3 | G10: ='[11]Adjusted RPW Rpt'!$G13 -> 9372495.3
A11: =A10+1 -> 3 | B11: SINGLE-PIECE CARDS | C11: ='[11]Adjusted RPW Rpt'!G14 -> 326604.93 | F11: =SUM(C11:E11) -> 326604.93 | G11: ='[11]Adjusted RPW Rpt'!$G14 -> 326604.93
A12: =A11+1 -> 4 | B12: PRESORT LETTERS | C12: ='[11]Adjusted RPW Rpt'!G16 -> 29129460 | F12: =SUM(C12:E12) -> 29129460 | G12: ='[11]Adjusted RPW Rpt'!$G16 -> 29129460
A13: =A12+1 -> 5 | B13: PRESORT CARDS | C13: ='[11]Adjusted RPW Rpt'!G17 -> 2340299.4 | F13: =SUM(C13:E13) -> 2340299.4 | G13: ='[11]Adjusted RPW Rpt'!$G17 -> 2340299.4
A14: =A13+1 -> 6 | B14: SINGLE PIECE FLATS | D14: ='[11]Adjusted RPW Rpt'!G19 -> 407262.06 | F14: =SUM(C14:E14) -> 407262.06 | G14: ='[11]Adjusted RPW Rpt'!$G19 -> 407262.06
A15: =A14+1 -> 7 | B15: PRESORT FLATS | D15: ='[11]Adjusted RPW Rpt'!G20 -> 432797.83 | F15: =SUM(C15:E15) -> 432797.83 | G15: ='[11]Adjusted RPW Rpt'!$G20 -> 432797.83
A16: =A15+1 -> 8 | B16: USPS Marketing Mail
A17: =A16+1 -> 9 | B17: HIGH DENSITY & SATURATION LETTERS | C17: ='[11]Adjusted RPW Rpt'!G26 -> 6017413.6 | F17: =SUM(C17:E17) -> 6017413.6 | G17: ='[11]Adjusted RPW Rpt'!$G26 -> 6017413.6
A18: =A17+1 -> 10 | B18: High-Density | C18: ='[12]RPW Report'!M30 -> 3430799.2 | F18: =SUM(C18:E18) -> 3430799.2 | H18: blue indiciates from RPW extract file.
A19: =A18+1 -> 11 | B19: Saturation | C19: ='[12]RPW Report'!M31 -> 2586614.3 | F19: =SUM(C19:E19) -> 2586614.3
A20: =A19+1 -> 12 | B20: HIGH DENSITY & SATURATION FLATS & PARCELS | D20: =D22+D21 -> 7868876.8 | E20: =E21+E22 -> 0 | F20: =SUM(C20:E20) -> 7868876.8 | G20: ='[11]Adjusted RPW Rpt'!$G$27 -> 7868876.8
A21: =A20+1 -> 13 | B21: High-Density | D21: =SUM('[12]Summary Category RPW Data'!D45:D47)/1000 -> 1307868.7 | F21: =SUM(C21:E21) -> 1307868.7
A22: =A21+1 -> 14 | B22: Saturation | D22: =SUM('[12]Summary Category RPW Data'!D50:D51)/1000 -> 6561008.2 | E22: =('[12]Summary Category RPW Data'!$D$52+'[12]Summary Category RPW Data'!$D$53)/1000 -> 0 | F22: =SUM(C22:E22) -> 6561008.2
A23: =A22+1 -> 15 | B23: EVERY DOOR DIRECT MAIL RETAIL | D23: ='[12]Summary Category RPW Data'!D73/1000 -> 559191.61 | F23: =SUM(C23:E23) -> 559191.61 | G23: ='[11]Adjusted RPW Rpt'!$G28 -> 559191.61
A24: =A23+1 -> 16 | B24: CARRIER ROUTE | C24: =SUM('[12]Summary Category RPW Data'!D56:D57)/1000 -> 7623.655 | D24: =SUM('[12]Summary Category RPW Data'!D58:D59)/1000 -> 2737730 | E24: ='[12]Summary Category RPW Data'!D60/1000 -> 0 | F24: =SUM(C24:E24) -> 2745353.6 | G24: ='[11]Adjusted RPW Rpt'!$G29 -> 2745353.6
A25: =A24+1 -> 17 | B25: LETTERS | C25: =SUM('[12]Summary Category RPW Data'!D65:D66)/1000 -> 37911961 | F25: =SUM(C25:E25) -> 37911961 | G25: ='[11]Adjusted RPW Rpt'!$G30 -> 37911961
A26: =A25+1 -> 18 | B26: FLATS | D26: =SUM('[12]Summary Category RPW Data'!D69:D70)/1000 -> 1668400.6 | F26: =SUM(C26:E26) -> 1668400.6 | G26: ='[11]Adjusted RPW Rpt'!$G31 -> 1668400.6
A27: =A26+1 -> 19 | B27: PARCELS | E27: =SUM('[12]Summary Category RPW Data'!D74:D77)/1000 -> 11706.037 | F27: =SUM(C27:E27) -> 11706.037 | G27: ='[11]Adjusted RPW Rpt'!$G32 -> 11706.037
A28: =A27+1 -> 20 | B28: Periodicals | C28: ='[13]5-Page Letters'!M50 -> 11646.646 | D28: ='[13]5-Page Flats'!M50 -> 2429662.3 | E28: ='[13]5-Page Parcels'!M50 -> 1393.0018 | F28: =SUM(C28:E28) -> 2442702 | G28: ='[12]RPW Report'!$M47 -> 2442702 | H28: From FY25 Shape Indicia File
A29: =A28+1 -> 21 | B29: Package Services
A30: =A29+1 -> 22 | B30: Bound Printed Matter Flats | D30: ='[11]Adjusted RPW Rpt'!G44 -> 104285.95 | F30: =SUM(C30:E30) -> 104285.95 | G30: ='[11]Adjusted RPW Rpt'!$G44 -> 104285.95
A31: =A30+1 -> 23 | B31: Bound Printed Matter Parcels | E31: ='[11]Adjusted RPW Rpt'!G45 -> 225885.53 | F31: =SUM(C31:E31) -> 225885.53 | G31: ='[11]Adjusted RPW Rpt'!$G45 -> 225885.53
A32: =A31+1 -> 24 | B32: Media Mail/Library | D32: ='[13]5-Page Flats'!M56 -> 5928.9068 | E32: ='[13]5-Page Parcels'!M56 -> 63167.225 | F32: =SUM(C32:E32) -> 69096.132 | G32: ='[11]Adjusted RPW Rpt'!G46 -> 69096.131 | H32: From FY25 Shape Indicia File
A33: =A32+1 -> 25 | B33: USPS & Free | C33: ='[13]5-Page Letters'!M73+'[13]5-Page Letters'!M75 -> 297397.45 | D33: ='[13]5-Page Flats'!$M$73+'[13]5-Page Flats'!$M$75 -> 67213.508 | E33: ='[13]5-Page Parcels'!$M$73+'[13]5-Page Parcels'!$M$75 -> 11757.782 | F33: =SUM(C33:E33) -> 376368.74 | G33: ='[11]Adjusted RPW Rpt'!G50+'[11]Adjusted RPW Rpt'!G52 -> 376368.17 | H33: From FY25 Shape Indicia File
A34: =A33+1 -> 26 | B34: Total First Class Single Piece, Marketing Mail, and Free/US Postal Service Mail | C34: =SUM(C10,C18:C19,C24:C25,C33) -> 53606891

Sheet DALs
A1: =Inputs!$C$4 -> Unit Delivery Cost Model - 12/16/2025
A2: CITY AND RURAL DALS
D4: Saturation | E4: High Density
A5: Line No. | C5: Source/Calculation | D5: Pieces (000) | E5: Pieces (000)
B6: Column No. | D6: -1 | E6: =D6-1 -> -2
A7: 1 | B7: Calculation of National Level DALs
A8: =A7+1 -> 2 | B8: City and Rural DALs | C8: ="=L"&A15&" + L"&A21 -> =L9 + L15 | D8: =D15+D21 -> 119103.24 | E8: =E15+E21 -> 4600.0324
A9: =A8+1 -> 3 | B9: % Additional DALs Going to Hwy & PO Box | C9: R2005-1, ADVO-LR-1 | D9: 0.065408 | E9: =D9 -> 0.065408
A10: =A9+1 -> 4 | B10: Hwy & PO Box DALs | C10: ="=L"&A8&" x L"&A9 -> =L2 x L3 | D10: =D8*D9 -> 7790.3045 | E10: =E8*E9 -> 300.87892
A11: =A10+1 -> 5 | B11: Estimated National Level DALs | C11: ="=L"&A10&" / L"&A9&" x L"&A8 -> =L4 / L3 x L2 | D11: =D8+D10 -> 126893.54 | E11: =E8+E10 -> 4900.9113
A12: =A11+1 -> 6 | B12: Calculation of DALs on City Routes
A13: =A12+1 -> 7 | B13: DAL percentage of CCS Saturation or HD Letters | C13: CCSDALs | D13: =CCSDALs!E16 -> 0.048688653 | E13: =CCSDALs!F16 -> 0.00060456895
A14: =A13+1 -> 8 | B14: CCS Saturation or HD Letters | C14: RPWShape L8 + L9 | D14: =CCSECRVols!C16+CCSECRVols!C17 -> 1732249.5 | E14: =CCSECRVols!C10+CCSECRVols!C11 -> 2056812.6
A15: =A14+1 -> 9 | B15: DALs on City Routes | C15: ="=L"&A14&" x L"&A13 -> =L8 x L7 | D15: =D14*D13 -> 84340.896 | E15: =E14*E13 -> 1243.485
A16: =A15+1 -> 10 | B16: Calculation of DALs on Rural Routes
A17: =A16+1 -> 11 | B17: Rural DAL % of Saturation or HD Letters | C17: RCSDALs L11 | D17: =RCSDALs!E16 -> 0.021717404 | E17: =RCSDALs!F16 -> 0.0027173029
A18: =A17+1 -> 12 | B18: DAL% of Saturation Boxholders | C18: RCSDALs L12 | D18: =RCSDALs!E17 -> 0.0089799515 | E18: =RCSDALs!F17 -> 0
A19: =A18+1 -> 13 | B19: Saturation or HD Boxholders | C19: RCSECRVols L34 | D19: =RCSECRVols!C42 -> 1537371.1 | E19: =RCSECRVols!C41 -> 43395.047
A20: =A19+1 -> 14 | B20: Saturation or HD Non-Boxholder Letters | C20: RCSECRVols L4 + L9 | D20: =RCSECRVols!C12+RCSECRVols!C17 -> 964978.27 | E20: =RCSECRVols!C11+RCSECRVols!C16 -> 1235249.6
A21: =A20+1 -> 15 | B21: Total Rural DALs | C21: ="=(L"&A17&" x L"&A20&") + (L"&A18&" x L"&A19&")" -> =(L11 x L14) + (L12 x L13) | D21: =(D19*D18)+(D20*D17) -> 34762.341 | E21: =(E19*E18)+(E20*E17) -> 3356.5473
A22: =A21+1 -> 16 | B22: CHECK ON RURAL DAL CALCULATIONS:
A23: =A22+1 -> 17 | B23: RD (Total Rural Saturtion DALs) | C23: ="=L"&A21 -> =L15 | D23: =D21 -> 34762.341 | E23: =E21 -> 3356.5473
A24: =A23+1 -> 18 | B24: Saturation or HD Boxholder DALs | C24: ="=L"&A19&" x L"&A18 -> =L13 x L12 | D24: =D19*D18 -> 13805.518 | E24: =E19*E18 -> 0
A25: =A24+1 -> 19 | B25: Saturation or HD Non-Boxholder DALs | C25: ="=L"&A20&" x L"&A17 -> =L14 x L11 | D25: =D20*D17 -> 20956.823 | E25: =E20*E17 -> 3356.5473
A26: =A25+1 -> 20 | B26: Saturation or HD Boxholder Attached Label Letters | C26: ="BoxholderbyShape C"&-BoxholderbyShape!C6&"L"&BoxholderbyShape!A14&"-L"&A24 -> BoxholderbyShape C1L7-L18 | D26: =BoxholderbyShape!C14-D24 -> 183733.96 | E26: =BoxholderbyShape!C13-E24 -> 8703.3644
A27: =A26+1 -> 21 | B27: Saturation or HD Non-Boxholder Attached-Label Letters | C27: ="L"&A20&" - L"&A25 -> L14 - L19 | D27: =D20-D25 -> 944021.44 | E27: =E20-E25 -> 1231893.1
A28: =A27+1 -> 22 | B28: Total Rural Saturation Letters | C28: ="L"&A24&"..L"&A25 -> L18..L19 | D28: =SUM(D24:D27) -> 1162517.7 | E28: =SUM(E24:E27) -> 1243953

Sheet CARMM
A1: =Inputs!$C$4 -> Unit Delivery Cost Model - 12/16/2025
A2: CARMM ANALYSIS - IN-OFFICE DIRECT LABOR
A3: SOURCE: KLTable25.xlsx
A5: Line No. | B5: Activity Name | C5: Letter Routes - Route Group 1 | D5: TOTAL
B6: Column No. | C6: -1 | D6: =C6-1 -> -2
B7: Units
B8: Source
A9: 1 | B9: FIRST-CLASS MAIL
A10: =A9+1 -> 2 | B10: SINGLE-PIECE LETTERS | C10: =[14]Sheet1!$C5 -> 1.6678476e+08 | D10: =(C10)/1000 -> 166784.76
A11: =A10+1 -> 3 | B11: SINGLE-PIECE CARDS | C11: =[14]Sheet1!$C6 -> 9364535.5 | D11: =(C11)/1000 -> 9364.5355
A12: =A11+1 -> 4 | B12: PRESORT LETTERS | C12: =[14]Sheet1!$C7 -> 3.6192982e+08 | D12: =(C12)/1000 -> 361929.82
A13: =A12+1 -> 5 | B13: PRESORT CARDS | C13: =[14]Sheet1!$C8 -> 26930442 | D13: =(C13)/1000 -> 26930.442
A14: =A13+1 -> 6 | B14: SINGLE PIECE FLATS | C14: =[14]Sheet1!$B9 -> 63768656 | D14: =(C14)/1000 -> 63768.656
A15: =A14+1 -> 7 | B15: PRESORT FLATS | C15: =[14]Sheet1!$B10 -> 66617309 | D15: =(C15)/1000 -> 66617.309
A16: =A15+1 -> 8 | B16: USPS MARKETING MAIL - ECR
A17: =A16+1 -> 9 | B17: HIGH DENSITY & SATURATION LETTERS | C17: =C18+C19 -> 55199363 | D17: =(C17)/1000 -> 55199.363
A18: =A17+1 -> 10 | B18: HD Letters | C18: =[14]Sheet1!$C$11 -> 33827056 | D18: =(C18)/1000 -> 33827.056
A19: =A18+1 -> 11 | B19: Saturation Letters | C19: =[14]Sheet1!$C$12 -> 21372307 | D19: =(C19)/1000 -> 21372.307
A20: =A19+1 -> 12 | B20: HIGH DENSITY & SATURATION FLATS & PARCELS | C20: =C21+C24+C25+C29 -> 70476328 | D20: =(C20)/1000 -> 70476.328
A21: =A20+1 -> 13 | B21: HD Flats | C21: =C22+C23 -> 45414554 | D21: =(C21)/1000 -> 45414.554
A22: =A21+1 -> 14 | B22: HD Flat DALs | D22: =(C22)/1000 -> 0
A23: =A22+1 -> 15 | B23: HD Flat Non-DALs | C23: =[14]Sheet1!$B$13 -> 45414554 | D23: =(C23)/1000 -> 45414.554 | E23: Assigns proportion of parent no DAL
A24: =A23+1 -> 16 | B24: HD Parcels | C24: =[14]Sheet1!$E$13 -> 0 | D24: =(C24)/1000 -> 0
A25: =A24+1 -> 17 | B25: Saturation Flats | C25: =C26+C27 -> 25061774 | D25: =(C25)/1000 -> 25061.774
A26: =A25+1 -> 18 | B26: Saturation Flat DALs | C26: =[14]Sheet1!$B$14 -> 182798.11 | D26: =(C26)/1000 -> 182.79811
A27: =A26+1 -> 19 | B27: Saturation Flat Non-DALs | C27: =[14]Sheet1!$B$15+[14]Sheet1!$B$17+[14]Sheet1!$C$17-C30 -> 24878976 | D27: =(C27)/1000 -> 24878.976 | E27: Includes IOCS EDDM-R, then subtracts out amount assigned with RPW proportions to EDDM-R from CS06&7 6.0.2.1, also assigns Parent No DAL
A28: =A27+1 -> 20 | B28: HD/Sat Flat Parent no DAL | D28: =(C28)/1000 -> 0
A29: =A28+1 -> 21 | B29: Saturation Parcels | C29: =[14]Sheet1!$E$17 -> 0 | D29: =(C29)/1000 -> 0
A30: =A29+1 -> 22 | B30: EVERY DOOR DIRECT MAIL - RETAIL | C30: ='[2]6.0.2.1'!$F$21*1000 -> 5007531.6 | D30: =(C30)/1000 -> 5007.5316 | E30: Amount from 6.0.2.1 assigned with RPW proportion
A31: =A30+1 -> 23 | B31: USPS MARKETING MAIL - REGULAR
A32: =A31+1 -> 24 | B32: LETTERS | C32: =[14]Sheet1!$C$18 -> 4.7670393e+08 | D32: =(C32)/1000 -> 476703.93
A33: =A32+1 -> 25 | B33: FLATS | C33: =[14]Sheet1!$B$19 -> 2.2526373e+08 | D33: =(C33)/1000 -> 225263.73
A34: =A33+1 -> 26 | B34: PARCELS | C34: =[14]Sheet1!$E$20 -> 1482913.8 | D34: =(C34)/1000 -> 1482.9138
A35: =A34+1 -> 27 | B35: PERIODICALS
A36: =A35+1 -> 28 | B36: Letters | C36: =[14]Sheet1!$C$21+[14]Sheet1!$C$22 -> 85464.204 | D36: =(C36)/1000 -> 85.464204
A37: =A36+1 -> 29 | B37: Flats | C37: =[14]Sheet1!$B$21+[14]Sheet1!$B$22 -> 1.9549396e+08 | D37: =(C37)/1000 -> 195493.96
A38: =A37+1 -> 30 | B38: Parcels | C38: =[14]Sheet1!$E$21+[14]Sheet1!$E$22 -> 103211.62 | D38: =(C38)/1000 -> 103.21162
A39: =A38+1 -> 31 | B39: BOUND PRINTED MATTER
A40: =A39+1 -> 32 | B40: BOUND PRINTED MATTER FLATS | C40: =[14]Sheet1!$B$23 -> 8054840.2 | D40: =(C40)/1000 -> 8054.8402
A41: =A40+1 -> 33 | B41: BOUND PRINTED MATTER PARCELS | C41: =[14]Sheet1!$E$24 -> 24419783 | D41: =(C41)/1000 -> 24419.783
A42: =A41+1 -> 34 | B42: MEDIA MAIL
A43: =A42+1 -> 35 | B43: Flats | C43: =[14]Sheet1!$B$25 -> 705981.03 | D43: =(C43)/1000 -> 705.98103
A44: =A43+1 -> 36 | B44: Parcels | C44: =[14]Sheet1!$E$25 -> 7593345.6 | D44: =(C44)/1000 -> 7593.3456
B46: NOTE:
B47: UPPER CASE = CRA Mail Product
B48: Lower Case = LR-19 - only shape separation
B51: KLTable25 across all route groups
C53: Shape
B54: Product | C54: Flat | D54: Letter | E54: Parcel | F54: Grand Total
B55: 023 Marketing ECR Carrier Route | C55: =[14]Sheet1!$B$16 -> 1.9284844e+08 | D55: =[14]Sheet1!$C$16 -> 389170.19 | E55: =[14]Sheet1!$E$16 -> 0 | F55: =[14]Sheet1!$F$16 -> 1.9323761e+08

Sheet CARMMCasing
A1: =Inputs!$C$4 -> Unit Delivery Cost Model - 12/16/2025
A2: CSGCARMM ANALYSIS - IN-OFFICE DIRECT LABOR, CASING ONLY
A3: SOURCE: KLTable_Casing25.xlsx
C4: -------------- IN-OFFICE DIRECT LABOR (6.1) ---------------
A5: Line No. | C5: Letter Routes - Route Group 1 | D5: Total Casing Only | E5: TOTALNon-Casing
C6: -1 | D6: =+C6-1 -> -2 | E6: =+D6-1 -> -3
D8: SUM C1
A9: 1 | B9: FIRST-CLASS MAIL
A10: =A9+1 -> 2 | B10: SINGLE-PIECE LETTERS | C10: =[15]Sheet1!$C5 -> 1.2820282e+08 | D10: =(C10)/1000 -> 128202.82 | E10: =CARMM!D10-CARMMCasing!D10 -> 38581.942
A11: =A10+1 -> 3 | B11: SINGLE-PIECE CARDS | C11: =[15]Sheet1!$C6 -> 6627622.5 | D11: =(C11)/1000 -> 6627.6225 | E11: =CARMM!D11-CARMMCasing!D11 -> 2736.913
A12: =A11+1 -> 4 | B12: PRESORT LETTERS | C12: =[15]Sheet1!$C7 -> 2.8509663e+08 | D12: =(C12)/1000 -> 285096.63 | E12: =CARMM!D12-CARMMCasing!D12 -> 76833.183
A13: =A12+1 -> 5 | B13: PRESORT CARDS | C13: =[15]Sheet1!$C8 -> 20746004 | D13: =(C13)/1000 -> 20746.004 | E13: =CARMM!D13-CARMMCasing!D13 -> 6184.4373
A14: =A13+1 -> 6 | B14: SINGLE PIECE FLATS | C14: =[15]Sheet1!$B9 -> 50210998 | D14: =(C14)/1000 -> 50210.998 | E14: =CARMM!D14-CARMMCasing!D14 -> 13557.658
A15: =A14+1 -> 7 | B15: PRESORT FLATS | C15: =[15]Sheet1!$B10 -> 57186657 | D15: =(C15)/1000 -> 57186.657 | E15: =CARMM!D15-CARMMCasing!D15 -> 9430.6527
A16: =A15+1 -> 8 | B16: USPS MARKETING MAIL - ECR
A17: =A16+1 -> 9 | B17: HIGH DENSITY & SATURATION LETTERS | C17: =C18+C19 -> 42319162 | D17: =(C17)/1000 -> 42319.162 | E17: =CARMM!D17-CARMMCasing!D17 -> 12880.201
A18: =A17+1 -> 10 | B18: HD Letters | C18: =[15]Sheet1!$C$11 -> 25524363 | D18: =(C18)/1000 -> 25524.363 | E18: =CARMM!D18-CARMMCasing!D18 -> 8302.6931
A19: =A18+1 -> 11 | B19: Saturation Letters | C19: =[15]Sheet1!$C$12 -> 16794799 | D19: =(C19)/1000 -> 16794.799 | E19: =CARMM!D19-CARMMCasing!D19 -> 4577.5078
A20: =A19+1 -> 12 | B20: HIGH DENSITY & SATURATION FLATS & PARCELS | C20: =C21+C24+C25+C29+C28+C29 -> 61326899 | D20: =(C20)/1000 -> 61326.899 | E20: =CARMM!D20-CARMMCasing!D20 -> 9149.4291
A21: =A20+1 -> 13 | B21: HD Flats | C21: =(C23+C22) -> 39792276 | D21: =(C21)/1000 -> 39792.276 | E21: =CARMM!D21-CARMMCasing!D21 -> 5622.2775
A22: =A21+1 -> 14 | B22: HD Flat DALs | D22: =(C22)/1000 -> 0 | E22: =CARMM!D22-CARMMCasing!D22 -> 0
A23: =A22+1 -> 15 | B23: HD Flat Non-DALs | C23: =[15]Sheet1!$B$13 -> 39792276 | D23: =(C23)/1000 -> 39792.276 | E23: =CARMM!D23-CARMMCasing!D23 -> 5622.2775 | F23: Assigns proportion of parent no DAL
A24: =A23+1 -> 16 | B24: HD Parcels | C24: =[15]Sheet1!$E$13 -> 0 | D24: =(C24)/1000 -> 0 | E24: =CARMM!D24-CARMMCasing!D24 -> 0
A25: =A24+1 -> 17 | B25: Saturation Flats | C25: =(C26+C27) -> 21534623 | D25: =(C25)/1000 -> 21534.623 | E25: =CARMM!D25-CARMMCasing!D25 -> 3527.1517
A26: =A25+1 -> 18 | B26: Saturation Flat DALs | C26: =[15]Sheet1!$B$14 -> 164451.84 | D26: =(C26)/1000 -> 164.45184 | E26: =CARMM!D26-CARMMCasing!D26 -> 18.346271
A27: =A26+1 -> 19 | B27: Saturation Flat non-Dals | C27: =[15]Sheet1!$F15+[15]Sheet1!$F$17+C28-C30 -> 21370171 | D27: =(C27)/1000 -> 21370.171 | E27: =CARMM!D27-CARMMCasing!D27 -> 3508.8054 | F27: Includes IOCS EDDM-R, then subtracts out amount assigned EDDM-R calculated below, also assigns Parent No DAL
A28: =A27+1 -> 20 | B28: HD/Sat Parent no DAL | D28: =(C28)/1000 -> 0 | E28: =CARMM!D28-CARMMCasing!D28 -> 0
A29: =A30+1 -> 22 | B29: Saturation Parcels | C29: =[15]Sheet1!$E$17 -> 0 | D29: =(C29)/1000 -> 0 | E29: =CARMM!D29-CARMMCasing!D29 -> 0
A30: =A28+1 -> 21 | B30: EVERY DOOR DIRECT MAIL - RETAIL | C30: ='[2]6.0.2.1'!$F$21*1000*[15]Sheet1!F17/[14]Sheet1!$F17 -> 3687793.4 | D30: =(C30)/1000 -> 3687.7934 | E30: =CARMM!D30-CARMMCasing!D30 -> 1319.7382 | F30: Amount from 6.0.2.1 assigned with RPW proportion, scaled to IOCS EDDM-R proportion casing/all
A31: =A29+1 -> 23 | B31: MARKETING MAIL - REGULAR
A32: =A31+1 -> 24 | B32: LETTERS | C32: =[15]Sheet1!$C$18 -> 3.8156813e+08 | D32: =(C32)/1000 -> 381568.13 | E32: =CARMM!D32-CARMMCasing!D32 -> 95135.792
A33: =A32+1 -> 25 | B33: FLATS | C33: =[15]Sheet1!$B$19 -> 1.8927467e+08 | D33: =(C33)/1000 -> 189274.67 | E33: =CARMM!D33-CARMMCasing!D33 -> 35989.065
A34: =A33+1 -> 26 | B34: PARCELS | C34: =[15]Sheet1!$E$20 -> 949659.29 | D34: =(C34)/1000 -> 949.65929 | E34: =CARMM!D34-CARMMCasing!D34 -> 533.25455
A35: =A34+1 -> 27 | B35: PERIODICALS
A36: =A35+1 -> 28 | B36: Letters | C36: =[15]Sheet1!$C$21+[15]Sheet1!$C$22 -> 76480.849 | D36: =(C36)/1000 -> 76.480849 | E36: =CARMM!D36-CARMMCasing!D36 -> 8.9833549
A37: =A36+1 -> 29 | B37: Flats | C37: =[15]Sheet1!$B$21+[15]Sheet1!$B$22 -> 1.6821703e+08 | D37: =(C37)/1000 -> 168217.03 | E37: =CARMM!D37-CARMMCasing!D37 -> 27276.932
A38: =A37+1 -> 30 | B38: Parcels | C38: =[15]Sheet1!$E$21+[15]Sheet1!$E$22 -> 0 | D38: =(C38)/1000 -> 0 | E38: =CARMM!D38-CARMMCasing!D38 -> 103.21162
A39: =A38+1 -> 31 | B39: BOUND PRINTED MATTER
A40: =A39+1 -> 32 | B40: BOUND PRINTED MATTER FLATS | C40: =[15]Sheet1!$B$23 -> 7135061.1 | D40: =(C40)/1000 -> 7135.0611 | E40: =CARMM!D40-CARMMCasing!D40 -> 919.7791
A41: =A40+1 -> 33 | B41: BOUND PRINTED MATTER PARCELS | C41: =[15]Sheet1!$E$24 -> 14198229 | D41: =(C41)/1000 -> 14198.229 | E41: =CARMM!D41-CARMMCasing!D41 -> 10221.554
A42: =A41+1 -> 34 | B42: MEDIA MAIL
A43: =A42+1 -> 35 | B43: Flats | C43: =[15]Sheet1!$B$25 -> 487017.64 | D43: =(C43)/1000 -> 487.01764 | E43: =CARMM!D43-CARMMCasing!D43 -> 218.96339
A44: =A43+1 -> 36 | B44: Parcels | C44: =[15]Sheet1!$E$25 -> 3749296.8 | D44: =(C44)/1000 -> 3749.2968 | E44: =CARMM!D44-CARMMCasing!D44 -> 3844.0488
B46: NOTE:
B47: UPPER CASE = CRA Mail Product
B48: Lower Case = Att 19 - only shape separation
B51: KLTable_Casing25 across all route groups
C53: Shape
B54: Product | C54: Flat | D54: Letter | E54: Parcel | F54: Grand Total
B55: 023 Marketing ECR Carrier Route | C55: =[15]Sheet1!$B$16 -> 1.6824826e+08 | D55: =[15]Sheet1!$C$16 -> 304584.72 | E55: =[15]Sheet1!$E$16 -> 0 | F55: =[15]Sheet1!$F$16 -> 1.6855285e+08

Sheet FCByIndicia
A1: =Inputs!$C$4 -> Unit Delivery Cost Model - 12/16/2025
A2: IN-OFFICE DIRECT LABOR WITH COLLECTION COSTS BY INDICIA
A6: Line No. | C6: First-Class Single Piece Letters Collection Costs | D6: First-Class Single Piece In-Office Costs | E6: First-Class Single Piece In-Office Casing Costs | F6: RPW Volume | G6: RPW % | H6: CCCS by Indicia | I6: CCCS % | J6: RCCS by Indicia | K6: RCCS %
B7: Column No. | C7: -1 | D7: =C7-1 -> -2 | E7: =D7-1 -> -3 | F7: =E7-1 -> -4 | G7: =F7-1 -> -5 | H7: =G7-1 -> -6 | I7: =H7-1 -> -7 | J7: =I7-1 -> -8 | K7: =J7-1 -> -9
B8: Units
B9: Source / Notes
A10: 1 | B10: STAMPED LETTERS | C10: 0 | D10: =[16]Sheet1!D4 -> 73385422 | E10: =[17]Sheet1!D4 -> 57740257 | F10: ='[13]5-Page Stamped'!M18+'[13]5-Page POS_RSS'!M18 -> 5472313.8 | G10: =F10/F$13 -> 0.58386936 | H10: =[18]All!C14 -> 2095609.8 | I10: =H10/H$13 -> 0.46266546 | J10: =[19]All!C13 -> 1460139.6 | K10: =J10/J$13 -> 0.52006887
A11: 2 | B11: METERED LETTERS | C11: =[20]Sheet1!$E$5 -> 1230921 | D11: =[16]Sheet1!D5 -> 93079135 | E11: =[17]Sheet1!D5 -> 70175815 | F11: ='[13]5-Page Metered_Online'!M18+'[13]5-Page PERMIT'!M18 -> 3891319.6 | G11: =F11/F$13 -> 0.41518494 | H11: =[18]All!C15 -> 2424524.2 | I11: =H11/H$13 -> 0.53528267 | J11: =[19]All!C14 -> 1342023.9 | K11: =J11/J$13 -> 0.47799869
A12: 3 | B12: OTHER LETTERS | C12: 0 | D12: =[16]Sheet1!D6 -> 320205.84 | E12: =[17]Sheet1!D6 -> 286749.89 | F12: ='[13]5-Page Other'!M18 -> 8863.6257 | G12: =F12/F$13 -> 0.0009457059 | H12: =[18]All!C16 -> 9293.7647 | I12: =H12/H$13 -> 0.0020518629 | J12: =[19]All!C15 -> 5425.4881 | K12: =J12/J$13 -> 0.0019324367
B13: TOTAL | C13: =SUM(C10:C12) -> 1230921 | D13: =SUM(D10:D12) -> 1.6678476e+08 | E13: =SUM(E10:E12) -> 1.2820282e+08 | F13: =SUM(F10:F12) -> 9372497 | G13: =F13/F$13 -> 1 | H13: =SUM(H10:H12) -> 4529427.8 | I13: =H13/H$13 -> 1 | J13: =SUM(J10:J12) -> 2807589 | K13: =J13/J$13 -> 1
C15: Source 1 | D15: Source 2 | E15: Source 3 | F15: Source 4 | H15: Source 5 | J15: Source 6
B17: Sources:
A18: 1 | B18: KLTable_FCSP_Letter_Collection25.xlsx
A19: 2 | B19: KLTable_FCSP_Indicia25.xlsx
A20: 3 | B20: KLTable_FCSP_Indicia_Casing25.xlsx
A21: 4 | B21: Shape Indicia FY2025 ACR_v.xlsx
A22: 5 | B22: CCCS_FCLetter_indicia_FY25_Final.XLSX
A23: 6 | B23: RCCS_FCLetter_indicia_FY25_Final.xlsx

Sheet PeriodicalsVolAdj
A1: =Inputs!$C$4 -> Unit Delivery Cost Model - 12/16/2025
A2: CCS AND RCS VOLUME CROSSWALK FOR PERIODICALS
A5: Line No. | B5: SHAPE | C5: RPW Periodicals by Shape | D5: Unadjusted CCCS Periodicals (Cased Letters/Flats Only) | E5: Adjusted CCS Periodicals | F5: CCS Pieces Crosswalked to Flats | G5: Unadjusted RCCS Periodicals (Other Letters/Flats Only) | H5: Adjusted RCS Periodicals | I5: RCS Pieces Crosswalked to Flats
B6: Col. No. | C6: -1 | D6: =C6-1 -> -2 | E6: =D6-1 -> -3 | F6: =E6-1 -> -4 | G6: =F6-1 -> -5 | H6: =G6-1 -> -6 | I6: =H6-1 -> -7
B7: Units | C7: Pieces (000) | D7: Pieces (000) | E7: Pieces (000) | F7: Pieces (000) | G7: Pieces (000) | H7: Pieces (000) | I7: Pieces (000)
B8: Source / Calculations | C8: [UDCInputs.xls] RPWShape L20 | D8: [UDCInputs.xls] 7.0.8 L16 | E8: [1] | F8: C2 - C3 | G8: [UDCInputs.xls] RuralVols L18 | H8: [2] | I8: ="C"&-G6&" - C"&-H6 -> C5 - C6
A9: 1 | B9: Letters | C9: =RPWShape!$C$28 -> 11646.646 | D9: ='7.0.8'!$F$25 -> 2468.5903 | E9: =C9*LetterVols!F9 -> 6537.3288 | F9: =D9-E9 -> -4068.7385 | G9: =RuralVols!$C$26 -> 1911.7623 | H9: =C9*LetterVols!G9 -> 4163.4583 | I9: =G9-H9 -> -2251.696
A10: =A9+1 -> 2 | B10: Flats | C10: =RPWShape!$D$28 -> 2429662.3 | D10: ='7.0.8'!$G$25 -> 1234178.3 | E10: =D10+F9+F11 -> 1230535.8 | F10: =D10-E10 -> 3642.5347 | G10: =RuralVols!$E$26 -> 1063009.4 | H10: =G10+I9+I11 -> 1074482.3 | I10: =G10-H10 -> -11472.924
A11: =A10+1 -> 3 | B11: Parcels | C11: =RPWShape!$E$28 -> 1393.0018 | D11: ='7.0.8'!$I$25+'7.0.8'!$L$25 -> 1205.672 | E11: =C11*ParcelVols!F24 -> 779.46822 | F11: =D11-E11 -> 426.20381 | G11: =RuralVols!$F$26+RuralVols!G26+RuralVols!H26 -> 14229.691 | H11: =C11*ParcelVols!G24 -> 505.07111 | I11: =G11-H11 -> 13724.62
A12: =A11+1 -> 4 | B12: TOTAL | C12: =SUM(C9:C11) -> 2442702 | D12: =SUM(D9:D11) -> 1237852.6 | E12: =SUM(E9:E11) -> 1237852.6 | G12: =SUM(G9:G11) -> 1079150.9 | H12: =SUM(H9:H11) -> 1079150.9
A14: [1] | B14: L1 = C1 x LetterVols C4
B15: L2 = C2 + C4
B16: L3 = C1 x ParcelVols C4
A17: [2] | B17: L1 = C1 x LetterVols C5
B18: L2 = C5 + C7
B19: L3 = C1 x ParcelVols C5

Sheet ParcelVols
A1: =Inputs!$C$4 -> Unit Delivery Cost Model - 12/16/2025
A2: PARCEL VOLUMES FROM CCS, RCS, AND RPW
A5: Line No. | B5: MAIL CLASS | C5: CCS PARCELS | D5: RCS PARCELS | E5: RPW PARCELS | F5: Ratio of CCS to RPW | G5: Ratio of RCS to RPW
B6: Column No. | C6: -1 | D6: =C6-1 -> -2 | E6: =D6-1 -> -3 | F6: =E6-1 -> -4 | G6: =F6-1 -> -5
B7: Units
B8: Source | C8: 7.0.8 | D8: RuralVols | E8: RPWShape
A9: 1 | B9: USPS Marketing Mail
A10: =A9+1 -> 2 | B10: HIGH DENSITY & SATURATION FLATS & PARCELS | C10: ='7.0.8'!I19+'7.0.8'!L19 -> 0 | D10: =D11+D12 -> 0 | E10: =E11+E12 -> 0
A11: =A10+1 -> 3 | B11: High Density | C11: =CCSECRVols!C13 -> 0 | D11: =RCSECRVols!G26+RCSECRVols!G31+RCSECRVols!G36 -> 0 | E11: =RPWShape!E21 -> 0
A12: =A11+1 -> 4 | B12: Saturation | C12: =CCSECRVols!C19 -> 0 | D12: =RCSECRVols!G27+RCSECRVols!G32+RCSECRVols!G37 -> 0 | E12: =RPWShape!E22 -> 0
A13: =A12+1 -> 5 | B13: CARRIER ROUTE | C13: ='7.0.8'!I21+'7.0.8'!L21 -> 133.03005 | D13: =RuralVols!F21+RuralVols!G17+RuralVols!H21 -> 0 | E13: =RPWShape!E24 -> 0
A14: =A13+1 -> 6 | B14: PARCELS | C14: ='7.0.8'!I24+'7.0.8'!L24 -> 4831.4572 | D14: =RuralVols!F25+RuralVols!G25+RuralVols!H25 -> 4734.8813 | E14: =RPWShape!E27 -> 11706.037
A15: =A14+1 -> 7 | B15: Periodicals | C15: ='7.0.8'!I25+'7.0.8'!L25 -> 1205.672 | D15: =RuralVols!F26+RuralVols!G26+RuralVols!H26 -> 14229.691 | E15: =RPWShape!E28 -> 1393.0018
A16: =A15+1 -> 8 | B16: Package Services
A17: =A16+1 -> 9 | B17: Bound Printed Matter Flats | C17: ='7.0.8'!I27+'7.0.8'!L27 -> 516.01717 | D17: =RuralVols!F28+RuralVols!G28+RuralVols!H28 -> 1121.9737 | E17: =RPWShape!E30 -> 0
A18: =A17+1 -> 10 | B18: Bound Printed Matter Parcels | C18: ='7.0.8'!I28+'7.0.8'!L28 -> 123047.32 | D18: =RuralVols!F29+RuralVols!G29+RuralVols!H29 -> 81458.93 | E18: =RPWShape!E31 -> 225885.53
A19: =A18+1 -> 11 | B19: Media Mail | C19: ='7.0.8'!I29+'7.0.8'!L29 -> 36178.755 | D19: =RuralVols!F30+RuralVols!G30+RuralVols!H30 -> 22956.894 | E19: =RPWShape!F32 -> 69096.132
A20: =A19+1 -> 12
A21: =A20+1 -> 13 | B21: Free + USPS | C21: ='7.0.8'!I30+'7.0.8'!L30 -> 13615.823 | D21: =RuralVols!F31+RuralVols!G31+RuralVols!H31 -> 5188.4829 | E21: =RPWShape!E33 -> 11757.782
A22: =A21+1 -> 14 | B22: TOTAL Market Dominant Parcels | C22: =SUM(C11:C12,C14:C21) -> 179395.05 | D22: =SUM(D11:D12,D14:D21) -> 129690.85 | E22: =SUM(E11:E12,E14:E21) -> 319838.48
A23: =A22+1 -> 15 | B23: Parcel Volumes for Periodicals Volume Adjustment
A24: =A23+1 -> 16 | B24: Total Market Dominant Parcels minus Periodicals | C24: =ParcelVols!$C$22-ParcelVols!$C$15 -> 178189.38 | D24: =ParcelVols!$D$22-ParcelVols!$D$15 -> 115461.16 | E24: =ParcelVols!$E$22-ParcelVols!$E$15 -> 318445.48 | F24: =C24/E24 -> 0.55956008 | G24: =D24/E24 -> 0.36257749

Sheet LetterVols
A1: =Inputs!$C$4 -> Unit Delivery Cost Model - 12/16/2025
A2: CCS AND RCS LETTER VOLUMES FOR PERIODICALS VOLUME ADJUSTMENT
A5: Line No. | C5: RPW Letters | D5: CCS Letters | E5: RCS Letters | F5: Ratio Of CCS To RPW Letters | G5: Ratio Of RCS To RPW Letters
B6: Col. No. | C6: -1 | D6: =C6-1 -> -2 | E6: =D6-1 -> -3 | F6: =E6-1 -> -4 | G6: =F6-1 -> -5
B7: Units | C7: Pieces (000) | D7: Pieces (000) | E7: Pieces (000)
B8: Source / Calculations | C8: [UDCInputs.xls] RPWShape L26 | D8: [UDCInputs.xls] 7.0.8 C4 + C6 | E8: [UDCInputs.xls] RuralVols C1..C2 | F8: ="=C"&-D6&" / C"&-C6 -> =C2 / C1 | G8: ="=C"&-E6&" / C"&-C6 -> =C3 / C1
A9: 1 | B9: Total First Class Single Piece, USPS Marketing, and Free/US Postal Service Mail | C9: =RPWShape!$C$34 -> 53606891 | D9: =SUM('7.0.8'!$F$11,'7.0.8'!$H$11,'7.0.8'!$F$18:$F$24,'7.0.8'!$H$18:$H$24,'7.0.8'!$F$30,'7.0.8'!$H$30) -> 30089854 | E9: =SUM(RuralVols!$C$10:$D$10,RuralVols!$C$17:$D$17,RuralVols!$C$22:$D$22,RuralVols!$C$31:$D$31) -> 19163462 | F9: =D9/C9 -> 0.56130571 | G9: =E9/C9 -> 0.35748132
