Workbook

Sheet NOTES
A1: =[1]Inputs!$C$4 -> Unit Delivery Cost Model - 12/16/2025
A2: UDCMODEL DOCUMENTATION PAGE
A4: Worksheet | B4: USPS-FY25-19 Synopsis
A5: 1.Table1 | B5: Summary of FY25 unit delivery costs
A6: 1a. Dadjustment | B6: Shifts delivery costs from ECR HD & Saturation Letters to ECR HD & Saturation Flats as in the D Report of Cost Segments and Components
A7: 3.SummaryBY | B7: Calculates FY25 unit delivery costs for First Class, Periodicals, Marketing Mail, and Package Services (BPM and Media Mail).
A8: 4.RuralCost | B8: Rural costs and unit costs by evaluation category for First Class, Periodicals, Marketing Mail, and Package Services.
A9: 5.RuralCrosswalk | B9: First Class, Periodicals, Marketing Mail, and Package Services (BPM and Media Mail) by shape. Cost and volumes for boxholders are distributed to shape and parcels and flat costs and volumes are adjusted for any parcels crosswalked to flats. Calculates total cost and volume by shape after all crosswalks.
A10: 6.DeliveryVols | B10: City and rural volumes by shape and mail class after all volume crosswalks.
A11: 7.RuralDisagg | B11: Disaggregates Permit volumes into DPS, sector segment, and Other, for First Class and Marketing Mail presort categories, and then calculates corresponding rural volumes.
A12: 8.CityCosts | B12: City costs for letter routes and rural by shape and mail class / rate category
A13: 9.ByShape | B13: FY25 IOCS in-office casing and non-casing costs by shape and mail class / rate category.
A14: 10.In-OfficeDetail | B14: Calculates FY25 in-office casing costs for FIrst Class auto and non-auto presort, and Marketing Mail machinable and non-machinable.

Sheet Changes
A1: None
A3: December 2019 Changes
A4: 1.Table 1 | B4: Media mail renamed Media/Library Mail
A5: 3.SummaryBY | B5: Sunday/Holiday costs from new 7.0.6.6 sheet on UDCInputs19.xlsx added to 7.2 Delivery Costs for BPM Parcels, Media/Library Mail, and Marketing Parcels.
B6: Media mail renamed Media/Library Mail
A7: 7.RuralDisagg | B7: FSS column added for Presort Cards
A8: 8.CityCosts | B8: Sunday/Holiday Delivery costs added, and added to subtotals for Special Purpose Route Street Costs where necessary.
A10: 2020 Changes for RM2019-6 Proposal One, SPR
A11: 2.FCSP_Let_Col_Cost_By_Indicia | B11: Remove SPR Delivery Activities Support
A12: 3.SummaryBY | B12: SPR In-Office Support removed from formulas.
A13: 8.CityCosts | B13: Changed formulas to link to new SPR columns in CS06&7. Removed SPR Delivery Activities Support and In-Office formulas.
A15: 2021 Changes for RM2021-7, SPR Peak and Non-Peak
A16: 8.CityCosts | B16: Changed formulas to link to new SPR Delivery columns in UDCInputs sheet 7.0.6. Changed check formulas pointing to CS06&7.
A18: 2024 Changes for RM2021-7, SPR Peak and Non-Peak
A20: 2024 Changes for RRECS (RM2024-2, Order 7919)
A21: 6.DeliveryVols | B21: Updated references to UDCInputs RuralVols tab
A22: 4.Rural cost | B22: Updated references to UDCInputs RuralVols and RuralCosts tabs, including removal of old costpools and addition of new ones consistent with RRECS
A23: 5.RuralCrosswalk | B23: Updated references to 4.Rural cost tab and UDCInputs RCSECRVols, BoxholderbyShape, RCSDALs and PeriodicalsVolAdj tabs, including removal of old costpools and addition of new ones consistent with RRECS
A25: 2024 Changes for Top Down (RM2022-3)
A26: 10.In-Office Detail | B26: Updated references to UDCInputs 7.0.8 tab
A27: 6.DeliveryVols | B27: Updated references to UDCInputs 7.0.8 tab
A28: 8.CityCosts | B28: Removed sections on Letter Routes - Deviation Delivery Accountables, Letter Route Delivery Activities Support Costs and Total Letter-Route Delivery Activity Support Costs as no longer relevant
A29: 8.CityCosts | B29: Updated references to UDC Inputs and CS06&7
A30: 2.FCSP_Let_Col_Cost_By_Indicia | B30: Removed Delivery Activities Support as no longer relevant
A31: 3.SummaryBY | B31: Removed Delivery Activities Support as no longer relevant
A32: 1a.DAdjustment | B32: Removed Delivery Activities Support as no longer relevant
A33: 7.RuralDisagg | B33: Removed costpools no longer relevant
A35: 2024 Changes Additional
A36: 4.Rural cost | B36: Removed FSS
A37: 5.RuralCrosswalk | B37: Removed FSS
A38: 7.RuralDisagg | B38: Removed FSS
A39: 6.DeliveryVols | B39: Updated formulas to reflect no FSS
A41: 2024 Corrections
A42: 4.Rural cost | B42: Added calculation of Total Parcels
A43: 5.RuralCrosswalk | B43: Corrected calculation of parcel costs in columns (30), (39), (41). Under RRECS (RM2024-3), there are three parcel cost pools, and cost per piece for parcels varies by product. Calculations multiply parcel pieces by average unit cost by product.

Sheet 1.Table 1
A1: =[1]Inputs!$C$4 -> Unit Delivery Cost Model - 12/16/2025
A3: Table 1: Fiscal Year 2025 Unit Delivery Costs
A5: Mail Class | C5: FY25 Unit Costs
A6: First-Class Single Piece
A7: Single-Piece Letters | C7: ='3.SummaryBY'!R10*100 -> 8.407902
A8: Single-Piece Stamped Letters | C8: ='3.SummaryBY'!R11*100 -> 7.2179001
A9: Single-Piece Metered Letters | C9: ='3.SummaryBY'!R12*100 -> 10.066519
A10: Single-Piece Other Letters | C10: ='3.SummaryBY'!R13*100 -> 14.93384
A11: Single-Piece Flats | C11: ='3.SummaryBY'!R14*100 -> 31.450286
A13: First-Class Presort
A14: Nonautomation -- Nonmach Mixed ADC | C14: ='3.SummaryBY'!R18*100 -> 28.420198
A15: Nonautomation -- Nonmach ADC | C15: ='3.SummaryBY'!R19*100 -> 0
A16: Nonautomation -- Mach Mixed AADC | C16: ='3.SummaryBY'!R20*100 -> 7.2605039
A17: Nonautomation -- Mach AADC | C17: ='3.SummaryBY'!R21*100 -> 6.0594173
A18: Nonautomation -- Nonmach 3-Digit | C18: ='3.SummaryBY'!R22*100 -> 28.420198
A19: Nonautomation -- Nonmach 5-Digit | C19: ='3.SummaryBY'!R23*100 -> 28.420198
A20: Nonautomation -- Mach 3-Digit | C20: ='3.SummaryBY'!R24*100 -> 0
A21: Nonautomation -- Mach 5-Digit | C21: ='3.SummaryBY'!R25*100 -> 0
A22: Automation Mixed AADC | C22: ='3.SummaryBY'!R26*100 -> 6.9939801
A23: Automation AADC | C23: ='3.SummaryBY'!R27*100 -> 6.2344184
A24: Auto 3-Digit Letters | C24: ='3.SummaryBY'!R28*100 -> 0
A25: Auto 5-Digit Letters CSBCS/Manual Sites | C25: ='3.SummaryBY'!R29*100 -> 28.420198
... A29: Presort Flats | C29: ='3.SummaryBY'!R33*100 -> 29.912119
A31: First-Class Cards
A32: Single Piece Cards | C32: ='3.SummaryBY'!R36*100 -> 10.760351
A33: FC Nonautomation Cards | C33: ='3.SummaryBY'!R39*100 -> 6.4762572
A34: Auto Mixed AADC Cards | C34: ='3.SummaryBY'!R40*100 -> 6.2643686
A35: Auto AADC Cards | C35: ='3.SummaryBY'!R41*100 -> 5.6605107
A36: Auto 3-Digit Cards
A37: Auto 5-Digit Cards | C37: ='3.SummaryBY'!R43*100 -> 4.7480641
A38: Auto 5-Digit Cards CSBCS/Manual Sites | C38: ='3.SummaryBY'!R44*100 -> 23.29839
A39: Auto 5-Digit Cards Other Sites | C39: ='3.SummaryBY'!R45*100 -> 4.0719443
A40: Presort Cards (Avg) | C40: ='3.SummaryBY'!R46*100 -> 5.2416452
A42: Periodicals
A43: Letters | C43: ='3.SummaryBY'!R50*100 -> 12.77482
A44: Flats | C44: ='3.SummaryBY'!R51*100 -> 20.8381
A45: Parcels | C45: ='3.SummaryBY'!R52*100 -> 47.807518
A47: Package Services - Bound Printed Matter
A48: Flats | C48: ='3.SummaryBY'!R56*100 -> 20.101117
A49: Parcels | C49: ='3.SummaryBY'!R57*100 -> 86.722944
A51: Package Services - Media/Library Mail
A52: Flats | C52: ='3.SummaryBY'!R61*100 -> 18.488595
A53: Parcels | C53: ='3.SummaryBY'!R62*100 -> 105.16404
A55: USPS Marketing Mail Regular
A56: Nonautomation -- Nonmach Mixed ADC | C56: ='3.SummaryBY'!R66*100 -> 33.135721
A57: Nonautomation -- Nonmach ADC | C57: ='3.SummaryBY'!R67*100 -> 33.135721
A58: Nonautomation -- Mach Mixed AADC | C58: ='3.SummaryBY'!R68*100 -> 8.0343192
A59: Nonautomation -- Mach AADC | C59: ='3.SummaryBY'!R69*100 -> 6.6100093
A60: Nonautomation -- Nonmach 3-Digit | C60: ='3.SummaryBY'!R70*100 -> 33.135721
A61: Nonautomation -- Nonmach 5-Digit | C61: ='3.SummaryBY'!R71*100 -> 33.135721
A62: Automation Mixed AADC | C62: ='3.SummaryBY'!R72*100 -> 7.6940594
A63: Automation AADC | C63: ='3.SummaryBY'!R73*100 -> 6.82201
A64: Automation 3-Digit Letters | C64: ='3.SummaryBY'!R74*100 -> 7.1617
A65: Automation 5-Digit Letters | C65: ='3.SummaryBY'!R75*100 -> 5.4560419
A66: Std. Reg. Ltrs. (Avg) | C66: ='3.SummaryBY'!R76*100 -> 5.737054
A67: Regular Flat Subtotal | C67: ='3.SummaryBY'!R78*100 -> 28.170615
A68: Regular Parcel Subtotal | C68: ='3.SummaryBY'!R79*100 -> 67.742516
A69: Regular Nonletter Subtotal | C69: ='3.SummaryBY'!R80*100 -> 28.44633
A71: HD/Saturation ECR
A72: ECR High Density Letters | C72: ='1a.DAdjustment'!C27 -> 5.9308065 | E72: ECR High Density Flats WITH DAL | G72: ='1a.DAdjustment'!C29 -> 13.369719
A73: ECR Saturation Letters | C73: ='1a.DAdjustment'!C28 -> 5.787923 | E73: ECR High Density Flats WITHOUT DAL | G73: ='1a.DAdjustment'!C30 -> 13.335758
E74: ECR Saturation Flats WITH DAL | G74: ='1a.DAdjustment'!C31 -> 7.0666987
E75: ECR Saturation Flats WITHOUT DAL | G75: ='1a.DAdjustment'!C32 -> 6.9411895
A77: First-Class Single Piece Metered Collection Cost per Order 1320 | E77: ='2.FCSP_Let_Col_Cost_By_Indicia'!P18*100 -> 1.4767609

Sheet 1a.DAdjustment
A1: =[1]Inputs!$C$4 -> Unit Delivery Cost Model - 12/16/2025
A2: Adjustment of ECR High Density and Saturation Letter and Flat Costs
B5: Class, Shape, or Rate Category | C5: Calculatons | D5: 6.1 In-Office Direct Labor, Casing [2] | E5: 6.1 In-Office Direct Labor, Non-Casing | F5: 6.2 In-Office Overhead, & Support Burdened on Office | G5: 7.2 Delivery Activities [3] | H5: 6.2 In-Office Support Burdened on Street | I5: 10 Rural Carriers [5] | J5: Permit Volume | K5: City Carrier In-Office Unit Cost | L5: City Carrier Street Unit Cost | M5: City Carrier Total Unit Cost | N5: Rural Carrier Total Unit Cost | O5: City Plus Rural Unit Cost
B6: Col. No. | D6: -1 | E6: =D6-1 -> -2 | F6: =E6-1 -> -3 | G6: =F6-1 -> -4 | H6: =G6-1 -> -5 | I6: =H6-1 -> -6 | J6: =I6-1 -> -7 | K6: =J6-1 -> -8 | L6: =K6-1 -> -9 | ... O6: =N6-1 -> -12
B7: Units | D7: $(000) | E7: $(000) | F7: $(000) | G7: $(000) | H7: $(000) | I7: $(000) | J7: Pieces (000)
B8: Source/Calculations | D8: =NOTES!A7&" C"&-'3.SummaryBY'!E6 -> 3.SummaryBY C3 | E8: =NOTES!A7&" C"&-'3.SummaryBY'!F6 -> 3.SummaryBY C4 | F8: =NOTES!A7&" C"&-'3.SummaryBY'!G6 -> 3.SummaryBY C5 | G8: =NOTES!A7&" C"&-'3.SummaryBY'!H6 -> 3.SummaryBY C6 | H8: =NOTES!A7&" C"&-'3.SummaryBY'!I6 -> 3.SummaryBY C7 | I8: =NOTES!A7&" C"&-'3.SummaryBY'!J6 -> 3.SummaryBY C8 | J8: =NOTES!A7&" C"&-'3.SummaryBY'!L6 -> 3.SummaryBY C10 | K8: =NOTES!A7&" C"&-'3.SummaryBY'!N6&"" -> 3.SummaryBY C12 | L8: =NOTES!A7&" C"&-'3.SummaryBY'!O6&"" -> 3.SummaryBY C13 | M8: =NOTES!A7&" C"&-'3.SummaryBY'!P6&"" -> 3.SummaryBY C14 | N8: =NOTES!A7&" C"&-'3.SummaryBY'!Q6&"" -> 3.SummaryBY C15 | O8: =NOTES!A7&" C"&-'3.SummaryBY'!R6&"" -> 3.SummaryBY C16
A9: 1 | B9: Unadjusted Costs
A10: =A9+1 -> 2 | B10: ECR High Density Letters | D10: ='3.SummaryBY'!E84 -> 25524.363 | E10: ='3.SummaryBY'!F84 -> 8302.6931 | F10: ='3.SummaryBY'!G84 -> 5898.3898 | G10: ='3.SummaryBY'!H84 -> 49231.68 | H10: ='3.SummaryBY'!I84 -> 1697.9577 | I10: ='3.SummaryBY'!J84 -> 73259.33 | J10: ='3.SummaryBY'!L84 -> 3430799.2 | K10: ='3.SummaryBY'!N84 -> 0.015400573 | L10: ='3.SummaryBY'!O84 -> 0.018303568 | M10: ='3.SummaryBY'!P84 -> 0.033704142 | N10: ='3.SummaryBY'!Q84 -> 0.025788678 | O10: ='3.SummaryBY'!R84 -> 0.05949282
A11: =A10+1 -> 3 | B11: ECR Saturation Letters | D11: ='3.SummaryBY'!E85 -> 16794.799 | E11: ='3.SummaryBY'!F85 -> 4577.5078 | F11: ='3.SummaryBY'!G85 -> 3726.6678 | G11: ='3.SummaryBY'!H85 -> 45607.5 | H11: ='3.SummaryBY'!I85 -> 1451.8367 | I11: ='3.SummaryBY'!J85 -> 56686.308 | J11: ='3.SummaryBY'!L85 -> 2586614.3 | K11: ='3.SummaryBY'!N85 -> 0.0130928 | L11: ='3.SummaryBY'!O85 -> 0.02249008 | M11: ='3.SummaryBY'!P85 -> 0.035582881 | N11: ='3.SummaryBY'!Q85 -> 0.026467196 | O11: ='3.SummaryBY'!R85 -> 0.062050077
A12: =A11+1 -> 4 | B12: ECR High Density Flats | D12: ='3.SummaryBY'!E88 -> 39792.276 | E12: ='3.SummaryBY'!F88 -> 5622.2775 | F12: ='3.SummaryBY'!G88 -> 7919.1477 | G12: ='3.SummaryBY'!H88 -> 13922.726 | H12: ='3.SummaryBY'!I88 -> 614.62965 | I12: ='3.SummaryBY'!J88 -> 71941.295 | J12: ='3.SummaryBY'!L88 -> 1307868.7 | K12: ='3.SummaryBY'!N88 -> 0.053079801 | L12: ='3.SummaryBY'!O88 -> 0.01369858 | M12: ='3.SummaryBY'!P88 -> 0.066778381 | N12: ='3.SummaryBY'!Q88 -> 0.06643173 | O12: ='3.SummaryBY'!R88 -> 0.13321011
A13: =A12+1 -> 5 | B13: ECR High Density Flats (No DAL Costs)1 | D13: ='3.SummaryBY'!E118 -> 39792.276 | E13: ='3.SummaryBY'!F118 -> 5622.2775 | F13: ='3.SummaryBY'!G118 -> 7919.1477 | G13: ='3.SummaryBY'!H118 -> 13890.69 | H13: ='3.SummaryBY'!I118 -> 613.52479 | I13: ='3.SummaryBY'!J118 -> 71608.828 | J13: ='3.SummaryBY'!L118 -> 1307868.7 | K13: ='3.SummaryBY'!N118 -> 0.053078714 | L13: ='3.SummaryBY'!O118 -> 0.01366706 | M13: ='3.SummaryBY'!P118 -> 0.066745774 | N13: ='3.SummaryBY'!Q118 -> 0.066124725 | O13: ='3.SummaryBY'!R118 -> 0.1328705
A14: =A13+1 -> 6 | B14: ECR Saturation Flats | D14: ='3.SummaryBY'!E89 -> 21534.623 | E14: ='3.SummaryBY'!F89 -> 3527.1517 | F14: ='3.SummaryBY'!G89 -> 4370.1386 | G14: ='3.SummaryBY'!H89 -> 178981.26 | H14: ='3.SummaryBY'!I89 -> 5792.0885 | I14: ='3.SummaryBY'!J89 -> 146692.44 | J14: ='3.SummaryBY'!L89 -> 6561008.2 | K14: ='3.SummaryBY'!N89 -> 0.0069084962 | L14: ='3.SummaryBY'!O89 -> 0.03510366 | M14: ='3.SummaryBY'!P89 -> 0.042012156 | N14: ='3.SummaryBY'!Q89 -> 0.027002165 | O14: ='3.SummaryBY'!R89 -> 0.069014321
A15: =A14+1 -> 7 | B15: ECR Saturation Flats (No DAL Costs)1 | D15: ='3.SummaryBY'!E111 -> 21370.171 | E15: ='3.SummaryBY'!F111 -> 3508.8054 | F15: ='3.SummaryBY'!G111 -> 4338.2632 | G15: ='3.SummaryBY'!H111 -> 176257.31 | H15: ='3.SummaryBY'!I111 -> 5705.3761 | I15: ='3.SummaryBY'!J111 -> 143097.5 | J15: ='3.SummaryBY'!L111 -> 6561008.2 | K15: ='3.SummaryBY'!N111 -> 0.0068493853 | L15: ='3.SummaryBY'!O111 -> 0.03456941 | M15: ='3.SummaryBY'!P111 -> 0.041418795 | N15: ='3.SummaryBY'!Q111 -> 0.026340433 | O15: ='3.SummaryBY'!R111 -> 0.067759228
A16: =A15+1 -> 8 | B16: Adjusted Costs
A17: =A16+1 -> 9 | B17: ECR High Density Letters | C17: ="L"&A10&" x [UDCInputs.xls] " &[1]NOTES!$A$5&" L"&[1]Inputs!A8 -> L2 x [UDCInputs.xls] Inputs L3 | D17: =D10*(1-[1]Inputs!$C$8) -> 25445.097 | E17: =E10*(1-[1]Inputs!$C$8) -> 8276.9091 | F17: =F10*(1-[1]Inputs!$C$8) -> 5880.0723 | G17: =G10*(1-[1]Inputs!$C$8) -> 49078.79 | H17: =H10*(1-[1]Inputs!$C$8) -> 1692.6846 | I17: =I10*(1-[1]Inputs!$C$8) -> 73031.823 | J17: =J10 -> 3430799.2 | K17: =SUM(D17:F17,H17)*[1]BYPBack!$D$17/J17 -> 0.015352747 | L17: =SUM(G17:G17)*[1]BYPBack!$D$17/J17 -> 0.018246727 | M17: =SUM(D17:H17)*[1]BYPBack!$D$17/J17 -> 0.033599473 | N17: =I17*[1]BYPBack!$E$17/J17 -> 0.025708591 | O17: =M17+N17 -> 0.059308065
A18: =A17+1 -> 10 | B18: ECR Saturation Letters | C18: ="L"&A11&" x [UDCInputs.xls] " &[1]NOTES!$A$5&" L"&[1]Inputs!A9 -> L3 x [UDCInputs.xls] Inputs L4 | D18: =D11*(1-[1]Inputs!$C$9) -> 15665.896 | E18: =E11*(1-[1]Inputs!$C$9) -> 4269.8195 | F18: =F11*(1-[1]Inputs!$C$9) -> 3476.1707 | G18: =G11*(1-[1]Inputs!$C$9) -> 42541.881 | H18: =H11*(1-[1]Inputs!$C$9) -> 1354.248 | I18: =I11*(1-[1]Inputs!$C$9) -> 52876 | J18: =J11 -> 2586614.3 | K18: =SUM(D18:F18,H18)*[1]BYPBack!$D$17/J18 -> 0.012212736 | L18: =SUM(G18:G18)*[1]BYPBack!$D$17/J18 -> 0.020978355 | M18: =SUM(D18:H18)*[1]BYPBack!$D$17/J18 -> 0.033191091 | N18: =I18*[1]BYPBack!$E$17/J18 -> 0.024688139 | O18: =M18+N18 -> 0.05787923
A19: =A18+1 -> 11 | B19: ECR High Density Flats | C19: ="L"&A12&" +(L"&A10&" - L"&A17&")" -> L4 +(L2 - L9) | D19: =D12+(D10-D17) -> 39871.542 | E19: =E12+(E10-E17) -> 5648.0615 | F19: =F12+(F10-F17) -> 7937.4651 | G19: =G12+(G10-G17) -> 14075.615 | H19: =H12+(H10-H17) -> 619.90267 | I19: =I12+(I10-I17) -> 72168.803 | J19: =J12 -> 1307868.7 | K19: =SUM(D19:F19,H19)*[1]BYPBack!$D$18/J19 -> 0.053206371 | L19: =SUM(G19:G19)*[1]BYPBack!$D$18/J19 -> 0.013849007 | M19: =SUM(D19:H19)*[1]BYPBack!$D$18/J19 -> 0.067055378 | N19: =I19*[1]BYPBack!$E$18/J19 -> 0.066641814 | O19: =M19+N19 -> 0.13369719
A20: =A19+1 -> 12 | B20: ECR High Density Flats (No DAL Costs)1 | C20: ="L"&A13&" +(L"&A10&" - L"&A17&")" -> L5 +(L2 - L9) | D20: =D13+(D10-D17) -> 39871.542 | E20: =E13+(E10-E17) -> 5648.0615 | F20: =F13+(F10-F17) -> 7937.4651 | G20: =G13+(G10-G17) -> 14043.58 | H20: =H13+(H10-H17) -> 618.79781 | I20: =I13+(I10-I17) -> 71836.335 | J20: =J13 -> 1307868.7 | K20: =SUM(D20:F20,H20)*[1]BYPBack!$D$18/J20 -> 0.053205284 | L20: =SUM(G20:G20)*[1]BYPBack!$D$18/J20 -> 0.013817488 | M20: =SUM(D20:H20)*[1]BYPBack!$D$18/J20 -> 0.067022772 | N20: =I20*[1]BYPBack!$E$18/J20 -> 0.066334808 | O20: =M20+N20 -> 0.13335758
A21: =A20+1 -> 13 | B21: ECR Saturation Flats | C21: ="L"&A14&" +(L"&A11&" - L"&A18&")" -> L6 +(L3 - L10) | D21: =D14+(D11-D18) -> 22663.526 | E21: =E14+(E11-E18) -> 3834.84 | F21: =F14+(F11-F18) -> 4620.6356 | G21: =G14+(G11-G18) -> 182046.88 | H21: =H14+(H11-H18) -> 5889.6772 | I21: =I14+(I11-I18) -> 150502.74 | J21: =J14 -> 6561008.2 | K21: =SUM(D21:F21,H21)*[1]BYPBack!$D$18/J21 -> 0.0072585256 | L21: =SUM(G21:G21)*[1]BYPBack!$D$18/J21 -> 0.035704921 | M21: =SUM(D21:H21)*[1]BYPBack!$D$18/J21 -> 0.042963446 | N21: =I21*[1]BYPBack!$E$18/J21 -> 0.027703541 | O21: =M21+N21 -> 0.070666987
A22: =A21+1 -> 14 | B22: ECR Saturation Flats (No DAL Costs)1 | C22: ="L"&A15&" +(L"&A11&" - L"&A18&")" -> L7 +(L3 - L10) | D22: =D15+(D11-D18) -> 22499.074 | E22: =E15+(E11-E18) -> 3816.4938 | F22: =F15+(F11-F18) -> 4588.7603 | G22: =G15+(G11-G18) -> 179322.93 | H22: =H15+(H11-H18) -> 5802.9649 | I22: =I15+(I11-I18) -> 146907.81 | J22: =J15 -> 6561008.2 | K22: =SUM(D22:F22,H22)*[1]BYPBack!$D$18/J22 -> 0.0071994147 | L22: =SUM(G22:G22)*[1]BYPBack!$D$18/J22 -> 0.035170671 | M22: =SUM(D22:H22)*[1]BYPBack!$D$18/J22 -> 0.042370086 | N22: =I22*[1]BYPBack!$E$18/J22 -> 0.02704181 | O22: =M22+N22 -> 0.069411895
A24: Table 1a: Schedule D Adjustment of ECR High Density and Saturation Letter and Flat Unit Costs
B26: USPS Marketing Mail ECR - | C26: FY25 Unit Costs
B27: ECR High Density Letters | C27: =O17*100 -> 5.9308065
B28: ECR Saturation Letters | C28: =O18*100 -> 5.787923
B29: ECR High Density Flats | C29: =O19*100 -> 13.369719
B30: ECR High Density Flats (No DAL Costs)1 | C30: =O20*100 -> 13.335758
B31: ECR Saturation Flats | C31: =O21*100 -> 7.0666987
B32: ECR Saturation Flats (No DAL Costs)1 | C32: =O22*100 -> 6.9411895
A34: Notes
A35: 1This label was previously Attached Label implying those with pieces with addresses affixed.
A36: However, this cost is the unit cost of the addressed and unaddressed flat pieces. DAL costs
A37: are not included

Sheet 2.FCSP_Let_Col_Cost_By_Indicia
A1: =[1]Inputs!$C$4 -> Unit Delivery Cost Model - 12/16/2025
A2: FIRST-CLASS SINGLE PIECE COLLECTION COSTS BY INDICIA
A5: Line No. | B5: Class, Shape, or Rate Category | C5: 6.1 In-Office Direct Labor, Casing [2] | D5: 6.1 In-Office Direct Labor, Non-Casing | E5: 6.2 In-Office Overhead, & Support Burdened on Office | F5: 7.1 Delivery Activities [3] | G5: 6.2 In-Office Support Burdened on Street | H5: 10 Rural Carriers [5] | I5: Total | J5: Permit Volume | L5: City Carrier In-Office Unit Cost | M5: City Carrier Street Unit Cost | N5: City Carrier Total Unit Cost | O5: Rural Carrier Total Unit Cost | P5: City Plus Rural Unit Cost
B6: Col. No. | C6: -1 | D6: =C6-1 -> -2 | E6: =D6-1 -> -3 | F6: =E6-1 -> -4 | G6: =F6-1 -> -5 | H6: =G6-1 -> -6 | I6: =H6-1 -> -7 | J6: =I6-1 -> -8 | L6: =J6-1 -> -9 | M6: =L6-1 -> -10 | N6: =M6-1 -> -11 | O6: =N6-1 -> -12 | P6: =O6-1 -> -13
B7: Units | C7: $(000) | D7: $(000) | E7: $(000) | F7: $(000) | G7: $(000) | H7: $(000) | I7: $(000) | J7: $(000) | L7: $(000) | M7: $(000) | N7: $(000) | O7: $(000) | P7: $(000)
A8: 1 | B8: First Class Single Piece
A9: =A8+1 -> 2 | B9: Single-Piece Letters | C9: ='3.SummaryBY'!E$10 -> 128202.82 | D9: ='3.SummaryBY'!F$10 -> 38581.942 | E9: ='3.SummaryBY'!G$10 -> 29074.787 | F9: ='3.SummaryBY'!H$10 -> 280684.85 | G9: ='3.SummaryBY'!I$10 -> 7985.5832 | H9: ='3.SummaryBY'!J$10 -> 140775.7 | I9: =SUM(C9:G9)*[1]BYPBack!$D$11+H9*[1]BYPBack!$E$11 -> 788030.23 | J9: ='3.SummaryBY'!L$10 -> 9372495.3 | L9: =SUM($C9:$E9, G9)*[1]BYPBack!$D$11/J9 -> 0.027741064 | M9: =SUM($F9:$F9)*[1]BYPBack!$D$11/J9 -> 0.038198097 | N9: =SUM($C9:$G9)*[1]BYPBack!$D$11/J9 -> 0.065939161 | O9: =H9*[1]BYPBack!$E$11/J9 -> 0.018139859 | P9: =I9/J9 -> 0.08407902
A10: 3 | B10: Single-Piece Letters Collection | C10: 0 | D10: =D13+D14 -> 1230.921 | E10: =(C10+D10)/(C9+D9)*E9 -> 214.58055 | F10: ='8.CityCosts'!$C$29+'8.CityCosts'!M11 -> 165899.21 | G10: =('8.CityCosts'!$C$29/'8.CityCosts'!$C$83*'8.CityCosts'!$C$102) -> 4186.4735 | H10: ='5.RuralCrosswalk'!$X$39 -> 7699.2631 | I10: =SUM(C10:G10)*[1]BYPBack!$D$11+H10*[1]BYPBack!$E$11 -> 228085.23 | J10: =J9 -> 9372495.3 | L10: =SUM($C10:$E10, G10)*[1]BYPBack!$D$11/J10 -> 0.00076644939 | M10: =SUM($F10:$F10)*[1]BYPBack!$D$11/J10 -> 0.022577043 | N10: =SUM($C10:$G10)*[1]BYPBack!$D$11/J10 -> 0.023343493 | O10: =H10*[1]BYPBack!$E$11/J10 -> 0.00099209982 | P10: =I10/J10 -> 0.024335593
A11: 4 | B11: Single-Piece Letters Delivery | C11: =C9-C10 -> 128202.82 | D11: =D9-D10 -> 37351.021 | E11: =E9-E10 -> 28860.206 | F11: =F9-F10 -> 114785.64 | G11: =G9-G10 -> 3799.1097 | H11: =H9-H10 -> 133076.44 | I11: =SUM(C11:G11)*[1]BYPBack!$D$11+H11*[1]BYPBack!$E$11 -> 559945 | J11: =J9 -> 9372495.3 | L11: =SUM($C11:$E11, G11)*[1]BYPBack!$D$11/J11 -> 0.026974614 | M11: =SUM($F11:$F11)*[1]BYPBack!$D$11/J11 -> 0.015621054 | N11: =SUM($C11:$G11)*[1]BYPBack!$D$11/J11 -> 0.042595668 | O11: =H11*[1]BYPBack!$E$11/J11 -> 0.01714776 | P11: =I11/J11 -> 0.059743428
A13: 5 | B13: Single-Piece Letters Stamped | D13: =[1]FCByIndicia!$C$10/1000 -> 0 | E13: =D13/D10*E10 -> 0 | F13: =F$10*$J13/$J$10 -> 96863.451 | G13: =G$10*$J13/$J$10 -> 2444.3533 | H13: =H$10*$J13/$J$10 -> 4495.3632 | I13: =SUM(C13:G13)*[1]BYPBack!$D$11+H13*[1]BYPBack!$E$11 -> 132095.46 | J13: =J11-SUM(J14:J15) -> 5472312.1 | L13: =SUM($C13:$E13, G13)*[1]BYPBack!$D$11/J13 -> 0.00056973265 | M13: =SUM($F13:$F13)*[1]BYPBack!$D$11/J13 -> 0.022577043 | N13: =SUM($C13:$G13)*[1]BYPBack!$D$11/J13 -> 0.023146776 | O13: =H13*[1]BYPBack!$E$11/J13 -> 0.00099209982 | P13: =I13/J13 -> 0.024138876
A14: 6 | B14: Single-Piece Letters Metered | D14: =[1]FCByIndicia!$C$11/1000 -> 1230.921 | E14: =D14/D10*E10 -> 214.58055 | F14: =F$10*$J14/$J$10 -> 68878.864 | G14: =G$10*$J14/$J$10 -> 1738.161 | H14: =H$10*$J14/$J$10 -> 3196.6186 | I14: =SUM(C14:G14)*[1]BYPBack!$D$11+H14*[1]BYPBack!$E$11 -> 95775.807 | J14: =[1]FCByIndicia!$F$11 -> 3891319.6 | L14: =SUM($C14:$E14, G14)*[1]BYPBack!$D$11/J14 -> 0.0010435377 | M14: =SUM($F14:$F14)*[1]BYPBack!$D$11/J14 -> 0.022577043 | N14: =SUM($C14:$G14)*[1]BYPBack!$D$11/J14 -> 0.023620581 | O14: =H14*[1]BYPBack!$E$11/J14 -> 0.00099209982 | P14: =I14/J14 -> 0.024612681
A15: 7 | B15: Single-Piece Letters Other | F15: =F$10*$J15/$J$10 -> 156.89189 | G15: =G$10*$J15/$J$10 -> 3.9591734 | H15: =H$10*$J15/$J$10 -> 7.2812398 | I15: =SUM(C15:G15)*[1]BYPBack!$D$11+H15*[1]BYPBack!$E$11 -> 213.95796 | J15: =[1]FCByIndicia!$F$12 -> 8863.6257 | L15: =SUM($C15:$E15, G15)*[1]BYPBack!$D$11/J15 -> 0.00056973265 | M15: =SUM($F15:$F15)*[1]BYPBack!$D$11/J15 -> 0.022577043 | N15: =SUM($C15:$G15)*[1]BYPBack!$D$11/J15 -> 0.023146776 | O15: =H15*[1]BYPBack!$E$11/J15 -> 0.00099209982 | P15: =I15/J15 -> 0.024138876
A18: Source for C/S 6 Collection: IOCS | B18: Q16F05 = 'Y' | C18: Handling Collection Mail | L18: FC SP Metered Collection * 0.6 (Per Order 1320) | P18: =P14*0.6 -> 0.014767609
B19: Q16B01C = 'B' | C19: On Collection Route
B20: Q16E01 = 'C' | C20: AMS Route Number = Collection Route
A22: *Categories
A23: Stamped:
A24: Stamped
A25: PVI
A26: Metered:
A27: Metered
A28: IBI
A29: Permit imprint
A30: Other:
A31: Other

Sheet 3.SummaryBY
A1: =[1]Inputs!$C$4 -> Unit Delivery Cost Model - 12/16/2025
A2: DEVELOPMENT OF UNIT DELIVERY COSTS
A3: =[1]Inputs!$C$6 -> FY 2025
A5: Line No. | B5: Class, Shape, or Rate Category | C5: %DPS | D5: 6.1 Unit Cost [1] | E5: 6.1 In-Office Direct Labor, Casing [2] | F5: 6.1 In-Office Direct Labor, Non-Casing | G5: 6.2 In-Office Overhead, & Support Burdened on Office | H5: 7.2 Delivery Activities [3] | I5: 6.2 In-Office Support Burdened on Street | J5: 10 Rural Carriers [5] | K5: Total | L5: RPW Volume | M5: RPW Volume Percentages | N5: City Carrier In-Office Unit Cost | O5: City Carrier Street Unit Cost | P5: City Carrier Total Unit Cost | Q5: Rural Carrier Total Unit Cost | R5: City Plus Rural Unit Cost
B6: Col. No. | C6: -1 | D6: =C6-1 -> -2 | E6: =D6-1 -> -3 | F6: =E6-1 -> -4 | G6: =F6-1 -> -5 | H6: =G6-1 -> -6 | I6: =H6-1 -> -7 | J6: =I6-1 -> -8 | K6: =J6-1 -> -9 | ... R6: =Q6-1 -> -16
B7: Units | E7: $(000) | F7: $(000) | G7: $(000) | H7: $(000) | I7: $(000) | J7: $(000) | K7: $(000) | L7: $(000)
B8: FIRST-CLASS SINGLE PIECE Source / Calculations | C8: =NOTES!A14&" C"&-'10.In-Office Detail'!C14 -> 10.In-OfficeDetail C9 | D8: ="L"&$A10&"..L"&$A118&" = (C"&-E6&"+C"&-F6&")/C"&-L6 -> L2..L95 = (C3+C4)/C10 | E8: ="L"&$A10&" ,L"&$A15&" from [UDCInputs.xls] CARMMCasing and FCByIndicia" -> L2 ,L7 from [UDCInputs.xls] CARMMCasing and FCByIndicia | F8: ="L"&$A10&" ,L"&$A15&" from [UDCInputs.xls] CARMMCasing and FCByIndicia" -> L2 ,L7 from [UDCInputs.xls] CARMMCasing and FCByIndicia | G8: ="L"&$A10&" ,L"&$A15&" from [UDCInputs.xls] 7.0.6 and CS6&7 CRA" -> L2 ,L7 from [UDCInputs.xls] 7.0.6 and CS6&7 CRA | H8: ="L"&$A10&" ,L"&$A15&".. from [UDCInputs.xls] 7.0.6" -> L2 ,L7.. from [UDCInputs.xls] 7.0.6 | I8: ="L"&$A10&" ,L"&$A15&".. from [UDCInputs.xls] 7.0.6" -> L2 ,L7.. from [UDCInputs.xls] 7.0.6 | J8: ="L"&$A10&" ,L"&$A15&".. from [UDCInputs.xls] Rural Costs" -> L2 ,L7.. from [UDCInputs.xls] Rural Costs | K8: ="L"&$A10&"..L"&$A118&" = (C"&-E6&"..C"&-I6&" x [UDCInputs.xls] " &[1]NOTES!$A$23&" C"&-[1]BYPBack!$E$7 & ") + (C"&-J6&" x [UDCInputs.xls] " &[1]NOTES!$A$23&" C"&-[1]BYPBack!$F$7&")" -> L2..L95 = (C3..C7 x [UDCInputs.xls] RPWShape C2) + (C8 x [UDCInputs.xls] RPWShape C0) | L8: ="[UDCInputs.xls] RPWShape and FCByIndicia" -> [UDCInputs.xls] RPWShape and FCByIndicia | N8: ="L"&$A10&"..L"&$A118&" = C"&-E6&"..C"&-G6&", C"&-I6&" x [UDCInputs.xls] " &[1]NOTES!$A$23&" C"&-[1]BYPBack!$E$7 -> L2..L95 = C3..C5, C7 x [UDCInputs.xls] RPWShape C2 | O8: ="L"&$A10&"..L"&$A118&" = C"&-H6&"..C"&" x [UDCInputs.xls] " &[1]NOTES!$A$23&" C"&-[1]BYPBack!$E$7 -> L2..L95 = C6..C x [UDCInputs.xls] RPWShape C2 | P8: ="L"&$A10&"..L"&$A118&" = C"&-E6&"..C"&-I6&" x [UDCInputs.xls] " &[1]NOTES!$A$23&" C"&-[1]BYPBack!$E$7 -> L2..L95 = C3..C7 x [UDCInputs.xls] RPWShape C2 | Q8: ="L"&$A10&"..L"&$A118&" = C"&-J6&" x [UDCInputs.xls] " &[1]NOTES!$A$23&" C"&-[1]BYPBack!$F$7 -> L2..L95 = C8 x [UDCInputs.xls] RPWShape C0 | R8: ="C"&-K6&" / C"&-L6 -> C9 / C10
A9: 1 | B9: First Class Single Piece
A10: =A9+1 -> 2 | B10: Single-Piece Letters | D10: =(E10+F10)/L10 -> 0.017795129 | E10: =[1]CARMMCasing!$D$10 -> 128202.82 | F10: =[1]CARMMCasing!$E$10 -> 38581.942 | G10: ='[1]7.0.6'!$I$10+'[1]CS6&7 CRA'!$D$11 -> 29074.787 | H10: ='[1]7.0.6'!$L$10 -> 280684.85 | I10: ='[1]7.0.6'!$J$10 -> 7985.5832 | J10: =[1]RuralCosts!$P$11 -> 140775.7 | K10: =SUM(E10:I10)*[1]BYPBack!$D$11+J10*[1]BYPBack!$E$11 -> 788030.23 | L10: =[1]RPWShape!$C$10 -> 9372495.3 | N10: =SUM($E10:$G10,I10)*[1]BYPBack!$D$11/L10 -> 0.027741064 | O10: =SUM($H10:$H10)*[1]BYPBack!$D$11/L10 -> 0.038198097 | P10: =SUM($E10:$I10)*[1]BYPBack!$D$11/L10 -> 0.065939161 | Q10: =J10*[1]BYPBack!$E$11/L10 -> 0.018139859 | R10: =K10/L10 -> 0.08407902
A11: =A10+1 -> 3 | B11: Stamped | D11: =(E11+F11)/L11 -> 0.01341031 | E11: =[1]FCByIndicia!$E10/1000 -> 57740.257 | F11: =([1]FCByIndicia!$D10-[1]FCByIndicia!$E10)/1000 -> 15645.165 | G11: =$G$10*(E11+F11)/(E$10+F$10) -> 12792.928 | H11: ='2.FCSP_Let_Col_Cost_By_Indicia'!F11*[1]FCByIndicia!$I$10+'2.FCSP_Let_Col_Cost_By_Indicia'!F13 -> 149970.8 | I11: ='2.FCSP_Let_Col_Cost_By_Indicia'!G$11*[1]FCByIndicia!$I10+'2.FCSP_Let_Col_Cost_By_Indicia'!G13 -> 4202.0701 | J11: =J$10*[1]FCByIndicia!$K10 -> 73213.061 | K11: =SUM(E11:I11)*[1]BYPBack!$D$11+J11*[1]BYPBack!$E$11 -> 394986.14 | L11: =[1]FCByIndicia!$F10 -> 5472313.8 | N11: =SUM($E11:$G11,I11)*[1]BYPBack!$D$11/L11 -> 0.021065965 | O11: =SUM($H11:$H11)*[1]BYPBack!$D$11/L11 -> 0.034955355 | P11: =SUM($E11:$I11)*[1]BYPBack!$D$11/L11 -> 0.05602132 | Q11: =J11*[1]BYPBack!$E$11/L11 -> 0.016157681 | R11: =K11/L11 -> 0.072179001
A12: =A11+1 -> 4 | B12: Metered | D12: =(E12+F12)/L12 -> 0.023919684 | E12: =[1]FCByIndicia!$E11/1000 -> 70175.815 | F12: =([1]FCByIndicia!$D11-[1]FCByIndicia!$E11)/1000 -> 22903.32 | G12: =$G$10*(E12+F12)/(E$10+F$10) -> 16226.039 | H12: ='2.FCSP_Let_Col_Cost_By_Indicia'!F$11*[1]FCByIndicia!$I11+'2.FCSP_Let_Col_Cost_By_Indicia'!F14 -> 130321.63 | I12: ='2.FCSP_Let_Col_Cost_By_Indicia'!G$11*[1]FCByIndicia!$I11+'2.FCSP_Let_Col_Cost_By_Indicia'!G14 -> 3771.7587 | J12: =J$10*[1]FCByIndicia!$K11 -> 67290.602 | K12: =SUM(E12:I12)*[1]BYPBack!$D$11+J12*[1]BYPBack!$E$11 -> 391720.41 | L12: =[1]FCByIndicia!$F11 -> 3891319.6 | N12: =SUM($E12:$G12,I12)*[1]BYPBack!$D$11/L12 -> 0.037064241 | O12: =SUM($H12:$H12)*[1]BYPBack!$D$11/L12 -> 0.04271669 | P12: =SUM($E12:$I12)*[1]BYPBack!$D$11/L12 -> 0.079780931 | Q12: =J12*[1]BYPBack!$E$11/L12 -> 0.020884254 | R12: =K12/L12 -> 0.10066519
A13: =A12+1 -> 5 | B13: Other | D13: =(E13+F13)/L13 -> 0.03612583 | E13: =[1]FCByIndicia!$E12/1000 -> 286.74989 | F13: =([1]FCByIndicia!$D12-[1]FCByIndicia!$E12)/1000 -> 33.455951 | G13: =$G$10*(E13+F13)/(E$10+F$10) -> 55.819946 | H13: ='2.FCSP_Let_Col_Cost_By_Indicia'!F$11*[1]FCByIndicia!$I12+'2.FCSP_Let_Col_Cost_By_Indicia'!F15 -> 392.41628 | I13: ='2.FCSP_Let_Col_Cost_By_Indicia'!G$11*[1]FCByIndicia!$I12+'2.FCSP_Let_Col_Cost_By_Indicia'!G15 -> 11.754426 | J13: =J$10*[1]FCByIndicia!$K12 -> 272.04014 | K13: =SUM(E13:I13)*[1]BYPBack!$D$11+J13*[1]BYPBack!$E$11 -> 1323.6796 | L13: =[1]FCByIndicia!$F12 -> 8863.6257 | N13: =SUM($E13:$G13,I13)*[1]BYPBack!$D$11/L13 -> 0.055802317 | O13: =SUM($H13:$H13)*[1]BYPBack!$D$11/L13 -> 0.056469456 | P13: =SUM($E13:$I13)*[1]BYPBack!$D$11/L13 -> 0.11227177 | Q13: =J13*[1]BYPBack!$E$11/L13 -> 0.037066623 | R13: =K13/L13 -> 0.1493384
A14: =A13+1 -> 6 | B14: Single-Piece Flats | D14: =(E14+F14)/L14 -> 0.15657893 | E14: =[1]CARMMCasing!$D$14 -> 50210.998 | F14: =[1]CARMMCasing!$E$14 -> 13557.658 | G14: ='[1]7.0.6'!$I$14+'[1]CS6&7 CRA'!$D$15 -> 11118.418 | H14: ='[1]7.0.6'!$L$14 -> 11610.129 | I14: ='[1]7.0.6'!$J$14 -> 327.95718 | J14: =[1]RuralCosts!$P15 -> 18222.698 | K14: =SUM(E14:I14)*[1]BYPBack!$D$15+J14*[1]BYPBack!$E$15 -> 128085.08 | L14: =[1]RPWShape!$D$14 -> 407262.06 | N14: =SUM($E14:$G14,I14)*[1]BYPBack!$D$15/L14 -> 0.22563579 | O14: =SUM($H14:$H14)*[1]BYPBack!$D$15/L14 -> 0.034828952 | P14: =SUM($E14:$I14)*[1]BYPBack!$D$15/L14 -> 0.26046475 | Q14: =J14*[1]BYPBack!$E$15/L14 -> 0.054038114 | R14: =K14/L14 -> 0.31450286
A15: =A14+1 -> 7 | B15: First-Class Single-Piece BY* | D15: =(E15+F15)/L15 -> 0.023574554 | E15: =E10+E14 -> 178413.82 | F15: =F10+F14 -> 52139.6 | G15: =G10+G14 -> 40193.205 | H15: =H10+H14 -> 292294.98 | I15: =I10+I14 -> 8313.5404 | J15: =J10+J14 -> 158998.4 | K15: =K10+K14 -> 916115.31 | L15: =L10+L14 -> 9779757.4 | N15: =SUMPRODUCT(N10:N14,$L10:$L14)/SUM($L10:$L14) -> 0.031949183 | O15: =SUMPRODUCT(O10:O14,$L10:$L14)/SUM($L10:$L14) -> 0.038126451 | P15: =SUMPRODUCT(P10:P14,$L10:$L14)/SUM($L10:$L14) -> 0.070075634 | Q15: =SUMPRODUCT(Q10:Q14,$L10:$L14)/SUM($L10:$L14) -> 0.018903214 | R15: =K15/L15 -> 0.093674646
B16: FIRST-CLASS PRESORT Source / Calculations | E16: ="L"&A17&".. L"&A31&" from "&NOTES!A14&" C"&-'10.In-Office Detail'!E14& "; L"&$A32&"..L"&A33&" from [UDCInputs.xls] CARMMCasing" -> L8.. L22 from 10.In-OfficeDetail C11; L23..L24 from [UDCInputs.xls] CARMMCasing | F16: ="L"&A17&".. L"&A31&" from "&NOTES!A14&" C"&-'10.In-Office Detail'!G$14&"; L"&$A32&"..L"&A33&" from [UDCInputs.xls] CARMMCasing" -> L8.. L22 from 10.In-OfficeDetail C13; L23..L24 from [UDCInputs.xls] CARMMCasing | G16: ="L"&A17&"..L"&A31&" = (C"&-E$6&"..C"&-F$6&") / (L"&A32&" C"&-E6&"..C"&-F$6&") x C"&-G$6&"L"&A32& "; L"&$A32&"..L"&A33&" from [UDCInputs.xls] 7.0.6 and CS6&7 CRA" -> L8..L22 = (C3..C4) / (L23 C3..C4) x C5L23; L23..L24 from [UDCInputs.xls] 7.0.6 and CS6&7 CRA | H16: ="L"&A17&"..L"&A31&" = C"&-$L$6&"L{i}/C"&-$L$6&"L"&$A$32&" x C"&-H$6&"L"&$A$32& "; L"&$A$32&"..L"&A33&" from [UDCInputs.xls] 7.0.6" -> L8..L22 = C10L{i}/C10L23 x C6L23; L23..L24 from [UDCInputs.xls] 7.0.6 | I16: ="L"&A17&"..L"&A31&" = C"&-$L6&"L{i}/C"&-$L6&"L"&$A32&" x C"&-I6&"L"&$A32& "; L"&$A32&"..L"&A33&" from [UDCInputs.xls] 7.0.6" -> L8..L22 = C10L{i}/C10L23 x C7L23; L23..L24 from [UDCInputs.xls] 7.0.6 | J16: ="L"&A17&"..L"&A31&" = from "&NOTES!A11&" C"&-'7.RuralDisagg'!O$6&"; L"&A32&"..L"&A33&" from [UDCInputs.xls] Rural Costs" -> L8..L22 = from 7.RuralDisagg C12; L23..L24 from [UDCInputs.xls] Rural Costs | L16: ="L"&A17&"..L"&A31&" = from [UDCInputs.xls] "& [1]NOTES!$A$24&"; L"&A33&" from [UDCInputs.xls] RPWShape" -> L8..L22 = from [UDCInputs.xls] DALs; L24 from [UDCInputs.xls] RPWShape | M16: ="L"&A17&"..L"&A31&" = C"&-L6&"L{i} / C"&-L6&"L"&A32 -> L8..L22 = C10L{i} / C10L23
A17: =A15+1 -> 8 | B17: First Class Presort
A18: =A17+1 -> 9 | B18: Nonautomation -- Nonmach Mixed ADC | C18: ='10.In-Office Detail'!C18 -> 0 | E18: ='10.In-Office Detail'!E18 -> 300.52866 | F18: ='10.In-Office Detail'!G18 -> 5.8717995 | G18: =(SUM(E18:F18)/SUM(E$32:F$32))*G$32 -> 53.414262 | H18: =L18/L$32*H$32 -> 32.386144 | I18: =$L18/$L$32*I$32 -> 1.0756071 | J18: ='7.RuralDisagg'!O10 -> 111.82531 | K18: =SUM(E18:I18)*[1]BYPBack!$D$13+J18*[1]BYPBack!$E$13 -> 632.67681 | L18: ='[1]DPS%'!$E8 -> 2226.152 | M18: ='3.SummaryBY'!L18/'3.SummaryBY'!L$32 -> 7.6422702e-05 | N18: =SUM($E18:$G18,I18)*[1]BYPBack!$D$13/L18 -> 0.20512772 | O18: =SUM($H18:$H18)*[1]BYPBack!$D$13/L18 -> 0.018408073 | P18: =SUM($E18:$I18)*[1]BYPBack!$D$13/L18 -> 0.22353579 | Q18: =R18-P18 -> 0.060666193 | R18: =K18/L18 -> 0.28420198
A19: =A18+1 -> 10 | B19: Nonautomation -- Nonmach ADC | C19: ='10.In-Office Detail'!C19 -> 0 | E19: ='10.In-Office Detail'!E19 -> 0 | F19: ='10.In-Office Detail'!G19 -> 0 | G19: =(SUM(E19:F19)/SUM(E$32:F$32))*G$32 -> 0 | H19: =L19/L$32*H$32 -> 0 | I19: =$L19/$L$32*I$32 -> 0 | J19: ='7.RuralDisagg'!O11 -> 0 | K19: =SUM(E19:I19)*[1]BYPBack!$D$13+J19*[1]BYPBack!$E$13 -> 0 | L19: ='[1]DPS%'!$E9 -> 0 | M19: ='3.SummaryBY'!L19/'3.SummaryBY'!L$32 -> 0 | N19: =IFERROR(SUM($E19:$G19,I19)*[1]BYPBack!$D$13/L19,0) -> 0 | O19: =IFERROR(SUM($H19:$H19)*[1]BYPBack!$D$13/L19,0) -> 0 | P19: =IFERROR(SUM($E19:$I19)*[1]BYPBack!$D$13/L19,0) -> 0 | Q19: =R19-P19 -> 0 | R19: =IFERROR(K19/L19,0) -> 0
A20: =A19+1 -> 11 | B20: Nonautomation -- Mach Mixed AADC | C20: ='10.In-Office Detail'!C20 -> 0.85382551 | E20: ='10.In-Office Detail'!E20 -> 3259.4459 | F20: ='10.In-Office Detail'!G20 -> 435.66986 | G20: =(SUM(E20:F20)/SUM(E$32:F$32))*G$32 -> 644.16313 | H20: =L20/L$32*H$32 -> 2402.9545 | I20: =$L20/$L$32*I$32 -> 79.806811 | J20: ='7.RuralDisagg'!O12 -> 2782.3932 | K20: =SUM(E20:I20)*[1]BYPBack!$D$13+J20*[1]BYPBack!$E$13 -> 11992.449 | L20: ='[1]DPS%'!$E10 -> 165173.78 | M20: ='3.SummaryBY'!L20/'3.SummaryBY'!L$32 -> 0.0056703346 | N20: =SUM($E20:$G20,I20)*[1]BYPBack!$D$13/L20 -> 0.033852849 | O20: =SUM($H20:$H20)*[1]BYPBack!$D$13/L20 -> 0.018408073 | P20: =SUM($E20:$I20)*[1]BYPBack!$D$13/L20 -> 0.052260922 | Q20: =R20-P20 -> 0.020344117 | R20: =K20/L20 -> 0.072605039
A21: =A20+1 -> 12 | B21: Nonautomation -- Mach AADC | C21: ='10.In-Office Detail'!C21 -> 0.90229116 | E21: ='10.In-Office Detail'!E21 -> 4362.1545 | F21: ='10.In-Office Detail'!G21 -> 872.27317 | G21: =(SUM(E21:F21)/SUM(E$32:F$32))*G$32 -> 912.5087 | H21: =L21/L$32*H$32 -> 4811.0574 | I21: =$L21/$L$32*I$32 -> 159.78461 | J21: ='7.RuralDisagg'!O13 -> 4944.015 | K21: =SUM(E21:I21)*[1]BYPBack!$D$13+J21*[1]BYPBack!$E$13 -> 20038.582 | L21: ='[1]DPS%'!$E11 -> 330701.46 | M21: ='3.SummaryBY'!L21/'3.SummaryBY'!L$32 -> 0.011352818 | N21: =SUM($E21:$G21,I21)*[1]BYPBack!$D$13/L21 -> 0.024130783 | O21: =SUM($H21:$H21)*[1]BYPBack!$D$13/L21 -> 0.018408073 | P21: =SUM($E21:$I21)*[1]BYPBack!$D$13/L21 -> 0.042538856 | Q21: =R21-P21 -> 0.018055317 | R21: =K21/L21 -> 0.060594173
A22: =A21+1 -> 13 | B22: Nonautomation -- Nonmach 3-Digit | C22: ='10.In-Office Detail'!C22 -> 0 | E22: ='10.In-Office Detail'!E22 -> 229.60861 | F22: ='10.In-Office Detail'!G22 -> 4.4861468 | G22: =(SUM(E22:F22)/SUM(E$32:F$32))*G$32 -> 40.809333 | H22: =L22/L$32*H$32 -> 24.743521 | I22: =$L22/$L$32*I$32 -> 0.82178066 | J22: ='7.RuralDisagg'!O14 -> 85.436288 | K22: =SUM(E22:I22)*[1]BYPBack!$D$13+J22*[1]BYPBack!$E$13 -> 483.37499 | L22: ='[1]DPS%'!$E12 -> 1700.815 | M22: ='3.SummaryBY'!L22/'3.SummaryBY'!L$32 -> 5.8388141e-05 | N22: =SUM($E22:$G22,I22)*[1]BYPBack!$D$13/L22 -> 0.20512772 | O22: =SUM($H22:$H22)*[1]BYPBack!$D$13/L22 -> 0.018408073 | P22: =SUM($E22:$I22)*[1]BYPBack!$D$13/L22 -> 0.22353579 | Q22: =R22-P22 -> 0.060666193 | R22: =K22/L22 -> 0.28420198
A23: =A22+1 -> 14 | B23: Nonautomation -- Nonmach 5-Digit | C23: ='10.In-Office Detail'!C23 -> 0 | E23: ='10.In-Office Detail'!E23 -> 174.83809 | F23: ='10.In-Office Detail'!G23 -> 3.4160277 | G23: =(SUM(E23:F23)/SUM(E$32:F$32))*G$32 -> 31.074732 | H23: =L23/L$32*H$32 -> 18.841237 | I23: =$L23/$L$32*I$32 -> 0.62575427 | J23: ='7.RuralDisagg'!O15 -> 65.056437 | K23: =SUM(E23:I23)*[1]BYPBack!$D$13+J23*[1]BYPBack!$E$13 -> 368.07141 | L23: ='[1]DPS%'!$E13 -> 1295.105 | M23: ='3.SummaryBY'!L23/'3.SummaryBY'!L$32 -> 4.4460317e-05 | N23: =SUM($E23:$G23,I23)*[1]BYPBack!$D$13/L23 -> 0.20512772 | O23: =SUM($H23:$H23)*[1]BYPBack!$D$13/L23 -> 0.018408073 | P23: =SUM($E23:$I23)*[1]BYPBack!$D$13/L23 -> 0.22353579 | Q23: =R23-P23 -> 0.060666193 | R23: =K23/L23 -> 0.28420198
A24: =A23+1 -> 15 | B24: Nonautomation -- Mach 3-Digit | C24: ='10.In-Office Detail'!C24 -> 0.90229116 | E24: ='10.In-Office Detail'!E24 -> 0 | F24: ='10.In-Office Detail'!G24 -> 0 | G24: =(SUM(E24:F24)/SUM(E$32:F$32))*G$32 -> 0 | H24: =L24/L$32*H$32 -> 0 | I24: =$L24/$L$32*I$32 -> 0 | J24: ='7.RuralDisagg'!O16 -> 0 | K24: =SUM(E24:I24)*[1]BYPBack!$D$13+J24*[1]BYPBack!$E$13 -> 0 | L24: ='[1]DPS%'!$E14 -> 0 | M24: ='3.SummaryBY'!L24/'3.SummaryBY'!L$32 -> 0 | N24: =IFERROR(SUM($E24:$G24,I24)*[1]BYPBack!$D$13/L24,0) -> 0 | O24: =IFERROR(SUM($H24:$H24)*[1]BYPBack!$D$13/L24,0) -> 0 | P24: =IFERROR(SUM($E24:$I24)*[1]BYPBack!$D$13/L24,0) -> 0 | Q24: =R24-P24 -> 0 | R24: =IFERROR(K24/L24,0) -> 0
A25: =A24+1 -> 16 | B25: Nonautomation -- Mach 5-Digit | C25: ='10.In-Office Detail'!C25 -> 0.90229116 | E25: ='10.In-Office Detail'!E25 -> 0 | F25: ='10.In-Office Detail'!G25 -> 0 | G25: =(SUM(E25:F25)/SUM(E$32:F$32))*G$32 -> 0 | H25: =L25/L$32*H$32 -> 0 | I25: =$L25/$L$32*I$32 -> 0 | J25: ='7.RuralDisagg'!O17 -> 0 | K25: =SUM(E25:I25)*[1]BYPBack!$D$13+J25*[1]BYPBack!$E$13 -> 0 | L25: ='[1]DPS%'!$E15 -> 0 | M25: ='3.SummaryBY'!L25/'3.SummaryBY'!L$32 -> 0 | N25: =IFERROR(SUM($E25:$G25,I25)*[1]BYPBack!$D$13/L25,0) -> 0 | O25: =IFERROR(SUM($H25:$H25)*[1]BYPBack!$D$13/L25,0) -> 0 | P25: =IFERROR(SUM($E25:$I25)*[1]BYPBack!$D$13/L25,0) -> 0 | Q25: =R25-P25 -> 0 | R25: =IFERROR(K25/L25,0) -> 0
A26: =A25+1 -> 17 | B26: Automation Mixed AADC | C26: ='10.In-Office Detail'!C26 -> 0.86458015 | E26: ='10.In-Office Detail'!E26 -> 23250.891 | F26: ='10.In-Office Detail'!G26 -> 3354.6142 | G26: =(SUM(E26:F26)/SUM(E$32:F$32))*G$32 -> 4638.0916 | H26: =L26/L$32*H$32 -> 18502.508 | I26: =$L26/$L$32*I$32 -> 614.50443 | J26: ='7.RuralDisagg'!O18 -> 20889.296 | K26: =SUM(E26:I26)*[1]BYPBack!$D$13+J26*[1]BYPBack!$E$13 -> 88950.946 | L26: ='[1]DPS%'!$E16 -> 1271821.6 | M26: ='3.SummaryBY'!L26/'3.SummaryBY'!L$32 -> 0.043661008 | N26: =SUM($E26:$G26,I26)*[1]BYPBack!$D$13/L26 -> 0.031695501 | O26: =SUM($H26:$H26)*[1]BYPBack!$D$13/L26 -> 0.018408073 | P26: =SUM($E26:$I26)*[1]BYPBack!$D$13/L26 -> 0.050103574 | Q26: =R26-P26 -> 0.019836227 | R26: =K26/L26 -> 0.069939801
A27: =A26+1 -> 18 | B27: Automation AADC | C27: ='10.In-Office Detail'!C27 -> 0.89522961 | E27: ='10.In-Office Detail'!E27 -> 85121.398 | F27: ='10.In-Office Detail'!G27 -> 15873.967 | G27: =(SUM(E27:F27)/SUM(E$32:F$32))*G$32 -> 17606.347 | H27: =L27/L$32*H$32 -> 87553.499 | I27: =$L27/$L$32*I$32 -> 2907.8227 | J27: ='7.RuralDisagg'!O19 -> 91634.926 | K27: =SUM(E27:I27)*[1]BYPBack!$D$13+J27*[1]BYPBack!$E$13 -> 375201.9 | L27: ='[1]DPS%'!$E17 -> 6018234.2 | M27: ='3.SummaryBY'!L27/'3.SummaryBY'!L$32 -> 0.20660302 | N27: =SUM($E27:$G27,I27)*[1]BYPBack!$D$13/L27 -> 0.025547311 | O27: =SUM($H27:$H27)*[1]BYPBack!$D$13/L27 -> 0.018408073 | P27: =SUM($E27:$I27)*[1]BYPBack!$D$13/L27 -> 0.043955384 | Q27: =R27-P27 -> 0.0183888 | R27: =K27/L27 -> 0.062344184
A28: =A27+1 -> 19 | B28: Auto 3-Digit Letters | C28: ='10.In-Office Detail'!C28 -> 0.88352278 | E28: ='10.In-Office Detail'!E28 -> 0 | F28: ='10.In-Office Detail'!G28 -> 0 | G28: =(SUM(E28:F28)/SUM(E$32:F$32))*G$32 -> 0 | H28: =L28/L$32*H$32 -> 0 | I28: =$L28/$L$32*I$32 -> 0 | J28: ='7.RuralDisagg'!O20 -> 0 | K28: =SUM(E28:I28)*[1]BYPBack!$D$13+J28*[1]BYPBack!$E$13 -> 0 | L28: ='[1]DPS%'!$E18 -> 0 | M28: ='3.SummaryBY'!L28/'3.SummaryBY'!L$32 -> 0
A29: =A28+1 -> 20 | B29: Auto 5-Digit Letters CSBCS/Manual Sites | C29: ='10.In-Office Detail'!C29 -> 0 | E29: ='10.In-Office Detail'!E29 -> 101301.45 | F29: ='10.In-Office Detail'!G29 -> 1979.2515 | G29: =(SUM(E29:F29)/SUM(E$32:F$32))*G$32 -> 18004.746 | H29: =L29/L$32*H$32 -> 10916.641 | I29: =$L29/$L$32*I$32 -> 362.56295 | J29: ='7.RuralDisagg'!O21 -> 37693.797 | K29: =SUM(E29:I29)*[1]BYPBack!$D$13+J29*[1]BYPBack!$E$13 -> 213261.12 | L29: ='[1]DPS%'!$E19 -> 750385.77 | M29: ='3.SummaryBY'!L29/'3.SummaryBY'!L$32 -> 0.025760374 | N29: =SUM($E29:$G29,I29)*[1]BYPBack!$D$13/L29 -> 0.20512772 | O29: =SUM($H29:$H29)*[1]BYPBack!$D$13/L29 -> 0.018408073 | P29: =SUM($E29:$I29)*[1]BYPBack!$D$13/L29 -> 0.22353579 | Q29: =R29-P29 -> 0.060666193 | R29: =K29/L29 -> 0.28420198
A30: =A29+1 -> 21 | B30: Auto 5-Digit Letters Other Sites | C30: ='10.In-Office Detail'!C30 -> 0.97585901 | E30: ='10.In-Office Detail'!E30 -> 67096.314 | F30: ='10.In-Office Detail'!G30 -> 54303.633 | G30: =(SUM(E30:F30)/SUM(E$32:F$32))*G$32 -> 21163.442 | H30: =L30/L$32*H$32 -> 299513.85 | I30: =$L30/$L$32*I$32 -> 9947.44 | J30: ='7.RuralDisagg'!O22 -> 248565.11 | K30: =SUM(E30:I30)*[1]BYPBack!$D$13+J30*[1]BYPBack!$E$13 -> 872154.26 | L30: ='[1]DPS%'!$E20 -> 20587921 | M30: ='3.SummaryBY'!L30/'3.SummaryBY'!L$32 -> 0.70677318 | N30: =SUM($E30:$G30,I30)*[1]BYPBack!$D$13/L30 -> 0.0093732912 | O30: =SUM($H30:$H30)*[1]BYPBack!$D$13/L30 -> 0.018408073 | P30: =SUM($E30:$I30)*[1]BYPBack!$D$13/L30 -> 0.027781364 | Q30: =R30-P30 -> 0.014581061 | R30: =K30/L30 -> 0.042362425
A31: =A30+1 -> 22 | B31: Auto 5-Digit Letters | C31: ='10.In-Office Detail'!C31 -> 0.94154182 | E31: ='10.In-Office Detail'!E31 -> 168397.77 | F31: ='10.In-Office Detail'!G31 -> 56282.885 | G31: =(SUM(E31:F31)/SUM(E$32:F$32))*G$32 -> 39168.189 | H31: =L31/L$32*H$32 -> 310430.49 | I31: =$L31/$L$32*I$32 -> 10310.003 | J31: ='7.RuralDisagg'!O23 -> 286258.91 | K31: =SUM(E31:I31)*[1]BYPBack!$D$13+J31*[1]BYPBack!$E$13 -> 1085415.4 | L31: ='[1]DPS%'!$E21 -> 21338307 | M31: ='3.SummaryBY'!L31/'3.SummaryBY'!L$32 -> 0.73253355 | N31: =SUM($E31:$G31,I31)*[1]BYPBack!$D$13/L31 -> 0.016257218 | O31: =SUM($H31:$H31)*[1]BYPBack!$D$13/L31 -> 0.018408073 | P31: =SUM($E31:$I31)*[1]BYPBack!$D$13/L31 -> 0.034665291 | Q31: =R31-P31 -> 0.016201697 | R31: =K31/L31 -> 0.050866988
A32: =A31+1 -> 23 | B32: Presort Letters Subtotal* | C32: ='10.In-Office Detail'!C32 -> 0.92750157 | E32: =[1]CARMMCasing!$D$12 -> 285096.63 | F32: =[1]CARMMCasing!$E12 -> 76833.183 | G32: ='[1]7.0.6'!$I$12+'[1]CS6&7 CRA'!$D$13 -> 63094.597 | H32: ='[1]7.0.6'!L$12 -> 423776.48 | I32: ='[1]7.0.6'!J$12 -> 14074.445 | J32: =[1]RuralCosts!$P$13 -> 406771.86 | K32: =SUM(E32:I32)*[1]BYPBack!$D$13+J32*[1]BYPBack!$E$13 -> 1583083.4 | L32: =SUM(L18:L30) -> 29129460 | N32: =SUM($E32:$G32,I32)*[1]BYPBack!$D$13/L32 -> 0.019073649 | O32: =SUM($H32:$H32)*[1]BYPBack!$D$13/L32 -> 0.018408073 | P32: =SUM($E32:$I32)*[1]BYPBack!$D$13/L32 -> 0.037481722 | Q32: =R32-P32 -> 0.01686475 | R32: =K32/L32 -> 0.054346473
A33: =A32+1 -> 24 | B33: Presort Flats | D33: =(E33+F33)/L33 -> 0.15392246 | E33: =[1]CARMMCasing!$D$15 -> 57186.657 | F33: =[1]CARMMCasing!$E15 -> 9430.6527 | G33: ='[1]7.0.6'!$I$15+'[1]CS6&7 CRA'!$D$16 -> 11615.181 | H33: ='[1]7.0.6'!L$15 -> 5195.9811 | I33: ='[1]7.0.6'!J$15 -> 172.56868 | J33: =[1]RuralCosts!$P$16 -> 22621.902 | K33: =SUM(E33:I33)*[1]BYPBack!$D$15+J33*[1]BYPBack!$E$15 -> 129459.01 | L33: =[1]RPWShape!$D$15 -> 432797.83 | N33: =SUM($E33:$G33,I33)*[1]BYPBack!$D$15/L33 -> 0.22132798 | O33: =SUM($H33:$H33)*[1]BYPBack!$D$15/L33 -> 0.014667625 | P33: =SUM($E33:$I33)*[1]BYPBack!$D$15/L33 -> 0.2359956 | Q33: =R33-P33 -> 0.063125594 | R33: =K33/L33 -> 0.29912119
A34: =A33+1 -> 25 | B34: Presort Subtotal BY* | D34: =(E34+F34)/L34 -> 0.014496428 | E34: =SUM(E32,E33) -> 342283.29 | F34: =SUM(F32,F33) -> 86263.836 | G34: =SUM(G32,G33) -> 74709.778 | H34: =SUM(H32,H33) -> 428972.46 | I34: =SUM(I32,I33) -> 14247.013 | J34: =SUM(J32,J33) -> 429393.76 | K34: =SUM(E34:I34)*[1]BYPBack!$D$13+J34*[1]BYPBack!$E$13 -> 1716186.9 | L34: =SUM(L32,L33) -> 29562257 | N34: =SUMPRODUCT(N32:N33,$L32:$L33)/SUM($L32:$L33) -> 0.022034696 | O34: =SUMPRODUCT(O32:O33,$L32:$L33)/SUM($L32:$L33) -> 0.018353312 | P34: =SUMPRODUCT(P32:P33,$L32:$L33)/SUM($L32:$L33) -> 0.040388009 | Q34: =SUMPRODUCT(Q32:Q33,$L32:$L33)/SUM($L32:$L33) -> 0.017542019 | R34: =K34/L34 -> 0.058053311
B35: SINGLE PIECE CARDS Source / Calculations | E35: ="L"&$A36&" from [UDCInputs.xls] CARMMCasing" -> L26 from [UDCInputs.xls] CARMMCasing | F35: ="L"&$A36&" from [UDCInputs.xls] CARMMCasing" -> L26 from [UDCInputs.xls] CARMMCasing | G35: ="L"&$A36&" from [UDCInputs.xls] 7.0.6 and CS6&7 CRA" -> L26 from [UDCInputs.xls] 7.0.6 and CS6&7 CRA | H35: ="L"&$A36&" from [UDCInputs.xls] 7.0.6" -> L26 from [UDCInputs.xls] 7.0.6 | I35: ="L"&$A36&" from [UDCInputs.xls] 7.0.6" -> L26 from [UDCInputs.xls] 7.0.6 | J35: ="L"&$A36 & " from CS10.xls W/S Outputs to CRA" -> L26 from CS10.xls W/S Outputs to CRA | L35: ="L"&$A36 & " from [UDCInputs.xls] " &[1]NOTES!$A$8 -> L26 from [UDCInputs.xls] 7.0.6.10
A36: =A34+1 -> 26 | B36: First-Class Single-Piece Cards BY* | D36: =(E36+F36)/L36 -> 0.028672364 | E36: =[1]CARMMCasing!$D$11 -> 6627.6225 | F36: =[1]CARMMCasing!$E$11 -> 2736.913 | G36: ='[1]CS6&7 CRA'!$D$12+'[1]7.0.6'!$I$11 -> 1632.5077 | H36: ='[1]7.0.6'!$L$11 -> 10015.63 | I36: ='[1]7.0.6'!$J$11 -> 286.52084 | J36: ='[1]CS10 CRA'!$D$12+'[1]CS10 CRA'!$E$12 -> 6824.807 | K36: =SUM(E36:I36)*[1]BYPBack!$D$12+J36*[1]BYPBack!$E$12 -> 35143.836 | L36: ='[1]7.0.8'!$C$12 -> 326604.93 | N36: =SUM($E36:$G36,I36)*[1]BYPBack!$D$12/L36 -> 0.043635146 | O36: =SUM($H36:$H36)*[1]BYPBack!$D$12/L36 -> 0.038731865 | P36: =SUM($E36:$I36)*[1]BYPBack!$D$12/L36 -> 0.082367011 | Q36: =R36-P36 -> 0.025236498 | R36: =K36/L36 -> 0.10760351
B37: PRESORT CARDS Source / Calculations | E37: ="L"&A39&"..L"&A46&" from "&NOTES!A14&" C"&-'10.In-Office Detail'!E14 -> L28..L35 from 10.In-OfficeDetail C11 | F37: ="L"&A39&"..L"&A46&" from "&NOTES!A14&" C"&-'10.In-Office Detail'!G14 -> L28..L35 from 10.In-OfficeDetail C13 | G37: ="L"&A39&"..L"&A46&" = (C"&-E6&"..C"&-F6&") / (L"&A47&" C"&-E6&"..C"&-F6&") x C"&-G6&"L"&A47&"; L"&A47&" from [UDCInputs.xls] 7.0.6" -> L28..L35 = (C3..C4) / (L36 C3..C4) x C5L36; L36 from [UDCInputs.xls] 7.0.6 | H37: ="L"&A39&"..L"&A46&" = C"&-$L6&"L{i}/C"&-$L6&"L"&$A$47&" x C"&-H6&"L"&$A47&"; L"&A47&" from [UDCInputs.xls] 7.0.6" -> L28..L35 = C10L{i}/C10L36 x C6L36; L36 from [UDCInputs.xls] 7.0.6 | I37: ="L"&A39&"..L"&A46&" = C"&-$L6&"L{i}/C"&-$L6&"L"&$A$47&" x C"&-I6&"L"&$A47&"; L"&A47&" from [UDCInputs.xls] 7.0.6" -> L28..L35 = C10L{i}/C10L36 x C7L36; L36 from [UDCInputs.xls] 7.0.6 | J37: ="L"&A39&"..L"&A46&" = from "&NOTES!A11&" C"&-'7.RuralDisagg'!O$6&"; L"&A47&" from [UDCInputs.xls] RuralCosts" -> L28..L35 = from 7.RuralDisagg C12; L36 from [UDCInputs.xls] RuralCosts | L37: ="L"&A39&"..L"&A46&" = from [UDCInputs.xls] "& [1]NOTES!$A$24 -> L28..L35 = from [UDCInputs.xls] DALs
A38: =A36+1 -> 27 | B38: Presort Cards
A39: =A38+1 -> 28 | B39: FC Nonautomation Cards | C39: ='10.In-Office Detail'!C34 -> 0.85382551 | E39: ='10.In-Office Detail'!E34 -> 1254.6729 | F39: ='10.In-Office Detail'!G34 -> 213.68072 | G39: =(SUM(E39:F39)/SUM(E$47:F$47))*G$47 -> 255.9646 | H39: =$L39/$L$47*H$47 -> 1174.8828 | I39: =$L39/$L$47*I$47 -> 39.020154 | J39: ='7.RuralDisagg'!O28 -> 1252.7372 | K39: =SUM(E39:I39)*[1]BYPBack!$D$14+J39*[1]BYPBack!$E$14 -> 5236.7356 | L39: ='[1]DPS%'!$E36 -> 80860.526 | M39: ='3.SummaryBY'!L39/'3.SummaryBY'!L$47 -> 0.03455136 | N39: =SUM($E39:$G39,I39)*[1]BYPBack!$D$14/L39 -> 0.027637615 | O39: =SUM($H39:$H39)*[1]BYPBack!$D$14/L39 -> 0.01841448 | P39: =SUM($E39:$I39)*[1]BYPBack!$D$14/L39 -> 0.046052095 | Q39: =J39*[1]BYPBack!$E$14/L39 -> 0.018710477 | R39: =K39/L39 -> 0.064762572
A40: =A39+1 -> 29 | B40: Auto Mixed AADC Cards | C40: ='10.In-Office Detail'!C35 -> 0.86458015 | E40: ='10.In-Office Detail'!E35 -> 2752.428 | F40: ='10.In-Office Detail'!G35 -> 505.98778 | G40: =(SUM(E40:F40)/SUM(E$47:F$47))*G$47 -> 568.0097 | H40: =$L40/$L$47*H$47 -> 2782.0777 | I40: =$L40/$L$47*I$47 -> 92.398234 | J40: ='7.RuralDisagg'!O29 -> 2899.8714 | K40: =SUM(E40:I40)*[1]BYPBack!$D$14+J40*[1]BYPBack!$E$14 -> 11994.677 | L40: ='[1]DPS%'!$E37 -> 191474.64 | M40: ='3.SummaryBY'!L40/'3.SummaryBY'!L$47 -> 0.081816301 | N40: =SUM($E40:$G40,I40)*[1]BYPBack!$D$14/L40 -> 0.025938564 | O40: =SUM($H40:$H40)*[1]BYPBack!$D$14/L40 -> 0.01841448 | P40: =SUM($E40:$I40)*[1]BYPBack!$D$14/L40 -> 0.044353045 | Q40: =J40*[1]BYPBack!$E$14/L40 -> 0.018290641 | R40: =K40/L40 -> 0.062643686
A41: =A40+1 -> 30 | B41: Auto AADC Cards | C41: ='10.In-Office Detail'!C36 -> 0.89522961 | E41: ='10.In-Office Detail'!E36 -> 8837.3503 | F41: ='10.In-Office Detail'!G36 -> 2099.8578 | G41: =(SUM(E41:F41)/SUM(E$47:F$47))*G$47 -> 1906.5831 | H41: =$L41/$L$47*H$47 -> 11545.669 | I41: =$L41/$L$47*I$47 -> 383.45423 | J41: ='7.RuralDisagg'!O30 -> 11247.277 | K41: =SUM(E41:I41)*[1]BYPBack!$D$14+J41*[1]BYPBack!$E$14 -> 44979.719 | L41: ='[1]DPS%'!$E38 -> 794622.97 | M41: ='3.SummaryBY'!L41/'3.SummaryBY'!L$47 -> 0.33953903 | N41: =SUM($E41:$G41,I41)*[1]BYPBack!$D$14/L41 -> 0.021096468 | O41: =SUM($H41:$H41)*[1]BYPBack!$D$14/L41 -> 0.01841448 | P41: =SUM($E41:$I41)*[1]BYPBack!$D$14/L41 -> 0.039510949 | Q41: =J41*[1]BYPBack!$E$14/L41 -> 0.017094159 | R41: =K41/L41 -> 0.056605107
A42: =A41+1 -> 31 | B42: Auto 3-Digit Cards | C42: ='10.In-Office Detail'!C37 -> 0.88352278 | E42: ='10.In-Office Detail'!E37 -> 0 | F42: ='10.In-Office Detail'!G37 -> 0 | G42: =(SUM(E42:F42)/SUM(E$47:F$47))*G$47 -> 0 | H42: =$L42/$L$47*H$47 -> 0 | I42: =$L42/$L$47*I$47 -> 0 | J42: ='7.RuralDisagg'!O31 -> 0 | K42: =SUM(E42:I42)*[1]BYPBack!$D$14+J42*[1]BYPBack!$E$14 -> 0 | L42: ='[1]DPS%'!$E39 -> 0 | M42: ='3.SummaryBY'!L42/'3.SummaryBY'!L$47 -> 0
A43: =A42+1 -> 32 | B43: Auto 5-Digit Cards | C43: ='10.In-Office Detail'!C38 -> 0.94154182 | E43: ='10.In-Office Detail'!E38 -> 7901.5532 | F43: ='10.In-Office Detail'!G38 -> 3364.9109 | G43: =(SUM(E43:F43)/SUM(E$47:F$47))*G$47 -> 1963.9792 | H43: =$L43/$L$47*H$47 -> 18501.324 | I43: =$L43/$L$47*I$47 -> 614.46509 | J43: ='7.RuralDisagg'!O32 -> 16116.992 | K43: =SUM(E43:I43)*[1]BYPBack!$D$14+J43*[1]BYPBack!$E$14 -> 60459.057 | L43: ='[1]DPS%'!$E40 -> 1273341.2 | M43: ='3.SummaryBY'!L43/'3.SummaryBY'!L$47 -> 0.54409331 | N43: =SUM($E43:$G43,I43)*[1]BYPBack!$D$14/L43 -> 0.013779922 | O43: =SUM($H43:$H43)*[1]BYPBack!$D$14/L43 -> 0.01841448 | P43: =SUM($E43:$I43)*[1]BYPBack!$D$14/L43 -> 0.032194402 | Q43: =J43*[1]BYPBack!$E$14/L43 -> 0.015286239 | R43: =K43/L43 -> 0.047480641
A44: =A43+1 -> 33 | B44: Auto 5-Digit Cards CSBCS/Manual Sites | C44: ='10.In-Office Detail'!C39 -> 0 | E44: ='10.In-Office Detail'!E39 -> 4753.2626 | F44: ='10.In-Office Detail'!G39 -> 118.33091 | G44: =(SUM(E44:F44)/SUM(E$47:F$47))*G$47 -> 849.22017 | H44: =$L44/$L$47*H$47 -> 650.62005 | I44: =$L44/$L$47*I$47 -> 21.608362 | J44: ='7.RuralDisagg'!O33 -> 1929.5696 | K44: =SUM(E44:I44)*[1]BYPBack!$D$14+J44*[1]BYPBack!$E$14 -> 10432.667 | L44: ='[1]DPS%'!$E41 -> 44778.49 | M44: ='3.SummaryBY'!L44/'3.SummaryBY'!L$47 -> 0.019133659 | N44: =SUM($E44:$G44,I44)*[1]BYPBack!$D$14/L44 -> 0.16252761 | O44: =SUM($H44:$H44)*[1]BYPBack!$D$14/L44 -> 0.01841448 | P44: =SUM($E44:$I44)*[1]BYPBack!$D$14/L44 -> 0.18094209 | Q44: =J44*[1]BYPBack!$E$14/L44 -> 0.052041817 | R44: =K44/L44 -> 0.2329839
A45: =A44+1 -> 34 | B45: Auto 5-Digit Cards Other Sites | C45: ='10.In-Office Detail'!C40 -> 0.97585901 | E45: ='10.In-Office Detail'!E40 -> 3148.2905 | F45: ='10.In-Office Detail'!G40 -> 3246.58 | G45: =(SUM(E45:F45)/SUM(E$47:F$47))*G$47 -> 1114.7591 | H45: =$L45/$L$47*H$47 -> 17850.704 | I45: =$L45/$L$47*I$47 -> 592.85673 | J45: ='7.RuralDisagg'!O34 -> 14187.422 | K45: =SUM(E45:I45)*[1]BYPBack!$D$14+J45*[1]BYPBack!$E$14 -> 50026.39 | L45: ='[1]DPS%'!$E42 -> 1228562.7 | M45: ='3.SummaryBY'!L45/'3.SummaryBY'!L$47 -> 0.52495965 | N45: =SUM($E45:$G45,I45)*[1]BYPBack!$D$14/L45 -> 0.0083583862 | O45: =SUM($H45:$H45)*[1]BYPBack!$D$14/L45 -> 0.01841448 | P45: =SUM($E45:$I45)*[1]BYPBack!$D$14/L45 -> 0.026772866 | Q45: =J45*[1]BYPBack!$E$14/L45 -> 0.013946576 | R45: =K45/L45 -> 0.040719443
A46: =A45+1 -> 35 | B46: Presort Cards BY | C46: ='10.In-Office Detail'!C41 -> 0.91648958 | E46: ='10.In-Office Detail'!E41 -> 20746.004 | F46: ='10.In-Office Detail'!G41 -> 6184.4373 | G46: =(SUM(E46:F46)/SUM(E$47:F$47))*G$47 -> 4694.5366 | H46: =$L46/$L$47*H$47 -> 34003.954 | I46: =$L46/$L$47*I$47 -> 1129.3377 | J46: ='7.RuralDisagg'!O35 -> 31516.878 | K46: =SUM(E46:I46)*[1]BYPBack!$D$14+J46*[1]BYPBack!$E$14 -> 122670.19 | L46: ='[1]DPS%'!$E43 -> 2340299.4 | M46: ='3.SummaryBY'!L46/'3.SummaryBY'!L$47 -> 1 | N46: =SUM($E46:$G46,I46)*[1]BYPBack!$D$14/L46 -> 0.017737752 | O46: =SUM($H46:$H46)*[1]BYPBack!$D$14/L46 -> 0.01841448 | P46: =SUM($E46:$I46)*[1]BYPBack!$D$14/L46 -> 0.036152232 | Q46: =J46*[1]BYPBack!$E$14/L46 -> 0.016264219 | R46: =K46/L46 -> 0.052416452
A47: =A46+1 -> 36 | B47: Presort Cards Subtotal BY* | C47: ='10.In-Office Detail'!C42 -> 0.91648958 | D47: =(E47+F47)/L47 -> 0.011507264 | E47: =E43+E42+E41+E40+E39 -> 20746.004 | F47: =F43+F42+F41+F40+F39 -> 6184.4373 | G47: ='[1]CS6&7 CRA'!$D$14+'[1]7.0.6'!$I$13 -> 4694.5366 | H47: ='[1]7.0.6'!$L$13 -> 34003.954 | I47: ='[1]7.0.6'!$J$13 -> 1129.3377 | J47: =[1]RuralCosts!$P$14 -> 31516.878 | K47: =K43+K42+K41+K40+K39 -> 122670.19 | L47: =L46 -> 2340299.4 | M47: =M39+M40+M41+M42+M43 -> 1 | N47: =SUM($E47:$G47,I47)*[1]BYPBack!$D$14/L47 -> 0.017737752 | O47: =SUM($H47:$H47)*[1]BYPBack!$D$14/L47 -> 0.01841448 | P47: =SUM($E47:$I47)*[1]BYPBack!$D$14/L47 -> 0.036152232 | Q47: =J47*[1]BYPBack!$E$14/L47 -> 0.016264219 | R47: =K47/L47 -> 0.052416452
B48: PERIODICALS Source / Calculations | E48: ="L"&$A50&"..L"&$A52&" from " &NOTES!A13&" C"&-'9.ByShape'!E$6 -> L38..L40 from 9.ByShape C2 | F48: ="L"&$A50&"..L"&$A52&" from " &NOTES!A13&" C"&-'9.ByShape'!G$6 -> L38..L40 from 9.ByShape C4 | G48: ="L"&$A50&"..L"&$A52&" from " &NOTES!A12&"; L"&A53&" from [UDCInputs.xls] 7.0.6, CS6&7 CRA" -> L38..L40 from 8.CityCosts; L41 from [UDCInputs.xls] 7.0.6, CS6&7 CRA | H48: ="L"&$A50&"..L"&$A52&" from " &NOTES!A12& " C"&-'8.CityCosts'!$C$80&"..C"&-'8.CityCosts'!$E$80&" L"&'8.CityCosts'!$A$94& " + C"&-'8.CityCosts'!$H$80&"..C"&-'8.CityCosts'!$J$80&" L"&'8.CityCosts'!$A$94&"; L"&A53&" from [UDCInputs.xls] 7.0.6" -> L38..L40 from 8.CityCosts C29..C31 L69 + C33..C35 L69; L41 from [UDCInputs.xls] 7.0.6 | I48: ="L"&$A50&"..L"&$A52&" from " &NOTES!A12& " C"&-'8.CityCosts'!$C$189&"..C"&-'8.CityCosts'!$E$189&" L"&'8.CityCosts'!$A$202&"; L"&A53&" from [UDCInputs.xls] 7.0.6" -> L38..L40 from 8.CityCosts C73..C75 L153; L41 from [UDCInputs.xls] 7.0.6 | J48: ="L"&$A50&"..L"&$A52&" from "&NOTES!A9&" L"&'5.RuralCrosswalk'!A$112&"; L"&A53&" from [UDCInputs.xls] RuralCosts" -> L38..L40 from 5.RuralCrosswalk L89; L41 from [UDCInputs.xls] RuralCosts | L48: ="L"&A50&"..L"&A52&" = from [UDCInputs.xls] "& [1]NOTES!$A$26 -> L38..L40 = from [UDCInputs.xls] CARMM
A49: =A47+1 -> 37 | B49: Periodicals
A50: =A49+1 -> 38 | B50: Letters | D50: =(E50+F50)/L50 -> 0.019432769 | E50: ='9.ByShape'!E15/1000 -> 202.53683 | F50: ='9.ByShape'!G15/1000 -> 23.789749 | G50: ='8.CityCosts'!C220 -> 39.461568 | H50: ='8.CityCosts'!C94+'8.CityCosts'!H94 -> 204.38917 | I50: ='8.CityCosts'!C202 -> 6.7762739 | J50: ='5.RuralCrosswalk'!K112 -> 749.81939 | K50: =SUM(E50:I50)*[1]BYPBack!$D$24+J50*[1]BYPBack!$E$24 -> 1487.838 | L50: =[1]RPWShape!$C$28 -> 11646.646 | M50: =L50/L$53 -> 0.0047679356 | N50: =SUM($E50:$G50,I50)*[1]BYPBack!$D$24/L50 -> 0.02857072 | O50: =SUM($H50:$H50)*[1]BYPBack!$D$24/L50 -> 0.02142446 | P50: =SUM($E50:$I50)*[1]BYPBack!$D$24/L50 -> 0.04999518 | Q50: =R50-P50 -> 0.077753016 | R50: =K50/L50 -> 0.1277482
A51: =A50+1 -> 39 | B51: Flats | D51: =(E51+F51)/L51 -> 0.080418411 | E51: ='9.ByShape'!E16/1000 -> 168090.97 | F51: ='9.ByShape'!G16/1000 -> 27298.611 | G51: ='8.CityCosts'!D220 -> 34067.494 | H51: ='8.CityCosts'!D94+'8.CityCosts'!I94 -> 22907.254 | I51: ='8.CityCosts'!D202 -> 758.55666 | J51: ='5.RuralCrosswalk'!L112 -> 163348.52 | K51: =SUM(E51:I51)*[1]BYPBack!$D$24+J51*[1]BYPBack!$E$24 -> 506295.46 | L51: =[1]RPWShape!$D$28 -> 2429662.3 | M51: =L51/L$53 -> 0.99466179 | N51: =SUM($E51:$G51,I51)*[1]BYPBack!$D$24/L51 -> 0.1156756 | O51: =SUM($H51:$H51)*[1]BYPBack!$D$24/L51 -> 0.011510124 | P51: =SUM($E51:$I51)*[1]BYPBack!$D$24/L51 -> 0.12718573 | Q51: =R51-P51 -> 0.081195267 | R51: =K51/L51 -> 0.208381
A52: =A51+1 -> 40 | B52: Parcels | D52: =(E52+F52)/L52 -> 0.04790117 | E52: ='9.ByShape'!E17/1000 -> 0 | F52: ='9.ByShape'!G17/1000 -> 66.726418 | G52: ='8.CityCosts'!E220 -> 11.634202 | H52: ='8.CityCosts'!E94+'8.CityCosts'!J94 -> 223.99515 | I52: ='8.CityCosts'!E202 -> 7.4378988 | J52: ='5.RuralCrosswalk'!M112 -> 238.26665 | K52: =SUM(E52:I52)*[1]BYPBack!$D$24+J52*[1]BYPBack!$E$24 -> 665.9596 | L52: =[1]RPWShape!$E$28 -> 1393.0018 | M52: =L52/L$53 -> 0.00057027089 | N52: =SUM($E52:$G52,I52)*[1]BYPBack!$D$24/L52 -> 0.075193618 | O52: =SUM($H52:$H52)*[1]BYPBack!$D$24/L52 -> 0.19630882 | P52: =SUM($E52:$I52)*[1]BYPBack!$D$24/L52 -> 0.27150244 | Q52: =R52-P52 -> 0.20657274 | R52: =K52/L52 -> 0.47807518
A53: =A52+1 -> 41 | B53: Total Periodicals | E53: =SUM(E50:E52) -> 168293.51 | F53: =SUM(F50:F52) -> 27389.127 | G53: ='[1]7.0.6'!$I$24+'[1]CS6&7 CRA'!$D$25 -> 34118.59 | H53: ='[1]7.0.6'!$L$24 -> 23335.638 | I53: ='[1]7.0.6'!$J$24 -> 772.77083 | J53: =[1]RuralCosts!$P$25 -> 165184.75 | K53: =SUM(K50:K52) -> 508449.26 | L53: =SUM(L50:L52) -> 2442702 | N53: =SUMPRODUCT(N50:N52,$L50:$L52)/SUM($L50:$L52) -> 0.11523721 | O53: =SUMPRODUCT(O50:O52,$L50:$L52)/SUM($L50:$L52) -> 0.01166278 | P53: =SUMPRODUCT(P50:P52,$L50:$L52)/SUM($L50:$L52) -> 0.12689999 | Q53: =SUMPRODUCT(Q50:Q52,$L50:$L52)/SUM($L50:$L52) -> 0.081250354 | R53: =K53/L53 -> 0.20815034
B54: PACKAGE SERVICES BOUND PRINTED MATTER Source / Calculations | E54: ="L"&$A56&" ,L"&$A57&" from [UDCInputs.xls] CARMMCasing" -> L43 ,L44 from [UDCInputs.xls] CARMMCasing | F54: ="L"&$A56&" ,L"&$A57&" from [UDCInputs.xls] CARMMCasing" -> L43 ,L44 from [UDCInputs.xls] CARMMCasing | G54: ="L"&$A56&"..L"&$A57&" from [UDCInputs.xls] 7.0.6 and CS6&7 CRA" -> L43..L44 from [UDCInputs.xls] 7.0.6 and CS6&7 CRA | H54: ="L"&$A56&"..L"&$A57&" from [UDCInputs.xls] 7.0.6" -> L43..L44 from [UDCInputs.xls] 7.0.6 | I54: ="L"&$A56&"..L"&$A57&" from [UDCInputs.xls] 7.0.6" -> L43..L44 from [UDCInputs.xls] 7.0.6 | J54: ="L"&$A56&"..L"&$A57&" from [UDCInputs.xls] Rural Costs" -> L43..L44 from [UDCInputs.xls] Rural Costs | L54: ="L"&A56&"..L"&A58&" = from [UDCInputs.xls] "& [1]NOTES!$A$26 -> L43..L45 = from [UDCInputs.xls] CARMM
A55: =A53+1 -> 42 | B55: Package Services - Bound Printed Matter
A56: =A55+1 -> 43 | B56: Flats | E56: =[1]CARMMCasing!$D$40 -> 7135.0611 | F56: =[1]CARMMCasing!$E$40 -> 919.7791 | G56: ='[1]7.0.6'!$I$26+'[1]CS6&7 CRA'!$D$27 -> 1404.3902 | H56: ='[1]7.0.6'!$L$26 -> 1466.7021 | I56: ='[1]7.0.6'!$J$26 -> 48.704086 | J56: =[1]RuralCosts!$P$27+[1]RuralCosts!$P$49 -> 6221.2778 | K56: =SUM(E56:I56)*[1]BYPBack!$D$26+J56*[1]BYPBack!$E$26 -> 20962.64 | L56: =[1]RPWShape!$D$30 -> 104285.95 | M56: =L56/L$58 -> 0.3158539 | N56: =SUM($E56:$G56,I56)*[1]BYPBack!$D$26/L56 -> 0.11172889 | O56: =SUM($H56:$H56)*[1]BYPBack!$D$26/L56 -> 0.017235394 | P56: =SUM($E56:$I56)*[1]BYPBack!$D$26/L56 -> 0.12896428 | Q56: =J56*[1]BYPBack!$E$26/L56 -> 0.072046892 | R56: =K56/L56 -> 0.20101117
A57: =A56+1 -> 44 | B57: Parcels | E57: =[1]CARMMCasing!$D$41 -> 14198.229 | F57: =[1]CARMMCasing!$E$41 -> 10221.554 | G57: ='[1]7.0.6'!$I$27+'[1]CS6&7 CRA'!$D$28 -> 4258.4864 | H57: ='[1]7.0.6'!$L$27+'[1]7.0.6'!$F$27 -> 53953.591 | I57: ='[1]7.0.6'!$J$27 -> 1555.5791 | J57: =[1]RuralCosts!$P$28+[1]RuralCosts!$P$50 -> 72646.687 | K57: =SUM(E57:I57)*[1]BYPBack!$D$27+J57*[1]BYPBack!$E$27 -> 195894.58 | L57: =[1]RPWShape!$E$31 -> 225885.53 | M57: =L57/L$58 -> 0.6841461 | N57: =SUM($E57:$G57,I57)*[1]BYPBack!$D$27/L57 -> 0.17195672 | O57: =SUM($H57:$H57)*[1]BYPBack!$D$27/L57 -> 0.3068641 | P57: =SUM($E57:$I57)*[1]BYPBack!$D$27/L57 -> 0.47882082 | Q57: =J57*[1]BYPBack!$E$27/L57 -> 0.38840861 | R57: =K57/L57 -> 0.86722944
A58: =A57+1 -> 45 | B58: Total Bound Printed Matter | E58: =E56+E57 -> 21333.29 | F58: =F56+F57 -> 11141.333 | G58: =G56+G57 -> 5662.8766 | H58: =H56+H57 -> 55420.293 | I58: =I56+I57 -> 1604.2832 | J58: =J56+J57 -> 78867.964 | K58: =K56+K57 -> 216857.22 | L58: =L56+L57 -> 330171.47 | N58: =SUMPRODUCT(N56:N57,$L56:$L57)/SUM($L56:$L57) -> 0.15293353 | O58: =SUMPRODUCT(O56:O57,$L56:$L57)/SUM($L56:$L57) -> 0.21538374 | P58: =SUMPRODUCT(P56:P57,$L56:$L57)/SUM($L56:$L57) -> 0.36831727 | Q58: =SUMPRODUCT(Q56:Q57,$L56:$L57)/SUM($L56:$L57) -> 0.28848453 | R58: =K58/L58 -> 0.6568018
B59: PACKAGE SERVICES MEDIA/LIBRARY MAIL Source / Calculations | E59: ="L"&$A61&" ,L"&$A62&" from [UDCInputs.xls] CARMMCasing" -> L47 ,L48 from [UDCInputs.xls] CARMMCasing | F59: ="L"&$A61&" ,L"&$A62&" from [UDCInputs.xls] CARMMCasing" -> L47 ,L48 from [UDCInputs.xls] CARMMCasing | G59: ="L"&$A61&"..L"&$A62&" from " &NOTES!A12&" C"&-'8.CityCosts'!$D207&"..C"&-'8.CityCosts'!$E207&" L"&'8.CityCosts'!$A222&"; L"&A63&" from [UDCInputs.xls] 7.0.6, CS6&7CRA" -> L47..L48 from 8.CityCosts C78..C79 L169; L49 from [UDCInputs.xls] 7.0.6, CS6&7CRA | H59: ="L"&$A61&"..L"&$A62&" from " &NOTES!A12& " C"&-'8.CityCosts'!$C80&"..C"&-'8.CityCosts'!$E80&" L"&'8.CityCosts'!$A96& " + C"&-'8.CityCosts'!$H80&"..C"&-'8.CityCosts'!$J80&" L"&'8.CityCosts'!$A96&"; L"&A63&" from [UDCInputs.xls] 7.0.6" -> L47..L48 from 8.CityCosts C29..C31 L71 + C33..C35 L71; L49 from [UDCInputs.xls] 7.0.6 | I59: ="L"&$A61&"..L"&$A62&" from " &NOTES!A12& " C"&-'8.CityCosts'!$C189&"..C"&-'8.CityCosts'!$E189&" L"&'8.CityCosts'!$A204&"; L"&A63&" from [UDCInputs.xls] 7.0.6" -> L47..L48 from 8.CityCosts C73..C75 L155; L49 from [UDCInputs.xls] 7.0.6 | J59: ="L"&$A61&"..L"&$A62&" from "&NOTES!A9&" C"&-'5.RuralCrosswalk'!K91&".C"&-'5.RuralCrosswalk'!L91&" L"&'5.RuralCrosswalk'!A116&" + C"&-'5.RuralCrosswalk'!Y34&"..C"&-'5.RuralCrosswalk'!X34&" L"&'5.RuralCrosswalk'!A60&"; L"&A63&" from [UDCInputs.xls] RuralCosts" -> L47..L48 from 5.RuralCrosswalk C65.C66 L93 + C51..C50 L47; L49 from [UDCInputs.xls] RuralCosts | L59: ="L"&A61&"..L"&A63&" = from [UDCInputs.xls] "& [1]NOTES!$A$26 -> L47..L49 = from [UDCInputs.xls] CARMM
A60: =A58+1 -> 46 | B60: Package Services - Media/Library Mail
A61: =A60+1 -> 47 | B61: Flats | D61: =(E61+F61)/L61 -> 0.1190744 | E61: =[1]CARMMCasing!D43 -> 487.01764 | F61: =[1]CARMMCasing!E43 -> 218.96339 | G61: ='8.CityCosts'!D222 -> 123.1216 | H61: ='8.CityCosts'!C96+'8.CityCosts'!D96+'8.CityCosts'!H96+'8.CityCosts'!I96 -> 19.552171 | I61: ='8.CityCosts'!C204+'8.CityCosts'!D204 -> 0.61809248 | J61: ='5.RuralCrosswalk'!K116+'5.RuralCrosswalk'!L116+'5.RuralCrosswalk'!Y60+'5.RuralCrosswalk'!X60 -> 0 | K61: =SUM(E61:I61)*[1]BYPBack!$D$28+J61*[1]BYPBack!$E$28 -> 1096.1716 | L61: =[1]RPWShape!$D$32 -> 5928.9068 | M61: =L61/L$63 -> 0.085806639 | N61: =SUM($E61:$G61,I61)*[1]BYPBack!$D$28/L61 -> 0.18062946 | O61: =SUM($H61:$H61)*[1]BYPBack!$D$28/L61 -> 0.0042564901 | P61: =SUM($E61:$I61)*[1]BYPBack!$D$28/L61 -> 0.18488595 | Q61: =J61*[1]BYPBack!$E$28/L61 -> 0 | R61: =K61/L61 -> 0.18488595
A62: =A61+1 -> 48 | B62: Parcels | D62: =(E62+F62)/L62 -> 0.12021021 | E62: =[1]CARMMCasing!$D44 -> 3749.2968 | F62: =[1]CARMMCasing!E44 -> 3844.0488 | G62: ='8.CityCosts'!E222 -> 1324.2634 | H62: ='8.CityCosts'!E96+'8.CityCosts'!J96 -> 21402.277 | I62: ='8.CityCosts'!E204 -> 580.94706 | J62: ='5.RuralCrosswalk'!M116+'5.RuralCrosswalk'!Z60 -> 21979.638 | K62: =SUM(E62:I62)*[1]BYPBack!$D$28+J62*[1]BYPBack!$E$28 -> 66429.207 | L62: =[1]RPWShape!$E$32 -> 63167.225 | M62: =L62/L$63 -> 0.91419336 | N62: =SUM($E62:$G62,I62)*[1]BYPBack!$D$28/L62 -> 0.19408727 | O62: =SUM($H62:$H62)*[1]BYPBack!$D$28/L62 -> 0.43732011 | P62: =SUM($E62:$I62)*[1]BYPBack!$D$28/L62 -> 0.63140738 | Q62: =J62*[1]BYPBack!$E$28/L62 -> 0.42023303 | R62: =K62/L62 -> 1.0516404
A63: =A62+1 -> 49 | B63: Total Media/Library Mail | E63: =E61+E62 -> 4236.3144 | F63: =F61+F62 -> 4063.0122 | G63: ='[1]CS6&7 CRA'!$D$29+'[1]7.0.6'!$I$28 -> 1447.385 | H63: ='[1]7.0.6'!$L$28+'[1]7.0.6'!$F$28 -> 21421.829 | I63: ='[1]7.0.6'!$J$28 -> 581.56516 | J63: =[1]RuralCosts!$P$29 -> 22216.989 | K63: =K61+K62 -> 67525.379 | L63: =L61+L62 -> 69096.132 | N63: =SUMPRODUCT(N61:N62,$L61:$L62)/SUM($L61:$L62) -> 0.1929325 | O63: =SUMPRODUCT(O61:O62,$L61:$L62)/SUM($L61:$L62) -> 0.40016038 | P63: =SUMPRODUCT(P61:P62,$L61:$L62)/SUM($L61:$L62) -> 0.59309288 | Q63: =SUMPRODUCT(Q61:Q62,$L61:$L62)/SUM($L61:$L62) -> 0.38417425 | R63: =K63/L63 -> 0.97726713
B64: USPS MARKETING MAIL REGULAR Source / Calculations | E64: ="L"&A66&"..L"&A76&" from "&NOTES!A14&" C"&-'10.In-Office Detail'!E14& "; L"&$A78&"..L"&$A79&" from [UDCInputs.xls] CARMMCasing" -> L51..L61 from 10.In-OfficeDetail C11; L63..L64 from [UDCInputs.xls] CARMMCasing | F64: ="L"&A66&"..L"&A76&" from "&NOTES!A14&" C"&-'10.In-Office Detail'!G$14& "; L"&$A78&"..L"&$A79&" from [UDCInputs.xls] CARMMCasing" -> L51..L61 from 10.In-OfficeDetail C13; L63..L64 from [UDCInputs.xls] CARMMCasing | G64: ="L"&A66&"..L"&A76&" = (C"&-$E$6&"..C"&-$F$6&") / (L"&A77&" C"&-E6&"..C"&-F$6&") x C"&-G$6&"L"&A78& "; L"&$A77&"..L"&$A79&" from [UDCInputs.xls] 7.0.6, CS6&7 CRA" -> L51..L61 = (C3..C4) / (L62 C3..C4) x C5L63; L62..L64 from [UDCInputs.xls] 7.0.6, CS6&7 CRA | H64: ="L"&A66&"..L"&A76&" = C"&-$L$6&"L{i}/C"&-$L$6&"L"&$A$77&" x C"&-H$6&"L"&$A$77& "; L"&$A$77&"..L"&$A$79&" from [UDCInputs.xls] 7.0.6" -> L51..L61 = C10L{i}/C10L62 x C6L62; L62..L64 from [UDCInputs.xls] 7.0.6 | I64: ="L"&A66&"..L"&A76&" = C"&-$L$6&"L{i}/C"&-$L$6&"L"&$A$77&" x C"&-I$6&"L"&$A$77& "; L"&$A$77&"..L"&$A$79&" from [UDCInputs.xls] 7.0.6" -> L51..L61 = C10L{i}/C10L62 x C7L62; L62..L64 from [UDCInputs.xls] 7.0.6 | J64: ="L"&A66&"..L"&A76&" = from "&NOTES!A11&" C"&-'7.RuralDisagg'!O$6&"; L"&A77&"..L"&A79&" from [UDCInputs.xls] Rural Costs" -> L51..L61 = from 7.RuralDisagg C12; L62..L64 from [UDCInputs.xls] Rural Costs | L64: ="L"&A65&"..L"&A76&" from [UDCInputs.xls] " &[1]NOTES!$A$24&" ; L"&A78&"..L"&A79&" from [UDCInputs.xls] " &[1]NOTES!$A$26 -> L50..L61 from [UDCInputs.xls] DALs ; L63..L64 from [UDCInputs.xls] CARMM
A65: =A63+1 -> 50 | B65: USPS Marketing Mail Regular
A66: =A65+1 -> 51 | B66: Nonautomation -- Nonmach Mixed ADC | C66: ='10.In-Office Detail'!C44 -> 0 | E66: ='10.In-Office Detail'!E44 -> 110.82898 | F66: ='10.In-Office Detail'!G44 -> 1.8795009 | G66: =SUM(E66:F66)/SUM(E$77:F$77)*G$77 -> 19.647914 | H66: =$L66/$L$77*H$77 -> 11.108206 | I66: =$L66/$L$77*$I$77 -> 0.36862474 | J66: ='7.RuralDisagg'!O40 -> 54.779362 | K66: =SUM(E66:I66)*[1]BYPBack!$D$21+J66*[1]BYPBack!$E$21 -> 248.18257 | L66: ='[1]DPS%'!$F24 -> 748.98798 | M66: ='3.SummaryBY'!L66/'3.SummaryBY'!L$77 -> 1.9755981e-05 | N66: =SUM($E66:$G66,I66)*[1]BYPBack!$D$21/L66 -> 0.22425915 | O66: =SUM($H66:$H66)*[1]BYPBack!$D$21/L66 -> 0.018769007 | P66: =SUM($E66:$I66)*[1]BYPBack!$D$21/L66 -> 0.24302816 | Q66: =R66-P66 -> 0.088329051 | R66: =K66/L66 -> 0.33135721
A67: =A66+1 -> 52 | B67: Nonautomation -- Nonmach ADC | C67: ='10.In-Office Detail'!C45 -> 0 | E67: ='10.In-Office Detail'!E45 -> 83.517206 | F67: ='10.In-Office Detail'!G45 -> 1.4163323 | G67: =SUM(E67:F67)/SUM(E$77:F$77)*G$77 -> 14.806046 | H67: =$L67/$L$77*H$77 -> 8.3707919 | I67: =$L67/$L$77*$I$77 -> 0.27778392 | J67: ='7.RuralDisagg'!O41 -> 41.279992 | K67: =SUM(E67:I67)*[1]BYPBack!$D$21+J67*[1]BYPBack!$E$21 -> 187.02252 | L67: ='[1]DPS%'!$F25 -> 564.41361 | M67: ='3.SummaryBY'!L67/'3.SummaryBY'!L$77 -> 1.4887481e-05 | N67: =SUM($E67:$G67,I67)*[1]BYPBack!$D$21/L67 -> 0.22425915 | O67: =SUM($H67:$H67)*[1]BYPBack!$D$21/L67 -> 0.018769007 | P67: =SUM($E67:$I67)*[1]BYPBack!$D$21/L67 -> 0.24302816 | Q67: =R67-P67 -> 0.088329051 | R67: =K67/L67 -> 0.33135721
A68: =A67+1 -> 53 | B68: Nonautomation -- Mach Mixed AADC | C68: ='10.In-Office Detail'!C46 -> 0.85384008 | E68: ='10.In-Office Detail'!E46 -> 3480.7992 | F68: ='10.In-Office Detail'!G46 -> 403.86842 | G68: =SUM(E68:F68)/SUM(E$77:F$77)*G$77 -> 677.19499 | H68: =$L68/$L$77*H$77 -> 2386.9387 | I68: =$L68/$L$77*$I$77 -> 79.210331 | J68: ='7.RuralDisagg'!O42 -> 3342.3038 | K68: =SUM(E68:I68)*[1]BYPBack!$D$21+J68*[1]BYPBack!$E$21 -> 12930.678 | L68: ='[1]DPS%'!$F26 -> 160943.04 | M68: ='3.SummaryBY'!L68/'3.SummaryBY'!L$77 -> 0.0042451785 | N68: =SUM($E68:$G68,I68)*[1]BYPBack!$D$21/L68 -> 0.036493744 | O68: =SUM($H68:$H68)*[1]BYPBack!$D$21/L68 -> 0.018769007 | P68: =SUM($E68:$I68)*[1]BYPBack!$D$21/L68 -> 0.055262751 | Q68: =R68-P68 -> 0.025080441 | R68: =K68/L68 -> 0.080343192
A69: =A68+1 -> 54 | B69: Nonautomation -- Mach AADC | C69: ='10.In-Office Detail'!C47 -> 0.90228889 | E69: ='10.In-Office Detail'!E47 -> 4681.9006 | F69: ='10.In-Office Detail'!G47 -> 812.58246 | G69: =SUM(E69:F69)/SUM(E$77:F$77)*G$77 -> 957.82619 | H69: =$L69/$L$77*H$77 -> 4802.516 | I69: =$L69/$L$77*$I$77 -> 159.37103 | J69: ='7.RuralDisagg'!O43 -> 5762.4412 | K69: =SUM(E69:I69)*[1]BYPBack!$D$21+J69*[1]BYPBack!$E$21 -> 21404.339 | L69: ='[1]DPS%'!$F27 -> 323817.08 | M69: ='3.SummaryBY'!L69/'3.SummaryBY'!L$77 -> 0.0085412907 | N69: =SUM($E69:$G69,I69)*[1]BYPBack!$D$21/L69 -> 0.025839513 | O69: =SUM($H69:$H69)*[1]BYPBack!$D$21/L69 -> 0.018769007 | P69: =SUM($E69:$I69)*[1]BYPBack!$D$21/L69 -> 0.04460852 | Q69: =R69-P69 -> 0.021491573 | R69: =K69/L69 -> 0.066100093
A70: =A69+1 -> 55 | B70: Nonautomation -- Nonmach 3-Digit | C70: ='10.In-Office Detail'!C48 -> 0 | E70: ='10.In-Office Detail'!E48 -> 250.6321 | F70: ='10.In-Office Detail'!G48 -> 4.250362 | G70: =SUM(E70:F70)/SUM(E$77:F$77)*G$77 -> 44.432406 | H70: =$L70/$L$77*H$77 -> 25.120443 | I70: =$L70/$L$77*$I$77 -> 0.83361947 | J70: ='7.RuralDisagg'!O44 -> 123.87976 | K70: =SUM(E70:I70)*[1]BYPBack!$D$21+J70*[1]BYPBack!$E$21 -> 561.24779 | L70: ='[1]DPS%'!$F28 -> 1693.7848 | M70: ='3.SummaryBY'!L70/'3.SummaryBY'!L$77 -> 4.4676792e-05 | N70: =SUM($E70:$G70,I70)*[1]BYPBack!$D$21/L70 -> 0.22425915 | O70: =SUM($H70:$H70)*[1]BYPBack!$D$21/L70 -> 0.018769007 | P70: =SUM($E70:$I70)*[1]BYPBack!$D$21/L70 -> 0.24302816 | Q70: =R70-P70 -> 0.088329051 | R70: =K70/L70 -> 0.33135721
A71: =A70+1 -> 56 | B71: Nonautomation -- Nonmach 5-Digit | C71: ='10.In-Office Detail'!C49 -> 0 | E71: ='10.In-Office Detail'!E49 -> 192.75719 | F71: ='10.In-Office Detail'!G49 -> 3.2688862 | G71: =SUM(E71:F71)/SUM(E$77:F$77)*G$77 -> 34.172261 | H71: =$L71/$L$77*H$77 -> 19.319735 | I71: =$L71/$L$77*$I$77 -> 0.64112355 | J71: ='7.RuralDisagg'!O45 -> 95.273962 | K71: =SUM(E71:I71)*[1]BYPBack!$D$21+J71*[1]BYPBack!$E$21 -> 431.6468 | L71: ='[1]DPS%'!$F29 -> 1302.6631 | M71: ='3.SummaryBY'!L71/'3.SummaryBY'!L$77 -> 3.4360214e-05 | N71: =SUM($E71:$G71,I71)*[1]BYPBack!$D$21/L71 -> 0.22425915 | O71: =SUM($H71:$H71)*[1]BYPBack!$D$21/L71 -> 0.018769007 | P71: =SUM($E71:$I71)*[1]BYPBack!$D$21/L71 -> 0.24302816 | Q71: =R71-P71 -> 0.088329051 | R71: =K71/L71 -> 0.33135721
A72: =A71+1 -> 57 | B72: Automation Mixed AADC | C72: ='10.In-Office Detail'!C50 -> 0.86541423 | E72: ='10.In-Office Detail'!E50 -> 19370.623 | F72: ='10.In-Office Detail'!G50 -> 2440.8083 | G72: =SUM(E72:F72)/SUM(E$77:F$77)*G$77 -> 3802.2795 | H72: =$L72/$L$77*H$77 -> 14425.639 | I72: =$L72/$L$77*$I$77 -> 478.71343 | J72: ='7.RuralDisagg'!O46 -> 19508.951 | K72: =SUM(E72:I72)*[1]BYPBack!$D$21+J72*[1]BYPBack!$E$21 -> 74837.888 | L72: ='[1]DPS%'!$F30 -> 972671.04 | M72: ='3.SummaryBY'!L72/'3.SummaryBY'!L$77 -> 0.025656047 | N72: =SUM($E72:$G72,I72)*[1]BYPBack!$D$21/L72 -> 0.033948507 | O72: =SUM($H72:$H72)*[1]BYPBack!$D$21/L72 -> 0.018769007 | P72: =SUM($E72:$I72)*[1]BYPBack!$D$21/L72 -> 0.052717514 | Q72: =R72-P72 -> 0.02422308 | R72: =K72/L72 -> 0.076940594
A73: =A72+1 -> 58 | B73: Automation AADC | C73: ='10.In-Office Detail'!C51 -> 0.89507755 | E73: ='10.In-Office Detail'!E51 -> 86027.183 | F73: ='10.In-Office Detail'!G51 -> 13904.536 | G73: =SUM(E73:F73)/SUM(E$77:F$77)*G$77 -> 17420.605 | H73: =$L73/$L$77*H$77 -> 82178.435 | I73: =$L73/$L$77*$I$77 -> 2727.0835 | J73: ='7.RuralDisagg'!O47 -> 101055.09 | K73: =SUM(E73:I73)*[1]BYPBack!$D$21+J73*[1]BYPBack!$E$21 -> 378008.14 | L73: ='[1]DPS%'!$F31 -> 5541008.3 | M73: ='3.SummaryBY'!L73/'3.SummaryBY'!L$77 -> 0.14615462 | N73: =SUM($E73:$G73,I73)*[1]BYPBack!$D$21/L73 -> 0.027425337 | O73: =SUM($H73:$H73)*[1]BYPBack!$D$21/L73 -> 0.018769007 | P73: =SUM($E73:$I73)*[1]BYPBack!$D$21/L73 -> 0.046194344 | Q73: =R73-P73 -> 0.022025756 | R73: =K73/L73 -> 0.0682201
A74: =A73+1 -> 59 | B74: Automation 3-Digit Letters | C74: ='10.In-Office Detail'!C52 -> 0.88352278 | E74: ='10.In-Office Detail'!E52 -> 0.99737697 | F74: ='10.In-Office Detail'!G52 -> 0.14521369 | G74: =SUM(E74:F74)/SUM(E$77:F$77)*G$77 -> 0.19918221 | H74: =$L74/$L$77*H$77 -> 0.85824034 | I74: =$L74/$L$77*$I$77 -> 0.028480623 | J74: ='7.RuralDisagg'!O48 -> 1.0963932 | K74: =SUM(E74:I74)*[1]BYPBack!$D$21+J74*[1]BYPBack!$E$21 -> 4.1443458 | L74: ='[1]DPS%'!$F32 -> 57.868184 | M74: ='3.SummaryBY'!L74/'3.SummaryBY'!L$77 -> 1.5263833e-06 | N74: =IFERROR(SUM($E74:$G74,I74)*[1]BYPBack!$D$21/L74,0) -> 0.029966312 | O74: =IFERROR(SUM($H74:$H74)*[1]BYPBack!$D$21/L74,0) -> 0.018769007 | P74: =IFERROR(SUM($E74:$I74)*[1]BYPBack!$D$21/L74,0) -> 0.048735319 | Q74: =R74-P74 -> 0.022881681 | R74: =IFERROR(K74/L74,0) -> 0.071617
A75: =A74+1 -> 60 | B75: Automation 5-Digit Letters | C75: ='10.In-Office Detail'!C53 -> 0.94154182 | E75: ='10.In-Office Detail'!E53 -> 267368.89 | F75: ='10.In-Office Detail'!G53 -> 77563.037 | G75: =SUM(E75:F75)/SUM(E$77:F$77)*G$77 -> 60130.286 | H75: =$L75/$L$77*H$77 -> 458412.21 | I75: =$L75/$L$77*$I$77 -> 15212.365 | J75: ='7.RuralDisagg'!O49 -> 475622.48 | K75: =SUM(E75:I75)*[1]BYPBack!$D$21+J75*[1]BYPBack!$E$21 -> 1686416.4 | L75: ='[1]DPS%'!$F33 -> 30909154 | M75: ='3.SummaryBY'!L75/'3.SummaryBY'!L$77 -> 0.81528765 | N75: =SUM($E75:$G75,I75)*[1]BYPBack!$D$21/L75 -> 0.017207519 | O75: =SUM($H75:$H75)*[1]BYPBack!$D$21/L75 -> 0.018769007 | P75: =SUM($E75:$I75)*[1]BYPBack!$D$21/L75 -> 0.035976526 | Q75: =R75-P75 -> 0.018583893 | R75: =K75/L75 -> 0.054560419
A76: =A75+1 -> 61 | B76: Regular Letters | C76: ='10.In-Office Detail'!C54 -> 0.93198302 | E76: ='10.In-Office Detail'!E54 -> 381568.13 | F76: ='10.In-Office Detail'!G54 -> 95135.792 | G76: =SUM(E76:F76)/SUM(E$77:F$77)*G$77 -> 83101.45 | H76: =$L76/$L$77*H$77 -> 562270.52 | I76: =$L76/$L$77*$I$77 -> 18658.893 | J76: ='7.RuralDisagg'!O50 -> 605607.57 | K76: =SUM(E76:I76)*[1]BYPBack!$D$21+J76*[1]BYPBack!$E$21 -> 2175029.7 | L76: ='[1]DPS%'!$F34 -> 37911961 | M76: ='3.SummaryBY'!L76/'3.SummaryBY'!L$77 -> 1 | N76: =SUM($E76:$G76,I76)*[1]BYPBack!$D$21/L76 -> 0.019309567 | O76: =SUM($H76:$H76)*[1]BYPBack!$D$21/L76 -> 0.018769007 | P76: =SUM($E76:$I76)*[1]BYPBack!$D$21/L76 -> 0.038078574 | Q76: =R76-P76 -> 0.019291966 | R76: =K76/L76 -> 0.05737054
A77: =A76+1 -> 62 | B77: USPS Marketing Mail Letters Subtotal | C77: =C76 -> 0.93198302 | E77: =SUM(E66:E71,E72:E75) -> 381568.13 | F77: =F76 -> 95135.792 | G77: ='[1]CS6&7 CRA'!$D$22+'[1]7.0.6'!$I$21 -> 83101.45 | H77: ='[1]7.0.6'!$L$21 -> 562270.52 | I77: ='[1]7.0.6'!$J$21 -> 18658.893 | J77: =[1]RuralCosts!$P22 -> 606006.31 | K77: =SUM(E77:I77)*[1]BYPBack!$D$21+J77*[1]BYPBack!$E$21 -> 2175511.2 | L77: =SUM(L66:L75) -> 37911961 | M77: =M75+M74+M73+M72+M71+M70+M69+M68+M67+M66 -> 1 | N77: =SUM($E77:$G77,I77)*[1]BYPBack!$D$21/L77 -> 0.019309567 | O77: =SUM($H77:$H77)*[1]BYPBack!$D$21/L77 -> 0.018769007 | P77: =SUM($E77:$I77)*[1]BYPBack!$D$21/L77 -> 0.038078574 | Q77: =R77-P77 -> 0.019304668 | R77: =K77/L77 -> 0.057383242
A78: =A77+1 -> 63 | B78: Regular Flat Subtotal | D78: =(E78+F78)/L78 -> 0.13501777 | E78: =[1]CARMMCasing!$D$33 -> 189274.67 | F78: =[1]CARMMCasing!$E$33 -> 35989.065 | G78: ='[1]CS6&7 CRA'!$D$23+'[1]7.0.6'!$I$22 -> 39275.532 | H78: ='[1]7.0.6'!$L$22 -> 20207.345 | I78: ='[1]7.0.6'!$J$22 -> 670.45609 | J78: =[1]RuralCosts!$P23 -> 101205.37 | K78: =SUM(E78:I78)*[1]BYPBack!$D$22+J78*[1]BYPBack!$E$22 -> 469998.7 | L78: =[1]RPWShape!$D$26 -> 1668400.6 | N78: =SUM($E78:$G78,I78)*[1]BYPBack!$D$22/L78 -> 0.19368865 | O78: =SUM($H78:$H78)*[1]BYPBack!$D$22/L78 -> 0.01475788 | P78: =SUM($E78:$I78)*[1]BYPBack!$D$22/L78 -> 0.20844653 | Q78: =R78-P78 -> 0.073259622 | R78: =K78/L78 -> 0.28170615
A79: =A78+1 -> 64 | B79: Regular Parcel Subtotal | D79: =(E79+F79)/L79 -> 0.12667941 | E79: =[1]CARMMCasing!$D$34 -> 949.65929 | F79: =[1]CARMMCasing!$E$34 -> 533.25455 | G79: ='[1]7.0.6'!$I$23+'[1]CS6&7 CRA'!$D$24 -> 258.59225 | H79: ='[1]7.0.6'!$L$23+'[1]7.0.6'!$F$23 -> 1903.1363 | I79: ='[1]7.0.6'!$J$23 -> 55.724838 | J79: =[1]RuralCosts!$P24 -> 2671.3112 | K79: =SUM(E79:I79)*[1]BYPBack!$D$23+J79*[1]BYPBack!$E$23 -> 7929.964 | L79: =[1]RPWShape!$E$27 -> 11706.037 | N79: =SUM($E79:$G79,I79)*[1]BYPBack!$D$23/L79 -> 0.1951634 | O79: =SUM($H79:$H79)*[1]BYPBack!$D$23/L79 -> 0.20666378 | P79: =SUM($E79:$I79)*[1]BYPBack!$D$23/L79 -> 0.40182717 | Q79: =R79-P79 -> 0.27559799 | R79: =K79/L79 -> 0.67742516
A80: =A79+1 -> 65 | B80: Regular Nonletter Subtotal | D80: =(E80+F80)/L80 -> 0.13495968 | E80: =SUM(E78:E79) -> 190224.33 | F80: =SUM(F78:F79) -> 36522.32 | G80: =SUM(G78:G79) -> 39534.124 | H80: =SUM(H78:H79) -> 22110.481 | I80: =SUM(I78:I79) -> 726.18093 | J80: =SUM(J78:J79) -> 103876.68 | K80: =SUM(K78:K79) -> 477928.67 | L80: =SUM(L78:L79) -> 1680106.6 | N80: =SUMPRODUCT(N78:N79,$L78:$L79)/SUM($L78:$L79) -> 0.19369892 | O80: =SUMPRODUCT(O78:O79,$L78:$L79)/SUM($L78:$L79) -> 0.016094973 | P80: =SUMPRODUCT(P78:P79,$L78:$L79)/SUM($L78:$L79) -> 0.2097939 | Q80: =SUMPRODUCT(Q78:Q79,$L78:$L79)/SUM($L78:$L79) -> 0.074669402 | R80: =K80/L80 -> 0.2844633
A81: =A80+1 -> 66 | B81: Regular Total BY* | D81: =(E81+F81)/L81 -> 0.017767462 | E81: =SUM(E77,E78:E79) -> 571792.46 | F81: =SUM(F77,F78:F79) -> 131658.11 | G81: =SUM(G77,G78:G79) -> 122635.57 | H81: =SUM(H77:H79) -> 584381 | I81: =SUM(I77:I79) -> 19385.074 | J81: =SUM(J77:J79) -> 709882.99 | K81: =SUM(K77:K79) -> 2653439.9 | L81: =SUM(L77:L79) -> 39592067 | N81: =SUMPRODUCT(N77:N79,$L77:$L79)/SUM($L77:$L79) -> 0.026709855 | O81: =SUMPRODUCT(O77:O79,$L77:$L79)/SUM($L77:$L79) -> 0.018655533 | P81: =SUMPRODUCT(P77:P79,$L77:$L79)/SUM($L77:$L79) -> 0.045365388 | Q81: =SUMPRODUCT(Q77:Q79,$L77:$L79)/SUM($L77:$L79) -> 0.021654095 | R81: =K81/L81 -> 0.067019483
B82: USPS MARKETING MAIL ECR Letters Source / Calculations | E82: ="L"&$A84&" ,L"&$A85&" from [UDCInputs.xls] CARMMCasing" -> L68 ,L69 from [UDCInputs.xls] CARMMCasing | F82: ="L"&$A84&" ,L"&$A85&" from [UDCInputs.xls] CARMMCasing" -> L68 ,L69 from [UDCInputs.xls] CARMMCasing | G82: ="L"&$A84&"..L"&$A85&" from " &NOTES!A12 -> L68..L69 from 8.CityCosts | H82: ="L"&$A84&"..L"&$A85&" from " &NOTES!A12 -> L68..L69 from 8.CityCosts | I82: ="L"&$A84&"..L"&$A85&" from " &NOTES!A12 -> L68..L69 from 8.CityCosts | J82: ="L"&$A84&"..L"&A85&" from " &NOTES!A9 -> L68..L69 from 5.RuralCrosswalk | L82: ="L"&$A84&"..L"&$A85&" from [UDCInputs.xls] " &[1]NOTES!$A$26 -> L68..L69 from [UDCInputs.xls] CARMM | N82: DALs Excluded from the Numerator and Denominator of Saturation Letters, DAL costs Included in the Numerator of Saturation Flats
A83: =A81+1 -> 67 | B83: USPS MARKETING MAIL ECR
A84: =A83+1 -> 68 | B84: ECR High Density Letters | D84: =(E84+F84)/L84 -> 0.009859818 | E84: =[1]CARMMCasing!$D$18 -> 25524.363 | F84: =[1]CARMMCasing!$E$18 -> 8302.6931 | G84: ='8.CityCosts'!F213 -> 5898.3898 | H84: ='8.CityCosts'!F177 -> 49231.68 | I84: ='8.CityCosts'!F195 -> 1697.9577 | J84: ='5.RuralCrosswalk'!P102 -> 73259.33 | K84: =SUM(E84:I84)*[1]BYPBack!$D$17+J84*[1]BYPBack!$E$17 -> 204107.92 | L84: =[1]RPWShape!$C$18 -> 3430799.2 | M84: =L84/L$86 -> 0.57014516 | N84: =SUM($E84:$G84,I84)*[1]BYPBack!$D$17/L84 -> 0.015400573 | O84: =SUM($H84:$H84)*[1]BYPBack!$D$17/L84 -> 0.018303568 | P84: =SUM($E84:$I84)*[1]BYPBack!$D$17/L84 -> 0.033704142 | Q84: =$J84*[1]BYPBack!$E$17/L84 -> 0.025788678 | R84: =SUM($P84:$Q84) -> 0.05949282
A85: =A84+1 -> 69 | B85: ECR Saturation Letters | D85: =(E85+F85)/L85 -> 0.0082626571 | E85: =[1]CARMMCasing!$D$19 -> 16794.799 | F85: =[1]CARMMCasing!$E$19 -> 4577.5078 | G85: ='8.CityCosts'!F214 -> 3726.6678 | H85: ='8.CityCosts'!F178 -> 45607.5 | I85: ='8.CityCosts'!F196 -> 1451.8367 | J85: ='5.RuralCrosswalk'!P103 -> 56686.308 | K85: =SUM(E85:I85)*[1]BYPBack!$D$17+J85*[1]BYPBack!$E$17 -> 160499.62 | L85: =[1]RPWShape!$C$19 -> 2586614.3 | M85: =L85/L$86 -> 0.42985484 | N85: =SUM($E85:$G85,I85)*[1]BYPBack!$D$17/L85 -> 0.0130928 | O85: =SUM($H85:$H85)*[1]BYPBack!$D$17/L85 -> 0.02249008 | P85: =SUM($E85:$I85)*[1]BYPBack!$D$17/L85 -> 0.035582881 | Q85: =$J85*[1]BYPBack!$E$17/L85 -> 0.026467196 | R85: =SUM($P85:$Q85) -> 0.062050077
A86: =A85+1 -> 70 | B86: ECR HD/Sat Letters Subtotal | D86: =(E86+F86)/L86 -> 0.0091732707 | E86: =SUM(E84:E85) -> 42319.162 | F86: =SUM(F84:F85) -> 12880.201 | G86: =SUM(G84:G85) -> 9625.0576 | H86: =SUM(H84:H85) -> 94839.18 | I86: =SUM(I84:I85) -> 3149.7944 | J86: =SUM(J84:J85) -> 129945.64 | K86: =SUM(K84:K85) -> 364607.54 | L86: =SUM(L84:L85) -> 6017413.6 | M86: =L86/L$86 -> 1 | N86: =SUMPRODUCT(N84:N85,$L84:$L85)/SUM($L84:$L85) -> 0.014408566 | O86: =SUMPRODUCT(O84:O85,$L84:$L85)/SUM($L84:$L85) -> 0.020103161 | P86: =SUMPRODUCT(P84:P85,$L84:$L85)/SUM($L84:$L85) -> 0.034511727 | Q86: =SUMPRODUCT(Q84:Q85,$L84:$L85)/SUM($L84:$L85) -> 0.026080343 | R86: =SUM($P86:$Q86) -> 0.060592069
B87: Flats Source / Calculations | E87: ="L"&$A88&" ,L"&$A89&" from [UDCInputs.xls] CARMMCasing" -> L71 ,L72 from [UDCInputs.xls] CARMMCasing | F87: ="L"&$A88&" ,L"&$A89&" from [UDCInputs.xls] CARMMCasing" -> L71 ,L72 from [UDCInputs.xls] CARMMCasing | G87: ="L"&$A88&"..L"&$A89&" from " &NOTES!A12 -> L71..L72 from 8.CityCosts | H87: ="L"&$A88&"..L"&$A89&" from " &NOTES!A12 -> L71..L72 from 8.CityCosts | I87: ="L"&$A88&"..L"&$A89&" from " &NOTES!A12 -> L71..L72 from 8.CityCosts | J87: ="L"&A88&"..L"&A89&" from " &NOTES!A9 -> L71..L72 from 5.RuralCrosswalk | L87: ="L"&$A89&"..L"&$A90&" from [UDCInputs.xls] " &[1]NOTES!$A$26 -> L72..L73 from [UDCInputs.xls] CARMM
A88: =A86+1 -> 71 | B88: ECR High Density Flats | D88: =(E88+F88)/L88 -> 0.034724093 | E88: =[1]CARMMCasing!$D$21 -> 39792.276 | F88: =[1]CARMMCasing!$E$21 -> 5622.2775 | G88: ='8.CityCosts'!F216 -> 7919.1477 | H88: ='8.CityCosts'!F180 -> 13922.726 | I88: ='8.CityCosts'!F198 -> 614.62965 | J88: ='5.RuralCrosswalk'!P104 -> 71941.295 | K88: =SUM(E88:I88)*[1]BYPBack!$D$18+J88*[1]BYPBack!$E$18 -> 174221.33 | L88: =[1]RPWShape!$D$21 -> 1307868.7 | M88: =L88/L$90 -> 0.16620779 | N88: =SUM($E88:$G88,I88)*[1]BYPBack!$D$18/L88 -> 0.053079801 | O88: =SUM($H88:$H88)*[1]BYPBack!$D$18/L88 -> 0.01369858 | P88: =SUM($E88:$I88)*[1]BYPBack!$D$18/L88 -> 0.066778381 | Q88: =$J88*[1]BYPBack!$E$18/L88 -> 0.06643173 | R88: =SUM($P88:$Q88) -> 0.13321011
A89: =A88+1 -> 72 | B89: ECR Saturation Flats | D89: =(E89+F89)/L89 -> 0.0038198054 | E89: =[1]CARMMCasing!$D$25 -> 21534.623 | F89: =[1]CARMMCasing!$E$25 -> 3527.1517 | G89: ='8.CityCosts'!F217 -> 4370.1386 | H89: ='8.CityCosts'!F181 -> 178981.26 | I89: ='8.CityCosts'!F199 -> 5792.0885 | J89: ='5.RuralCrosswalk'!P105 -> 146692.44 | K89: =SUM(E89:I89)*[1]BYPBack!$D$18+J89*[1]BYPBack!$E$18 -> 452803.52 | L89: =[1]RPWShape!$D$22 -> 6561008.2 | M89: =L89/L$90 -> 0.83379221 | N89: =SUM($E89:$G89,I89)*[1]BYPBack!$D$18/L89 -> 0.0069084962 | O89: =SUM($H89:$H89)*[1]BYPBack!$D$18/L89 -> 0.03510366 | P89: =SUM($E89:$I89)*[1]BYPBack!$D$18/L89 -> 0.042012156 | Q89: =$J89*[1]BYPBack!$E$18/L89 -> 0.027002165 | R89: =SUM($P89:$Q89) -> 0.069014321
A90: =A89+1 -> 73 | B90: ECR HD/Sat Flats Subtotal | D90: =(E90+F90)/L90 -> 0.0089563389 | E90: =SUM(E88:E89) -> 61326.899 | F90: =SUM(F88:F89) -> 9149.4291 | G90: =SUM(G88:G89) -> 12289.286 | H90: =SUM(H88:H89) -> 192903.99 | I90: =SUM(I88:I89) -> 6406.7181 | J90: =SUM(J88:J89) -> 218633.73 | K90: =SUM(K88:K89) -> 627024.85 | L90: =SUM(L88:L89) -> 7868876.8 | M90: =SUM(M88:M89) -> 1 | N90: =SUMPRODUCT(N88:N89,$L88:$L89)/SUM($L88:$L89) -> 0.014582527 | O90: =SUMPRODUCT(O88:O89,$L88:$L89)/SUM($L88:$L89) -> 0.031545968 | P90: =SUMPRODUCT(P88:P89,$L88:$L89)/SUM($L88:$L89) -> 0.046128495 | Q90: =SUMPRODUCT(Q88:Q89,$L88:$L89)/SUM($L88:$L89) -> 0.033555666 | R90: =SUM($P90:$Q90) -> 0.079684161
A92: =A90+1 -> 74 | B92: Every Door Direct Mail Retail | E92: =[1]CARMMCasing!$D$30 -> 3687.7934 | F92: =[1]CARMMCasing!$E$30 -> 1319.7382 | G92: ='[1]7.0.6'!$P$19+'[1]CS6&7 CRA'!$D$20+'[1]7.0.6'!$I$19 -> 873.21564 | H92: ='[1]CS6&7 CRA'!$F$20 -> 13512.623 | I92: ='[1]7.0.6'!$J$19 -> 448.7806 | J92: ='5.RuralCrosswalk'!P108 -> 6265.5646 | K92: =SUM(E92:I92)*[1]BYPBack!$D$19+J92*[1]BYPBack!$E$19 -> 33093.695 | L92: =[1]RPWShape!$D$23 -> 559191.61 | M92: =L92/L$90 -> 0.071063714 | N92: =SUM($E92:$G92,I92)*[1]BYPBack!$D$19/L92 -> 0.014561869 | O92: =SUM($H92:$H92)*[1]BYPBack!$D$19/L92 -> 0.031087476 | P92: =SUM($E92:$I92)*[1]BYPBack!$D$19/L92 -> 0.045649345 | Q92: =$J92*[1]BYPBack!$E$19/L92 -> 0.013531969 | R92: =SUM($P92:$Q92) -> 0.059181314
B93: Parcels Source / Calculations | E93: ="L"&$A94&" ,L"&$A95&" from [UDCInputs.xls] CARMMCasing" -> L75 ,L76 from [UDCInputs.xls] CARMMCasing | F93: ="L"&$A94&" ,L"&$A95&" from [UDCInputs.xls] CARMMCasing" -> L75 ,L76 from [UDCInputs.xls] CARMMCasing | G93: ="L"&$A94&"..L"&$A95&" from " &NOTES!A12 -> L75..L76 from 8.CityCosts | H93: ="L"&$A94&"..L"&$A95&" from " &NOTES!A12 -> L75..L76 from 8.CityCosts | I93: ="L"&$A94&"..L"&$A95&" from " &NOTES!A12 -> L75..L76 from 8.CityCosts | J93: ="L"&A94&"..L"&A95&" from " &NOTES!A9 -> L75..L76 from 5.RuralCrosswalk | L93: ="L"&$A95&"..L"&$A96&" from [UDCInputs.xls] " &[1]NOTES!$A$26 -> L76..L77 from [UDCInputs.xls] CARMM
A94: =A92+1 -> 75 | B94: ECR High Density Parcels | E94: =[1]CARMMCasing!$D$24 -> 0 | F94: =[1]CARMMCasing!$E$24 -> 0 | G94: ='8.CityCosts'!F218 -> 0 | H94: ='8.CityCosts'!F182 -> 0 | I94: ='8.CityCosts'!F200 -> 0 | J94: ='5.RuralCrosswalk'!P106 -> 0 | K94: =SUM(E94:I94)*[1]BYPBack!$E$18+J94*[1]BYPBack!$F$18 -> 0 | L94: =[1]RPWShape!$E$21 -> 0 | M94: =IF(L$96,L94/L$96,0) -> 0 | R94: =SUM(P94:Q94) -> 0
A95: =A94+1 -> 76 | B95: ECR Saturation Parcels | D95: =IF(L95,(E95+F95)/L95,0) -> 0 | E95: =[1]CARMMCasing!$D$29 -> 0 | F95: =[1]CARMMCasing!$E$29 -> 0 | G95: ='8.CityCosts'!F219 -> 0 | H95: ='8.CityCosts'!F183 -> 0 | I95: ='8.CityCosts'!F201 -> 0 | J95: ='5.RuralCrosswalk'!P107 -> 0 | K95: =SUM(E95:I95)*[1]BYPBack!$E$18+J95*[1]BYPBack!$F$18 -> 0 | L95: =[1]RPWShape!$E$22 -> 0 | M95: =IF(L$96,L95/L$96,0) -> 0 | N95: =IF(L95,SUM($E95:$G95,I95)*[1]BYPBack!$D$18/L95,0) -> 0 | O95: =IF(L95,SUM($H95:$H95)*[1]BYPBack!$D$18/L95,0) -> 0 | P95: =IF(L95,SUM($E95:$I95)*[1]BYPBack!$D$18/L95,0) -> 0 | Q95: =IF(L95,$J95*[1]BYPBack!$E$18/L95,0) -> 0 | R95: =SUM(P95:Q95) -> 0
A96: =A95+1 -> 77 | B96: ECR HD/Sat Parcels Subtotal | D96: =IF(L96,(E96+F96)/L96,0) -> 0 | E96: =SUM(E94:E95) -> 0 | F96: =SUM(F94:F95) -> 0 | G96: =SUM(G94:G95) -> 0 | H96: =SUM(H94:H95) -> 0 | I96: =SUM(I94:I95) -> 0 | J96: =SUM(J94:J95) -> 0 | K96: =SUM(K94:K95) -> 0 | L96: =SUM(L94:L95) -> 0 | M96: =IF(L$96,L96/L$96,0) -> 0 | N96: =IF(L96,SUM($E96:$G96,I96)*[1]BYPBack!$D$18/L96,0) -> 0 | O96: =IF(L96,SUM($H96:$H96)*[1]BYPBack!$D$18/L96,0) -> 0 | P96: =IF(L96,SUM($E96:$I96)*[1]BYPBack!$D$18/L96,0) -> 0 | Q96: =IF(L96,$J96*[1]BYPBack!$E$18/L96,0) -> 0 | R96: =SUM(P96:Q96) -> 0
B97: Nonletters Source / Calculations | E97: ="L"&A98&"..L"&$A100&" = L"&$A88&"..L"&$A89&" + L"&$A94&"..L"&$A95 -> L78..L80 = L71..L72 + L75..L76 | F97: ="L"&A98&"..L"&$A100&" = L"&$A88&"..L"&$A89&" + L"&$A94&"..L"&$A95 -> L78..L80 = L71..L72 + L75..L76 | G97: ="L"&A98&"..L"&$A100&" = L"&$A88&"..L"&$A89&" + L"&$A94&"..L"&$A95 -> L78..L80 = L71..L72 + L75..L76 | H97: ="L"&A98&"..L"&$A100&" = L"&$A88&"..L"&$A89&" + L"&$A94&"..L"&$A95 -> L78..L80 = L71..L72 + L75..L76 | I97: ="L"&A98&"..L"&$A100&" = L"&$A88&"..L"&$A89&" + L"&$A94&"..L"&$A95 -> L78..L80 = L71..L72 + L75..L76 | J97: ="L"&A98&"..L"&$A100&" = L"&$A88&"..L"&$A89&" + L"&$A94&"..L"&$A95 -> L78..L80 = L71..L72 + L75..L76 | L97: ="L"&A98&"..L"&$A100&" = L"&$A88&"..L"&$A89&" + L"&$A94&"..L"&$A95 -> L78..L80 = L71..L72 + L75..L76
A98: =A96+1 -> 78 | B98: ECR High Density Non-Letters | D98: =(E98+F98)/L98 -> 0.034724093 | E98: =SUM(E88,E94) -> 39792.276 | F98: =SUM(F88,F94) -> 5622.2775 | G98: =SUM(G88,G94) -> 7919.1477 | H98: =H88+H94 -> 13922.726 | I98: =(H98/$H$100)*$I$100 -> 462.40091 | J98: =J88+J94 -> 71941.295 | K98: =K88+K94 -> 174221.33 | L98: =SUM(L88,L94) -> 1307868.7 | M98: =L98/L$100 -> 0.16620779 | N98: =SUM($E98:$G98,I98)*[1]BYPBack!$D$18/L98 -> 0.052930023 | O98: =SUM($H98:$H98)*[1]BYPBack!$D$18/L98 -> 0.01369858 | P98: =SUM($E98:$I98)*[1]BYPBack!$D$18/L98 -> 0.066628603 | Q98: =$J98*[1]BYPBack!$E$18/L98 -> 0.06643173 | R98: =SUM(P98:Q98) -> 0.13306033
A99: =A98+1 -> 79 | B99: ECR Saturation Nonletters | D99: =(E99+F99)/L99 -> 0.0038198054 | E99: =SUM(E89,E95) -> 21534.623 | F99: =SUM(F89,F95) -> 3527.1517 | G99: =SUM(G89,G95) -> 4370.1386 | H99: =H89+H95 -> 178981.26 | I99: =(H99/$H$100)*$I$100 -> 5944.3172 | J99: =J89+J95 -> 146692.44 | K99: =K89+K95 -> 452803.52 | L99: =SUM(L89,L95) -> 6561008.2 | M99: =L99/L$100 -> 0.83379221 | N99: =SUM($E99:$G99,I99)*[1]BYPBack!$D$18/L99 -> 0.0069383529 | O99: =SUM($H99:$H99)*[1]BYPBack!$D$18/L99 -> 0.03510366 | P99: =SUM($E99:$I99)*[1]BYPBack!$D$18/L99 -> 0.042042012 | Q99: =$J99*[1]BYPBack!$E$18/L99 -> 0.027002165 | R99: =SUM(P99:Q99) -> 0.069044177
A100: =A99+1 -> 80 | B100: HD/Sat NonLetters Subtotal | D100: =(E100+F100)/L100 -> 0.0089563389 | E100: =SUM(E98:E99) -> 61326.899 | F100: =SUM(F98:F99) -> 9149.4291 | G100: =SUM(G90,G96) -> 12289.286 | H100: =H90+H96 -> 192903.99 | I100: =SUM(I90,I96) -> 6406.7181 | J100: =J90+J96 -> 218633.73 | K100: =K90+K96 -> 627024.85 | L100: =SUM(L98:L99) -> 7868876.8 | M100: =L100/L$100 -> 1 | N100: =SUMPRODUCT(N98:N99,$L98:$L99)/SUM($L98:$L99) -> 0.014582527 | O100: =SUMPRODUCT(O98:O99,$L98:$L99)/SUM($L98:$L99) -> 0.031545968 | P100: =SUMPRODUCT(P98:P99,$L98:$L99)/SUM($L98:$L99) -> 0.046128495 | Q100: =SUMPRODUCT(Q98:Q99,$L98:$L99)/SUM($L98:$L99) -> 0.033555666 | R100: =SUM(P100:Q100) -> 0.079684161
B101: Source / Calculations | E101: ="L"&$A102&" = L"&$A86&"+L"&$A90&"+L"&$A96 -> L81 = L70+L73+L77 | F101: ="L"&$A102&" = L"&$A86&"+L"&$A90&"+L"&$A96 -> L81 = L70+L73+L77 | G101: ="L"&$A102&" = L"&$A86&"+L"&$A90&"+L"&$A96 -> L81 = L70+L73+L77 | H101: ="L"&$A102&" = L"&$A86&"+L"&$A90&"+L"&$A96 -> L81 = L70+L73+L77 | I101: ="L"&$A102&" = L"&$A86&"+L"&$A90&"+L"&$A96 -> L81 = L70+L73+L77 | J101: ="L"&$A102&" = L"&$A86&"+L"&$A90&"+L"&$A96 -> L81 = L70+L73+L77 | L101: ="L"&$A102&" = L"&$A86&"+L"&$A90&"+L"&$A96 -> L81 = L70+L73+L77
A102: =A100+1 -> 81 | B102: ECR Total BY* | D102: =(E102+F102)/L102 -> 0.009050343 | E102: =SUM(E86,E90,E96) -> 103646.06 | F102: =SUM(F86,F90,F96) -> 22029.63 | G102: =SUM(G86,G90,G96) -> 21914.344 | H102: =SUM(H86,H90,H96) -> 287743.17 | I102: =SUM(I86,I90,I96) -> 9556.5125 | J102: =SUM(J86,J90,J96) -> 348579.37 | K102: =SUM(K86,K90,K96) -> 991632.39 | L102: =SUM(L86,L90,L96) -> 13886290 | R102: =K102/L102 -> 0.071410893
...

Sheet 4.Rural cost
A1: =[1]Inputs!$C$4 -> Unit Delivery Cost Model - 12/16/2025
A2: ="DEVELOPMENT OF " & [1]Inputs!$C$6 & " RURAL CARRIER KEY" -> DEVELOPMENT OF FY 2025 RURAL CARRIER KEY
A3: =[1]RuralCosts!$A$3 & " for Costs" -> SOURCE: CS10-NP-FY25.xlsx, W/S 10.1.2 for Costs
A4: =[1]RuralVols!$A$3 & " for Volumes" -> SOURCE: CS10-NP-FY25.xlsx, Inputs DK for Volumes
A5: Line No. | C5: Letters | D5: Flats | E5: Mailbox Parcels | F5: Door Parcels | G5: Parcel Locker Parcels | H5: Total Parcels | I5: Boxholder | J5: DPS | K5: Postage Due | L5: Carrier Pickup | M5: Collections | N5: Misc_To_Door | O5: Misc_Actv | P5: Total Delivered | Q5: Total Incl Collections
B6: Col. No. | C6: -1 | D6: =C6-1 -> -2 | E6: =D6-1 -> -3 | F6: =E6-1 -> -4 | G6: =F6-1 -> -5 | H6: =G6-1 -> -6 | I6: =H6-1 -> -7 | J6: =I6-1 -> -8 | K6: =J6-1 -> -9 | ... Q6: =P6-1 -> -15
B7: Units | C7: $(000) | D7: $(000) | E7: $(000) | F7: $(000) | G7: $(000) | H7: $(000) | I7: $(000) | J7: $(000) | K7: $(000) | L7: $(000) | M7: $(000) | N7: $(000) | O7: $(000) | P7: $(000) | Q7: $(000)
B8: Source / Calculations | C8: ="L"&A12& ", " & A16 & ", " & A20 &", " & A22 &", " & A25&", " & A27&", " & A29&", " & A31&", " & A33&", " & A35&", " & A40&", " & A42&", " & A44& " = cost / volume" -> L4, 8, 12, 14, 17, 19, 21, 23, 25, 27, 32, 34, 36 = cost / volume | P8: ="=C"&-C6&"..C"&-K6 -> =C1..C9
A9: 1 | C9: =C12 -> 0.1561702 | D9: =D20 -> 0.14691668 | H9: =H18 -> 1.8903443 | I9: =I12 -> 0 | J9: =J12 -> 0.032138413 | K9: =K12 -> 0.5758252 | L9: =L44 -> 0.25715123 | M9: =M12 -> 0.0065550581
A10: =A9+1 -> 2 | B10: First-Class
A11: =A10+1 -> 3 | B11: Single-Piece Letters | C11: =[1]RuralCosts!C11 -> 49940.214 | D11: =[1]RuralCosts!D11 -> 775.65753 | E11: =[1]RuralCosts!E11 -> 0 | F11: =[1]RuralCosts!F11 -> 0 | G11: =[1]RuralCosts!G11 -> 0 | H11: =SUM(E11:G11) -> 0 | I11: =[1]RuralCosts!H11 -> 0 | J11: =[1]RuralCosts!I11 -> 78847.976 | K11: =[1]RuralCosts!J11 -> 309.18189 | L11: =[1]RuralCosts!$L$11 -> 0 | M11: =[1]RuralCosts!$K$11 -> 7699.2631 | N11: =[1]RuralCosts!M$11 -> 2911.9357 | O11: =[1]RuralCosts!N$11 -> 291.47557 | P11: =SUM(C11:K11)+O11+N11-H11 -> 133076.44 | Q11: =SUM(C11:O11)-H11 -> 140775.7
A12: =A11+1 -> 4 | B12: Unit Cost | C12: =IFERROR(C11/C52,0) -> 0.1561702 | D12: =IFERROR(D11/D52,0) -> 0.14691668 | E12: =IFERROR(E11/E52,0) -> 0 | F12: =IFERROR(F11/F52,0) -> 0 | G12: =IFERROR(G11/G52,0) -> 0 | H12: =IFERROR(H11/H52,0) -> 0 | I12: =IFERROR(I11/I52,0) -> 0 | J12: =IFERROR(J11/J52,0) -> 0.032138413 | ... M12: =IFERROR(M11/M52,0) -> 0.0065550581
A13: =A12+1 -> 5 | B13: Single-Piece Cards | C13: =[1]RuralCosts!C12 -> 3870.8245 | D13: =[1]RuralCosts!D12 -> 6.405856 | E13: =[1]RuralCosts!E12 -> 0 | F13: =[1]RuralCosts!F12 -> 0 | G13: =[1]RuralCosts!G12 -> 0 | H13: =SUM(E13:G13) -> 0 | I13: =[1]RuralCosts!H12 -> 0 | J13: =[1]RuralCosts!I12 -> 2829.7251 | K13: =[1]RuralCosts!J12 -> 2.2576494 | L13: =[1]RuralCosts!$L12 -> 0 | M13: =[1]RuralCosts!$K$12 -> 0 | N13: =[1]RuralCosts!M$12 -> 101.47271 | O13: =[1]RuralCosts!N$12 -> 14.12119 | P13: =SUM(C13:K13)+O13+N13-H13 -> 6824.807 | Q13: =SUM(C13:O13)-H13 -> 6824.807
A14: =A13+1 -> 6 | B14: Unit Cost | C14: =IFERROR(C13/C53,0) -> 0.1561702 | D14: =IFERROR(D13/D53,0) -> 0.14691668 | E14: =IFERROR(E13/E53,0) -> 0 | F14: =IFERROR(F13/F53,0) -> 0 | G14: =IFERROR(G13/G53,0) -> 0 | H14: =IFERROR(H13/H53,0) -> 0 | I14: =IFERROR(I13/I53,0) -> 0 | J14: =IFERROR(J13/J53,0) -> 0.032138413 | ... M14: =IFERROR(M13/M53,0) -> 0
A15: =A14+1 -> 7 | B15: Presort Letters | C15: =[1]RuralCosts!C13 -> 95004.735 | D15: =[1]RuralCosts!D13 -> 1185.642 | E15: =[1]RuralCosts!E13 -> 0 | F15: =[1]RuralCosts!F13 -> 0 | G15: =[1]RuralCosts!G13 -> 0 | H15: =SUM(E15:G15) -> 0 | I15: =[1]RuralCosts!H13 -> 0 | J15: =[1]RuralCosts!I13 -> 300688.73 | K15: =[1]RuralCosts!J13 -> 0 | L15: =[1]RuralCosts!$L13 -> 0 | M15: =[1]RuralCosts!$K$13 -> 0 | N15: =[1]RuralCosts!M$13 -> 9050.2166 | O15: =[1]RuralCosts!N$13 -> 842.52924 | P15: =SUM(C15:K15)+O15+N15-H15 -> 406771.86 | Q15: =SUM(C15:O15)-H15 -> 406771.86
A16: =A15+1 -> 8 | B16: Unit Cost | C16: =IFERROR(C15/C54,0) -> 0.1561702 | D16: =IFERROR(D15/D54,0) -> 0.14691668 | E16: =IFERROR(E15/E54,0) -> 0 | F16: =IFERROR(F15/F54,0) -> 0 | G16: =IFERROR(G15/G54,0) -> 0 | H16: =IFERROR(H15/H54,0) -> 0 | I16: =IFERROR(I15/I54,0) -> 0 | J16: =IFERROR(J15/J54,0) -> 0.032138413 | ... M16: =IFERROR(M15/M54,0) -> 0
A17: =A16+1 -> 9 | B17: Presort Cards | C17: =[1]RuralCosts!C14 -> 7603.1914 | D17: =[1]RuralCosts!D14 -> 18.777653 | E17: =[1]RuralCosts!E14 -> 0 | F17: =[1]RuralCosts!F14 -> 7.411511 | G17: =[1]RuralCosts!G14 -> 0 | H17: =SUM(E17:G17) -> 7.411511 | I17: =[1]RuralCosts!H14 -> 0 | J17: =[1]RuralCosts!I14 -> 23095.113 | K17: =[1]RuralCosts!J14 -> 0 | L17: =[1]RuralCosts!$L14 -> 0 | M17: =[1]RuralCosts!$K$14 -> 0 | N17: =[1]RuralCosts!M$14 -> 727.10639 | O17: =[1]RuralCosts!N$14 -> 65.277708 | P17: =SUM(C17:K17)+O17+N17-H17 -> 31516.878 | Q17: =SUM(C17:O17)-H17 -> 31516.878
A18: =A17+1 -> 10 | B18: Unit Cost | C18: =IFERROR(C17/C55,0) -> 0.1561702 | D18: =IFERROR(D17/D55,0) -> 0.14691668 | E18: =IFERROR(E17/E55,0) -> 0 | F18: =IFERROR(F17/F55,0) -> 1.8903443 | G18: =IFERROR(G17/G55,0) -> 0 | H18: =IFERROR(H17/H55,0) -> 1.8903443 | I18: =IFERROR(I17/I55,0) -> 0 | J18: =IFERROR(J17/J55,0) -> 0.032138413 | ... M18: =IFERROR(M17/M55,0) -> 0
A19: =A18+1 -> 11 | B19: Single Piece Flats | C19: =[1]RuralCosts!C15 -> 1.8691304 | D19: =[1]RuralCosts!D15 -> 17855.054 | E19: =[1]RuralCosts!E15 -> 0 | F19: =[1]RuralCosts!F15 -> 0 | G19: =[1]RuralCosts!G15 -> 0 | H19: =SUM(E19:G19) -> 0 | I19: =[1]RuralCosts!H15 -> 0 | J19: =[1]RuralCosts!I15 -> 0 | K19: =[1]RuralCosts!J15 -> 201.41223 | L19: =[1]RuralCosts!L15 -> 0 | M19: =[1]RuralCosts!K15 -> 0 | N19: =[1]RuralCosts!M15 -> 126.53204 | O19: =[1]RuralCosts!N15 -> 37.830605 | P19: =SUM(C19:K19)+O19+N19-H19 -> 18222.698 | Q19: =SUM(C19:O19)-H19 -> 18222.698
A20: =A19+1 -> 12 | B20: Unit Cost | C20: =IFERROR(C19/C56,0) -> 0.1561702 | D20: =IFERROR(D19/D56,0) -> 0.14691668 | E20: =IFERROR(E19/E56,0) -> 0 | F20: =IFERROR(F19/F56,0) -> 0 | G20: =IFERROR(G19/G56,0) -> 0 | H20: =IFERROR(H19/H56,0) -> 0 | I20: =IFERROR(I19/I56,0) -> 0 | J20: =IFERROR(J19/J56,0) -> 0 | ... M20: =IFERROR(M19/M56,0) -> 0
A21: =A20+1 -> 13 | B21: Presort Flats | C21: =[1]RuralCosts!C16 -> 1.2545102 | D21: =[1]RuralCosts!D16 -> 22439.219 | E21: =[1]RuralCosts!E16 -> 0 | F21: =[1]RuralCosts!F16 -> 0 | G21: =[1]RuralCosts!G16 -> 0 | H21: =SUM(E21:G21) -> 0 | I21: =[1]RuralCosts!H16 -> 0 | J21: =[1]RuralCosts!I16 -> 0 | K21: =[1]RuralCosts!J16 -> 0 | L21: =[1]RuralCosts!L16 -> 0 | M21: =[1]RuralCosts!K16 -> 0 | N21: =[1]RuralCosts!M16 -> 134.46573 | O21: =[1]RuralCosts!N16 -> 46.962724 | P21: =SUM(C21:K21)+O21+N21-H21 -> 22621.902 | Q21: =SUM(C21:O21)-H21 -> 22621.902
A22: =A21+1 -> 14 | B22: Unit Cost | C22: =IFERROR(C21/C57,0) -> 0.1561702 | D22: =IFERROR(D21/D57,0) -> 0.14691668 | E22: =IFERROR(E21/E57,0) -> 0 | F22: =IFERROR(F21/F57,0) -> 0 | G22: =IFERROR(G21/G57,0) -> 0 | H22: =IFERROR(H21/H57,0) -> 0 | I22: =IFERROR(I21/I57,0) -> 0 | J22: =IFERROR(J21/J57,0) -> 0 | ... M22: =IFERROR(M21/M57,0) -> 0
A23: =A22+1 -> 15 | B23: USPS Marketing Mail (A)
A24: =A23+1 -> 16 | B24: HIGH DENSITY & SATURATION LETTERS | C24: =[1]RuralCosts!C18 -> 70440.997 | D24: =[1]RuralCosts!D18 -> 1915.5951 | E24: =[1]RuralCosts!E18 -> 0 | F24: =[1]RuralCosts!F18 -> 0 | G24: =[1]RuralCosts!G18 -> 0 | H24: =SUM(E24:G24) -> 0 | I24: =[1]RuralCosts!H18 -> 12847.592 | J24: =[1]RuralCosts!I18 -> 55415.843 | K24: =[1]RuralCosts!J18 -> 0 | L24: =[1]RuralCosts!L18 -> 0 | M24: =[1]RuralCosts!K18 -> 0 | N24: =[1]RuralCosts!M$18 -> 1869.5471 | O24: =[1]RuralCosts!N$18 -> 303.65557 | P24: =SUM(C24:K24)+O24+N24-H24 -> 142793.23 | Q24: =SUM(C24:O24)-H24 -> 142793.23
A25: =A24+1 -> 17 | B25: Unit Cost | C25: =IFERROR(C24/C60,0) -> 0.1501951 | D25: =IFERROR(D24/D60,0) -> 0.14691668 | E25: =IFERROR(E24/E60,0) -> 0 | F25: =IFERROR(F24/F60,0) -> 0 | G25: =IFERROR(G24/G60,0) -> 0 | H25: =IFERROR(H24/H60,0) -> 0 | I25: =IFERROR(I24/I60,0) -> 0.062211817 | J25: =IFERROR(J24/J60,0) -> 0.032020131 | ... M25: =IFERROR(M24/M60,0) -> 0
A26: =A25+1 -> 18 | B26: HIGH DENSITY & SATURATION FLATS & PARCELS | C26: =[1]RuralCosts!C19 -> 2892.0863 | D26: =[1]RuralCosts!D19 -> 218533.41 | E26: =[1]RuralCosts!E19 -> 0 | F26: =[1]RuralCosts!F19 -> 0 | G26: =[1]RuralCosts!G19 -> 0 | H26: =SUM(E26:G26) -> 0 | I26: =[1]RuralCosts!H19 -> 86461.102 | J26: =[1]RuralCosts!I19 -> 204.70492 | K26: =[1]RuralCosts!J19 -> 0 | L26: =[1]RuralCosts!L19 -> 0 | M26: =[1]RuralCosts!K19 -> 0 | N26: =[1]RuralCosts!M$19 -> 2444.7772 | O26: =[1]RuralCosts!N$19 -> 637.59347 | P26: =SUM(C26:K26)+O26+N26-H26 -> 311173.67 | Q26: =SUM(C26:O26)-H26 -> 311173.67
A27: =A26+1 -> 19 | B27: Unit Cost | C27: =IFERROR(C26/C61,0) -> 5.0304317 | D27: =IFERROR(D26/D61,0) -> 0.14691668 | E27: =IFERROR(E26/E61,0) -> 0 | F27: =IFERROR(F26/F61,0) -> 0 | G27: =IFERROR(G26/G61,0) -> 0 | H27: =IFERROR(H26/H61,0) -> 0 | I27: =IFERROR(I26/I61,0) -> 0.076541637 | J27: =IFERROR(J26/J61,0) -> 0 | ... M27: =IFERROR(M26/M61,0) -> 0
A28: =A27+1 -> 20 | B28: EVERY DOOR DIRECT MAIL RETAIL | C28: =[1]RuralCosts!C20 -> 0 | D28: =[1]RuralCosts!D20 -> 0 | E28: =[1]RuralCosts!E20 -> 0 | F28: =[1]RuralCosts!F20 -> 0 | G28: =[1]RuralCosts!G20 -> 0 | H28: =SUM(E28:G28) -> 0 | I28: =[1]RuralCosts!H20 -> 6078.8403 | J28: =[1]RuralCosts!I20 -> 0 | K28: =[1]RuralCosts!J20 -> 0 | L28: =[1]RuralCosts!L20 -> 0 | M28: =[1]RuralCosts!K20 -> 0 | N28: =[1]RuralCosts!M$20 -> 173.73495 | O28: =[1]RuralCosts!N$20 -> 12.989366 | P28: =SUM(C28:K28)+O28+N28-H28 -> 6265.5646 | Q28: =SUM(C28:O28)-H28 -> 6265.5646
A29: =A28+1 -> 21 | B29: Unit Cost | C29: =IFERROR(C28/C62,0) -> 0 | D29: =IFERROR(D28/D62,0) -> 0 | E29: =IFERROR(E28/E62,0) -> 0 | F29: =IFERROR(F28/F62,0) -> 0 | G29: =IFERROR(G28/G62,0) -> 0 | H29: =IFERROR(H28/H62,0) -> 0 | I29: =IFERROR(I28/I62,0) -> 0.024846395 | J29: =IFERROR(J28/J62,0) -> 0 | ... M29: =IFERROR(M28/M62,0) -> 0
A30: =A29+1 -> 22 | B30: LETTERS | C30: =[1]RuralCosts!C22 -> 172873.07 | D30: =[1]RuralCosts!D22 -> 2512.2066 | E30: =[1]RuralCosts!E22 -> 0 | F30: =[1]RuralCosts!F22 -> 173.68427 | G30: =[1]RuralCosts!G22 -> 0 | H30: =SUM(E30:G30) -> 173.68427 | I30: =[1]RuralCosts!H22 -> 398.74105 | J30: =[1]RuralCosts!I22 -> 417010.15 | K30: =[1]RuralCosts!J22 -> 4.6170293 | L30: =[1]RuralCosts!L22 -> 0 | M30: =[1]RuralCosts!K22 -> 0 | N30: =[1]RuralCosts!M$22 -> 11778.847 | O30: =[1]RuralCosts!N$22 -> 1254.9973 | P30: =SUM(C30:K30)+O30+N30-H30 -> 606006.31 | Q30: =SUM(C30:O30)-H30 -> 606006.31
A31: =A30+1 -> 23 | B31: Unit Cost | C31: =IFERROR(C30/C65,0) -> 0.1561702 | D31: =IFERROR(D30/D65,0) -> 0.14691668 | E31: =IFERROR(E30/E65,0) -> 0 | F31: =IFERROR(F30/F65,0) -> 1.8903443 | G31: =IFERROR(G30/G65,0) -> 0 | H31: =IFERROR(H30/H65,0) -> 1.8903443 | I31: =IFERROR(I30/I65,0) -> 0.066668641 | J31: =IFERROR(J30/J65,0) -> 0.032138413 | ... M31: =IFERROR(M30/M65,0) -> 0
A32: =A31+1 -> 24 | B32: FLATS | C32: =[1]RuralCosts!C23 -> 7.3754416 | D32: =[1]RuralCosts!D23 -> 100382.67 | E32: =[1]RuralCosts!E23 -> 0 | F32: =[1]RuralCosts!F23 -> 67.413357 | G32: =[1]RuralCosts!G23 -> 0 | H32: =SUM(E32:G32) -> 67.413357 | I32: =[1]RuralCosts!H23 -> 14.939512 | J32: =[1]RuralCosts!I23 -> 0 | K32: =[1]RuralCosts!J23 -> 4.5152988 | L32: =[1]RuralCosts!L23 -> 0 | M32: =[1]RuralCosts!K23 -> 0 | N32: =[1]RuralCosts!M23 -> 518.3545 | O32: =[1]RuralCosts!N23 -> 210.10101 | P32: =SUM(C32:K32)+O32+N32-H32 -> 101205.37 | Q32: =SUM(C32:O32)-H32 -> 101205.37
A33: =A32+1 -> 25 | B33: Unit Cost | C33: =IFERROR(C32/C66,0) -> 0.1561702 | D33: =IFERROR(D32/D66,0) -> 0.14691668 | E33: =IFERROR(E32/E66,0) -> 0 | F33: =IFERROR(F32/F66,0) -> 1.8903443 | G33: =IFERROR(G32/G66,0) -> 0 | H33: =IFERROR(H32/H66,0) -> 1.8903443 | I33: =IFERROR(I32/I66,0) -> 0.066668641 | J33: =IFERROR(J32/J66,0) -> 0 | ... M33: =IFERROR(M32/M66,0) -> 0
A34: =A33+1 -> 26 | B34: PARCELS | C34: =[1]RuralCosts!C24 -> 0 | D34: =[1]RuralCosts!D24 -> 0 | E34: =[1]RuralCosts!E24 -> 1613.4995 | F34: =[1]RuralCosts!F24 -> 974.4958 | G34: =[1]RuralCosts!G24 -> 71.876359 | H34: =SUM(E34:G34) -> 2659.8716 | I34: =[1]RuralCosts!H24 -> 0 | J34: =[1]RuralCosts!I24 -> 0 | K34: =[1]RuralCosts!J24 -> 2.2662054 | L34: =[1]RuralCosts!L24 -> 0 | M34: =[1]RuralCosts!K24 -> 0 | N34: =[1]RuralCosts!M24 -> 3.6369425 | O34: =[1]RuralCosts!N24 -> 5.5364821 | P34: =SUM(C34:K34)+O34+N34-H34 -> 2671.3112 | Q34: =SUM(C34:O34)-H34 -> 2671.3112
A35: =A34+1 -> 27 | B35: Unit Cost | C35: =IFERROR(C34/C67,0) -> 0 | D35: =IFERROR(D34/D67,0) -> 0 | E35: =IFERROR(E34/E67,0) -> 0.39468299 | F35: =IFERROR(F34/F67,0) -> 1.8903443 | G35: =IFERROR(G34/G67,0) -> 0.54750699 | H35: =IFERROR(H34/H67,0) -> 0.56176099 | I35: =IFERROR(I34/I67,0) -> 0 | J35: =IFERROR(J34/J67,0) -> 0 | ... M35: =IFERROR(M34/M67,0) -> 0
A36: =A35+1 -> 28 | B36: Periodicals | C36: =[1]RuralCosts!C25 -> 298.56031 | D36: =[1]RuralCosts!D25 -> 156173.81 | E36: =[1]RuralCosts!E25 -> 5338.7116 | F36: =[1]RuralCosts!F25 -> 1329.1201 | G36: =[1]RuralCosts!G25 -> 0 | H36: =SUM(E36:G36) -> 6667.8317 | I36: =[1]RuralCosts!H25 -> 848.1486 | J36: =[1]RuralCosts!I25 -> 94.584005 | K36: =[1]RuralCosts!J25 -> 0 | L36: =[1]RuralCosts!L25 -> 0 | M36: =[1]RuralCosts!K25 -> 0 | N36: =[1]RuralCosts!M25 -> 758.9218 | O36: =[1]RuralCosts!N25 -> 342.89333 | P36: =SUM(C36:K36)+O36+N36-H36 -> 165184.75 | Q36: =SUM(C36:O36)-H36 -> 165184.75
A37: =A36+1 -> 29 | B37: Unit Cost | C37: =IFERROR(C36/C68,0) -> 0.1561702 | D37: =IFERROR(D36/D68,0) -> 0.14691668 | E37: =IFERROR(E36/E68,0) -> 0.39468299 | F37: =IFERROR(F36/F68,0) -> 1.8903443 | G37: =IFERROR(G36/G68,0) -> 0 | H37: =IFERROR(H36/H68,0) -> 0.46858583 | I37: =IFERROR(I36/I68,0) -> 0.066668641 | J37: =IFERROR(J36/J68,0) -> 0.032138413 | ... M37: =IFERROR(M36/M68,0) -> 0
A38: =A37+1 -> 30 | B38: Package Services
A39: =A38+1 -> 31 | B39: BOUND PRINTED MATTER FLATS | C39: =[1]RuralCosts!C27 -> 1.2292403 | D39: =[1]RuralCosts!D27 -> 5103.7585 | E39: =[1]RuralCosts!E27 -> 282.74941 | F39: =[1]RuralCosts!F27 -> 761.49221 | G39: =[1]RuralCosts!G27 -> 1.5028954 | H39: =SUM(E39:G39) -> 1045.7445 | I39: =[1]RuralCosts!H27 -> 15.546449 | J39: =[1]RuralCosts!I27 -> 0 | K39: =[1]RuralCosts!J27 -> 2.2662054 | L39: =[1]RuralCosts!L27 -> 0 | M39: =[1]RuralCosts!K27 -> 7.4203257 | N39: =[1]RuralCosts!M27 -> 32.400546 | O39: =[1]RuralCosts!N27 -> 12.912019 | P39: =SUM(C39:K39)+O39+N39-H39 -> 6213.8574 | Q39: =SUM(C39:O39)-H39 -> 6221.2778
A40: =A39+1 -> 32 | B40: Unit Cost | C40: =IFERROR(C39/C70,0) -> 0.1561702 | D40: =IFERROR(D39/D70,0) -> 0.14691668 | E40: =IFERROR(E39/E70,0) -> 0.39468299 | F40: =IFERROR(F39/F70,0) -> 1.8903443 | G40: =IFERROR(G39/G70,0) -> 0.54750699 | H40: =IFERROR(H39/H70,0) -> 0.93205792 | I40: =IFERROR(I39/I70,0) -> 0.066668641 | J40: =IFERROR(J39/J70,0) -> 0 | ... M40: =IFERROR(M39/M70,0) -> 0.0065550581
A41: =A40+1 -> 33 | B41: BOUND PRINTED MATTER PARCELS | C41: =[1]RuralCosts!C28 -> 0 | D41: =[1]RuralCosts!D28 -> 0 | E41: =[1]RuralCosts!E28 -> 20201.551 | F41: =[1]RuralCosts!F28 -> 50075.726 | G41: =[1]RuralCosts!G28 -> 2071.9959 | H41: =SUM(E41:G41) -> 72349.273 | I41: =[1]RuralCosts!H28 -> 0 | J41: =[1]RuralCosts!I28 -> 0 | K41: =[1]RuralCosts!J28 -> 6.8269988 | L41: =[1]RuralCosts!L28 -> 69.173682 | M41: =[1]RuralCosts!K28 -> 0.64895075 | N41: =[1]RuralCosts!M28 -> 70.180256 | O41: =[1]RuralCosts!N28 -> 150.58405 | P41: =SUM(C41:K41)+O41+N41-H41 -> 72576.864 | Q41: =SUM(C41:O41)-H41 -> 72646.687
A42: =A41+1 -> 34 | B42: Unit Cost | C42: =IFERROR(C41/C71,0) -> 0 | D42: =IFERROR(D41/D71,0) -> 0 | E42: =IFERROR(E41/E71,0) -> 0.39468299 | F42: =IFERROR(F41/F71,0) -> 1.8903443 | G42: =IFERROR(G41/G71,0) -> 0.54750699 | H42: =IFERROR(H41/H71,0) -> 0.88816871 | I42: =IFERROR(I41/I71,0) -> 0 | J42: =IFERROR(J41/J71,0) -> 0 | ... M42: =IFERROR(M41/M71,0) -> 0.0065550581
A43: =A42+1 -> 35 | B43: MEDIA AND LIBRARY MAIL | C43: =[1]RuralCosts!C29 -> 0 | D43: =[1]RuralCosts!D29 -> 0 | E43: =[1]RuralCosts!E29 -> 5023.6909 | F43: =[1]RuralCosts!F29 -> 15842.356 | G43: =[1]RuralCosts!G29 -> 1011.6846 | H43: =SUM(E43:G43) -> 21877.731 | I43: =[1]RuralCosts!H29 -> 0 | J43: =[1]RuralCosts!I29 -> 0 | K43: =[1]RuralCosts!J29 -> 16.152047 | L43: =[1]RuralCosts!L29 -> 237.35059 | M43: =[1]RuralCosts!K29 -> 18.236172 | N43: =[1]RuralCosts!M29 -> 21.467441 | O43: =[1]RuralCosts!N29 -> 46.051374 | P43: =SUM(C43:K43)+O43+N43-H43 -> 21961.402 | Q43: =SUM(C43:O43)-H43 -> 22216.989
A44: =A43+1 -> 36 | B44: Unit Cost | C44: =IFERROR(C43/C72,0) -> 0 | D44: =IFERROR(D43/D72,0) -> 0 | E44: =IFERROR(E43/E72,0) -> 0.39468299 | F44: =IFERROR(F43/F72,0) -> 1.8903443 | G44: =IFERROR(G43/G72,0) -> 0.54750699 | H44: =IFERROR(H43/H72,0) -> 0.95299178 | I44: =IFERROR(I43/I72,0) -> 0 | J44: =IFERROR(J43/J72,0) -> 0 | ... M44: =IFERROR(M43/M72,0) -> 0.0065550581
C47: Letters | D47: Flats | E47: Mailbox Parcels | F47: Door Parcels | G47: Parcel Locker Parcels | H47: Total Parcels | I47: Boxholder | J47: DPS | K47: Postage Due | L47: Carrier Pickup | M47: Collections
C48: -1 | D48: =+C48-1 -> -2 | E48: =+D48-1 -> -3 | F48: =+E48-1 -> -4 | G48: =+F48-1 -> -5 | H48: =+G48-1 -> -6 | I48: =+H48-1 -> -7 | J48: =+I48-1 -> -8 | K48: =+J48-1 -> -9 | ... M48: =+L48-1 -> -11
C49: Pieces (000) | D49: Pieces (000) | E49: Pieces (000) | F49: Pieces (000) | G49: Pieces (000) | H49: Pieces (000) | I49: Pieces (000) | J49: Pieces (000) | K49: Pieces (000) | L49: Pieces (000) | M49: Pieces (000)
B51: =[1]RuralVols!B9 -> First-Class
B52: =[1]RuralVols!B10 -> SINGLE-PIECE LETTERS | C52: =[1]RuralVols!C10 -> 319780.68 | D52: =[1]RuralVols!E10 -> 5279.5744 | E52: =[1]RuralVols!F10 -> 0 | F52: =[1]RuralVols!G10 -> 0 | G52: =[1]RuralVols!H10 -> 0 | H52: =SUM(E52:G52) -> 0 | I52: =[1]RuralVols!I10 -> 0 | J52: =[1]RuralVols!D10 -> 2453387.3 | K52: =[1]RuralVols!K10 -> 536.93706 | L52: =[1]RuralVols!$M10 -> 0 | M52: =[1]RuralVols!L10 -> 1174553
B53: =[1]RuralVols!B11 -> SINGLE-PIECE CARDS | C53: =[1]RuralVols!C11 -> 24785.935 | D53: =[1]RuralVols!E11 -> 43.601966 | E53: =[1]RuralVols!F11 -> 0 | F53: =[1]RuralVols!G11 -> 0 | G53: =[1]RuralVols!H11 -> 0 | H53: =SUM(E53:G53) -> 0 | I53: =[1]RuralVols!I11 -> 0 | J53: =[1]RuralVols!D11 -> 88048.067 | K53: =[1]RuralVols!K11 -> 3.9207201 | L53: =[1]RuralVols!$M11 -> 0 | M53: =[1]RuralVols!L11 -> 0
B54: =[1]RuralVols!B12 -> PRESORT LETTERS | C54: =[1]RuralVols!C12 -> 608340.98 | D54: =[1]RuralVols!E12 -> 8070.1664 | E54: =[1]RuralVols!F12 -> 0 | F54: =[1]RuralVols!G12 -> 0 | G54: =[1]RuralVols!H12 -> 0 | H54: =SUM(E54:G54) -> 0 | I54: =[1]RuralVols!I12 -> 0 | J54: =[1]RuralVols!D12 -> 9356054.1 | K54: =[1]RuralVols!K12 -> 0 | L54: =[1]RuralVols!$M12 -> 0 | M54: =[1]RuralVols!L12 -> 0
B55: =[1]RuralVols!B13 -> PRESORT CARDS | C55: =[1]RuralVols!C13 -> 48685.289 | D55: =[1]RuralVols!E13 -> 127.81158 | E55: =[1]RuralVols!F13 -> 0 | F55: =[1]RuralVols!G13 -> 3.9207201 | G55: =[1]RuralVols!H13 -> 0 | H55: =SUM(E55:G55) -> 3.9207201 | I55: =[1]RuralVols!I13 -> 0 | J55: =[1]RuralVols!D13 -> 718613.99 | K55: =[1]RuralVols!K13 -> 0 | L55: =[1]RuralVols!$M13 -> 0 | M55: =[1]RuralVols!L13 -> 0
B56: =[1]RuralVols!B14 -> SINGLE PIECE FLATS | C56: =[1]RuralVols!C14 -> 11.968547 | D56: =[1]RuralVols!E14 -> 121531.84 | E56: =[1]RuralVols!F14 -> 0 | F56: =[1]RuralVols!G14 -> 0 | G56: =[1]RuralVols!H14 -> 0 | H56: =SUM(E56:G56) -> 0 | I56: =[1]RuralVols!I14 -> 0 | J56: =[1]RuralVols!D14 -> 0 | K56: =[1]RuralVols!K14 -> 349.78016 | L56: =[1]RuralVols!$M14 -> 0 | M56: =[1]RuralVols!L14 -> 0
B57: =[1]RuralVols!B15 -> PRESORT FLATS | C57: =[1]RuralVols!C15 -> 8.0329679 | D57: =[1]RuralVols!E15 -> 152734.32 | E57: =[1]RuralVols!F15 -> 0 | F57: =[1]RuralVols!G15 -> 0 | G57: =[1]RuralVols!H15 -> 0 | H57: =SUM(E57:G57) -> 0 | I57: =[1]RuralVols!I15 -> 0 | J57: =[1]RuralVols!D15 -> 0 | K57: =[1]RuralVols!K15 -> 0 | L57: =[1]RuralVols!$M15 -> 0 | M57: =[1]RuralVols!L15 -> 0
B58: =[1]RuralVols!B16 -> USPS MARKETING MAIL (A)
B59: =[1]RuralVols!B17 -> ECR | C59: =[1]RuralVols!C17 -> 470749.86 | D59: =[1]RuralVols!E17 -> 2569469.7 | E59: =[1]RuralVols!F17 -> 0 | F59: =[1]RuralVols!G17 -> 0 | G59: =[1]RuralVols!H17 -> 0 | H59: =SUM(E59:G59) -> 0 | I59: =[1]RuralVols!I17 -> 1605978.8 | J59: =[1]RuralVols!D17 -> 1733992 | K59: =[1]RuralVols!K17 -> 0 | L59: =[1]RuralVols!$M17 -> 0 | M59: =[1]RuralVols!L17 -> 0
B60: =[1]RuralVols!B18 -> HIGH DENSITY & SATURATION LETTERS | C60: =[1]RuralVols!C18 -> 468996.63 | D60: =[1]RuralVols!E18 -> 13038.65 | E60: =[1]RuralVols!F18 -> 0 | F60: =[1]RuralVols!G18 -> 0 | G60: =[1]RuralVols!H18 -> 0 | H60: =SUM(E60:G60) -> 0 | I60: =[1]RuralVols!I18 -> 206513.68 | J60: =[1]RuralVols!D18 -> 1730656.3 | K60: =[1]RuralVols!K18 -> 0 | L60: =[1]RuralVols!$M18 -> 0 | M60: =[1]RuralVols!L18 -> 0
B61: =[1]RuralVols!B19 -> HIGH DENSITY & SATURATION FLATS & PARCELS | C61: =[1]RuralVols!C19 -> 574.91812 | D61: =[1]RuralVols!E19 -> 1487465 | E61: =[1]RuralVols!F19 -> 0 | F61: =[1]RuralVols!G19 -> 0 | G61: =[1]RuralVols!H19 -> 0 | H61: =SUM(E61:G61) -> 0 | I61: =[1]RuralVols!I19 -> 1129595.7 | J61: =[1]RuralVols!D19 -> 0 | K61: =[1]RuralVols!K19 -> 0 | L61: =[1]RuralVols!$M19 -> 0 | M61: =[1]RuralVols!L19 -> 0
B62: =[1]RuralVols!B20 -> EVERY DOOR DIRECT MAIL RETAIL | C62: =[1]RuralVols!C20 -> 0 | D62: =[1]RuralVols!E20 -> 0 | E62: =[1]RuralVols!F20 -> 0 | F62: =[1]RuralVols!G20 -> 0 | G62: =[1]RuralVols!H20 -> 0 | H62: =SUM(E62:G62) -> 0 | I62: =[1]RuralVols!I20 -> 244656.84 | J62: =[1]RuralVols!D20 -> 0 | K62: =[1]RuralVols!K20 -> 0 | L62: =[1]RuralVols!$M20 -> 0 | M62: =[1]RuralVols!L20 -> 0
B63: =[1]RuralVols!B21 -> CARRIER ROUTE | C63: =[1]RuralVols!C21 -> 1178.3108 | D63: =[1]RuralVols!E21 -> 1068966.1 | E63: =[1]RuralVols!F21 -> 0 | F63: =[1]RuralVols!G21 -> 0 | G63: =[1]RuralVols!H21 -> 0 | H63: =SUM(E63:G63) -> 0 | I63: =[1]RuralVols!I21 -> 25212.613 | J63: =[1]RuralVols!D21 -> 3335.6653 | K63: =[1]RuralVols!K21 -> 0 | L63: =[1]RuralVols!$M21 -> 0 | M63: =[1]RuralVols!L21 -> 0
B64: =[1]RuralVols!B22 -> Regular | C64: =[1]RuralVols!C22 -> 1107000.2 | D64: =[1]RuralVols!E22 -> 700362.14 | E64: =[1]RuralVols!F22 -> 4088.0896 | F64: =[1]RuralVols!G22 -> 643.05397 | G64: =[1]RuralVols!H22 -> 131.27934 | H64: =SUM(E64:G64) -> 4862.423 | I64: =[1]RuralVols!I22 -> 6205.0246 | J64: =[1]RuralVols!D22 -> 12975443 | K64: =[1]RuralVols!K22 -> 19.795128 | L64: =[1]RuralVols!$M22 -> 0 | M64: =[1]RuralVols!L22 -> 0
B65: =[1]RuralVols!B23 -> LETTERS | C65: =[1]RuralVols!C23 -> 1106952.9 | D65: =[1]RuralVols!E23 -> 17099.533 | E65: =[1]RuralVols!F23 -> 0 | F65: =[1]RuralVols!G23 -> 91.8797 | G65: =[1]RuralVols!H23 -> 0 | H65: =SUM(E65:G65) -> 91.8797 | I65: =[1]RuralVols!I23 -> 5980.9386 | J65: =[1]RuralVols!D23 -> 12975443 | K65: =[1]RuralVols!K23 -> 8.0181092 | L65: =[1]RuralVols!$M23 -> 0 | M65: =[1]RuralVols!L23 -> 0
B66: =[1]RuralVols!B24 -> FLATS | C66: =[1]RuralVols!C24 -> 47.226945 | D66: =[1]RuralVols!E24 -> 683262.61 | E66: =[1]RuralVols!F24 -> 0 | F66: =[1]RuralVols!G24 -> 35.661946 | G66: =[1]RuralVols!H24 -> 0 | H66: =SUM(E66:G66) -> 35.661946 | I66: =[1]RuralVols!I24 -> 224.08605 | J66: =[1]RuralVols!D24 -> 0 | K66: =[1]RuralVols!K24 -> 7.8414402 | L66: =[1]RuralVols!$M24 -> 0 | M66: =[1]RuralVols!L24 -> 0
B67: =[1]RuralVols!B25 -> PARCELS | C67: =[1]RuralVols!C25 -> 0 | D67: =[1]RuralVols!E25 -> 0 | E67: =[1]RuralVols!F25 -> 4088.0896 | F67: =[1]RuralVols!G25 -> 515.51232 | G67: =[1]RuralVols!H25 -> 131.27934 | H67: =SUM(E67:G67) -> 4734.8813 | I67: =[1]RuralVols!I25 -> 0 | J67: =[1]RuralVols!D25 -> 0 | K67: =[1]RuralVols!K25 -> 3.9355787 | L67: =[1]RuralVols!$M25 -> 0 | M67: =[1]RuralVols!L25 -> 0
B68: =[1]RuralVols!B26 -> TOTAL PERIODICALS | C68: =[1]RuralVols!C26 -> 1911.7623 | D68: =[1]RuralVols!E26 -> 1063009.4 | E68: =[1]RuralVols!F26 -> 13526.581 | F68: =[1]RuralVols!G26 -> 703.11003 | G68: =[1]RuralVols!H26 -> 0 | H68: =SUM(E68:G68) -> 14229.691 | I68: =[1]RuralVols!I26 -> 12721.852 | J68: =[1]RuralVols!$D$26 -> 2943.0204 | K68: =[1]RuralVols!K26 -> 0 | L68: =[1]RuralVols!$M26 -> 0 | M68: =[1]RuralVols!L26 -> 0
B69: =[1]RuralVols!B27 -> PACKAGE SERVICES
B70: =[1]RuralVols!B28 -> BOUND PRINTED MATTER FLATS | C70: =[1]RuralVols!C28 -> 7.8711575 | D70: =[1]RuralVols!E28 -> 34739.136 | E70: =[1]RuralVols!F28 -> 716.39623 | F70: =[1]RuralVols!G28 -> 402.83253 | G70: =[1]RuralVols!H28 -> 2.7449793 | H70: =SUM(E70:G70) -> 1121.9737 | I70: =[1]RuralVols!I28 -> 233.18982 | J70: =[1]RuralVols!D28 -> 0 | K70: =[1]RuralVols!K28 -> 3.9355787 | L70: =[1]RuralVols!$M28 -> 0 | M70: =[1]RuralVols!L28 -> 1132
B71: =[1]RuralVols!B29 -> BOUND PRINTED MATTER PARCELS | C71: =[1]RuralVols!C29 -> 0 | D71: =[1]RuralVols!E29 -> 0 | E71: =[1]RuralVols!F29 -> 51184.244 | F71: =[1]RuralVols!G29 -> 26490.267 | G71: =[1]RuralVols!H29 -> 3784.4191 | H71: =SUM(E71:G71) -> 81458.93 | I71: =[1]RuralVols!I29 -> 0 | J71: =[1]RuralVols!D29 -> 0 | K71: =[1]RuralVols!K29 -> 11.856026 | L71: =[1]RuralVols!$M29 -> 269 | M71: =[1]RuralVols!L29 -> 99
B72: =[1]RuralVols!B30 -> MEDIA AND LIBRARY MAIL | C72: =[1]RuralVols!C30 -> 0 | D72: =[1]RuralVols!E30 -> 0 | E72: =[1]RuralVols!F30 -> 12728.42 | F72: =[1]RuralVols!G30 -> 8380.6719 | G72: =[1]RuralVols!H30 -> 1847.8021 | H72: =SUM(E72:G72) -> 22956.894 | I72: =[1]RuralVols!I30 -> 0 | J72: =[1]RuralVols!D30 -> 0 | K72: =[1]RuralVols!K30 -> 28.05026 | L72: =[1]RuralVols!$M30 -> 923 | M72: =[1]RuralVols!L30 -> 2782
B73: =[1]RuralVols!B31 -> Free & USPS | C73: =[1]RuralVols!C31 -> 15500.796 | D73: =[1]RuralVols!E31 -> 6743.5539 | E73: =[1]RuralVols!F31 -> 3387.4475 | F73: =[1]RuralVols!G31 -> 1717.6094 | G73: =[1]RuralVols!H31 -> 83.426019 | H73: =SUM(E73:G73) -> 5188.4829 | I73: =[1]RuralVols!I31 -> 0 | J73: =[1]RuralVols!D31 -> 87608.044 | K73: =[1]RuralVols!K31 -> 39.681246 | L73: =[1]RuralVols!$M31 -> 1636 | M73: =[1]RuralVols!L31 -> 12696
B74: =[1]RuralVols!B32 -> TOTAL VOLUME | C74: =[1]RuralVols!C32 -> 2599380 | D74: =[1]RuralVols!E32 -> 4663733.1 | E74: =[1]RuralVols!F32 -> 1687172.8 | F74: =[1]RuralVols!G32 -> 893179.34 | G74: =[1]RuralVols!H32 -> 150179.75 | H74: =SUM(E74:G74) -> 2730531.9 | I74: =[1]RuralVols!I32 -> 1625138.9 | J74: =[1]RuralVols!D32 -> 27426004 | K74: =[1]RuralVols!K32 -> 2309.7931 | L74: =[1]RuralVols!$M32 -> 143485 | M74: =[1]RuralVols!L32 -> 1304056

Sheet 5.RuralCrosswalk
A1: =[1]Inputs!$C$4 -> Unit Delivery Cost Model - 12/16/2025
A2: RURAL CROSSWALK
A3: RURAL VOLUMES AND COSTS BY DMM SHAPE
B5: DMM Defined Pieces | C5: dLet/rLet | D5: dLet/rPar | E5: dLet/rDPS | F5: dFlat/rLet | G5: dPar/rLet | H5: dFlat/rDPS | I5: dLet/rBox | J5: dFlat/rLet | K5: dLet/rFlat | L5: dFlat/rFlat | M5: dFlat/rPar | N5: dFlat/rBox | O5: dPar/rPar | P5: dPar/rFlat | Q5: dPar/rbox | R5: dLet/rPoDu | S5: dFlat/rPoDu | T5: dPar/rPoDu | U5: dLet/rCPU | V5: dFlat/rCPU | W5: dPar/rCPU | X5: dLet/rCol | Y5: dFlat/rCol | Z5: dPar/rCol | AA5: dLet/rMisc | AB5: dFlat/rMisc | AC5: dPar/rMisc | AD5: total
B6: Col. No. | C6: -1 | D6: =C6-1 -> -2 | E6: =D6-1 -> -3 | F6: =E6-1 -> -4 | G6: =F6-1 -> -5 | H6: =G6-1 -> -6 | I6: =H6-1 -> -7 | J6: =I6-1 -> -8 | K6: =J6-1 -> -9 | ... AD6: =AC6-1 -> -28
B7: Units | C7: Pieces (000) | I7: Pieces (000) | J7: Pieces (000) | L7: Pieces (000) | M7: Pieces (000) | N7: Pieces (000) | O7: Pieces (000) | P7: Pieces (000) | Q7: Pieces (000) | R7: Pieces (000) | S7: Pieces (000) | T7: Pieces (000) | U7: Pieces (000) | V7: Pieces (000) | W7: Pieces (000) | X7: Pieces (000) | Y7: Pieces (000) | Z7: Pieces (000) | AA7: Pieces (000) | AB7: Pieces (000) | AC7: Pieces (000) | AD7: Pieces (000)
B8: Source / Calculations | C8: ="[UDCInputs.xls] " &[1]NOTES!$A$18&"; L"&$A17&"..L"&$A22&" from [UDCInputs.xls] "&[1]NOTES!$A$20 -> [UDCInputs.xls] CCSDALs; L9..L14 from [UDCInputs.xls] BYPback | D8: ="[UDCInputs.xls] " &[1]NOTES!$A$18&"; L"&$A17&"..L"&$A22&" from [UDCInputs.xls] "&[1]NOTES!$A$20 -> [UDCInputs.xls] CCSDALs; L9..L14 from [UDCInputs.xls] BYPback | F8: ="[UDCInputs.xls] " &[1]NOTES!$A$18 -> [UDCInputs.xls] CCSDALs | G8: ="[UDCInputs.xls] " &[1]NOTES!$A$18 -> [UDCInputs.xls] CCSDALs | H8: ="[UDCInputs.xls] " &[1]NOTES!$A$22 -> [UDCInputs.xls] BoxholderbyShape | I8: ="[UDCInputs.xls] " &[1]NOTES!$A$25 -> [UDCInputs.xls] ParcelVols | J8: ="[UDCInputs.xls] "&[1]NOTES!$A$20 -> [UDCInputs.xls] BYPback | K8: ="[UDCInputs.xls] " &[1]NOTES!$A$18&"; L"&$A17&"..L"&$A22&" from [UDCInputs.xls] "&[1]NOTES!$A$20 -> [UDCInputs.xls] CCSDALs; L9..L14 from [UDCInputs.xls] BYPback | L8: ="[UDCInputs.xls] " &[1]NOTES!$A$18&"; L"&$A17&"..L"&$A22&" from [UDCInputs.xls] "&[1]NOTES!$A$20 -> [UDCInputs.xls] CCSDALs; L9..L14 from [UDCInputs.xls] BYPback | M8: ="[UDCInputs.xls] " &[1]NOTES!$A$18 -> [UDCInputs.xls] CCSDALs | N8: ="[UDCInputs.xls] " &[1]NOTES!$A$25&" and "&[1]NOTES!$A$22 -> [UDCInputs.xls] ParcelVols and BoxholderbyShape | O8: ="[UDCInputs.xls] " &[1]NOTES!$A$18 -> [UDCInputs.xls] CCSDALs | P8: ="[UDCInputs.xls] " &[1]NOTES!$A$18&" and "&[1]NOTES!$A$20 -> [UDCInputs.xls] CCSDALs and BYPback | Q8: ="[UDCInputs.xls] " &[1]NOTES!$A$25 -> [UDCInputs.xls] ParcelVols | R8: ="[UDCInputs.xls] "& [1]NOTES!$A$18 -> [UDCInputs.xls] CCSDALs | S8: ="[UDCInputs.xls] "& [1]NOTES!$A$18 -> [UDCInputs.xls] CCSDALs | T8: ="[UDCInputs.xls] "& [1]NOTES!$A$18 -> [UDCInputs.xls] CCSDALs | U8: [UDCInputs.xls] CCSDALs | V8: [UDCInputs.xls] CCSDALs | W8: [UDCInputs.xls] CCSDALs | X8: ="[UDCInputs.xls] "& [1]NOTES!$A$18 -> [UDCInputs.xls] CCSDALs | Y8: ="[UDCInputs.xls] "& [1]NOTES!$A$18 -> [UDCInputs.xls] CCSDALs | Z8: ="[UDCInputs.xls] "& [1]NOTES!$A$18 -> [UDCInputs.xls] CCSDALs | AA8: [UDCInputs.xls] CCSDALs | AB8: [UDCInputs.xls] CCSDALs | AC8: [UDCInputs.xls] CCSDALs | AD8: ="=C"&-C6&"..C"&-Z6 -> =C1..C24
A9: 1 | B9: First-Class
A10: =A9+1 -> 2 | B10: SINGLE-PIECE LETTERS | C10: ='4.Rural cost'!C52 -> 319780.68 | D10: ='4.Rural cost'!H52 -> 0 | E10: ='4.Rural cost'!J52 -> 2453387.3 | I10: ='4.Rural cost'!I52 -> 0 | K10: ='4.Rural cost'!D52 -> 5279.5744 | R10: =SUM($C10,$D10,$E10,$I10,$K10)/SUM($C10:$D10,$E10:$Q10)*'4.Rural cost'!$K52 -> 536.93706 | S10: =SUM($F10,$H10,$J10,$L10,$M10,$N10)/SUM($C10:$D10,$E10:$Q10)*'4.Rural cost'!$K52 -> 0 | T10: =SUM($G10,$O10,$P10,$Q10)/SUM($C10:$D10,$E10:$Q10)*'4.Rural cost'!$K52 -> 0 | U10: =SUM($C10,$D10,$E10,$I10,$K10)/SUM($C10:$D10,$E10:$Q10)*'4.Rural cost'!$L52 -> 0 | V10: =SUM($F10,$H10,$J10,$L10,$M10,$N10)/SUM($C10:$D10,$E10:$Q10)*'4.Rural cost'!$L52 -> 0 | W10: =SUM($G10,$O10,$P10,$Q10)/SUM($C10:$D10,$E10:$Q10)*'4.Rural cost'!$L52 -> 0 | X10: =SUM($C10,$D10,$E10,$I10,$K10)/SUM($C10:$D10,$E10:$Q10)*'4.Rural cost'!$M52 -> 1174553 | Y10: =SUM($F10,$H10,$J10,$L10,$M10,$N10)/SUM($C10:$D10,$E10:$Q10)*'4.Rural cost'!$M52 -> 0 | Z10: =SUM($G10,$O10,$P10,$Q10)/SUM($C10:$D10,$E10:$Q10)*'4.Rural cost'!$M52 -> 0 | AD10: =SUM(C10:Z10) -> 3953537.5 | AF10: =AD10-SUM('4.Rural cost'!C52:D52,'4.Rural cost'!H52:M52) -> 0
A11: =A10+1 -> 3 | B11: SINGLE-PIECE CARDS | C11: ='4.Rural cost'!C53 -> 24785.935 | D11: ='4.Rural cost'!H53 -> 0 | E11: ='4.Rural cost'!J53 -> 88048.067 | I11: ='4.Rural cost'!I53 -> 0 | K11: ='4.Rural cost'!D53 -> 43.601966 | R11: =SUM($C11,$D11,$E11,$I11,$K11)/SUM($C11:$D11,$E11:$Q11)*'4.Rural cost'!$K53 -> 3.9207201 | S11: =SUM($F11,$H11,$J11,$L11,$M11,$N11)/SUM($C11:$D11,$E11:$Q11)*'4.Rural cost'!$K53 -> 0 | T11: =SUM($G11,$O11,$P11,$Q11)/SUM($C11:$D11,$E11:$Q11)*'4.Rural cost'!$K53 -> 0 | U11: =SUM($C11,$D11,$E11,$I11,$K11)/SUM($C11:$D11,$E11:$Q11)*'4.Rural cost'!$L53 -> 0 | V11: =SUM($F11,$H11,$J11,$L11,$M11,$N11)/SUM($C11:$D11,$E11:$Q11)*'4.Rural cost'!$L53 -> 0 | W11: =SUM($G11,$O11,$P11,$Q11)/SUM($C11:$D11,$E11:$Q11)*'4.Rural cost'!$L53 -> 0 | X11: =SUM($C11,$D11,$E11,$I11,$K11)/SUM($C11:$D11,$E11:$Q11)*'4.Rural cost'!$M53 -> 0 | Y11: =SUM($F11,$H11,$J11,$L11,$M11,$N11)/SUM($C11:$D11,$E11:$Q11)*'4.Rural cost'!$M53 -> 0 | Z11: =SUM($G11,$O11,$P11,$Q11)/SUM($C11:$D11,$E11:$Q11)*'4.Rural cost'!$M53 -> 0 | AD11: =SUM(C11:Z11) -> 112881.52 | AF11: =AD11-SUM('4.Rural cost'!C53:D53,'4.Rural cost'!H53:M53) -> 0
A12: =A11+1 -> 4 | B12: PRESORT LETTERS | C12: ='4.Rural cost'!C54 -> 608340.98 | D12: ='4.Rural cost'!H54 -> 0 | E12: ='4.Rural cost'!J54 -> 9356054.1 | I12: ='4.Rural cost'!I54 -> 0 | K12: ='4.Rural cost'!D54 -> 8070.1664 | R12: =SUM($C12,$D12,$E12,$I12,$K12)/SUM($C12:$D12,$E12:$Q12)*'4.Rural cost'!$K54 -> 0 | S12: =SUM($F12,$H12,$J12,$L12,$M12,$N12)/SUM($C12:$D12,$E12:$Q12)*'4.Rural cost'!$K54 -> 0 | T12: =SUM($G12,$O12,$P12,$Q12)/SUM($C12:$D12,$E12:$Q12)*'4.Rural cost'!$K54 -> 0 | U12: =SUM($C12,$D12,$E12,$I12,$K12)/SUM($C12:$D12,$E12:$Q12)*'4.Rural cost'!$L54 -> 0 | V12: =SUM($F12,$H12,$J12,$L12,$M12,$N12)/SUM($C12:$D12,$E12:$Q12)*'4.Rural cost'!$L54 -> 0 | W12: =SUM($G12,$O12,$P12,$Q12)/SUM($C12:$D12,$E12:$Q12)*'4.Rural cost'!$L54 -> 0 | X12: =SUM($C12,$D12,$E12,$I12,$K12)/SUM($C12:$D12,$E12:$Q12)*'4.Rural cost'!$M54 -> 0 | Y12: =SUM($F12,$H12,$J12,$L12,$M12,$N12)/SUM($C12:$D12,$E12:$Q12)*'4.Rural cost'!$M54 -> 0 | Z12: =SUM($G12,$O12,$P12,$Q12)/SUM($C12:$D12,$E12:$Q12)*'4.Rural cost'!$M54 -> 0 | AD12: =SUM(C12:Z12) -> 9972465.3 | AF12: =AD12-SUM('4.Rural cost'!C54:D54,'4.Rural cost'!H54:M54) -> 0
A13: =A12+1 -> 5 | B13: PRESORT CARDS | C13: ='4.Rural cost'!C55 -> 48685.289 | D13: ='4.Rural cost'!H55 -> 3.9207201 | E13: ='4.Rural cost'!J55 -> 718613.99 | I13: ='4.Rural cost'!I55 -> 0 | K13: ='4.Rural cost'!D55 -> 127.81158 | R13: =SUM($C13,$D13,$E13,$I13,$K13)/SUM($C13:$D13,$E13:$Q13)*'4.Rural cost'!$K55 -> 0 | S13: =SUM($F13,$H13,$J13,$L13,$M13,$N13)/SUM($C13:$D13,$E13:$Q13)*'4.Rural cost'!$K55 -> 0 | T13: =SUM($G13,$O13,$P13,$Q13)/SUM($C13:$D13,$E13:$Q13)*'4.Rural cost'!$K55 -> 0 | U13: =SUM($C13,$D13,$E13,$I13,$K13)/SUM($C13:$D13,$E13:$Q13)*'4.Rural cost'!$L55 -> 0 | V13: =SUM($F13,$H13,$J13,$L13,$M13,$N13)/SUM($C13:$D13,$E13:$Q13)*'4.Rural cost'!$L55 -> 0 | W13: =SUM($G13,$O13,$P13,$Q13)/SUM($C13:$D13,$E13:$Q13)*'4.Rural cost'!$L55 -> 0 | X13: =SUM($C13,$D13,$E13,$I13,$K13)/SUM($C13:$D13,$E13:$Q13)*'4.Rural cost'!$M55 -> 0 | Y13: =SUM($F13,$H13,$J13,$L13,$M13,$N13)/SUM($C13:$D13,$E13:$Q13)*'4.Rural cost'!$M55 -> 0 | Z13: =SUM($G13,$O13,$P13,$Q13)/SUM($C13:$D13,$E13:$Q13)*'4.Rural cost'!$M55 -> 0 | AD13: =SUM(C13:Z13) -> 767431.01 | AF13: =AD13-SUM('4.Rural cost'!C55:D55,'4.Rural cost'!H55:M55) -> 0
A14: =A13+1 -> 6 | B14: SINGLE PIECE FLATS | F14: ='4.Rural cost'!C56 -> 11.968547 | H14: ='4.Rural cost'!J56 -> 0 | L14: ='4.Rural cost'!D56 -> 121531.84 | M14: ='4.Rural cost'!$H$56 -> 0 | N14: ='4.Rural cost'!I56 -> 0 | R14: =SUM($C14,$D14,$E14,$I14,$K14)/SUM($C14:$D14,$E14:$Q14)*'4.Rural cost'!$K56 -> 0 | S14: =SUM($F14,$H14,$J14,$L14,$M14,$N14)/SUM($C14:$D14,$E14:$Q14)*'4.Rural cost'!$K56 -> 349.78016 | T14: =SUM($G14,$O14,$P14,$Q14)/SUM($C14:$D14,$E14:$Q14)*'4.Rural cost'!$K56 -> 0 | U14: =SUM($C14,$D14,$E14,$I14,$K14)/SUM($C14:$D14,$E14:$Q14)*'4.Rural cost'!$L56 -> 0 | V14: =SUM($F14,$H14,$J14,$L14,$M14,$N14)/SUM($C14:$D14,$E14:$Q14)*'4.Rural cost'!$L56 -> 0 | W14: =SUM($G14,$O14,$P14,$Q14)/SUM($C14:$D14,$E14:$Q14)*'4.Rural cost'!$L56 -> 0 | X14: =SUM($C14,$D14,$E14,$I14,$K14)/SUM($C14:$D14,$E14:$Q14)*'4.Rural cost'!$M56 -> 0 | Y14: =SUM($F14,$H14,$J14,$L14,$M14,$N14)/SUM($C14:$D14,$E14:$Q14)*'4.Rural cost'!$M56 -> 0 | Z14: =SUM($G14,$O14,$P14,$Q14)/SUM($C14:$D14,$E14:$Q14)*'4.Rural cost'!$M56 -> 0 | AD14: =SUM(C14:Z14) -> 121893.59 | AF14: =AD14-SUM('4.Rural cost'!C56:D56,'4.Rural cost'!H56:M56) -> 0
A15: =A14+1 -> 7 | B15: PRESORT FLATS | F15: ='4.Rural cost'!C57 -> 8.0329679 | H15: ='4.Rural cost'!J57 -> 0 | L15: ='4.Rural cost'!D57 -> 152734.32 | M15: ='4.Rural cost'!H57 -> 0 | N15: ='4.Rural cost'!I57 -> 0 | R15: =SUM($C15,$D15,$E15,$I15,$K15)/SUM($C15:$D15,$E15:$Q15)*'4.Rural cost'!$K57 -> 0 | S15: =SUM($F15,$H15,$J15,$L15,$M15,$N15)/SUM($C15:$D15,$E15:$Q15)*'4.Rural cost'!$K57 -> 0 | T15: =SUM($G15,$O15,$P15,$Q15)/SUM($C15:$D15,$E15:$Q15)*'4.Rural cost'!$K57 -> 0 | U15: =SUM($C15,$D15,$E15,$I15,$K15)/SUM($C15:$D15,$E15:$Q15)*'4.Rural cost'!$L57 -> 0 | V15: =SUM($F15,$H15,$J15,$L15,$M15,$N15)/SUM($C15:$D15,$E15:$Q15)*'4.Rural cost'!$L57 -> 0 | W15: =SUM($G15,$O15,$P15,$Q15)/SUM($C15:$D15,$E15:$Q15)*'4.Rural cost'!$L57 -> 0 | X15: =SUM($C15,$D15,$E15,$I15,$K15)/SUM($C15:$D15,$E15:$Q15)*'4.Rural cost'!$M57 -> 0 | Y15: =SUM($F15,$H15,$J15,$L15,$M15,$N15)/SUM($C15:$D15,$E15:$Q15)*'4.Rural cost'!$M57 -> 0 | Z15: =SUM($G15,$O15,$P15,$Q15)/SUM($C15:$D15,$E15:$Q15)*'4.Rural cost'!$M57 -> 0 | AD15: =SUM(C15:Z15) -> 152742.35 | AF15: =AD15-SUM('4.Rural cost'!C57:D57,'4.Rural cost'!H57:M57) -> 0
A16: =A15+1 -> 8 | B16: USPS Marketing Mail (A)
A17: =A16+1 -> 9 | B17: HIGH DENSITYLETTERS | C17: =[1]RCSECRVols!$E$16-[1]RCSDALs!$F$11 -> 253801.71 | D17: =[1]RCSECRVols!$E$31+[1]RCSECRVols!$E$36+[1]RCSECRVols!$E$26 -> 0 | E17: =[1]RCSECRVols!$C$11-H19 -> 977516.44 | I17: =[1]BoxholderbyShape!$C$13-[1]RCSDALs!$F$14 -> 8703.3644 | K17: =[1]RCSECRVols!$E$21 -> 6684.43 | AD17: =SUM(C17:Z17) -> 1246705.9
A18: =A17+1 -> 10 | B18: SATURATION LETTERS | C18: =[1]RCSECRVols!$E$17-[1]RCSDALs!$E$11 -> 197251.03 | D18: =[1]RCSECRVols!$E$32+[1]RCSECRVols!$E$37+[1]RCSECRVols!$E$27 -> 0 | E18: =[1]RCSECRVols!$C$12-H20 -> 746770.42 | I18: =[1]BoxholderbyShape!$C$14-[1]RCSDALs!$E$14 -> 183733.96 | K18: =[1]RCSECRVols!$E$22 -> 6354.2195 | U18: =[1]RCSECRVols!$E$49 -> 0 | AD18: =SUM(C18:Z18) -> 1134109.6
A19: =A18+1 -> 11 | B19: HIGH DENSITY FLATS | H19: =[1]RCSDALs!$F$7 -> 1545.7757 | J19: =[1]RCSDALs!$F$11+[1]RCSECRVols!$F$16 -> 2385.6898 | L19: =[1]RCSECRVols!$F$21 -> 480083.2 | M19: =[1]RCSECRVols!$F$31+[1]RCSECRVols!$F$36+[1]RCSECRVols!$F$26 -> 0 | N19: =[1]BoxholderbyShape!$D$13+[1]RCSDALs!$F$14 -> 34691.683 | AD19: =SUM(C19:Z19) -> 518706.35
A20: =A19+1 -> 12 | B20: SATURATION FLATS | H20: =[1]RCSDALs!$E$7 -> 4823.7024 | J20: =[1]RCSDALs!$E$11+[1]RCSECRVols!$F$17 -> 16133.12 | L20: =[1]RCSECRVols!$F$22 -> 1007381.8 | M20: =[1]RCSECRVols!$F$31+[1]RCSECRVols!$F$36+[1]RCSECRVols!$F$27 -> 0 | N20: =[1]BoxholderbyShape!$D$14+[1]RCSDALs!$E$14 -> 1353637.2 | AD20: =SUM(C20:Z20) -> 2381975.8
A21: =A20+1 -> 13 | B21: HIGH DENSITY PARCELS | O21: =+[1]RCSECRVols!$G$31+[1]RCSECRVols!$G$36+[1]RCSECRVols!$G$41 -> 0 | P21: =+[1]RCSECRVols!$G$21 -> 0 | Q21: =[1]BoxholderbyShape!$E$13 -> 0 | AD21: =SUM(C21:Z21) -> 0
A22: =A21+1 -> 14 | B22: SATURATION PARCELS | O22: =+[1]RCSECRVols!$G$31+[1]RCSECRVols!$G$36+[1]RCSECRVols!$G$41 -> 0 | P22: =+[1]RCSECRVols!$G$22 -> 0 | Q22: =[1]BoxholderbyShape!$E$14 -> 0 | AD22: =SUM(C22:Z22) -> 0
A23: =A22+1 -> 15 | B23: EVERY DOOR DIRECT MAIL RETAIL | I23: =[1]BoxholderbyShape!$C$16 -> 0 | N23: =[1]BoxholderbyShape!$D$16 -> 0 | Q23: 0 | AD23: =SUM(C23:Z23) -> 0
A24: =A23+1 -> 16 | B24: LETTERS | C24: ='4.Rural cost'!C65 -> 1106952.9 | D24: ='4.Rural cost'!H65 -> 91.8797 | E24: ='4.Rural cost'!J65 -> 12975443 | I24: ='4.Rural cost'!I65 -> 5980.9386 | K24: ='4.Rural cost'!D65 -> 17099.533 | R24: =SUM($C24,$D24,$E24,$I24,$K24)/SUM($C24:$D24,$E24:$Q24)*'4.Rural cost'!$K65 -> 8.0181092 | S24: =SUM($F24,$H24,$J24,$L24,$M24,$N24)/SUM($C24:$D24,$E24:$Q24)*'4.Rural cost'!$K65 -> 0 | T24: =SUM($G24,$O24,$P24,$Q24)/SUM($C24:$D24,$E24:$Q24)*'4.Rural cost'!$K65 -> 0 | U24: =SUM($C24,$D24,$E24,$I24,$K24)/SUM($C24:$D24,$E24:$Q24)*'4.Rural cost'!$L65 -> 0 | V24: =SUM($F24,$H24,$J24,$L24,$M24,$N24)/SUM($C24:$D24,$E24:$Q24)*'4.Rural cost'!$L65 -> 0 | W24: =SUM($G24,$O24,$P24,$Q24)/SUM($C24:$D24,$E24:$Q24)*'4.Rural cost'!$L65 -> 0 | X24: =SUM($C24,$D24,$E24,$I24,$K24)/SUM($C24:$D24,$E24:$Q24)*'4.Rural cost'!$M65 -> 0 | Y24: =SUM($F24,$H24,$J24,$L24,$M24,$N24)/SUM($C24:$D24,$E24:$Q24)*'4.Rural cost'!$M65 -> 0 | Z24: =SUM($G24,$O24,$P24,$Q24)/SUM($C24:$D24,$E24:$Q24)*'4.Rural cost'!$M65 -> 0 | AD24: =SUM(C24:Z24) -> 14105576 | AF24: =AD24-SUM('4.Rural cost'!C65:D65,'4.Rural cost'!H65:M65) -> 0
A25: =A24+1 -> 17 | B25: FLATS | F25: ='4.Rural cost'!C66 -> 47.226945 | H25: ='4.Rural cost'!J66 -> 0 | L25: ='4.Rural cost'!D66 -> 683262.61 | M25: ='4.Rural cost'!$H$66 -> 35.661946 | N25: ='4.Rural cost'!I66 -> 224.08605 | R25: =SUM($C25,$D25,$E25,$I25,$K25)/SUM($C25:$D25,$E25:$Q25)*'4.Rural cost'!$K66 -> 0 | S25: =SUM($F25,$H25,$J25,$L25,$M25,$N25)/SUM($C25:$D25,$E25:$Q25)*'4.Rural cost'!$K66 -> 7.8414402 | T25: =SUM($G25,$O25,$P25,$Q25)/SUM($C25:$D25,$E25:$Q25)*'4.Rural cost'!$K66 -> 0 | U25: =SUM($C25,$D25,$E25,$I25,$K25)/SUM($C25:$D25,$E25:$Q25)*'4.Rural cost'!$L66 -> 0 | V25: =SUM($F25,$H25,$J25,$L25,$M25,$N25)/SUM($C25:$D25,$E25:$Q25)*'4.Rural cost'!$L66 -> 0 | W25: =SUM($G25,$O25,$P25,$Q25)/SUM($C25:$D25,$E25:$Q25)*'4.Rural cost'!$L66 -> 0 | X25: =SUM($C25,$D25,$E25,$I25,$K25)/SUM($C25:$D25,$E25:$Q25)*'4.Rural cost'!$M66 -> 0 | Y25: =SUM($F25,$H25,$J25,$L25,$M25,$N25)/SUM($C25:$D25,$E25:$Q25)*'4.Rural cost'!$M66 -> 0 | Z25: =SUM($G25,$O25,$P25,$Q25)/SUM($C25:$D25,$E25:$Q25)*'4.Rural cost'!$M66 -> 0 | AD25: =SUM(C25:Z25) -> 683577.42 | AF25: =AD25-SUM('4.Rural cost'!C66:D66,'4.Rural cost'!H66:M66) -> 0
A26: =A25+1 -> 18 | B26: PARCELS | E26: ='4.Rural cost'!J67 -> 0 | G26: ='4.Rural cost'!C67 -> 0 | O26: ='4.Rural cost'!$H$67 -> 4734.8813 | P26: ='4.Rural cost'!D67 -> 0 | Q26: ='4.Rural cost'!I67 -> 0 | R26: =SUM($C26,$D26,$E26,$I26,$K26)/SUM($C26:$D26,$E26:$Q26)*'4.Rural cost'!$K67 -> 0 | S26: =SUM($F26,$H26,$J26,$L26,$M26,$N26)/SUM($C26:$D26,$E26:$Q26)*'4.Rural cost'!$K67 -> 0 | T26: =SUM($G26,$O26,$P26,$Q26)/SUM($C26:$D26,$E26:$Q26)*'4.Rural cost'!$K67 -> 3.9355787 | U26: =SUM($C26,$D26,$E26,$I26,$K26)/SUM($C26:$D26,$E26:$Q26)*'4.Rural cost'!$L67 -> 0 | V26: =SUM($F26,$H26,$J26,$L26,$M26,$N26)/SUM($C26:$D26,$E26:$Q26)*'4.Rural cost'!$L67 -> 0 | W26: =SUM($G26,$O26,$P26,$Q26)/SUM($C26:$D26,$E26:$Q26)*'4.Rural cost'!$L67 -> 0 | X26: =SUM($C26,$D26,$E26,$I26,$K26)/SUM($C26:$D26,$E26:$Q26)*'4.Rural cost'!$M67 -> 0 | Y26: =SUM($F26,$H26,$J26,$L26,$M26,$N26)/SUM($C26:$D26,$E26:$Q26)*'4.Rural cost'!$M67 -> 0 | Z26: =SUM($G26,$O26,$P26,$Q26)/SUM($C26:$D26,$E26:$Q26)*'4.Rural cost'!$M67 -> 0 | AD26: =SUM(C26:Z26) -> 4738.8169 | AF26: =AD26-SUM('4.Rural cost'!C67:D67,'4.Rural cost'!H67:M67) -> 0
A27: =A26+1 -> 19 | B27: PERIODICALS | C27: ='4.Rural cost'!C68-J27 -> 4163.4583 | E27: ='4.Rural cost'!J68 -> 2943.0204 | I27: =[1]BoxholderbyShape!$C$9 -> 0 | J27: =[1]PeriodicalsVolAdj!$I$9 -> -2251.696 | L27: ='4.Rural cost'!D68 -> 1063009.4 | M27: ='4.Rural cost'!$H$68-O27 -> 13724.62 | N27: ='4.Rural cost'!I68 -> 12721.852 | O27: =[1]PeriodicalsVolAdj!$H$11 -> 505.07111 | Q27: =[1]BoxholderbyShape!$E$9 -> 0 | R27: =SUM($C27,$D27,$E27,$I27,$K27)/SUM($C27:$D27,$E27:$Q27)*'4.Rural cost'!$K68 -> 0 | S27: =SUM($F27,$H27,$J27,$L27,$M27,$N27)/SUM($C27:$D27,$E27:$Q27)*'4.Rural cost'!$K68 -> 0 | T27: =SUM($G27,$O27,$P27,$Q27)/SUM($C27:$D27,$E27:$Q27)*'4.Rural cost'!$K68 -> 0 | U27: =SUM($C27,$D27,$E27,$I27,$K27)/SUM($C27:$D27,$E27:$Q27)*'4.Rural cost'!$L68 -> 0 | V27: =SUM($F27,$H27,$J27,$L27,$M27,$N27)/SUM($C27:$D27,$E27:$Q27)*'4.Rural cost'!$L68 -> 0 | W27: =SUM($G27,$O27,$P27,$Q27)/SUM($C27:$D27,$E27:$Q27)*'4.Rural cost'!$L68 -> 0 | X27: =SUM($C27,$D27,$E27,$I27,$K27)/SUM($C27:$D27,$E27:$Q27)*'4.Rural cost'!$M68 -> 0 | Y27: =SUM($F27,$H27,$J27,$L27,$M27,$N27)/SUM($C27:$D27,$E27:$Q27)*'4.Rural cost'!$M68 -> 0 | Z27: =SUM($G27,$O27,$P27,$Q27)/SUM($C27:$D27,$E27:$Q27)*'4.Rural cost'!$M68 -> 0 | AD27: =SUM(C27:Z27) -> 1094815.7 | AF27: =AD27-SUM('4.Rural cost'!C68:D68,'4.Rural cost'!H68:M68) -> 0
A28: =A27+1 -> 20 | B28: PACKAGE SERVICES | AF28: =AD28-SUM('4.Rural cost'!C69:D69,'4.Rural cost'!H69:M69) -> 0
A29: =A28+1 -> 21 | B29: BOUND PRINTED MATTER FLATS | E29: ='4.Rural cost'!J70 -> 0 | F29: ='4.Rural cost'!C70 -> 7.8711575 | L29: ='4.Rural cost'!D70 -> 34739.136 | M29: ='4.Rural cost'!$H$70 -> 1121.9737 | N29: ='4.Rural cost'!I70 -> 233.18982 | R29: =SUM($C29,$D29,$E29,$I29,$K29)/SUM($C29:$D29,$E29:$Q29)*'4.Rural cost'!$K70 -> 0 | S29: =SUM($F29,$H29,$J29,$L29,$M29,$N29)/SUM($C29:$D29,$E29:$Q29)*'4.Rural cost'!$K70 -> 3.9355787 | T29: =SUM($G29,$O29,$P29,$Q29)/SUM($C29:$D29,$E29:$Q29)*'4.Rural cost'!$K70 -> 0 | U29: =SUM($C29,$D29,$E29,$I29,$K29)/SUM($C29:$D29,$E29:$Q29)*'4.Rural cost'!$L70 -> 0 | V29: =SUM($F29,$H29,$J29,$L29,$M29,$N29)/SUM($C29:$D29,$E29:$Q29)*'4.Rural cost'!$L70 -> 0 | W29: =SUM($G29,$O29,$P29,$Q29)/SUM($C29:$D29,$E29:$Q29)*'4.Rural cost'!$L70 -> 0 | X29: =SUM($C29,$D29,$E29,$I29,$K29)/SUM($C29:$D29,$E29:$Q29)*'4.Rural cost'!$M70 -> 0 | Y29: =SUM($F29,$H29,$J29,$L29,$M29,$N29)/SUM($C29:$D29,$E29:$Q29)*'4.Rural cost'!$M70 -> 1132 | Z29: =SUM($G29,$O29,$P29,$Q29)/SUM($C29:$D29,$E29:$Q29)*'4.Rural cost'!$M70 -> 0 | AD29: =SUM(C29:Z29) -> 37238.107 | AF29: =AD29-SUM('4.Rural cost'!C70:D70,'4.Rural cost'!H70:M70) -> 0
A30: =A29+1 -> 22 | B30: BOUND PRINTED MATTER PARCELS | E30: ='4.Rural cost'!J71 -> 0 | G30: ='4.Rural cost'!D71 -> 0 | O30: ='4.Rural cost'!$H$71 -> 81458.93 | P30: ='4.Rural cost'!D71 -> 0 | Q30: =[1]BoxholderbyShape!$E$17 -> 0 | R30: =SUM($C30,$D30,$E30,$I30,$K30)/SUM($C30:$D30,$E30:$Q30)*'4.Rural cost'!$K71 -> 0 | S30: =SUM($F30,$H30,$J30,$L30,$M30,$N30)/SUM($C30:$D30,$E30:$Q30)*'4.Rural cost'!$K71 -> 0 | T30: =SUM($G30,$O30,$P30,$Q30)/SUM($C30:$D30,$E30:$Q30)*'4.Rural cost'!$K71 -> 11.856026 | U30: =SUM($C30,$D30,$E30,$I30,$K30)/SUM($C30:$D30,$E30:$Q30)*'4.Rural cost'!$L71 -> 0 | V30: =SUM($F30,$H30,$J30,$L30,$M30,$N30)/SUM($C30:$D30,$E30:$Q30)*'4.Rural cost'!$L71 -> 0 | W30: =SUM($G30,$O30,$P30,$Q30)/SUM($C30:$D30,$E30:$Q30)*'4.Rural cost'!$L71 -> 269 | X30: =SUM($C30,$D30,$E30,$I30,$K30)/SUM($C30:$D30,$E30:$Q30)*'4.Rural cost'!$M71 -> 0 | Y30: =SUM($F30,$H30,$J30,$L30,$M30,$N30)/SUM($C30:$D30,$E30:$Q30)*'4.Rural cost'!$M71 -> 0 | Z30: =SUM($G30,$O30,$P30,$Q30)/SUM($C30:$D30,$E30:$Q30)*'4.Rural cost'!$M71 -> 99 | AD30: =SUM(C30:Z30) -> 81838.786 | AF30: =AD30-SUM('4.Rural cost'!C71:D71,'4.Rural cost'!H71:M71) -> 0
A31: =A30+1 -> 23 | B31: MEDIA AND LIBRARY MAIL | E31: ='4.Rural cost'!J72 -> 0 | G31: ='4.Rural cost'!D72 -> 0 | O31: ='4.Rural cost'!$H$72 -> 22956.894 | P31: ='4.Rural cost'!D72 -> 0 | R31: =SUM($C31,$D31,$E31,$I31,$K31)/SUM($C31:$D31,$E31:$Q31)*'4.Rural cost'!$K72 -> 0 | S31: =SUM($F31,$H31,$J31,$L31,$M31,$N31)/SUM($C31:$D31,$E31:$Q31)*'4.Rural cost'!$K72 -> 0 | T31: =SUM($G31,$O31,$P31,$Q31)/SUM($C31:$D31,$E31:$Q31)*'4.Rural cost'!$K72 -> 28.05026 | U31: =SUM($C31,$D31,$E31,$I31,$K31)/SUM($C31:$D31,$E31:$Q31)*'4.Rural cost'!$L72 -> 0 | V31: =SUM($F31,$H31,$J31,$L31,$M31,$N31)/SUM($C31:$D31,$E31:$Q31)*'4.Rural cost'!$L72 -> 0 | W31: =SUM($G31,$O31,$P31,$Q31)/SUM($C31:$D31,$E31:$Q31)*'4.Rural cost'!$L72 -> 923 | X31: =SUM($C31,$D31,$E31,$I31,$K31)/SUM($C31:$D31,$E31:$Q31)*'4.Rural cost'!$M72 -> 0 | Y31: =SUM($F31,$H31,$J31,$L31,$M31,$N31)/SUM($C31:$D31,$E31:$Q31)*'4.Rural cost'!$M72 -> 0 | Z31: =SUM($G31,$O31,$P31,$Q31)/SUM($C31:$D31,$E31:$Q31)*'4.Rural cost'!$M72 -> 2782 | AD31: =SUM(C31:Z31) -> 26689.944 | AF31: =AD31-SUM('4.Rural cost'!C72:D72,'4.Rural cost'!H72:M72) -> 0
B33: Costs Per RCS Piece and DMM Defined Costs | C33: dLet/rLet | D33: dLet/rPar | E33: dLet/rDPS | F33: dFlat/rLet | G33: dPar/rLet | H33: dFlat/rDPS | I33: dLet/rBox | J33: dFlat/rLet | K33: dLet/rFlat | L33: dFlat/rFlat | M33: dFlat/rPar | N33: dFlat/rBox | O33: dPar/rPar | P33: dPar/rFlat | Q33: dPar/rbox | R33: dLet/rPoDu | S33: dFlat/rPoDu | T33: dPar/rPoDu | U33: dLet/rCPU | V33: dFlat/rCPU | W33: dPar/rCPU | X33: dLet/rCol | Y33: dFlat/rCol | Z33: dPar/rCol | AA33: dLet/rMisc | AB33: dFlat/rMisc | AC33: dPar/rMisc | AD33: Total
B34: Col. No. | C34: =AD6-1 -> -29 | D34: =C34-1 -> -30 | E34: =D34-1 -> -31 | F34: =E34-1 -> -32 | G34: =F34-1 -> -33 | H34: =G34-1 -> -34 | I34: =H34-1 -> -35 | J34: =I34-1 -> -36 | K34: =J34-1 -> -37 | ... AD34: =AC34-1 -> -56
B35: Units | C35: $(000) | E35: $(000) | I35: $(000) | J35: $(000) | L35: $(000) | M35: $(000) | N35: $(000) | O35: $(000) | P35: $(000) | Q35: $(000) | R35: $(000) | S35: $(000) | T35: $(000) | U35: $(000) | V35: $(000) | W35: $(000) | X35: $(000) | Y35: $(000) | Z35: $(000) | AA35: $(000) | AB35: $(000) | AC35: $(000) | AD35: $(000)
B36: Source / Calculations | AD36: ="=C"&-C34&"..C"&-Z34 -> =C29..C52
A37: =A31+1 -> 24 | B37: Unit Cost per RCS | C37: ='4.Rural cost'!C9 -> 0.1561702 | D37: By Product | E37: ='4.Rural cost'!J9 -> 0.032138413 | F37: =C37 -> 0.1561702 | G37: =C37 -> 0.1561702 | H37: =E37 -> 0.032138413 | I37: ='4.Rural cost'!I9 -> 0 | J37: =C37 -> 0.1561702 | K37: ='4.Rural cost'!D9 -> 0.14691668 | L37: =K37 -> 0.14691668 | M37: By Product | N37: =I37 -> 0 | O37: By Product | P37: =K37 -> 0.14691668 | Q37: =I37 -> 0 | R37: ='4.Rural cost'!K9 -> 0.5758252 | S37: =R37 -> 0.5758252 | T37: =R37 -> 0.5758252 | U37: ='4.Rural cost'!$L9 -> 0.25715123 | V37: =U37 -> 0.25715123 | W37: =U37 -> 0.25715123 | X37: ='4.Rural cost'!$M$9 -> 0.0065550581 | Y37: =X37 -> 0.0065550581 | Z37: =Y37 -> 0.0065550581
A38: =A37+1 -> 25 | B38: First-Class
A39: =A38+1 -> 26 | B39: SINGLE-PIECE LETTERS | C39: =C10*C$37 -> 49940.214 | D39: =D10*'4.Rural cost'!$H$9 -> 0 | E39: =E10*E$37 -> 78847.976 | F39: =F10*F$37 -> 0 | G39: =G10*G$37 -> 0 | H39: =H10*H$37 -> 0 | I39: =I10*I$37 -> 0 | J39: =J10*J$37 -> 0 | K39: =K10*K$37 -> 775.65753 | L39: =L10*L$37 -> 0 | M39: =M10*'4.Rural cost'!$H$9 -> 0 | N39: =N10*N$37 -> 0 | O39: =O10*'4.Rural cost'!$H$9 -> 0 | P39: =P10*P$37 -> 0 | Q39: =Q10*Q$37 -> 0 | R39: =R10*R$37 -> 309.18189 | S39: =S10*S$37 -> 0 | T39: =T10*T$37 -> 0 | U39: =U10*U$37 -> 0 | V39: =V10*V$37 -> 0 | W39: =W10*W$37 -> 0 | ... Z39: =Z10*Z$37 -> 0 | AA39: =SUM('4.Rural cost'!$N11,'4.Rural cost'!$O11)*SUM(C39:E39,I39,K39,R39,U39,X39)/SUM($C39:$Z39) -> 3203.4113 | AB39: =SUM('4.Rural cost'!$N11,'4.Rural cost'!$O11)*SUM(F39,H39,J39,L39:N39,S39,V39,Y39)/SUM($C39:$Z39) -> 0 | AC39: =SUM('4.Rural cost'!$N11,'4.Rural cost'!$O11)*SUM(O39:Q39,T39,W39,Z39)/SUM($C39:$Z39) -> 0 | AD39: =SUM(C39:AC39) -> 140775.7 | AF39: =SUM(AA39:AC39)-SUM('4.Rural cost'!N11:O11) -> 0
A40: =A39+1 -> 27 | B40: SINGLE-PIECE CARDS | C40: =C11*C$37 -> 3870.8245 | D40: =D11*'4.Rural cost'!$H$9 -> 0 | E40: =E11*E$37 -> 2829.7251 | F40: =F11*F$37 -> 0 | G40: =G11*G$37 -> 0 | H40: =H11*H$37 -> 0 | I40: =I11*I$37 -> 0 | J40: =J11*J$37 -> 0 | K40: =K11*K$37 -> 6.405856 | L40: =L11*L$37 -> 0 | M40: =M11*'4.Rural cost'!$H$9 -> 0 | N40: =N11*N$37 -> 0 | O40: =O11*'4.Rural cost'!$H$9 -> 0 | P40: =P11*P$37 -> 0 | Q40: =Q11*Q$37 -> 0 | R40: =R11*R$37 -> 2.2576494 | S40: =S11*S$37 -> 0 | T40: =T11*T$37 -> 0 | U40: =U11*U$37 -> 0 | V40: =V11*V$37 -> 0 | W40: =W11*W$37 -> 0 | ... Z40: =Z11*Z$37 -> 0 | AA40: =SUM('4.Rural cost'!$N13,'4.Rural cost'!O13)*SUM(C40:E40,I40,K40,R40,U40,X40)/SUM($C40:$Z40) -> 115.5939 | AB40: =SUM('4.Rural cost'!$N13,'4.Rural cost'!$O13)*SUM(F40,H40,J40,L40:N40,S40,V40,Y40)/SUM($C40:$Z40) -> 0 | AC40: =SUM('4.Rural cost'!$N13,'4.Rural cost'!$O13)*SUM(O40:Q40,T40,W40,Z40)/SUM($C40:$Z40) -> 0 | AD40: =SUM(C40:AC40) -> 6824.807 | AF40: =SUM(AA40:AC40)-SUM('4.Rural cost'!N13:O13) -> 0
A41: =A40+1 -> 28 | B41: PRESORT LETTERS | C41: =C12*C$37 -> 95004.735 | D41: =D12*'4.Rural cost'!$H$9 -> 0 | E41: =E12*E$37 -> 300688.73 | F41: =F12*F$37 -> 0 | G41: =G12*G$37 -> 0 | H41: =H12*H$37 -> 0 | I41: =I12*I$37 -> 0 | J41: =J12*J$37 -> 0 | K41: =K12*K$37 -> 1185.642 | L41: =L12*L$37 -> 0 | M41: =M12*'4.Rural cost'!$H$9 -> 0 | N41: =N12*N$37 -> 0 | O41: =O12*'4.Rural cost'!$H$9 -> 0 | P41: =P12*P$37 -> 0 | Q41: =Q12*Q$37 -> 0 | R41: =R12*R$37 -> 0 | S41: =S12*S$37 -> 0 | T41: =T12*T$37 -> 0 | U41: =U12*U$37 -> 0 | V41: =V12*V$37 -> 0 | W41: =W12*W$37 -> 0 | ... Z41: =Z12*Z$37 -> 0 | AA41: =SUM('4.Rural cost'!$N15,'4.Rural cost'!$O15)*SUM(C41:E41,I41,K41,R41,U41,X41)/SUM($C41:$Z41) -> 9892.7458 | AB41: =SUM('4.Rural cost'!$N15,'4.Rural cost'!$O15)*SUM(F41,H41,J41,L41:N41,S41,V41,Y41)/SUM($C41:$Z41) -> 0 | AC41: =SUM('4.Rural cost'!$N15,'4.Rural cost'!$O15)*SUM(O41:Q41,T41,W41,Z41)/SUM($C41:$Z41) -> 0 | AD41: =SUM(C41:AC41) -> 406771.86 | AF41: =SUM(AA41:AC41)-SUM('4.Rural cost'!N15:O15) -> 0
A42: =A41+1 -> 29 | B42: PRESORT CARDS | C42: =C13*C$37 -> 7603.1914 | D42: =D13*'4.Rural cost'!$H$9 -> 7.411511 | E42: =E13*E$37 -> 23095.113 | F42: =F13*F$37 -> 0 | G42: =G13*G$37 -> 0 | H42: =H13*H$37 -> 0 | I42: =I13*I$37 -> 0 | J42: =J13*J$37 -> 0 | K42: =K13*K$37 -> 18.777653 | L42: =L13*L$37 -> 0 | M42: =M13*'4.Rural cost'!$H$9 -> 0 | N42: =N13*N$37 -> 0 | O42: =O13*'4.Rural cost'!$H$9 -> 0 | P42: =P13*P$37 -> 0 | Q42: =Q13*Q$37 -> 0 | R42: =R13*R$37 -> 0 | S42: =S13*S$37 -> 0 | T42: =T13*T$37 -> 0 | U42: =U13*U$37 -> 0 | V42: =V13*V$37 -> 0 | W42: =W13*W$37 -> 0 | ... Z42: =Z13*Z$37 -> 0 | AA42: =SUM('4.Rural cost'!$N17,'4.Rural cost'!$O17)*SUM(C42:E42,I42,K42,R42,U42,X42)/SUM($C42:$Z42) -> 792.38409 | AB42: =SUM('4.Rural cost'!$N17,'4.Rural cost'!$O17)*SUM(F42,H42,J42,L42:N42,S42,V42,Y42)/SUM($C42:$Z42) -> 0 | AC42: =SUM('4.Rural cost'!$N17,'4.Rural cost'!$O17)*SUM(O42:Q42,T42,W42,Z42)/SUM($C42:$Z42) -> 0 | AD42: =SUM(C42:AC42) -> 31516.878 | AF42: =SUM(AA42:AC42)-SUM('4.Rural cost'!N17:O17) -> 0
A43: =A42+1 -> 30 | B43: SINGLE PIECE FLATS | C43: =C14*C$37 -> 0 | D43: =D14*'4.Rural cost'!$H$9 -> 0 | E43: =E14*E$37 -> 0 | F43: =F14*F$37 -> 1.8691304 | G43: =G14*G$37 -> 0 | H43: =H14*H$37 -> 0 | I43: =I14*I$37 -> 0 | J43: =J14*J$37 -> 0 | K43: =K14*K$37 -> 0 | L43: =L14*L$37 -> 17855.054 | M43: =M14*'4.Rural cost'!$H$9 -> 0 | N43: =N14*N$37 -> 0 | O43: =O14*'4.Rural cost'!$H$9 -> 0 | P43: =P14*P$37 -> 0 | Q43: =Q14*Q$37 -> 0 | R43: =R14*R$37 -> 0 | S43: =S14*S$37 -> 201.41223 | T43: =T14*T$37 -> 0 | U43: =U14*U$37 -> 0 | V43: =V14*V$37 -> 0 | W43: =W14*W$37 -> 0 | ... Z43: =Z14*Z$37 -> 0 | AA43: =SUM('4.Rural cost'!$N19,'4.Rural cost'!$O19)*SUM(C43:E43,I43,K43,R43,U43,X43)/SUM($C43:$Z43) -> 0 | AB43: =SUM('4.Rural cost'!$N19,'4.Rural cost'!$O19)*SUM(F43,H43,J43,L43:N43,S43,V43,Y43)/SUM($C43:$Z43) -> 164.36264 | AC43: =SUM('4.Rural cost'!$N19,'4.Rural cost'!$O19)*SUM(O43:Q43,T43,W43,Z43)/SUM($C43:$Z43) -> 0 | AD43: =SUM(C43:AC43) -> 18222.698 | AF43: =SUM(AA43:AC43)-SUM('4.Rural cost'!N19:O19) -> 0
A44: =A43+1 -> 31 | B44: PRESORT FLATS | C44: =C15*C$37 -> 0 | D44: =D15*'4.Rural cost'!$H$9 -> 0 | E44: =E15*E$37 -> 0 | F44: =F15*F$37 -> 1.2545102 | G44: =G15*G$37 -> 0 | H44: =H15*H$37 -> 0 | I44: =I15*I$37 -> 0 | J44: =J15*J$37 -> 0 | K44: =K15*K$37 -> 0 | L44: =L15*L$37 -> 22439.219 | M44: =M15*'4.Rural cost'!$H$9 -> 0 | N44: =N15*N$37 -> 0 | O44: =O15*'4.Rural cost'!$H$9 -> 0 | P44: =P15*P$37 -> 0 | Q44: =Q15*Q$37 -> 0 | R44: =R15*R$37 -> 0 | S44: =S15*S$37 -> 0 | T44: =T15*T$37 -> 0 | U44: =U15*U$37 -> 0 | V44: =V15*V$37 -> 0 | W44: =W15*W$37 -> 0 | ... Z44: =Z15*Z$37 -> 0 | AA44: =SUM('4.Rural cost'!$N21,'4.Rural cost'!$O21)*SUM(C44:E44,I44,K44,R44,U44,X44)/SUM($C44:$Z44) -> 0 | AB44: =SUM('4.Rural cost'!$N21,'4.Rural cost'!$O21)*SUM(F44,H44,J44,L44:N44,S44,V44,Y44)/SUM($C44:$Z44) -> 181.42846 | AC44: =SUM('4.Rural cost'!$N19,'4.Rural cost'!$O19)*SUM(O44:Q44,T44,W44,Z44)/SUM($C44:$Z44) -> 0 | AD44: =SUM(C44:AC44) -> 22621.902 | AF44: =SUM(AA44:AC44)-SUM('4.Rural cost'!N21:O21) -> 0
A45: =A44+1 -> 32 | B45: USPS Marketing Mail (A)
A46: =A45+1 -> 33 | B46: HIGH DENSITYLETTERS | C46: =C17*C$37 -> 39636.264 | D46: =D17*'4.Rural cost'!$H$25 -> 0 | E46: =E17*E$37 -> 31415.827 | F46: =F17*F$37 -> 0 | G46: =G17*G$37 -> 0 | H46: =H17*H$37 -> 0 | I46: =I17*I$37 -> 0 | J46: =J17*J$37 -> 0 | K46: =K17*K$37 -> 982.05425 | L46: =L17*L$37 -> 0 | M46: =M17*'4.Rural cost'!$H$25 -> 0 | N46: =N17*N$37 -> 0 | O46: =O17*'4.Rural cost'!$H$25 -> 0 | P46: =P17*P$37 -> 0 | Q46: =Q17*Q$37 -> 0 | R46: =R17*R$37 -> 0 | S46: =S17*S$37 -> 0 | T46: =T17*T$37 -> 0 | U46: =U17*U$37 -> 0 | V46: =V17*V$37 -> 0 | W46: =W17*W$37 -> 0 | ... Z46: =Z17*Z$37 -> 0 | AA46: =SUM('4.Rural cost'!$N$24,'4.Rural cost'!$O$24)*SUM(C46:E46,I46,K46,R46,U46,X46)/SUM($C$46:$Z$47) -> 1225.1844 | AB46: =SUM('4.Rural cost'!$N$24,'4.Rural cost'!$O$24)*SUM(F46,H46,J46,L46:N46,S46,V46,Y46)/SUM($C$46:$Z$47) -> 0 | AC46: =SUM('4.Rural cost'!$N$24,'4.Rural cost'!$O$24)*SUM(O46:Q46,T46,W46,Z46)/SUM($C$46:$Z$47) -> 0 | AD46: =SUM(C46:AC46) -> 73259.33
A47: =A46+1 -> 34 | B47: SATURATION LETTERS | C47: =C18*C$37 -> 30804.733 | D47: =D18*'4.Rural cost'!$H$25 -> 0 | E47: =E18*E$37 -> 24000.016 | F47: =F18*F$37 -> 0 | G47: =G18*G$37 -> 0 | H47: =H18*H$37 -> 0 | I47: =I18*I$37 -> 0 | J47: =J18*J$37 -> 0 | K47: =K18*K$37 -> 933.54082 | L47: =L18*L$37 -> 0 | M47: =M18*'4.Rural cost'!$H$25 -> 0 | N47: =N18*N$37 -> 0 | O47: =O18*'4.Rural cost'!$H$25 -> 0 | P47: =P18*P$37 -> 0 | Q47: =Q18*Q$37 -> 0 | R47: =R18*R$37 -> 0 | S47: =S18*S$37 -> 0 | T47: =T18*T$37 -> 0 | U47: =U18*U$37 -> 0 | V47: =V18*V$37 -> 0 | W47: =W18*W$37 -> 0 | ... Z47: =Z18*Z$37 -> 0 | AA47: =SUM('4.Rural cost'!$N$24,'4.Rural cost'!$O$24)*SUM(C47:E47,I47,K47,R47,U47,X47)/SUM($C$46:$Z$47) -> 948.01823 | AB47: =SUM('4.Rural cost'!$N$24,'4.Rural cost'!$O$24)*SUM(F47,H47,J47,L47:N47,S47,V47,Y47)/SUM($C$46:$Z$47) -> 0 | AC47: =SUM('4.Rural cost'!$N$24,'4.Rural cost'!$O$24)*SUM(O47:Q47,T47,W47,Z47)/SUM($C$46:$Z$47) -> 0 | AD47: =SUM(C47:AC47) -> 56686.308 | AF47: =SUM(AA46:AC47)-SUM('4.Rural cost'!N24:O24) -> 0
A48: =A47+1 -> 35 | B48: HIGH DENSITY FLATS | C48: =C19*C$37 -> 0 | D48: =D19*'4.Rural cost'!$H$27 -> 0 | E48: =E19*E$37 -> 0 | F48: =F19*F$37 -> 0 | G48: =G19*G$37 -> 0 | H48: =H19*H$37 -> 49.678777 | I48: =I19*I$37 -> 0 | J48: =J19*J$37 -> 372.57366 | K48: =K19*K$37 -> 0 | L48: =L19*L$37 -> 70532.228 | M48: =M19*'4.Rural cost'!$H$27 -> 0 | N48: =N19*N$37 -> 0 | O48: =O19*'4.Rural cost'!$H$27 -> 0 | P48: =P19*P$37 -> 0 | Q48: =Q19*Q$37 -> 0 | R48: =R19*R$37 -> 0 | S48: =S19*S$37 -> 0 | T48: =T19*T$37 -> 0 | U48: =U19*U$37 -> 0 | V48: =V19*V$37 -> 0 | W48: =W19*W$37 -> 0 | ... Z48: =Z19*Z$37 -> 0 | AA48: =SUM('4.Rural cost'!$N$26,'4.Rural cost'!$O$26)*SUM(C48:E48,I48,K48,R48,U48,X48)/SUM($C$48:$Z$51) -> 0 | AB48: =SUM('4.Rural cost'!$N$26,'4.Rural cost'!$O$26)*SUM(F48,H48,J48,L48:N48,S48,V48,Y48)/SUM($C$48:$Z$51) -> 986.81502 | AC48: =SUM('4.Rural cost'!$N$26,'4.Rural cost'!$O$26)*SUM(O48:Q48,T48,W48,Z48)/SUM($C$48:$Z$51) -> 0 | AD48: =SUM(C48:AC48) -> 71941.295
A49: =A48+1 -> 36 | B49: SATURATION FLATS | C49: =C20*C$37 -> 0 | D49: =D20*'4.Rural cost'!$H$27 -> 0 | E49: =E20*E$37 -> 0 | F49: =F20*F$37 -> 0 | G49: =G20*G$37 -> 0 | H49: =H20*H$37 -> 155.02614 | I49: =I20*I$37 -> 0 | J49: =J20*J$37 -> 2519.5127 | K49: =K20*K$37 -> 0 | L49: =L20*L$37 -> 148001.18 | M49: =M20*'4.Rural cost'!$H$27 -> 0 | N49: =N20*N$37 -> 0 | O49: =O20*'4.Rural cost'!$H$27 -> 0 | P49: =P20*P$37 -> 0 | Q49: =Q20*Q$37 -> 0 | R49: =R20*R$37 -> 0 | S49: =S20*S$37 -> 0 | T49: =T20*T$37 -> 0 | U49: =U20*U$37 -> 0 | V49: =V20*V$37 -> 0 | W49: =W20*W$37 -> 0 | ... Z49: =Z20*Z$37 -> 0 | AA49: =SUM('4.Rural cost'!$N$26,'4.Rural cost'!$O$26)*SUM(C49:E49,I49,K49,R49,U49,X49)/SUM($C$48:$Z$51)+SUM('4.Rural cost'!$N$28,'4.Rural cost'!$O$28)*SUM(C49:E49,I49,K49,R49,U49,X49)/SUM($C49:$Z49) -> 0 | AB49: =SUM('4.Rural cost'!$N$26,'4.Rural cost'!$O$26)*SUM(F49,H49,J49,L49:N49,S49,V49,Y49)/SUM($C$48:$Z$51)+SUM('4.Rural cost'!$N$28,'4.Rural cost'!$O$28)*SUM(F49,H49,J49,L49:N49,S49,V49,Y49)/SUM($C49:$Z49) -> 2282.28 | AC49: =SUM('4.Rural cost'!$N$26,'4.Rural cost'!$O$26)*SUM(O49:Q49,T49,W49,Z49)/SUM($C$48:$Z$51)+SUM('4.Rural cost'!$N$28,'4.Rural cost'!$O$28)*SUM(O49:Q49,T49,W49,Z49)/SUM($C49:$Z49) -> 0 | AD49: =SUM(C49:AC49) -> 152958
A50: =A49+1 -> 37 | B50: HIGH DENSITY PARCELS | C50: =C21*C$37 -> 0 | D50: =D21*'4.Rural cost'!$H$27 -> 0 | E50: =E21*E$37 -> 0 | F50: =F21*F$37 -> 0 | G50: =G21*G$37 -> 0 | H50: =H21*H$37 -> 0 | I50: =I21*I$37 -> 0 | J50: =J21*J$37 -> 0 | K50: =K21*K$37 -> 0 | L50: =L21*L$37 -> 0 | M50: =M21*'4.Rural cost'!$H$27 -> 0 | N50: =N21*N$37 -> 0 | O50: =O21*'4.Rural cost'!$H$27 -> 0 | P50: =P21*P$37 -> 0 | Q50: =Q21*Q$37 -> 0 | R50: =R21*R$37 -> 0 | S50: =S21*S$37 -> 0 | T50: =T21*T$37 -> 0 | U50: =U21*U$37 -> 0 | V50: =V21*V$37 -> 0 | W50: =W21*W$37 -> 0 | ... Z50: =Z21*Z$37 -> 0 | AA50: =SUM('4.Rural cost'!$N$26,'4.Rural cost'!$O$26)*SUM(C50:E50,I50,K50,R50,U50,X50)/SUM($C$48:$Z$51) -> 0 | AB50: =SUM('4.Rural cost'!$N$26,'4.Rural cost'!$O$26)*SUM(F50,H50,J50,L50:N50,S50,V50,Y50)/SUM($C$48:$Z$51) -> 0 | AC50: =SUM('4.Rural cost'!$N$26,'4.Rural cost'!$O$26)*SUM(O50:Q50,T50,W50,Z50)/SUM($C$48:$Z$51) -> 0 | AD50: =SUM(C50:AC50) -> 0
A51: =A50+1 -> 38 | B51: SATURATION PARCELS | C51: =C22*C$37 -> 0 | D51: =D22*'4.Rural cost'!$H$27 -> 0 | E51: =E22*E$37 -> 0 | F51: =F22*F$37 -> 0 | G51: =G22*G$37 -> 0 | H51: =H22*H$37 -> 0 | I51: =I22*I$37 -> 0 | J51: =J22*J$37 -> 0 | K51: =K22*K$37 -> 0 | L51: =L22*L$37 -> 0 | M51: =M22*'4.Rural cost'!$H$27 -> 0 | N51: =N22*N$37 -> 0 | O51: =O22*'4.Rural cost'!$H$27 -> 0 | P51: =P22*P$37 -> 0 | Q51: =Q22*Q$37 -> 0 | R51: =R22*R$37 -> 0 | S51: =S22*S$37 -> 0 | T51: =T22*T$37 -> 0 | U51: =U22*U$37 -> 0 | V51: =V22*V$37 -> 0 | W51: =W22*W$37 -> 0 | ... Z51: =Z22*Z$37 -> 0 | AA51: =SUM('4.Rural cost'!$N$26,'4.Rural cost'!$O$26)*SUM(C51:E51,I51,K51,R51,U51,X51)/SUM($C$48:$Z$51) -> 0 | AB51: =SUM('4.Rural cost'!$N$26,'4.Rural cost'!$O$26)*SUM(F51,H51,J51,L51:N51,S51,V51,Y51)/SUM($C$48:$Z$51) -> 0 | AC51: =SUM('4.Rural cost'!$N$26,'4.Rural cost'!$O$26)*SUM(O51:Q51,T51,W51,Z51)/SUM($C$48:$Z$51) -> 0 | AD51: =SUM(C51:AC51) -> 0 | AF51: =SUM(AA48:AC51)-SUM('4.Rural cost'!N26:O26,'4.Rural cost'!N28:O28) -> 0
A52: =A51+1 -> 39 | B52: EVERY DOOR DIRECT MAIL RETAIL | C52: =C23*C$37 -> 0 | D52: =D23*'4.Rural cost'!$H$29 -> 0 | E52: =E23*E$37 -> 0 | F52: =F23*F$37 -> 0 | G52: =G23*G$37 -> 0 | H52: =H23*H$37 -> 0 | I52: =I23*I$37 -> 0 | J52: =J23*J$37 -> 0 | K52: =K23*K$37 -> 0 | L52: =L23*L$37 -> 0 | M52: =M23*'4.Rural cost'!$H$29 -> 0 | N52: =N23*N$37 -> 0 | O52: =O23*'4.Rural cost'!$H$29 -> 0 | P52: =P23*P$37 -> 0 | Q52: =Q23*Q$37 -> 0 | R52: =R23*R$37 -> 0 | S52: =S23*S$37 -> 0 | T52: =T23*T$37 -> 0 | U52: =U23*U$37 -> 0 | V52: =V23*V$37 -> 0 | W52: =W23*W$37 -> 0 | ... Z52: =Z23*Z$37 -> 0 | AD52: =SUM(C52:AC52) -> 0
A53: =A52+1 -> 40 | B53: LETTERS | C53: =C24*C$37 -> 172873.07 | D53: =D24*'4.Rural cost'!$H$31 -> 173.68427 | E53: =E24*E$37 -> 417010.15 | F53: =F24*F$37 -> 0 | G53: =G24*G$37 -> 0 | H53: =H24*H$37 -> 0 | I53: =I24*I$37 -> 0 | J53: =J24*J$37 -> 0 | K53: =K24*K$37 -> 2512.2066 | L53: =L24*L$37 -> 0 | M53: =M24*'4.Rural cost'!$H$31 -> 0 | N53: =N24*N$37 -> 0 | O53: =O24*'4.Rural cost'!$H$31 -> 0 | P53: =P24*P$37 -> 0 | Q53: =Q24*Q$37 -> 0 | R53: =R24*R$37 -> 4.6170293 | S53: =S24*S$37 -> 0 | T53: =T24*T$37 -> 0 | U53: =U24*U$37 -> 0 | V53: =V24*V$37 -> 0 | W53: =W24*W$37 -> 0 | ... Z53: =Z24*Z$37 -> 0 | AA53: =SUM('4.Rural cost'!$N30,'4.Rural cost'!$O30)*SUM(C53:E53,I53,K53,R53,U53,X53)/SUM($C53:$Z53) -> 13033.845 | AB53: =SUM('4.Rural cost'!$N30,'4.Rural cost'!$O30)*SUM(F53,H53,J53,L53:N53,S53,V53,Y53)/SUM($C53:$Z53) -> 0 | AC53: =SUM('4.Rural cost'!$N30,'4.Rural cost'!$O30)*SUM(O53:Q53,T53,W53,Z53)/SUM($C53:$Z53) -> 0 | AD53: =SUM(C53:AC53) -> 605607.57 | AF53: =SUM(AA53:AC53)-SUM('4.Rural cost'!N30:O30) -> 0
A54: =A53+1 -> 41 | B54: FLATS | C54: =C25*C$37 -> 0 | D54: =D25*'4.Rural cost'!$H$33 -> 0 | E54: =E25*E$37 -> 0 | F54: =F25*F$37 -> 7.3754416 | G54: =G25*G$37 -> 0 | H54: =H25*H$37 -> 0 | I54: =I25*I$37 -> 0 | J54: =J25*J$37 -> 0 | K54: =K25*K$37 -> 0 | L54: =L25*L$37 -> 100382.67 | M54: =M25*'4.Rural cost'!$H$33 -> 67.413357 | N54: =N25*N$37 -> 0 | O54: =O25*'4.Rural cost'!$H$33 -> 0 | P54: =P25*P$37 -> 0 | Q54: =Q25*Q$37 -> 0 | R54: =R25*R$37 -> 0 | S54: =S25*S$37 -> 4.5152988 | T54: =T25*T$37 -> 0 | U54: =U25*U$37 -> 0 | V54: =V25*V$37 -> 0 | W54: =W25*W$37 -> 0 | ... Z54: =Z25*Z$37 -> 0 | AA54: =SUM('4.Rural cost'!$N32,'4.Rural cost'!$O32)*SUM(C54:E54,I54,K54,R54,U54,X54)/SUM($C54:$Z54) -> 0 | AB54: =SUM('4.Rural cost'!$N32,'4.Rural cost'!$O32)*SUM(F54,H54,J54,L54:N54,S54,V54,Y54)/SUM($C54:$Z54) -> 728.45551 | AC54: =SUM('4.Rural cost'!$N32,'4.Rural cost'!$O32)*SUM(O54:Q54,T54,W54,Z54)/SUM($C54:$Z54) -> 0 | AD54: =SUM(C54:AC54) -> 101190.43 | AF54: =SUM(AA54:AC54)-SUM('4.Rural cost'!N32:O32) -> 0
A55: =A54+1 -> 42 | B55: PARCELS | C55: =C26*C$37 -> 0 | D55: =D26*'4.Rural cost'!$H$35 -> 0 | E55: =E26*E$37 -> 0 | F55: =F26*F$37 -> 0 | G55: =G26*G$37 -> 0 | H55: =H26*H$37 -> 0 | I55: =I26*I$37 -> 0 | J55: =J26*J$37 -> 0 | K55: =K26*K$37 -> 0 | L55: =L26*L$37 -> 0 | M55: =M26*'4.Rural cost'!$H$35 -> 0 | N55: =N26*N$37 -> 0 | O55: =O26*'4.Rural cost'!$H$35 -> 2659.8716 | P55: =P26*P$37 -> 0 | Q55: =Q26*Q$37 -> 0 | R55: =R26*R$37 -> 0 | S55: =S26*S$37 -> 0 | T55: =T26*T$37 -> 2.2662054 | U55: =U26*U$37 -> 0 | V55: =V26*V$37 -> 0 | W55: =W26*W$37 -> 0 | ... Z55: =Z26*Z$37 -> 0 | AA55: =SUM('4.Rural cost'!$N34,'4.Rural cost'!$O34)*SUM(C55:E55,I55,K55,R55,U55,X55)/SUM($C55:$Z55) -> 0 | AB55: =SUM('4.Rural cost'!$N34,'4.Rural cost'!$O34)*SUM(F55,H55,J55,L55:N55,S55,V55,Y55)/SUM($C55:$Z55) -> 0 | AC55: =SUM('4.Rural cost'!$N34,'4.Rural cost'!$O34)*SUM(O55:Q55,T55,W55,Z55)/SUM($C55:$Z55) -> 9.1734246 | AD55: =SUM(C55:AC55) -> 2671.3112 | AF55: =SUM(AA55:AC55)-SUM('4.Rural cost'!N34:O34) -> 0
A56: =A55+1 -> 43 | B56: PERIODICALS | C56: =C27*C$37 -> 650.20813 | D56: =D27*'4.Rural cost'!$H$37 -> 0 | E56: =E27*E$37 -> 94.584005 | F56: =F27*F$37 -> 0 | G56: =G27*G$37 -> 0 | H56: =H27*H$37 -> 0 | I56: =I27*I$37 -> 0 | J56: =J27*J$37 -> -351.64782 | K56: =K27*K$37 -> 0 | L56: =L27*L$37 -> 156173.81 | M56: =M27*'4.Rural cost'!$H$37 -> 6431.1625 | N56: =N27*N$37 -> 0 | O56: =O27*'4.Rural cost'!$H$37 -> 236.66916 | P56: =P27*P$37 -> 0 | Q56: =Q27*Q$37 -> 0 | R56: =R27*R$37 -> 0 | S56: =S27*S$37 -> 0 | T56: =T27*T$37 -> 0 | U56: =U27*U$37 -> 0 | V56: =V27*V$37 -> 0 | W56: =W27*W$37 -> 0 | ... Z56: =Z27*Z$37 -> 0 | AA56: =SUM('4.Rural cost'!$N36,'4.Rural cost'!$O36)*SUM(C56:E56,I56,K56,R56,U56,X56)/SUM($C56:$Z56) -> 5.0272571 | AB56: =SUM('4.Rural cost'!$N36,'4.Rural cost'!$O36)*SUM(F56,H56,J56,L56:N56,S56,V56,Y56)/SUM($C56:$Z56) -> 1095.1904 | AC56: =SUM('4.Rural cost'!$N36,'4.Rural cost'!$O36)*SUM(O56:Q56,T56,W56,Z56)/SUM($C56:$Z56) -> 1.5974883 | AD56: =SUM(C56:AC56) -> 164336.6
A57: =A56+1 -> 44 | B57: PACKAGE SERVICES
A58: =A57+1 -> 45 | B58: BOUND PRINTED MATTER FLATS | C58: =C29*C$37 -> 0 | D58: =D29*'4.Rural cost'!$H$40 -> 0 | E58: =E29*E$37 -> 0 | F58: =F29*F$37 -> 1.2292403 | G58: =G29*G$37 -> 0 | H58: =H29*H$37 -> 0 | I58: =I29*I$37 -> 0 | J58: =J29*J$37 -> 0 | K58: =K29*K$37 -> 0 | L58: =L29*L$37 -> 5103.7585 | M58: =M29*'4.Rural cost'!$H$40 -> 1045.7445 | N58: =N29*N$37 -> 0 | O58: =O29*'4.Rural cost'!$H$40 -> 0 | P58: =P29*P$37 -> 0 | Q58: =Q29*Q$37 -> 0 | R58: =R29*R$37 -> 0 | S58: =S29*S$37 -> 2.2662054 | T58: =T29*T$37 -> 0 | U58: =U29*U$37 -> 0 | V58: =V29*V$37 -> 0 | W58: =W29*W$37 -> 0 | ... Z58: =Z29*Z$37 -> 0 | AA58: =SUM('4.Rural cost'!$N39,'4.Rural cost'!$O39)*SUM(C58:E58,I58,K58,R58,U58,X58)/SUM($C58:$Z58) -> 0 | AB58: =SUM('4.Rural cost'!$N39,'4.Rural cost'!$O39)*SUM(F58,H58,J58,L58:N58,S58,V58,Y58)/SUM($C58:$Z58) -> 45.312565 | AC58: =SUM('4.Rural cost'!$N39,'4.Rural cost'!$O39)*SUM(O58:Q58,T58,W58,Z58)/SUM($C58:$Z58) -> 0 | AD58: =SUM(C58:AC58) -> 6205.7313 | AF58: =SUM(AA58:AC58)-SUM('4.Rural cost'!N39:O39) -> 0
A59: =A58+1 -> 46 | B59: BOUND PRINTED MATTER PARCELS | C59: =C30*C$37 -> 0 | D59: =D30*'4.Rural cost'!$H$42 -> 0 | E59: =E30*E$37 -> 0 | F59: =F30*F$37 -> 0 | G59: =G30*G$37 -> 0 | H59: =H30*H$37 -> 0 | I59: =I30*I$37 -> 0 | J59: =J30*J$37 -> 0 | K59: =K30*K$37 -> 0 | L59: =L30*L$37 -> 0 | M59: =M30*'4.Rural cost'!$H$42 -> 0 | N59: =N30*N$37 -> 0 | O59: =O30*'4.Rural cost'!$H$42 -> 72349.273 | P59: =P30*P$37 -> 0 | Q59: =Q30*Q$37 -> 0 | R59: =R30*R$37 -> 0 | S59: =S30*S$37 -> 0 | T59: =T30*T$37 -> 6.8269988 | U59: =U30*U$37 -> 0 | V59: =V30*V$37 -> 0 | W59: =W30*W$37 -> 69.173682 | ... Z59: =Z30*Z$37 -> 0.64895075 | AA59: =SUM('4.Rural cost'!$N41,'4.Rural cost'!$O41)*SUM(C59:E59,I59,K59,R59,U59,X59)/SUM($C59:$Z59) -> 0 | AB59: =SUM('4.Rural cost'!$N41,'4.Rural cost'!$O41)*SUM(F59,H59,J59,L59:N59,S59,V59,Y59)/SUM($C59:$Z59) -> 0 | AC59: =SUM('4.Rural cost'!$N41,'4.Rural cost'!$O41)*SUM(O59:Q59,T59,W59,Z59)/SUM($C59:$Z59) -> 220.7643 | AD59: =SUM(C59:AC59) -> 72646.687 | AF59: =SUM(AA59:AC59)-SUM('4.Rural cost'!N41:O41) -> 0
A60: =A59+1 -> 47 | B60: MEDIA AND LIBRARY MAIL | C60: =C31*C$37 -> 0 | D60: =D31*'4.Rural cost'!$H$44 -> 0 | E60: =E31*E$37 -> 0 | F60: =F31*F$37 -> 0 | G60: =G31*G$37 -> 0 | H60: =H31*H$37 -> 0 | I60: =I31*I$37 -> 0 | J60: =J31*J$37 -> 0 | K60: =K31*K$37 -> 0 | L60: =L31*L$37 -> 0 | M60: =M31*'4.Rural cost'!$H$44 -> 0 | N60: =N31*N$37 -> 0 | O60: =O31*'4.Rural cost'!$H$44 -> 21877.731 | P60: =P31*P$37 -> 0 | Q60: =Q31*Q$37 -> 0 | R60: =R31*R$37 -> 0 | S60: =S31*S$37 -> 0 | T60: =T31*T$37 -> 16.152047 | U60: =U31*U$37 -> 0 | V60: =V31*V$37 -> 0 | W60: =W31*W$37 -> 237.35059 | ... Z60: =Z31*Z$37 -> 18.236172 | AA60: =SUM('4.Rural cost'!$N43,'4.Rural cost'!$O43)*SUM(C60:E60,I60,K60,R60,U60,X60)/SUM($C60:$Z60) -> 0 | AB60: =SUM('4.Rural cost'!$N43,'4.Rural cost'!$O43)*SUM(F60,H60,J60,L60:N60,S60,V60,Y60)/SUM($C60:$Z60) -> 0 | AC60: =SUM('4.Rural cost'!$N43,'4.Rural cost'!$O43)*SUM(O60:Q60,T60,W60,Z60)/SUM($C60:$Z60) -> 67.518814 | AD60: =SUM(C60:AC60) -> 22216.989 | AF60: =SUM(AA60:AC60)-SUM('4.Rural cost'!N43:O43) -> 0
B62: Cost Distribution Key | C62: Letters | D62: Flats | E62: Parcels | F62: Total
B63: Col. No. | C63: =AD34-1 -> -57 | D63: =C63-1 -> -58 | E63: =D63-1 -> -59 | F63: =E63-1 -> -60
B64: Units | C64: % | D64: % | E64: % | F64: %
B65: Source / Calculations | C65: ="(C"&-C34&"..C"&-E34&", C"&-I34&", C"&-K34&", C"&-R34&", C"&-U34&", C"&-X34&", C"&-AA34&") / C"&-$AD34 -> (C29..C31, C35, C37, C44, C47, C50, C53) / C56 | D65: ="(C"&-F34&", C"&-H34&", C"&-J34&", C"&-L34&"..C"&-N34&", C"&-S34&", C"&-V34&", C"&-Y34&", C"&-AB34&") / C"&-$AD34 -> (C32, C34, C36, C38..C40, C45, C48, C51, C54) / C56 | E65: ="(C"&-G34&", C"&-O34&"..C"&-Q34&", C"&-T34&", C"&-W34&", C"&-Z34&", C"&-AC34&") / C"&-$AD34 -> (C33, C41..C43, C46, C49, C52, C55) / C56 | F65: ="=C"&-C63&"..C"&-E63 -> =C57..C59
A66: =A60+1 -> 48 | B66: First-Class
A67: =A66+1 -> 49 | B67: SINGLE-PIECE LETTERS | C67: =IFERROR(SUM(C39,D39,E39,I39,K39,R39,U39,X39,AA39)/AD39,0) -> 1 | D67: =IFERROR(SUM(F39,H39,J39,L39:N39,S39,V39,Y39,AB39)/AD39,0) -> 0 | E67: =IFERROR(SUM(G39,O39:Q39,T39,W39,Z39,AC39)/AD39,0) -> 0 | F67: =SUM(C67:E67) -> 1
A68: =A67+1 -> 50 | B68: SINGLE-PIECE CARDS | C68: =IFERROR(SUM(C40,D40,E40,I40,K40,R40,U40,X40,AA40)/AD40,0) -> 1 | D68: =IFERROR(SUM(F40,H40,J40,L40:N40,S40,V40,Y40,AB40)/AD40,0) -> 0 | E68: =IFERROR(SUM(G40,O40:Q40,T40,W40,Z40,AC40)/AD40,0) -> 0 | F68: =SUM(C68:E68) -> 1
A69: =A68+1 -> 51 | B69: PRESORT LETTERS | C69: =IFERROR(SUM(C41,D41,E41,I41,K41,R41,U41,X41,AA41)/AD41,0) -> 1 | D69: =IFERROR(SUM(F41,H41,J41,L41:N41,S41,V41,Y41,AB41)/AD41,0) -> 0 | E69: =IFERROR(SUM(G41,O41:Q41,T41,W41,Z41,AC41)/AD41,0) -> 0 | F69: =SUM(C69:E69) -> 1
A70: =A69+1 -> 52 | B70: PRESORT CARDS | C70: =IFERROR(SUM(C42,D42,E42,I42,K42,R42,U42,X42,AA42)/AD42,0) -> 1 | D70: =IFERROR(SUM(F42,H42,J42,L42:N42,S42,V42,Y42,AB42)/AD42,0) -> 0 | E70: =IFERROR(SUM(G42,O42:Q42,T42,W42,Z42,AC42)/AD42,0) -> 0 | F70: =SUM(C70:E70) -> 1
A71: =A70+1 -> 53 | B71: SINGLE PIECE FLATS | C71: =IFERROR(SUM(C43,D43,E43,I43,K43,R43,U43,X43,AA43)/AD43,0) -> 0 | D71: =IFERROR(SUM(F43,H43,J43,L43:N43,S43,V43,Y43,AB43)/AD43,0) -> 1 | E71: =IFERROR(SUM(G43,O43:Q43,T43,W43,Z43,AC43)/AD43,0) -> 0 | F71: =SUM(C71:E71) -> 1
A72: =A71+1 -> 54 | B72: PRESORT FLATS | C72: =IFERROR(SUM(C44,D44,E44,I44,K44,R44,U44,X44,AA44)/AD44,0) -> 0 | D72: =IFERROR(SUM(F44,H44,J44,L44:N44,S44,V44,Y44,AB44)/AD44,0) -> 1 | E72: =IFERROR(SUM(G44,O44:Q44,T44,W44,Z44,AC44)/AD44,0) -> 0 | F72: =SUM(C72:E72) -> 1
A73: =A72+1 -> 55 | B73: USPS Marketing Mail (A)
A74: =A73+1 -> 56 | B74: HIGH DENSITYLETTERS | C74: =IFERROR(SUM(C46,D46,E46,I46,K46,R46,U46,X46,AA46)/AD46,0) -> 1 | D74: =IFERROR(SUM(F46,H46,J46,L46:N46,S46,V46,Y46,AB46)/AD46,0) -> 0 | E74: =IFERROR(SUM(G46,O46:Q46,T46,W46,Z46,AC46)/AD46,0) -> 0 | F74: =SUM(C74:E74) -> 1
A75: =A74+1 -> 57 | B75: SATURATION LETTERS | C75: =IFERROR(SUM(C47,D47,E47,I47,K47,R47,U47,X47,AA47)/AD47,0) -> 1 | D75: =IFERROR(SUM(F47,H47,J47,L47:N47,S47,V47,Y47,AB47)/AD47,0) -> 0 | E75: =IFERROR(SUM(G47,O47:Q47,T47,W47,Z47,AC47)/AD47,0) -> 0 | F75: =SUM(C75:E75) -> 1
A76: =A75+1 -> 58 | B76: HIGH DENSITY FLATS | C76: =IFERROR(SUM(C48,D48,E48,I48,K48,R48,U48,X48,AA48)/AD48,0) -> 0 | D76: =IFERROR(SUM(F48,H48,J48,L48:N48,S48,V48,Y48,AB48)/AD48,0) -> 1 | E76: =IFERROR(SUM(G48,O48:Q48,T48,W48,Z48,AC48)/AD48,0) -> 0 | F76: =SUM(C76:E76) -> 1
A77: =A76+1 -> 59 | B77: SATURATION FLATS | C77: =IFERROR(SUM(C49,D49,E49,I49,K49,R49,U49,X49,AA49)/AD49,0) -> 0 | D77: =IFERROR(SUM(F49,H49,J49,L49:N49,S49,V49,Y49,AB49)/AD49,0) -> 1 | E77: =IFERROR(SUM(G49,O49:Q49,T49,W49,Z49,AC49)/AD49,0) -> 0 | F77: =SUM(C77:E77) -> 1
A78: =A77+1 -> 60 | B78: HIGH DENSITY PARCELS | C78: =IFERROR(SUM(C50,D50,E50,I50,K50,R50,U50,X50,AA50)/AD50,0) -> 0 | D78: =IFERROR(SUM(F50,H50,J50,L50:N50,S50,V50,Y50,AB50)/AD50,0) -> 0 | E78: =IFERROR(SUM(G50,O50:Q50,T50,W50,Z50,AC50)/AD50,0) -> 0 | F78: =SUM(C78:E78) -> 0
A79: =A78+1 -> 61 | B79: SATURATION PARCELS | C79: =IFERROR(SUM(C51,D51,E51,I51,K51,R51,U51,X51,AA51)/AD51,0) -> 0 | D79: =IFERROR(SUM(F51,H51,J51,L51:N51,S51,V51,Y51,AB51)/AD51,0) -> 0 | E79: =IFERROR(SUM(G51,O51:Q51,T51,W51,Z51,AC51)/AD51,0) -> 0 | F79: =SUM(C79:E79) -> 0
A80: =A79+1 -> 62 | B80: EVERY DOOR DIRECT MAIL RETAIL | C80: =IFERROR(SUM(C52,D52,E52,I52,K52,R52,U52,X52,AA52)/AD52,0) -> 0 | D80: =IFERROR(SUM(F52,H52,J52,L52:N52,S52,V52,Y52,AB52)/AD52,0) -> 0 | E80: =IFERROR(SUM(G52,O52:Q52,T52,W52,Z52,AC52)/AD52,0) -> 0 | F80: =SUM(C80:E80) -> 0
A81: =A80+1 -> 63 | B81: LETTERS | C81: =IFERROR(SUM(C53,D53,E53,I53,K53,R53,U53,X53,AA53)/AD53,0) -> 1 | D81: =IFERROR(SUM(F53,H53,J53,L53:N53,S53,V53,Y53,AB53)/AD53,0) -> 0 | E81: =IFERROR(SUM(G53,O53:Q53,T53,W53,Z53,AC53)/AD53,0) -> 0 | F81: =SUM(C81:E81) -> 1
A82: =A81+1 -> 64 | B82: FLATS | C82: =IFERROR(SUM(C54,D54,E54,I54,K54,R54,U54,X54,AA54)/AD54,0) -> 0 | D82: =IFERROR(SUM(F54,H54,J54,L54:N54,S54,V54,Y54,AB54)/AD54,0) -> 1 | E82: =IFERROR(SUM(G54,O54:Q54,T54,W54,Z54,AC54)/AD54,0) -> 0 | F82: =SUM(C82:E82) -> 1
A83: =A82+1 -> 65 | B83: PARCELS | C83: =IFERROR(SUM(C55,D55,E55,I55,K55,R55,U55,X55,AA55)/AD55,0) -> 0 | D83: =IFERROR(SUM(F55,H55,J55,L55:N55,S55,V55,Y55,AB55)/AD55,0) -> 0 | E83: =IFERROR(SUM(G55,O55:Q55,T55,W55,Z55,AC55)/AD55,0) -> 1 | F83: =SUM(C83:E83) -> 1
A84: =A83+1 -> 66 | B84: PERIODICALS | C84: =IFERROR(SUM(C56,D56,E56,I56,K56,R56,U56,X56,AA56)/AD56,0) -> 0.0045627047 | D84: =IFERROR(SUM(F56,H56,J56,L56:N56,S56,V56,Y56,AB56)/AD56,0) -> 0.99398743 | E84: =IFERROR(SUM(G56,O56:Q56,T56,W56,Z56,AC56)/AD56,0) -> 0.0014498696 | F84: =SUM(C84:E84) -> 1
A85: =A84+1 -> 67 | B85: PACKAGE SERVICES
A86: =A85+1 -> 68 | B86: BOUND PRINTED MATTER FLATS | C86: =IFERROR(SUM(C58,D58,E58,I58,K58,R58,U58,X58,AA58)/AD58,0) -> 0 | D86: =IFERROR(SUM(F58,H58,J58,L58:N58,S58,V58,Y58,AB58)/AD58,0) -> 1 | E86: =IFERROR(SUM(G58,O58:Q58,T58,W58,Z58,AC58)/AD58,0) -> 0 | F86: =SUM(C86:E86) -> 1
A87: =A86+1 -> 69 | B87: BOUND PRINTED MATTER PARCELS | C87: =IFERROR(SUM(C59,D59,E59,I59,K59,R59,U59,X59,AA59)/AD59,0) -> 0 | D87: =IFERROR(SUM(F59,H59,J59,L59:N59,S59,V59,Y59,AB59)/AD59,0) -> 0 | E87: =IFERROR(SUM(G59,O59:Q59,T59,W59,Z59,AC59)/AD59,0) -> 1 | F87: =SUM(C87:E87) -> 1
A88: =A87+1 -> 70 | B88: MEDIA AND LIBRARY MAIL | C88: =IFERROR(SUM(C60,D60,E60,I60,K60,R60,U60,X60,AA60)/AD60,0) -> 0 | D88: =IFERROR(SUM(F60,H60,J60,L60:N60,S60,V60,Y60,AB60)/AD60,0) -> 0 | E88: =IFERROR(SUM(G60,O60:Q60,T60,W60,Z60,AC60)/AD60,0) -> 1 | F88: =SUM(C88:E88) -> 1
B90: VOLUME AND COST CROSSWALKS RCS Delivered Volumes Only. Costs exclude collection and carrier pickup. | C90: Delivered Letters, including Boxholder | D90: Delivered Flats, including Boxholder | E90: Delivered Parcel, including Boxholder | F90: Total Delivered RCS Volume | K90: Delivered Letters, including Boxholder | L90: Delivered Flats, including Boxholder | M90: Delivered Parcel, including Boxholder | N90: Total Delivery Cost Only, All Shapes | O90: Total Delivery Cost Only, All Shapes, from CS10.xls | P90: Total Delivery Plus Collection Cost, All Shapes
B91: Col. No. | C91: =F63-1 -> -61 | D91: =C91-1 -> -62 | E91: =D91-1 -> -63 | F91: =E91-1 -> -64 | K91: =F91-1 -> -65 | L91: =K91-1 -> -66 | M91: =L91-1 -> -67 | N91: =M91-1 -> -68 | O91: =N91-1 -> -69 | P91: =O91-1 -> -70
B92: Units | C92: Pieces (000) | D92: Pieces (000) | E92: Pieces (000) | F92: Pieces (000) | K92: $(000) | L92: $(000) | M92: $(000) | N92: $(000) | O92: $(000) | P92: $(000)
B93: Source / Calculations | C93: ="C"&-C6&"..C"&-I6&", C"&-R6 -> C1..C7, C16 | D93: ="C"&-L6&"..C"&-N6&", C"&-S6 -> C10..C12, C17 | E93: ="C"&-O6&"..C"&-Q6&", C"&-T6 -> C13..C15, C18 | F93: ="=C"&-C91&"..C"&-E91 -> =C61..C63 | K93: ="C"&-C34&"..C"&-I34&", C"&-R34 -> C29..C35, C44 | L93: ="C"&-J34&"..C"&-N34&", C"&-S34 -> C36..C40, C45 | M93: ="C"&-O34&"..C"&-Q34&", C"&-T34 -> C41..C43, C46 | N93: ="=C"&-K91&"..C"&-M91 -> =C65..C67 | O93: =NOTES!A8&" C"&-'4.Rural cost'!P6 -> 4.RuralCost C14 | P93: ="C"&-N91&" + C"&-X34&"..C"&-AC34 -> C68 + C50..C55
A94: =A88+1 -> 71 | B94: First-Class
A95: =A94+1 -> 72 | B95: SINGLE-PIECE LETTERS | C95: =SUM(C10,D10,E10,K10,I10,R10) -> 2778984.5 | D95: =SUM(F10,H10,J10,L10:N10,S10) -> 0 | E95: =SUM(G10,O10,P10,Q10,T10) -> 0 | F95: =SUM(C10:T10) -> 2778984.5 | K95: =SUM(C39,D39,E39,I39,K39,R39,AA39) -> 133076.44 | L95: =SUM(F39,H39,J39,L39:N39,S39,AB39) -> 0 | M95: =SUM(G39,O39:Q39,T39,AC39) -> 0 | N95: =SUM(K95:M95) -> 133076.44 | O95: ='4.Rural cost'!P11 -> 133076.44 | P95: =N95+SUM(U39:Z39) -> 140775.7
A96: =A95+1 -> 73 | B96: SINGLE-PIECE CARDS | C96: =SUM(C11,D11,E11,K11,I11,R11) -> 112881.52 | D96: =SUM(F11,H11,J11,L11:N11,S11) -> 0 | E96: =SUM(G11,O11,P11,Q11,T11) -> 0 | F96: =SUM(C11:T11) -> 112881.52 | K96: =SUM(C40,D40,E40,I40,K40,R40,AA40) -> 6824.807 | L96: =SUM(F40,H40,J40,L40:N40,S40,AB40) -> 0 | M96: =SUM(G40,O40:Q40,T40,AC40) -> 0 | N96: =SUM(K96:M96) -> 6824.807 | O96: ='4.Rural cost'!P13 -> 6824.807 | P96: =N96+SUM(U40:Z40) -> 6824.807
A97: =A96+1 -> 74 | B97: PRESORT LETTERS | C97: =SUM(C12,D12,E12,K12,I12,R12) -> 9972465.3 | D97: =SUM(F12,H12,J12,L12:N12,S12) -> 0 | E97: =SUM(G12,O12,P12,Q12,T12) -> 0 | F97: =SUM(C12:T12) -> 9972465.3 | K97: =SUM(C41,D41,E41,I41,K41,R41,AA41) -> 406771.86 | L97: =SUM(F41,H41,J41,L41:N41,S41,AB41) -> 0 | M97: =SUM(G41,O41:Q41,T41,AC41) -> 0 | N97: =SUM(K97:M97) -> 406771.86 | O97: ='4.Rural cost'!P15 -> 406771.86 | P97: =N97+SUM(U41:Z41) -> 406771.86
A98: =A97+1 -> 75 | B98: PRESORT CARDS | C98: =SUM(C13,D13,E13,K13,I13,R13) -> 767431.01 | D98: =SUM(F13,H13,J13,L13:N13,S13) -> 0 | E98: =SUM(G13,O13,P13,Q13,T13) -> 0 | F98: =SUM(C13:T13) -> 767431.01 | K98: =SUM(C42,D42,E42,I42,K42,R42,AA42) -> 31516.878 | L98: =SUM(F42,H42,J42,L42:N42,S42,AB42) -> 0 | M98: =SUM(G42,O42:Q42,T42,AC42) -> 0 | N98: =SUM(K98:M98) -> 31516.878 | P98: =N98+SUM(U42:Z42) -> 31516.878
A99: =A98+1 -> 76 | B99: SINGLE PIECE FLATS | C99: =SUM(C14,D14,E14,K14,I14,R14) -> 0 | D99: =SUM(F14,H14,J14,L14:N14,S14) -> 121893.59 | E99: =SUM(G14,O14,P14,Q14,T14) -> 0 | F99: =SUM(C14:T14) -> 121893.59 | K99: =SUM(C43,D43,E43,I43,K43,R43,AA43) -> 0 | L99: =SUM(F43,H43,J43,L43:N43,S43,AB43) -> 18222.698 | M99: =SUM(G43,O43:Q43,T43,AC43) -> 0 | N99: =SUM(K99:M99) -> 18222.698 | O99: ='4.Rural cost'!P19 -> 18222.698 | P99: =N99+SUM(U43:Z43) -> 18222.698
A100: =A99+1 -> 77 | B100: PRESORT FLATS | C100: =SUM(C15,D15,E15,K15,I15,R15) -> 0 | D100: =SUM(F15,H15,J15,L15:N15,S15) -> 152742.35 | E100: =SUM(G15,O15,P15,Q15,T15) -> 0 | F100: =SUM(C15:T15) -> 152742.35 | K100: =SUM(C44,D44,E44,I44,K44,R44,AA44) -> 0 | L100: =SUM(F44,H44,J44,L44:N44,S44,AB44) -> 22621.902 | M100: =SUM(G44,O44:Q44,T44,AC44) -> 0 | N100: =SUM(K100:M100) -> 22621.902 | O100: ='4.Rural cost'!P21 -> 22621.902 | P100: =N100+SUM(U44:Z44) -> 22621.902
A101: =A100+1 -> 78 | B101: USPS Marketing Mail (A)
A102: =A101+1 -> 79 | B102: HIGH DENSITYLETTERS | C102: =SUM(C17,D17,E17,K17,I17,R17) -> 1246705.9 | D102: =SUM(F17,H17,J17,L17:N17,S17) -> 0 | E102: =SUM(G17,O17,P17,Q17,T17) -> 0 | F102: =SUM(C17:T17) -> 1246705.9 | K102: =SUM(C46,D46,E46,I46,K46,R46,AA46) -> 73259.33 | L102: =SUM(F46,H46,J46,L46:N46,S46,AB46) -> 0 | M102: =SUM(G46,O46:Q46,T46,AC46) -> 0 | N102: =SUM(K102:M102) -> 73259.33 | P102: =N102+SUM(U46:Z46) -> 73259.33
A103: =A102+1 -> 80 | B103: SATURATION LETTERS | C103: =SUM(C18,D18,E18,K18,I18,R18) -> 1134109.6 | D103: =SUM(F18,H18,J18,L18:N18,S18) -> 0 | E103: =SUM(G18,O18,P18,Q18,T18) -> 0 | F103: =SUM(C18:T18) -> 1134109.6 | K103: =SUM(C47,D47,E47,I47,K47,R47,AA47) -> 56686.308 | L103: =SUM(F47,H47,J47,L47:N47,S47,AB47) -> 0 | M103: =SUM(G47,O47:Q47,T47,AC47) -> 0 | N103: =SUM(K103:M103) -> 56686.308 | O103: ='4.Rural cost'!P24 -> 142793.23 | P103: =N103+SUM(U47:Z47) -> 56686.308
A104: =A103+1 -> 81 | B104: HIGH DENSITY FLATS | C104: =SUM(C19,D19,E19,K19,I19,R19) -> 0 | D104: =SUM(F19,H19,J19,L19:N19,S19) -> 518706.35 | E104: =SUM(G19,O19,P19,Q19,T19) -> 0 | F104: =SUM(C19:T19) -> 518706.35 | K104: =SUM(C48,D48,E48,I48,K48,R48,AA48) -> 0 | L104: =SUM(F48,H48,J48,L48:N48,S48,AB48) -> 71941.295 | M104: =SUM(G48,O48:Q48,T48,AC48) -> 0 | N104: =SUM(K104:M104) -> 71941.295 | P104: =N104+SUM(U48:Z48) -> 71941.295
...

Sheet 6.DeliveryVols
A1: =[1]Inputs!$C$4 -> Unit Delivery Cost Model - 12/16/2025
A2: DELIVERY VOLUMES
C4: Crosswalked Rural Volumes | G4: CS7 Distribution Key Inputs
A5: Line No. | B5: Class | C5: Letters | D5: Flats | E5: Parcels | F5: Total Rural | G5: CCS Letters | H5: CCS Flats | I5: CCS Small Parcels | J5: CCS Large (Deviation) Parcels | K5: Total CCS Letters and Flats | L5: Total CCS Letters, Flats, and Small Parcels | M5: Total CCS - All Shapes
B6: Col. No. | C6: -1 | D6: =C6-1 -> -2 | E6: =D6-1 -> -3 | F6: =E6-1 -> -4 | G6: =F6-1 -> -5 | H6: =G6-1 -> -6 | I6: =H6-1 -> -7 | J6: =I6-1 -> -8 | K6: =J6-1 -> -9 | ... M6: =L6-1 -> -11
B7: Units
B8: Source / Calculations | C8: =NOTES!A9 -> 5.RuralCrosswalk | D8: =NOTES!A9 -> 5.RuralCrosswalk | E8: =NOTES!A9 -> 5.RuralCrosswalk | F8: ="C"&-C6&"..C"&-E6 -> C1..C3 | G8: ="[UDCInputs.xls] 7.0.8; L"&A17&" + L"&A18&" from " &[1]NOTES!$A$19&"; L"&A31&" from [UDCInputs.xls] " &[1]NOTES!$A$33 -> [UDCInputs.xls] 7.0.8; L9 + L10 from RCSDALs; L23 from [UDCInputs.xls] | H8: ="[UDCInputs.xls] 7.0.8; L"&A17&", L"&A18&", L"&A20&", L"&A21&" from " &[1]NOTES!$A$19&"; L"&A31&" from [UDCInputs.xls] " &[1]NOTES!$A$33 -> [UDCInputs.xls] 7.0.8; L9, L10, L12, L13 from RCSDALs; L23 from [UDCInputs.xls] | I8: ="[UDCInputs.xls] 7.0.8; L"&A22&" + L"&A24&" from " &[1]NOTES!$A$19&"; L"&A31&" from [UDCInputs.xls] " &[1]NOTES!$A$33 -> [UDCInputs.xls] 7.0.8; L14 + L16 from RCSDALs; L23 from [UDCInputs.xls] | J8: ="[UDCInputs.xls] 7.0.8 " -> [UDCInputs.xls] 7.0.8 | K8: ="C"&-G6&"..C"&-H6 -> C5..C6 | L8: ="C"&-G6&"..C"&-I6 -> C5..C7 | M8: ="C"&-G6&"..C"&-J6 -> C5..C8
A9: 1 | B9: First-Class
A10: =A9+1 -> 2 | B10: SINGLE-PIECE LETTERS | C10: ='5.RuralCrosswalk'!C95 -> 2778984.5 | D10: ='5.RuralCrosswalk'!D95 -> 0 | E10: ='5.RuralCrosswalk'!E95 -> 0 | F10: =SUM(C10:E10) -> 2778984.5 | G10: ='[1]7.0.8'!$F11+'[1]7.0.8'!$H11 -> 4529198.3 | H10: ='[1]7.0.8'!$G11 -> 0 | I10: ='[1]7.0.8'!I11 -> 229.54725 | J10: ='[1]7.0.8'!L11 -> 0 | K10: =SUM(G10:H10) -> 4529198.3 | L10: =SUM(G10:I10) -> 4529427.8 | M10: =SUM(G10:J10) -> 4529427.8
A11: =A10+1 -> 3 | B11: SINGLE-PIECE CARDS | C11: ='5.RuralCrosswalk'!C96 -> 112881.52 | D11: ='5.RuralCrosswalk'!D96 -> 0 | E11: ='5.RuralCrosswalk'!E96 -> 0 | F11: =SUM(C11:E11) -> 112881.52 | G11: ='[1]7.0.8'!$F12+'[1]7.0.8'!$H12 -> 171617.06 | H11: ='[1]7.0.8'!$G12 -> 0 | I11: ='[1]7.0.8'!I12 -> 5.4856643 | J11: ='[1]7.0.8'!L12 -> 0 | K11: =SUM(G11:H11) -> 171617.06 | L11: =SUM(G11:I11) -> 171622.54 | M11: =SUM(G11:J11) -> 171622.54
A12: =A11+1 -> 4 | B12: PRESORT LETTERS | C12: ='5.RuralCrosswalk'!C97 -> 9972465.3 | D12: ='5.RuralCrosswalk'!D97 -> 0 | E12: ='5.RuralCrosswalk'!E97 -> 0 | F12: =SUM(C12:E12) -> 9972465.3 | G12: ='[1]7.0.8'!$F13+'[1]7.0.8'!$H13 -> 16757136 | H12: ='[1]7.0.8'!$G13 -> 0 | I12: ='[1]7.0.8'!I13 -> 0 | J12: ='[1]7.0.8'!L13 -> 0 | K12: =SUM(G12:H12) -> 16757136 | L12: =SUM(G12:I12) -> 16757136 | M12: =SUM(G12:J12) -> 16757136
A13: =A12+1 -> 5 | B13: PRESORT CARDS | C13: ='5.RuralCrosswalk'!C98 -> 767431.01 | D13: ='5.RuralCrosswalk'!D98 -> 0 | E13: ='5.RuralCrosswalk'!E98 -> 0 | F13: =SUM(C13:E13) -> 767431.01 | G13: ='[1]7.0.8'!$F14+'[1]7.0.8'!$H14 -> 1348586.8 | H13: ='[1]7.0.8'!$G14 -> 0 | I13: ='[1]7.0.8'!I14 -> 16.595866 | J13: ='[1]7.0.8'!L14 -> 0 | K13: =SUM(G13:H13) -> 1348586.8 | L13: =SUM(G13:I13) -> 1348603.4 | M13: =SUM(G13:J13) -> 1348603.4
A14: =A13+1 -> 6 | B14: SINGLE PIECE FLATS | C14: ='5.RuralCrosswalk'!C99 -> 0 | D14: ='5.RuralCrosswalk'!D99 -> 121893.59 | E14: ='5.RuralCrosswalk'!E99 -> 0 | F14: =SUM(C14:E14) -> 121893.59 | G14: ='[1]7.0.8'!$F15+'[1]7.0.8'!$H15 -> 0 | H14: ='[1]7.0.8'!$G15 -> 236517.94 | I14: ='[1]7.0.8'!I15 -> 33.033469 | J14: ='[1]7.0.8'!L15 -> 0 | K14: =SUM(G14:H14) -> 236517.94 | L14: =SUM(G14:I14) -> 236550.97 | M14: =SUM(G14:J14) -> 236550.97
A15: =A14+1 -> 7 | B15: PRESORT FLATS | C15: ='5.RuralCrosswalk'!C100 -> 0 | D15: ='5.RuralCrosswalk'!D100 -> 152742.35 | E15: ='5.RuralCrosswalk'!E100 -> 0 | F15: =SUM(C15:E15) -> 152742.35 | G15: ='[1]7.0.8'!$F16+'[1]7.0.8'!$H16 -> 0 | H15: ='[1]7.0.8'!$G16 -> 286041.99 | I15: ='[1]7.0.8'!I16 -> 0 | J15: ='[1]7.0.8'!L16 -> 0 | K15: =SUM(G15:H15) -> 286041.99 | L15: =SUM(G15:I15) -> 286041.99 | M15: =SUM(G15:J15) -> 286041.99
A16: =A15+1 -> 8 | B16: USPS Marketing Mail (A)
A17: =A16+1 -> 9 | B17: HIGH DENSITYLETTERS | C17: ='5.RuralCrosswalk'!C102 -> 1246705.9 | D17: ='5.RuralCrosswalk'!D102 -> 0 | E17: ='5.RuralCrosswalk'!E102 -> 0 | F17: =SUM(C17:E17) -> 1246705.9 | G17: =[1]CCSECRVols!$C10+[1]CCSECRVols!$C11 -> 2056812.6 | K17: =SUM(G17:H17) -> 2056812.6 | L17: =SUM(G17:I17) -> 2056812.6 | M17: =SUM(G17:J17) -> 2056812.6
A18: =A17+1 -> 10 | B18: SATURATION LETTERS | C18: ='5.RuralCrosswalk'!C103 -> 1134109.6 | D18: ='5.RuralCrosswalk'!D103 -> 0 | E18: ='5.RuralCrosswalk'!E103 -> 0 | F18: =SUM(C18:E18) -> 1134109.6 | G18: =[1]CCSECRVols!$C16+[1]CCSECRVols!$C$17 -> 1732249.5 | K18: =SUM(G18:H18) -> 1732249.5 | L18: =SUM(G18:I18) -> 1732249.5 | M18: =SUM(G18:J18) -> 1732249.5
A19: =A18+1 -> 11 | B19: TOTAL HD & SAT LETTERS | C19: =C17+C18 -> 2380815.6 | D19: =D17+D18 -> 0 | E19: =E17+E18 -> 0 | F19: =SUM(C19:E19) -> 2380815.6 | G19: =G17+G18 -> 3789062.1 | H19: =H17+H18 -> 0 | I19: =I17+I18 -> 0 | J19: =J17+J18 -> 0 | K19: =SUM(G19:H19) -> 3789062.1 | L19: =SUM(G19:I19) -> 3789062.1 | M19: =SUM(G19:J19) -> 3789062.1
A20: =A19+1 -> 12 | B20: HIGH DENSITY FLATS | C20: ='5.RuralCrosswalk'!C104 -> 0 | D20: ='5.RuralCrosswalk'!D104 -> 518706.35 | E20: ='5.RuralCrosswalk'!E104 -> 0 | F20: =SUM(C20:E20) -> 518706.35 | H20: =[1]CCSECRVols!$C$12 -> 910014.63 | K20: =SUM(G20:H20) -> 910014.63 | L20: =SUM(G20:I20) -> 910014.63 | M20: =SUM(G20:J20) -> 910014.63
A21: =A20+1 -> 13 | B21: SATURATION FLATS | C21: ='5.RuralCrosswalk'!C105 -> 0 | D21: ='5.RuralCrosswalk'!D105 -> 2381975.8 | E21: ='5.RuralCrosswalk'!E105 -> 0 | F21: =SUM(C21:E21) -> 2381975.8 | H21: =[1]CCSECRVols!$C$18 -> 4222044.1 | K21: =SUM(G21:H21) -> 4222044.1 | L21: =SUM(G21:I21) -> 4222044.1 | M21: =SUM(G21:J21) -> 4222044.1
A22: =A21+1 -> 14 | B22: HIGH DENSITY PARCELS | E22: =E23 -> 0 | F22: =SUM(C22:E22) -> 0 | I22: =[1]CCSECRVols!$C$13 -> 0 | J22: =[1]CCSECRVols!$C$14 -> 0 | K22: =SUM(G22:H22) -> 0 | L22: =SUM(G22:I22) -> 0 | M22: =SUM(G22:J22) -> 0
A23: =A22+1 -> 15 | B23: Adjusted for Volume Crosswalk | C23: ='5.RuralCrosswalk'!C106 -> 0 | D23: ='5.RuralCrosswalk'!D106 -> 0 | E23: ='5.RuralCrosswalk'!E106 -> 0 | F23: =SUM(C23:E23) -> 0 | K23: =SUM(G23:H23) -> 0 | L23: =SUM(G23:I23) -> 0 | M23: =SUM(G23:J23) -> 0
A24: =A23+1 -> 16 | B24: SATURATION PARCELS | C24: ='5.RuralCrosswalk'!C107 -> 0 | D24: ='5.RuralCrosswalk'!D107 -> 0 | E24: ='5.RuralCrosswalk'!E107 -> 0 | F24: =SUM(C24:E24) -> 0 | I24: =[1]CCSECRVols!$C$19 -> 0 | J24: =[1]CCSECRVols!$C$20 -> 0 | K24: =SUM(G24:H24) -> 0 | L24: =SUM(G24:I24) -> 0 | M24: =SUM(G24:J24) -> 0
A25: =A24+1 -> 17 | B25: TOTAL HD & SAT FLATS & PARCELS | C25: =SUM(C20:C21,C23:C24) -> 0 | D25: =SUM(D20:D21,D23:D24) -> 2900682.1 | E25: =SUM(E20:E21,E23:E24) -> 0 | F25: =SUM(F20:F21,F23:F24) -> 2900682.1 | G25: =SUM(G20:G21,G23:G24) -> 0 | H25: =SUM(H20:H21,H23:H24) -> 5132058.8 | I25: =SUM(I20:I21,I23:I24) -> 0 | J25: =SUM(J20:J21,J23:J24) -> 0 | ... M25: =SUM(M20:M21,M23:M24) -> 5132058.8
A26: =A25+1 -> 18 | B26: EVERY DOOR DIRECT MAIL RETAIL
A27: =A26+1 -> 19 | B27: LETTERS | C27: ='5.RuralCrosswalk'!C109 -> 14105576 | D27: ='5.RuralCrosswalk'!D109 -> 0 | E27: ='5.RuralCrosswalk'!E109 -> 0 | F27: =SUM(C27:E27) -> 14105576 | G27: ='[1]7.0.8'!$F22+'[1]7.0.8'!$H22 -> 21744935 | H27: ='[1]7.0.8'!$G22 -> 0 | I27: ='[1]7.0.8'!I22 -> 257.65505 | J27: ='[1]7.0.8'!$L22 -> 0 | K27: =SUM(G27:H27) -> 21744935 | L27: =SUM(G27:I27) -> 21745192 | M27: =SUM(G27:J27) -> 21745192
A28: =A27+1 -> 20 | B28: FLATS | C28: ='5.RuralCrosswalk'!C110 -> 0 | D28: ='5.RuralCrosswalk'!D110 -> 683577.42 | E28: ='5.RuralCrosswalk'!E110 -> 0 | F28: =SUM(C28:E28) -> 683577.42 | G28: ='[1]7.0.8'!$F23+'[1]7.0.8'!$H23 -> 0 | H28: ='[1]7.0.8'!$G23 -> 1075918.7 | I28: ='[1]7.0.8'!I23 -> 55.43277 | J28: ='[1]7.0.8'!$L23 -> 0 | K28: =SUM(G28:H28) -> 1075918.7 | L28: =SUM(G28:I28) -> 1075974.2 | M28: =SUM(G28:J28) -> 1075974.2
A29: =A28+1 -> 21 | B29: PARCELS | C29: ='5.RuralCrosswalk'!C111 -> 0 | D29: ='5.RuralCrosswalk'!D111 -> 0 | E29: ='5.RuralCrosswalk'!E111 -> 4738.8169 | F29: =SUM(C29:E29) -> 4738.8169 | G29: ='[1]7.0.8'!$F24+'[1]7.0.8'!$H24 -> 0 | H29: ='[1]7.0.8'!$G24 -> 0 | I29: ='[1]7.0.8'!I24 -> 3983.7749 | J29: ='[1]7.0.8'!$L24 -> 847.68225 | K29: =SUM(G29:H29) -> 0 | L29: =SUM(G29:I29) -> 3983.7749 | M29: =SUM(G29:J29) -> 4831.4572
A30: =A29+1 -> 22 | B30: PERIODICALS | C30: ='4.Rural cost'!C68 -> 1911.7623 | D30: ='4.Rural cost'!D68 -> 1063009.4 | E30: ='4.Rural cost'!H68 -> 14229.691 | F30: =SUM(C30:E30) -> 1079150.9 | G30: ='[1]7.0.8'!$F25+'[1]7.0.8'!$H25 -> 5691.3856 | H30: ='[1]7.0.8'!$G25 -> 1234178.3 | I30: ='[1]7.0.8'!I25 -> 1123.6544 | J30: ='[1]7.0.8'!$L25 -> 82.017669 | K30: =SUM(G30:H30) -> 1239869.7 | L30: =SUM(G30:I30) -> 1240993.3 | M30: =SUM(G30:J30) -> 1241075.4
A31: =A30+1 -> 23 | B31: Adjusted for Volume Crosswalk | C31: ='5.RuralCrosswalk'!C112 -> 7106.4787 | D31: ='5.RuralCrosswalk'!D112 -> 1087204.2 | E31: ='5.RuralCrosswalk'!E112 -> 505.07111 | F31: =SUM(C31:E31) -> 1094815.7 | G31: =[1]PeriodicalsVolAdj!$E$9 -> 6537.3288 | H31: =[1]PeriodicalsVolAdj!$E$10 -> 1230535.8 | I31: =I30-[1]PeriodicalsVolAdj!$F$11 -> 697.45055 | J31: =J30 -> 82.017669 | K31: =SUM(G31:H31) -> 1237073.1 | L31: =SUM(G31:I31) -> 1237770.5 | M31: =SUM(G31:J31) -> 1237852.6
A32: =A31+1 -> 24 | B32: PACKAGE SERVICES
A33: =A32+1 -> 25 | B33: BOUND PRINTED MATTER FLATS | D33: ='5.RuralCrosswalk'!D114+'5.RuralCrosswalk'!C114 -> 36106.107 | E33: ='5.RuralCrosswalk'!E114 -> 0 | F33: =SUM(C33:E33) -> 36106.107 | G33: ='[1]7.0.8'!$H27+'[1]7.0.8'!$F27 -> 16.580178 | H33: ='[1]7.0.8'!$G27 -> 62391.501 | I33: ='[1]7.0.8'!I27 -> 516.01717 | J33: ='[1]7.0.8'!$L27 -> 0 | K33: =SUM(G33:H33) -> 62408.081 | L33: =SUM(G33:I33) -> 62924.098 | M33: =SUM(G33:J33) -> 62924.098
A34: =A33+1 -> 26 | B34: BOUND PRINTED MATTER PARCELS | D34: ='5.RuralCrosswalk'!D115 -> 0 | E34: ='5.RuralCrosswalk'!E115 -> 81470.786 | F34: =SUM(C34:E34) -> 81470.786 | G34: ='[1]7.0.8'!$H28+'[1]7.0.8'!$F28 -> 0 | H34: ='[1]7.0.8'!$G28 -> 0 | I34: ='[1]7.0.8'!I28 -> 83223.558 | J34: ='[1]7.0.8'!$L28 -> 39823.766 | K34: =SUM(G34:H34) -> 0 | L34: =SUM(G34:I34) -> 83223.558 | M34: =SUM(G34:J34) -> 123047.32
A35: =A34+1 -> 27 | B35: MEDIA AND LIBRARY MAIL | D35: ='5.RuralCrosswalk'!D116+'5.RuralCrosswalk'!C116 -> 0 | E35: ='5.RuralCrosswalk'!E116 -> 22984.944 | F35: =SUM(C35:E35) -> 22984.944 | G35: ='[1]7.0.8'!$H29+'[1]7.0.8'!$F29 -> 62.414398 | H35: ='[1]7.0.8'!$G29 -> 672.34645 | I35: ='[1]7.0.8'!I29 -> 16901.441 | J35: ='[1]7.0.8'!$L29 -> 19277.314 | K35: =SUM(G35:H35) -> 734.76084 | L35: =SUM(G35:I35) -> 17636.202 | M35: =SUM(G35:J35) -> 36913.516

Sheet 7.RuralDisagg
A1: =[1]Inputs!$C$4 -> Unit Delivery Cost Model - 12/16/2025
A2: DISAGGREGATED RURAL COSTS
A3: =[1]Inputs!$C$6 -> FY 2025
A5: Line No. | C5: DPS Permit Volume | D5: % DPS/SS Permit Volume | E5: Other Letter Permit Volume | F5: % Other Letter Permit Volume | H5: DPS | I5: Oth. Ltrs. | J5: Boxholders | K5: Post. Due | L5: Parcels | M5: Flat | N5: Misc | O5: Total
B6: Col. No. | C6: -1 | D6: =C6-1 -> -2 | E6: =D6-1 -> -3 | F6: =E6-1 -> -4 | H6: =F6-1 -> -5 | I6: =H6-1 -> -6 | J6: =I6-1 -> -7 | K6: =J6-1 -> -8 | L6: =K6-1 -> -9 | M6: =L6-1 -> -10 | N6: =M6-1 -> -11 | O6: =N6-1 -> -12
B7: Units
B8: Source / Calculations | C8: =NOTES!A7& " (C"&-'3.SummaryBY'!$C6&" x C"&-'3.SummaryBY'!$L6&")" -> 3.SummaryBY (C1 x C10) | E8: ="("&NOTES!A7& " C"&-'3.SummaryBY'!$C6&") - C"&-C6 -> (3.SummaryBY C1) - C1 | H8: ="C"&-$D$6 & " x " &NOTES!A9&" C"&-'5.RuralCrosswalk'!$E$34&"L"&'7.RuralDisagg'!A40 -> C2 x 5.RuralCrosswalk C31L28 | I8: ="C"&-$F6 & " x " &NOTES!A9&" C"&-'5.RuralCrosswalk'!$C34&"L"&'7.RuralDisagg'!A40 -> C4 x 5.RuralCrosswalk C29L28 | J8: ="C"&-$F6 & " x " &NOTES!A9&" C"&-'5.RuralCrosswalk'!$I34&"L"&'7.RuralDisagg'!A40 -> C4 x 5.RuralCrosswalk C35L28 | K8: ="C"&-$F6 & " x " &NOTES!$A9&" C"&-'5.RuralCrosswalk'!$R34&"L"&A40 -> C4 x 5.RuralCrosswalk C44L28 | L8: ="C"&-$F6 & " x " &NOTES!$A9&" C"&-'5.RuralCrosswalk'!$D34&"L"&A40 -> C4 x 5.RuralCrosswalk C30L28 | M8: C4 x 5.RuralCrosswalk C37L28 | N8: C4 x 5.RuralCrosswalk C53L28 | O8: ="C"&-H$6&"..C"&-N$6 -> C5..C11
A9: 1 | B9: First Class Presort
A10: =A9+1 -> 2 | B10: Nonautomation -- Nonmach Mixed ADC | C10: ='3.SummaryBY'!C18*'3.SummaryBY'!L18 -> 0 | D10: =C10/C$24 -> 0 | E10: ='3.SummaryBY'!L18-C10 -> 2226.152 | F10: =E10/E$24 -> 0.0010541291 | H10: =D10*H$24 -> 0 | I10: =F10*I$24 -> 100.14726 | J10: =F10*J$24 -> 0 | K10: =F10*K$24 -> 0 | L10: =F10*L$24 -> 0 | M10: =F10*M$24 -> 1.2498198 | N10: =F10*N$24 -> 10.428231 | O10: =SUM(H10:N10) -> 111.82531
A11: =A10+1 -> 3 | B11: Nonautomation -- Nonmach ADC | C11: ='3.SummaryBY'!C19*'3.SummaryBY'!L19 -> 0 | D11: =C11/C$24 -> 0 | E11: ='3.SummaryBY'!L19-C11 -> 0 | F11: =E11/E$24 -> 0 | H11: ='7.RuralDisagg'!D11*H$24 -> 0 | I11: =F11*I$24 -> 0 | J11: =F11*J$24 -> 0 | K11: =F11*K$24 -> 0 | L11: =F11*L$24 -> 0 | M11: =F11*M$24 -> 0 | N11: =F11*N$24 -> 0 | O11: =SUM(H11:N11) -> 0
A12: =A11+1 -> 4 | B12: Nonautomation -- Mach Mixed AADC | C12: ='3.SummaryBY'!C20*'3.SummaryBY'!L20 -> 141029.59 | D12: =C12/C$24 -> 0.0052199117 | E12: ='3.SummaryBY'!L20-C12 -> 24144.193 | F12: =E12/E$24 -> 0.011432776 | H12: ='7.RuralDisagg'!D12*H$24 -> 1569.5686 | I12: =F12*I$24 -> 1086.1679 | J12: =F12*J$24 -> 0 | K12: =F12*K$24 -> 0 | L12: =F12*L$24 -> 0 | M12: =F12*M$24 -> 13.55518 | N12: =F12*N$24 -> 113.10155 | O12: =SUM(H12:N12) -> 2782.3932
A13: =A12+1 -> 5 | B13: Nonautomation -- Mach AADC | C13: ='3.SummaryBY'!C21*'3.SummaryBY'!L21 -> 298389.01 | D13: =C13/C$24 -> 0.011044237 | E13: ='3.SummaryBY'!L21-C13 -> 32312.455 | F13: =E13/E$24 -> 0.015300617 | H13: ='7.RuralDisagg'!D13*H$24 -> 3320.8778 | I13: =F13*I$24 -> 1453.6311 | J13: =F13*J$24 -> 0 | K13: =F13*K$24 -> 0 | L13: =F13*L$24 -> 0 | M13: =F13*M$24 -> 18.141055 | N13: =F13*N$24 -> 151.36512 | O13: =SUM(H13:N13) -> 4944.015
A14: =A13+1 -> 6 | B14: Nonautomation -- Nonmach 3-Digit | C14: ='3.SummaryBY'!C22*'3.SummaryBY'!L22 -> 0 | D14: =C14/C$24 -> 0 | E14: ='3.SummaryBY'!L22-C14 -> 1700.815 | F14: =E14/E$24 -> 0.00080537116 | H14: ='7.RuralDisagg'!D14*H$24 -> 0 | I14: =F14*I$24 -> 76.514074 | J14: =F14*J$24 -> 0 | K14: =F14*K$24 -> 0 | L14: =F14*L$24 -> 0 | M14: =F14*M$24 -> 0.95488191 | N14: =F14*N$24 -> 7.9673322 | O14: =SUM(H14:N14) -> 85.436288
A15: =A14+1 -> 7 | B15: Nonautomation -- Nonmach 5-Digit | C15: ='3.SummaryBY'!C23*'3.SummaryBY'!L23 -> 0 | D15: =C15/C$24 -> 0 | E15: ='3.SummaryBY'!L23-C15 -> 1295.105 | F15: =E15/E$24 -> 0.00061325907 | H15: ='7.RuralDisagg'!D15*H$24 -> 0 | I15: =F15*I$24 -> 58.262515 | J15: =F15*J$24 -> 0 | K15: =F15*K$24 -> 0 | L15: =F15*L$24 -> 0 | M15: =F15*M$24 -> 0.72710573 | N15: =F15*N$24 -> 6.0668161 | O15: =SUM(H15:N15) -> 65.056437
A16: =A15+1 -> 8 | B16: Nonautomation -- Mach 3-Digit | C16: ='3.SummaryBY'!C24*'3.SummaryBY'!L24 -> 0 | D16: =C16/C$24 -> 0 | E16: ='3.SummaryBY'!L24-C16 -> 0 | F16: =E16/E$24 -> 0 | H16: ='7.RuralDisagg'!D16*H$24 -> 0 | I16: =F16*I$24 -> 0 | J16: =F16*J$24 -> 0 | K16: =F16*K$24 -> 0 | L16: =F16*L$24 -> 0 | M16: =F16*M$24 -> 0 | N16: =F16*N$24 -> 0 | O16: =SUM(H16:N16) -> 0
A17: =A16+1 -> 9 | B17: Nonautomation -- Mach 5-Digit | C17: ='3.SummaryBY'!C25*'3.SummaryBY'!L25 -> 0 | D17: =C17/C$24 -> 0 | E17: ='3.SummaryBY'!L25-C17 -> 0 | F17: =E17/E$24 -> 0 | H17: ='7.RuralDisagg'!D17*H$24 -> 0 | I17: =F17*I$24 -> 0 | J17: =F17*J$24 -> 0 | K17: =F17*K$24 -> 0 | L17: =F17*L$24 -> 0 | M17: =F17*M$24 -> 0 | N17: =F17*N$24 -> 0 | O17: =SUM(H17:N17) -> 0
A18: =A17+1 -> 10 | B18: Automation Mixed AADC | C18: ='3.SummaryBY'!C26*'3.SummaryBY'!L26 -> 1099591.7 | D18: =C18/C$24 -> 0.040699058 | E18: ='3.SummaryBY'!L26-C18 -> 172229.89 | F18: =E18/E$24 -> 0.081554422 | H18: ='7.RuralDisagg'!D18*H$24 -> 12237.748 | I18: =F18*I$24 -> 7748.0563 | J18: =F18*J$24 -> 0 | K18: =F18*K$24 -> 0 | L18: =F18*L$24 -> 0 | M18: =F18*M$24 -> 96.694351 | N18: =F18*N$24 -> 806.79717 | O18: =SUM(H18:N18) -> 20889.296
A19: =A18+1 -> 11 | B19: Automation AADC | C19: ='3.SummaryBY'!C27*'3.SummaryBY'!L27 -> 5387701.4 | D19: =C19/C$24 -> 0.19941436 | E19: ='3.SummaryBY'!L27-C19 -> 630532.77 | F19: =E19/E$24 -> 0.29857034 | H19: ='7.RuralDisagg'!D19*H$24 -> 59961.652 | I19: =F19*I$24 -> 28365.596 | J19: =F19*J$24 -> 0 | K19: =F19*K$24 -> 0 | L19: =F19*L$24 -> 0 | M19: =F19*M$24 -> 353.99755 | N19: =F19*N$24 -> 2953.6805 | O19: =SUM(H19:N19) -> 91634.926
A20: =A19+1 -> 12 | B20: Auto 3-Digit Letters | C20: ='3.SummaryBY'!C28*'3.SummaryBY'!L28 -> 0 | D20: =C20/C$24 -> 0 | E20: ='3.SummaryBY'!L28-C20 -> 0 | F20: =E20/E$24 -> 0 | H20: ='7.RuralDisagg'!D20*H$24 -> 0 | I20: =F20*I$24 -> 0 | J20: =F20*J$24 -> 0 | K20: =F20*K$24 -> 0 | L20: =F20*L$24 -> 0 | M20: =F20*M$24 -> 0 | N20: =F20*N$24 -> 0 | O20: =SUM(H20:N20) -> 0
A21: =A20+1 -> 13 | B21: Auto 5-Digit Letters CSBCS/Manual Sites | C21: ='3.SummaryBY'!C29*'3.SummaryBY'!L29 -> 0 | D21: =C21/C$24 -> 0 | E21: ='3.SummaryBY'!L29-C21 -> 750385.77 | F21: =E21/E$24 -> 0.35532322 | H21: ='7.RuralDisagg'!D21*H$24 -> 0 | I21: =F21*I$24 -> 33757.388 | J21: =F21*J$24 -> 0 | K21: =F21*K$24 -> 0 | L21: =F21*L$24 -> 0 | M21: =F21*M$24 -> 421.28614 | N21: =F21*N$24 -> 3515.1223 | O21: =SUM(H21:N21) -> 37693.797
A22: =A21+1 -> 14 | B22: Auto 5-Digit Letters Other Sites | C22: ='3.SummaryBY'!C30*'3.SummaryBY'!L30 -> 20090908 | D22: =C22/C$24 -> 0.74362243 | E22: ='3.SummaryBY'!L30-C22 -> 497012.81 | F22: =E22/E$24 -> 0.23534587 | H22: ='7.RuralDisagg'!D22*H$24 -> 223598.89 | I22: =F22*I$24 -> 22358.972 | J22: =F22*J$24 -> 0 | K22: =F22*K$24 -> 0 | L22: =F22*L$24 -> 0 | M22: =F22*M$24 -> 279.03595 | N22: =F22*N$24 -> 2328.2168 | O22: =SUM(H22:N22) -> 248565.11
A23: =A22+1 -> 15 | B23: Auto 5-Digit Letters | C23: ='3.SummaryBY'!C31*'3.SummaryBY'!L31 -> 20090908 | D23: =C23/C$24 -> 0.74362243 | E23: ='3.SummaryBY'!L31-C23 -> 1247398.6 | F23: =E23/E$24 -> 0.59066909 | H23: ='7.RuralDisagg'!D23*H$24 -> 223598.89 | I23: =F23*I$24 -> 56116.36 | J23: =F23*J$24 -> 0 | K23: =F23*K$24 -> 0 | L23: =F23*L$24 -> 0 | M23: =F23*M$24 -> 700.3221 | N23: =F23*N$24 -> 5843.3391 | O23: =SUM(H23:N23) -> 286258.91
A24: =A23+1 -> 16 | B24: Presort Letters Subtotal* | C24: =C23+C20+C19+C18+C17+C16+C15+C14+C13+C12+C11+C10 -> 27017620 | D24: =C24/C$24 -> 1 | E24: ='3.SummaryBY'!L32-C24 -> 2111840 | F24: =F23+F20+F19+F18+F17+F16+F15+F14+F13+F12+F11+F10 -> 1 | H24: ='5.RuralCrosswalk'!E41 -> 300688.73 | I24: ='5.RuralCrosswalk'!C41 -> 95004.735 | J24: ='5.RuralCrosswalk'!I$41 -> 0 | K24: =F24*'5.RuralCrosswalk'!$R$41 -> 0 | L24: ='5.RuralCrosswalk'!D41 -> 0 | M24: ='5.RuralCrosswalk'!K41 -> 1185.642 | N24: ='5.RuralCrosswalk'!AA41 -> 9892.7458 | O24: =SUM(H24:N24) -> 406771.86
C25: =C24 -> 27017620 | E25: =E24 -> 2111840 | H25: DPS | I25: Oth. Ltrs. | J25: Flats | K25: Boxholders | L25: Parcels | M25: Postage Due | N25: Misc | O25: Total
B26: Source / Calculations | H26: ="C"&-H$6&"L"&$A36&" x C"&-D$6&"; L"&A36& " from 5.RuralCrosswalk" -> C5L26 x C2; L26 from 5.RuralCrosswalk | I26: ="C"&-I6&"L"&$A36&" x C"&-F6&"; L"&A36& " from 5.RuralCrosswalk" -> C6L26 x C4; L26 from 5.RuralCrosswalk | J26: ="C"&-J6&"L"&$A36&" x C"&-$F6&"; L"&A36& " from 5.RuralCrosswalk" -> C7L26 x C4; L26 from 5.RuralCrosswalk | K26: ="C"&-K6&"L"&$A36&" x C"&-$F6&"; L"&A36& " from 5.RuralCrosswalk" -> C8L26 x C4; L26 from 5.RuralCrosswalk | L26: ="C"&-L6&"L"&$A36&" x C"&-$F6&"; L"&A36& " from 5.RuralCrosswalk" -> C9L26 x C4; L26 from 5.RuralCrosswalk | M26: C9L26 x C4; L29 from 5.RuralCrosswalk | N26: C9L26 x C4; L29 from 5.RuralCrosswalk | O26: ="C"&-H$6&"..C"&-N$6 -> C5..C11
A27: =A24+1 -> 17 | B27: Presort Cards
A28: =A27+1 -> 18 | B28: FC Nonautomation Cards | C28: ='3.SummaryBY'!C39*'3.SummaryBY'!L39 -> 69040.78 | D28: =C28/C$36 -> 0.032188945 | E28: ='3.SummaryBY'!L39-C28 -> 11819.746 | F28: =E28/E$36 -> 0.060477809 | H28: =D28*H$36 -> 743.40733 | I28: =F28*I$36 -> 459.82436 | J28: =F28*J$36 -> 1.1356313 | K28: =K$36*F28 -> 0 | L28: =F28*L$36 -> 0.44823195 | M28: =F28*M$36 -> 0 | N28: =F28*N$36 -> 47.921654 | O28: =SUM(H28:N28) -> 1252.7372
A29: =A28+1 -> 19 | B29: Auto Mixed AADC Cards | C29: ='3.SummaryBY'!C40*'3.SummaryBY'!L40 -> 165545.17 | D29: =C29/C$36 -> 0.077182274 | E29: ='3.SummaryBY'!L40-C29 -> 25929.467 | F29: =E29/E$36 -> 0.13267268 | H29: =D29*H$36 -> 1782.5333 | I29: =F29*I$36 -> 1008.7358 | J29: =F29*J$36 -> 2.4912816 | K29: =K$36*F29 -> 0 | L29: =F29*L$36 -> 0.98330502 | M29: =F29*M$36 -> 0 | N29: =F29*N$36 -> 105.12772 | O29: =SUM(H29:N29) -> 2899.8714
A30: =A29+1 -> 20 | B30: Auto AADC Cards | C30: ='3.SummaryBY'!C41*'3.SummaryBY'!L41 -> 711370.01 | D30: =C30/C$36 -> 0.33166268 | E30: ='3.SummaryBY'!L41-C30 -> 83252.963 | F30: =E30/E$36 -> 0.42597843 | H30: =D30*H$36 -> 7659.7871 | I30: =F30*I$36 -> 3238.7955 | J30: =F30*J$36 -> 7.9988752 | K30: =K$36*F30 -> 0 | L30: =F30*L$36 -> 3.1571438 | M30: =F30*M$36 -> 0 | N30: =F30*N$36 -> 337.53853 | O30: =SUM(H30:N30) -> 11247.277
A31: =A30+1 -> 21 | B31: Auto 3-Digit Cards | C31: ='3.SummaryBY'!C42*'3.SummaryBY'!L42 -> 0 | D31: =C31/C$36 -> 0 | E31: ='3.SummaryBY'!L42-C31 -> 0 | F31: =E31/E$36 -> 0 | H31: =D31*H$36 -> 0 | I31: =F31*I$36 -> 0 | J31: =F31*J$36 -> 0 | K31: =K$36*F31 -> 0 | L31: =F31*L$36 -> 0 | M31: =F31*M$36 -> 0 | N31: =F31*N$36 -> 0 | O31: =SUM(H31:N31) -> 0
A32: =A31+1 -> 22 | B32: Auto 5-Digit Cards | C32: ='3.SummaryBY'!C43*'3.SummaryBY'!L43 -> 1198904 | D32: =C32/C$36 -> 0.5589661 | E32: ='3.SummaryBY'!L43-C32 -> 74437.212 | F32: =E32/E$36 -> 0.38087109 | H32: =D32*H$36 -> 12909.385 | I32: =F32*I$36 -> 2895.8358 | J32: =F32*J$36 -> 7.1518652 | K32: =K$36*F32 -> 0 | L32: =F32*L$36 -> 2.8228303 | M32: =F32*M$36 -> 0 | N32: =F32*N$36 -> 301.79619 | O32: =SUM(H32:N32) -> 16116.992
A33: =A32+1 -> 23 | B33: Auto 5-Digit Cards CSBCS/Manual Sites | C33: ='3.SummaryBY'!C44*'3.SummaryBY'!L44 -> 0 | D33: =C33/C$36 -> 0 | E33: ='3.SummaryBY'!L44-C33 -> 44778.49 | F33: =E33/E$36 -> 0.22911702 | H33: =D33*H$36 -> 0 | I33: =F33*I$36 -> 1742.0205 | J33: =F33*J$36 -> 4.3022799 | K33: =K$36*F33 -> 0 | L33: =F33*L$36 -> 1.6981033 | M33: =F33*M$36 -> 0 | N33: =F33*N$36 -> 181.54868 | O33: =SUM(H33:N33) -> 1929.5696
A34: =A33+1 -> 24 | B34: Auto 5-Digit Cards Other Sites | C34: ='3.SummaryBY'!C45*'3.SummaryBY'!L45 -> 1198904 | D34: =C34/C$36 -> 0.5589661 | E34: ='3.SummaryBY'!L45-C34 -> 29658.722 | F34: =E34/E$36 -> 0.15175407 | H34: =D34*H$36 -> 12909.385 | I34: =F34*I$36 -> 1153.8152 | J34: =F34*J$36 -> 2.8495853 | K34: =K$36*F34 -> 0 | L34: =F34*L$36 -> 1.1247269 | M34: =F34*M$36 -> 0 | N34: =F34*N$36 -> 120.24751 | O34: =SUM(H34:N34) -> 14187.422
A35: =A34+1 -> 25 | B35: Presort Cards BY | C35: ='3.SummaryBY'!C46*'3.SummaryBY'!L46 -> 2144860 | D35: =C35/C$36 -> 1 | E35: ='3.SummaryBY'!L46-C35 -> 195439.39 | F35: =E35/E$36 -> 1 | H35: =D35*H$36 -> 23095.113 | I35: =F35*I$36 -> 7603.1914 | J35: =F35*J$36 -> 18.777653 | K35: =K$36*F35 -> 0 | L35: =F35*L$36 -> 7.411511 | M35: =F35*M$36 -> 0 | N35: =F35*N$36 -> 792.38409 | O35: =SUM(H35:N35) -> 31516.878
A36: =A35+1 -> 26 | B36: Presort Cards Subtotal BY* | C36: ='3.SummaryBY'!C47*'3.SummaryBY'!L47 -> 2144860 | D36: =D28+D29+D30+D31+D32 -> 1 | E36: ='3.SummaryBY'!L47-C36 -> 195439.39 | F36: =F28+F29+F30+F31+F32 -> 1 | H36: ='5.RuralCrosswalk'!E42 -> 23095.113 | I36: ='5.RuralCrosswalk'!C42 -> 7603.1914 | J36: ='5.RuralCrosswalk'!K42 -> 18.777653 | K36: ='5.RuralCrosswalk'!I42 -> 0 | L36: ='5.RuralCrosswalk'!D42 -> 7.411511 | M36: ='5.RuralCrosswalk'!R42 -> 0 | N36: ='5.RuralCrosswalk'!AA42 -> 792.38409 | O36: =SUM(H36:N36) -> 31516.878
H37: DPS | I37: Oth. Ltrs. | J37: Boxholders | K37: Postage Due | L37: Flats | M37: Parcels | N37: Misc | O37: Total
B38: Source / Calculations | H38: ="C"&-$D$6 & " x " &NOTES!A9&" C"&-'5.RuralCrosswalk'!$E$34&"L"&'5.RuralCrosswalk'!A53 -> C2 x 5.RuralCrosswalk C31L40 | I38: ="C"&-$F$6 & " x " &NOTES!A9&" C"&-'5.RuralCrosswalk'!$C$34&"L"&'5.RuralCrosswalk'!A53 -> C4 x 5.RuralCrosswalk C29L40 | J38: ="C"&-$F$6 & " x " &NOTES!A9&" C"&-'5.RuralCrosswalk'!$I$34&"L"&'5.RuralCrosswalk'!A53 -> C4 x 5.RuralCrosswalk C35L40 | K38: ="C"&-$F$6 & " x " &NOTES!$A9&" C"&-'5.RuralCrosswalk'!$R$34&"L"&'5.RuralCrosswalk'!$A53 -> C4 x 5.RuralCrosswalk C44L40 | L38: C4 x 5.RuralCrosswalk C37L40 | M38: ="C"&-$F$6 & " x " &NOTES!$A9&" C"&-'5.RuralCrosswalk'!$D$34&"L"&'5.RuralCrosswalk'!$A53 -> C4 x 5.RuralCrosswalk C30L40 | N38: C4 x 5.RuralCrosswalk C53L40 | O38: ="C"&-H$6&"..C"&-N$6 -> C5..C11
A39: =A36+1 -> 27 | B39: USPS Marketing Mail Regular
A40: =A39+1 -> 28 | B40: Nonautomation -- Nonmach Mixed ADC | C40: ='3.SummaryBY'!C66*'3.SummaryBY'!L66 -> 0 | D40: =C40/C$51 -> 0 | E40: ='3.SummaryBY'!L66-C40 -> 748.98798 | F40: =E40/E$51 -> 0.00029045658 | H40: =D40*H$51 -> 0 | I40: =F40*I$51 -> 50.21212 | J40: =F40*J$51 -> 0 | K40: =$F40*K$51 -> 0.0013410466 | L40: =$F40*L$51 -> 0.72968693 | M40: =$F40*M$51 -> 0.05044774 | N40: =$F40*N$51 -> 3.785766 | O40: =SUM(H40:N40) -> 54.779362
A41: =A40+1 -> 29 | B41: Nonautomation -- Nonmach ADC | C41: ='3.SummaryBY'!C67*'3.SummaryBY'!L67 -> 0 | D41: =C41/C$51 -> 0 | E41: ='3.SummaryBY'!L67-C41 -> 564.41361 | F41: =E41/E$51 -> 0.00021887888 | H41: =D41*H$51 -> 0 | I41: =F41*I$51 -> 37.838263 | J41: =F41*J$51 -> 0 | K41: =F41*K$51 -> 0.0010105702 | L41: =$F41*L$51 -> 0.54986896 | M41: =$F41*M$51 -> 0.038015819 | N41: =$F41*N$51 -> 2.8528333 | O41: =SUM(H41:N41) -> 41.279992
A42: =A41+1 -> 30 | B42: Nonautomation -- Mach Mixed AADC | C42: ='3.SummaryBY'!C68*'3.SummaryBY'!L68 -> 137419.62 | D42: =C42/C$51 -> 0.0038892378 | E42: ='3.SummaryBY'!L68-C42 -> 23523.422 | F42: =E42/E$51 -> 0.0091223529 | H42: =D42*H$51 -> 1621.8516 | I42: =F42*I$51 -> 1577.0091 | J42: =F42*J$51 -> 0 | K42: =F42*K$51 -> 0.042118171 | L42: =$F42*L$51 -> 22.917235 | M42: =$F42*M$51 -> 1.5844092 | N42: =$F42*N$51 -> 118.89933 | O42: =SUM(H42:N42) -> 3342.3038
A43: =A42+1 -> 31 | B43: Nonautomation -- Mach AADC | C43: ='3.SummaryBY'!C69*'3.SummaryBY'!L69 -> 292176.55 | D43: =C43/C$51 -> 0.0082691547 | E43: ='3.SummaryBY'!L69-C43 -> 31640.527 | F43: =E43/E$51 -> 0.012270156 | H43: =D43*H$51 -> 3448.3214 | I43: =F43*I$51 -> 2121.1795 | J43: =F43*J$51 -> 0 | K43: =F43*K$51 -> 0.056651671 | L43: =$F43*L$51 -> 30.825167 | M43: =$F43*M$51 -> 2.1311331 | N43: =$F43*N$51 -> 159.92731 | O43: =SUM(H43:N43) -> 5762.4412
A44: =A43+1 -> 32 | B44: Nonautomation -- Nonmach 3-Digit | C44: ='3.SummaryBY'!C70*'3.SummaryBY'!L70 -> 0 | D44: =C44/C$51 -> 0 | E44: ='3.SummaryBY'!L70-C44 -> 1693.7848 | F44: =E44/E$51 -> 0.00065684757 | H44: =D44*H$51 -> 0 | I44: =F44*I$51 -> 113.55125 | J44: =F44*J$51 -> 0 | K44: =F44*K$51 -> 0.0030326845 | L44: =$F44*L$51 -> 1.6501368 | M44: =$F44*M$51 -> 0.11408409 | N44: =$F44*N$51 -> 8.5612491 | O44: =SUM(H44:N44) -> 123.87976
