Workbook
Name e: 'COVERAGE FACTORS'!#REF!

Sheet CRA ADJ UNIT COSTS-hardcoded
A1: MARKETING MAIL FLATS MAIL PROCESSING UNIT COST SUMMARY
A2: This sheet contains identical but harcoded data from the 'CRA ADJ UNIT COSTS' to prevent any errors while linking to other spreadsheets.
A3: While linking, click File -> Options -> Formulas -> and check the radio button for "Enable Iterative Calculation".
A5: CRA FLATS MAIL PROCESSING UNIT COSTS
B7: Modeled Worksharing Related (Proportional) Cost Pools | F7: 37.296696 | G7: (1)
B8: Non-Worksharing Related (Fixed) Cost Pools | F8: 14.327695 | G8: (2)
B10: Total | F10: 51.624391 | G10: (3)
A12: CRA PROPORTIONAL ADJUSTMENT FACTOR
D14: (4) | E14: (5) | F14: (6) | H14: (7) | I14: (8)
E16: FY | F16: FY
B17: Base Model Costs | D17: Model Cost | E17: Volume | F17: Volume % | H17: Total Modeled Cost | I17: FSS Volume @ 5D Cost
C18: Nonauto MADC | D18: 32.578093 | E18: 11145516 | F18: 0.0067025536 | H18: 3.6309966e+08
C19: Nonauto ADC | D19: 24.475449 | E19: 4844309.7 | F19: 0.0029132115 | H19: 1.1856665e+08
C20: Nonauto 3-Digit | D20: 20.739663 | E20: 28153334 | F20: 0.016930506 | H20: 5.8389067e+08
C21: Nonauto 5-Digit | D21: 11.602841 | E21: 31525903 | F21: 0.018958661 | H21: 3.6579005e+08
C22: Nonauto FSS Other
C23: Nonauto FSS Scheme
C24: Auto MADC | D24: 32.870687 | E24: 42904653 | F24: 0.025801473 | H24: 1.4103054e+09
C25: Auto ADC | D25: 27.648044 | E25: 34213504 | F25: 0.020574897 | H25: 9.4593647e+08
C26: Auto 3-Digit | D26: 20.683031 | E26: 4.400862e+08 | F26: 0.26465363 | H26: 9.1023166e+09
C27: Auto 5-Digit | D27: 10.045315 | E27: 1.0700027e+09 | F27: 0.64346507 | H27: 1.0748513e+10
C28: Auto FSS Other
C29: Auto FSS Scheme
A30: (9) | B30: Total Weighted Model Cost | D30: 14.215382 | E30: 1.6628761e+09 | F30: 1
B32: CRA Proportional Adjustment | F32: 2.6236858 | G32: (10)
IM33: .
A34: ADJUSTED FLATS MAIL PROCESSING UNIT COSTS (CENTS)
D36: (11) | E36: (12) | F36: (13) | G36: (14)
G37: Total
D38: Model | E38: Proportional | F38: Fixed | G38: Mail Proc
B39: Rate Category | D39: Unit Cost | E39: Unit Cost | F39: Unit Cost | G39: Unit Cost
B41: Nonauto MADC | D41: 32.578093 | E41: 85.474679 | F41: 14.327695 | G41: 99.802374
B43: Nonauto ADC | D43: 24.475449 | E43: 64.215886 | F43: 14.327695 | G43: 78.543581
B45: Nonauto 3-Digit | D45: 20.739663 | E45: 54.41436 | F45: 14.327695 | G45: 68.742055
C47: FSS Zone
C48: Non-FSS Zone | D48: 20.739663 | E48: 54.41436 | F48: 14.327695 | G48: 68.742055
B50: Nonauto 5-Digit | D50: 11.602841 | E50: 30.442209 | F50: 14.327695 | G50: 44.769904
B52: Nonauto FSS Other
B54: Nonauto FSS Scheme
B56: Auto MADC | D56: 32.870687 | E56: 86.242353 | F56: 14.327695 | G56: 100.57005
B58: Auto ADC | D58: 27.648044 | E58: 72.53978 | F58: 14.327695 | G58: 86.867475
B60: Auto 3-Digit | D60: 20.683031 | E60: 54.265775 | F60: 14.327695 | G60: 68.59347
C62: FSS Zone
C63: Non-FSS Zone | D63: 20.683031 | E63: 54.265775 | F63: 14.327695 | G63: 68.59347
B65: Auto 5-Digit | D65: 10.045315 | E65: 26.355749 | F65: 14.327695 | G65: 40.683444
B67: Auto FSS Other
B69: Auto FSS Scheme
A72: Source:
A73: (1) | B73: Sum of proportional costs in 'CRA FLATS' worksheet
A74: (2) | B74: Sum of fixed costs in 'CRA FLATS' worksheet
A75: (3) | B75: (1) + (2)
A76: (4) | B76: Model costs from respective rate category 'COST' worksheets
A77: (5) | B77: FY volumes from 'FY VOLUME NONAUTO NEW' and 'FY VOLUME AUTO NEW' worksheets
A78: (6) | B78: Rate Category (5) / sum of (5)
A79: (7) | B79: (4) * (5) for all line items
A80: (8) | B80: (4) * 5-Digit (5) for FSS line items only
A81: (9) | B81: Sumproduct [ Rate Category (4) * (6) ]
A82: (10) | B82: [ Total (5) * (1) - (7) for FSS line items + (8) for FSS line items ] / [ Sum (7) for non-FSS line items + Sum (8) for FSS line items ]
A83: (11) | B83: Model costs from respective rate category 'COST' worksheets
A84: (12) | B84: (11) * (10) for all line items except FSS Other and FSS Scheme
B85: (11) + [ 5-Digit (12) - 5-Digit (11) ] for FSS Other and FSS Scheme
A86: (13) | B86: (2)
A87: (14) | B87: (12) + (13)

Sheet CRA ADJ UNIT COSTS
A1: MARKETING MAIL FLATS MAIL PROCESSING UNIT COST SUMMARY
A5: CRA FLATS MAIL PROCESSING UNIT COSTS
B7: Modeled Worksharing Related (Proportional) Cost Pools | F7: ='CRA FLATS'!G81 -> 37.296696 | G7: ="(1)" -> (1)
B8: Non-Worksharing Related (Fixed) Cost Pools | F8: ='CRA FLATS'!H81 -> 14.327695 | G8: ="(2)" -> (2)
B10: Total | F10: =SUM(F7:F8) -> 51.624391 | G10: ="(3)" -> (3)
A12: CRA PROPORTIONAL ADJUSTMENT FACTOR
D14: ="(4)" -> (4) | E14: ="(5)" -> (5) | F14: ="(6)" -> (6) | H14: ="(7)" -> (7) | I14: ="(8)" -> (8)
E16: FY | F16: FY
B17: Base Model Costs | D17: Model Cost | E17: Volume | F17: Volume % | H17: Total Modeled Cost | I17: FSS Volume @ 5D Cost
C18: Nonauto MADC | D18: ='MADC NONAUTO COST'!$K$79 -> 32.578093 | E18: ='FY VOLUME NONAUTO'!H13 -> 11145516 | F18: =E18/$E$30 -> 0.0067025536 | H18: =D18*E18 -> 3.6309966e+08
C19: Nonauto ADC | D19: ='ADC NONAUTO COST'!$K$79 -> 24.475449 | E19: ='FY VOLUME NONAUTO'!H25 -> 4844309.7 | F19: =E19/$E$30 -> 0.0029132115 | H19: =D19*E19 -> 1.1856665e+08
C20: Nonauto 3-Digit | D20: ='3D NONAUTO COST'!$K$79 -> 20.739663 | E20: ='FY VOLUME NONAUTO'!H34 -> 28153334 | F20: =E20/$E$30 -> 0.016930506 | H20: =D20*E20 -> 5.8389067e+08
C21: Nonauto 5-Digit | D21: ='5D NONAUTO COST'!$K$79 -> 11.602841 | E21: ='FY VOLUME NONAUTO'!H43 -> 31525903 | F21: =E21/$E$30 -> 0.018958661 | H21: =D21*E21 -> 3.6579005e+08
C22: =B52 -> Nonauto FSS Other
C23: =B54 -> Nonauto FSS Scheme
C24: Auto MADC | D24: ='MADC AUTO COST'!$K$79 -> 32.870687 | E24: ='FY VOLUME AUTO'!H10 -> 42904653 | F24: =E24/$E$30 -> 0.025801473 | H24: =D24*E24 -> 1.4103054e+09
C25: Auto ADC | D25: ='ADC AUTO COST'!$K$79 -> 27.648044 | E25: ='FY VOLUME AUTO'!H18 -> 34213504 | F25: =E25/$E$30 -> 0.020574897 | H25: =D25*E25 -> 9.4593647e+08
C26: Auto 3-Digit | D26: ='3D AUTO COST'!$K$79 -> 20.683031 | E26: ='FY VOLUME AUTO'!H26 -> 4.400862e+08 | F26: =E26/$E$30 -> 0.26465363 | H26: =D26*E26 -> 9.1023166e+09
C27: Auto 5-Digit | D27: ='5D AUTO COST'!$K$79 -> 10.045315 | E27: ='FY VOLUME AUTO'!H35 -> 1.0700027e+09 | F27: =E27/$E$30 -> 0.64346507 | H27: =D27*E27 -> 1.0748513e+10
C28: Auto FSS Other
C29: Auto FSS Scheme
A30: ="(9)" -> (9) | B30: Total Weighted Model Cost | D30: =SUMPRODUCT(D18:D29,F18:F29) -> 14.215382 | E30: =SUM(E18:E29) -> 1.6628761e+09 | F30: =SUM(F18:F29) -> 1
B32: CRA Proportional Adjustment | F32: =F7/D30 -> 2.6236858 | G32: ="(10)" -> (10)
IM33: .
A34: ADJUSTED FLATS MAIL PROCESSING UNIT COSTS (CENTS)
D36: ="(11)" -> (11) | E36: ="(12)" -> (12) | F36: ="(13)" -> (13) | G36: ="(14)" -> (14)
G37: Total
D38: Model | E38: Proportional | F38: Fixed | G38: Mail Proc
B39: Rate Category | D39: Unit Cost | E39: Unit Cost | F39: Unit Cost | G39: Unit Cost
B41: =C18 -> Nonauto MADC | D41: =D18 -> 32.578093 | E41: =D41*$F$32 -> 85.474679 | F41: =$F$8 -> 14.327695 | G41: =E41+F41 -> 99.802374
B43: =C19 -> Nonauto ADC | D43: =D19 -> 24.475449 | E43: =D43*$F$32 -> 64.215886 | F43: =$F$8 -> 14.327695 | G43: =E43+F43 -> 78.543581
B45: =C20 -> Nonauto 3-Digit | D45: =D20 -> 20.739663 | E45: =D45*$F$32 -> 54.41436 | F45: =$F$8 -> 14.327695 | G45: =E45+F45 -> 68.742055
C47: FSS Zone
C48: Non-FSS Zone | D48: ='3D NONAUTO COST NONFSS'!K79 -> 20.739663 | E48: =D48*$F$32 -> 54.41436 | F48: =$F$8 -> 14.327695 | G48: =E48+F48 -> 68.742055
B50: =C21 -> Nonauto 5-Digit | D50: =D21 -> 11.602841 | E50: =D50*$F$32 -> 30.442209 | F50: =$F$8 -> 14.327695 | G50: =E50+F50 -> 44.769904
B52: Nonauto FSS Other
B54: Nonauto FSS Scheme
B56: =C24 -> Auto MADC | D56: =D24 -> 32.870687 | E56: =D56*$F$32 -> 86.242353 | F56: =$F$8 -> 14.327695 | G56: =E56+F56 -> 100.57005
B58: =C25 -> Auto ADC | D58: =D25 -> 27.648044 | E58: =D58*$F$32 -> 72.53978 | F58: =$F$8 -> 14.327695 | G58: =E58+F58 -> 86.867475
B60: =C26 -> Auto 3-Digit | D60: =D26 -> 20.683031 | E60: =D60*$F$32 -> 54.265775 | F60: =$F$8 -> 14.327695 | G60: =E60+F60 -> 68.59347
C62: FSS Zone
C63: Non-FSS Zone | D63: ='3D AUTO COST NONFSS'!K79 -> 20.683031 | E63: =D63*$F$32 -> 54.265775 | F63: =$F$8 -> 14.327695 | G63: =E63+F63 -> 68.59347
B65: =C27 -> Auto 5-Digit | D65: =D27 -> 10.045315 | E65: =D65*$F$32 -> 26.355749 | F65: =$F$8 -> 14.327695 | G65: =E65+F65 -> 40.683444
B67: Auto FSS Other
B69: Auto FSS Scheme
A72: Source:
A73: ="(1)" -> (1) | B73: Sum of proportional costs in 'CRA FLATS' worksheet
A74: ="(2)" -> (2) | B74: Sum of fixed costs in 'CRA FLATS' worksheet
A75: ="(3)" -> (3) | B75: (1) + (2)
A76: ="(4)" -> (4) | B76: Model costs from respective rate category 'COST' worksheets
A77: ="(5)" -> (5) | B77: FY volumes from 'FY VOLUME NONAUTO NEW' and 'FY VOLUME AUTO NEW' worksheets
A78: ="(6)" -> (6) | B78: Rate Category (5) / sum of (5)
A79: ="(7)" -> (7) | B79: (4) * (5) for all line items
A80: ="(8)" -> (8) | B80: (4) * 5-Digit (5) for FSS line items only
A81: ="(9)" -> (9) | B81: Sumproduct [ Rate Category (4) * (6) ]
A82: ="(10)" -> (10) | B82: [ Total (5) * (1) - (7) for FSS line items + (8) for FSS line items ] / [ Sum (7) for non-FSS line items + Sum (8) for FSS line items ]
A83: ="(11)" -> (11) | B83: Model costs from respective rate category 'COST' worksheets
A84: ="(12)" -> (12) | B84: (11) * (10) for all line items except FSS Other and FSS Scheme
B85: (11) + [ 5-Digit (12) - 5-Digit (11) ] for FSS Other and FSS Scheme
A86: ="(13)" -> (13) | B86: ="(2)" -> (2)
A87: ="(14)" -> (14) | B87: (12) + (13)

Sheet CR CRA ADJ UNIT COSTS-Hardcoded
A1: MARKETING MAIL CARRIER ROUTE FLATS MAIL PROCESSING UNIT COST SUMMARY
A2: This sheet contains identical but harcoded data from the 'CRA ADJ UNIT COSTS' to prevent any errors while linking to other spreadsheets.
A3: While linking, click File -> Options -> Formulas -> and check the radio button for "Enable Iterative Calculation".
A5: CRA FLATS MAIL PROCESSING UNIT COSTS
B7: Modeled Worksharing Related (Proportional) Cost Pools | F7: 5.4869526 | G7: (1)
B8: Non-Worksharing Related (Fixed) Cost Pools | F8: 3.5850616 | G8: (2)
B10: Total | F10: 9.0720142 | G10: (3)
A12: CRA PROPORTIONAL ADJUSTMENT FACTOR
D14: (4) | E14: (5) | F14: (6)
E16: FY | F16: FY
B17: Base Model Costs | D17: Model Cost | E17: Volume | F17: Volume %
C18: Carrier Route | D18: 3.8137251 | E18: 2.4253198e+09 | F18: 0.8869647
C19: Carrier Route - CRTS Pallet | D19: 0.95032668 | E19: 3.0908416e+08 | F19: 0.1130353
C20: Carrier Route - FSS Other
C21: Carrier Route FSS Scheme
A22: (7) | B22: Total Weighted Model Cost | D22: 3.49006 | E22: 2.734404e+09 | F22: 1
B24: CRA Proportional Adjustment | F24: 1.5721657 | G24: (8)
IO25: .
A26: ADJUSTED FLATS MAIL PROCESSING UNIT COSTS (CENTS)
D28: (9) | E28: (10) | F28: (11) | G28: (12)
G29: Total
D30: Model | E30: Proportional | F30: Fixed | G30: Mail Proc
B31: Rate Category | D31: Unit Cost | E31: Unit Cost | F31: Unit Cost | G31: Unit Cost
B33: Carrier Route | D33: 3.8137251 | E33: 5.9958078 | F33: 3.5850616 | G33: 9.5808694
B35: Carrier Route - CRTS Pallet | D35: 0.95032668 | E35: 1.494071 | F35: 3.5850616 | G35: 5.0791326
B37: Carrier Route - FSS Other
B39: Carrier Route FSS Scheme
A42: Source:
A43: (1) | B43: Sum of proportional cost pools on 'CRA CARRIER ROUTE' sheet
A44: (2) | B44: Sum of fixed cost pools on 'CRA CARRIER ROUTE' sheet
A45: (3) | B45: (1) + (2)
A46: (4) | B46: Model costs from respective rate category "COST" spreadsheets
A47: (5) | B47: FY volumes from tab 'FY VOLUME CARRIER ROUTE'
A48: (6) | B48: Rate Category (5) / sum of (5)
A49: (7) | B49: Sum [ Rate Category (4) * (6) ]
A50: (8) | B50: (1) / (7)
A51: (9) | B51: Model costs from respective rate category "COST" spreadsheets
A52: (10) | B52: (9) * (8)
A53: (11) | B53: (2)
A54: (12) | B54: (10) + (11)

Sheet CR CRA ADJ UNIT COSTS
A1: MARKETING MAIL CARRIER ROUTE FLATS MAIL PROCESSING UNIT COST SUMMARY
A5: CRA FLATS MAIL PROCESSING UNIT COSTS
B7: Modeled Worksharing Related (Proportional) Cost Pools | F7: ='CRA CR'!G81 -> 5.4869526 | G7: ="(1)" -> (1)
B8: Non-Worksharing Related (Fixed) Cost Pools | F8: ='CRA CR'!H81 -> 3.5850616 | G8: ="(2)" -> (2)
B10: Total | F10: =SUM(F7:F8) -> 9.0720142 | G10: ="(3)" -> (3)
A12: CRA PROPORTIONAL ADJUSTMENT FACTOR
D14: ="(4)" -> (4) | E14: ="(5)" -> (5) | F14: ="(6)" -> (6)
E16: FY | F16: FY
B17: Base Model Costs | D17: Model Cost | E17: Volume | F17: Volume %
C18: Carrier Route | D18: ='CR COST'!K79 -> 3.8137251 | E18: ='FY VOLUME CR'!H13 -> 2.4253198e+09 | F18: =E18/$E$22 -> 0.8869647
C19: Carrier Route - CRTS Pallet | D19: ='CR PALLET COST'!K79 -> 0.95032668 | E19: ='FY VOLUME CR'!H19 -> 3.0908416e+08 | F19: =E19/$E$22 -> 0.1130353
C20: Carrier Route - FSS Other
C21: Carrier Route FSS Scheme
A22: ="(7)" -> (7) | B22: Total Weighted Model Cost | D22: =SUMPRODUCT(D18:D21,F18:F21) -> 3.49006 | E22: =SUM(E18:E21) -> 2.734404e+09 | F22: =SUM(F18:F21) -> 1
B24: CRA Proportional Adjustment | F24: =F7/D22 -> 1.5721657 | G24: ="(8)" -> (8)
IO25: .
A26: ADJUSTED FLATS MAIL PROCESSING UNIT COSTS (CENTS)
D28: ="(9)" -> (9) | E28: ="(10)" -> (10) | F28: ="(11)" -> (11) | G28: ="(12)" -> (12)
G29: Total
D30: Model | E30: Proportional | F30: Fixed | G30: Mail Proc
B31: Rate Category | D31: Unit Cost | E31: Unit Cost | F31: Unit Cost | G31: Unit Cost
B33: =C18 -> Carrier Route | D33: =D18 -> 3.8137251 | E33: =D33*$F$24 -> 5.9958078 | F33: =$F$8 -> 3.5850616 | G33: =E33+F33 -> 9.5808694
B35: =C19 -> Carrier Route - CRTS Pallet | D35: =D19 -> 0.95032668 | E35: =D35*$F$24 -> 1.494071 | F35: =$F$8 -> 3.5850616 | G35: =E35+F35 -> 5.0791326
B37: Carrier Route - FSS Other
B39: Carrier Route FSS Scheme
A42: Source:
A43: (1) | B43: Sum of proportional cost pools on 'CRA CARRIER ROUTE' sheet
A44: (2) | B44: Sum of fixed cost pools on 'CRA CARRIER ROUTE' sheet
A45: (3) | B45: (1) + (2)
A46: (4) | B46: Model costs from respective rate category "COST" spreadsheets
A47: (5) | B47: FY volumes from tab 'FY VOLUME CARRIER ROUTE'
A48: (6) | B48: Rate Category (5) / sum of (5)
A49: (7) | B49: Sum [ Rate Category (4) * (6) ]
A50: (8) | B50: (1) / (7)
A51: (9) | B51: Model costs from respective rate category "COST" spreadsheets
A52: (10) | B52: (9) * (8)
A53: (11) | B53: (2)
A54: (12) | B54: (10) + (11)

Sheet PRESORT LEVELS HELD CONST
A1: MARKETING MAIL FLATS MAIL PROCESSING UNIT COST SUMMARY
A2: PRESORT LEVELS HELD CONSTANT
A5: ADJUSTED FLATS MAIL PROCESSING UNIT COSTS (CENTS)
D7: ="(1)" -> (1) | E7: ="(2)" -> (2) | F7: ="(3)" -> (3) | G7: ="(4)" -> (4)
G8: Total
D9: Model | E9: Proportional | F9: Fixed | G9: Mail Proc
B10: Rate Category | D10: Unit Cost | E10: Unit Cost | F10: Unit Cost | G10: Unit Cost
B12: ='CRA ADJ UNIT COSTS'!C18 -> Nonauto MADC | D12: ='CRA ADJ UNIT COSTS'!D18 -> 32.578093 | E12: =D12*'CRA ADJ UNIT COSTS'!$F$32 -> 85.474679 | F12: ='CRA ADJ UNIT COSTS'!$F$8 -> 14.327695 | G12: =E12+F12 -> 99.802374
B14: ='CRA ADJ UNIT COSTS'!C19 -> Nonauto ADC | D14: ='CRA ADJ UNIT COSTS'!D19 -> 24.475449 | E14: =D14*'CRA ADJ UNIT COSTS'!$F$32 -> 64.215886 | F14: ='CRA ADJ UNIT COSTS'!$F$8 -> 14.327695 | G14: =E14+F14 -> 78.543581
B16: ='CRA ADJ UNIT COSTS'!C20 -> Nonauto 3-Digit | D16: ='CRA ADJ UNIT COSTS'!D20 -> 20.739663 | E16: =D16*'CRA ADJ UNIT COSTS'!$F$32 -> 54.41436 | F16: ='CRA ADJ UNIT COSTS'!$F$8 -> 14.327695 | G16: =E16+F16 -> 68.742055
B18: ='CRA ADJ UNIT COSTS'!C21 -> Nonauto 5-Digit | D18: ='CRA ADJ UNIT COSTS'!D21 -> 11.602841 | E18: =D18*'CRA ADJ UNIT COSTS'!$F$32 -> 30.442209 | F18: ='CRA ADJ UNIT COSTS'!$F$8 -> 14.327695 | G18: =E18+F18 -> 44.769904
B20: Nonauto FSS Other
B22: Nonauto FSS Scheme
B24: Auto MADC Rev | D24: ='MADC AUTO COST REV'!$K$79 -> 30.846267 | E24: =D24*'CRA ADJ UNIT COSTS'!$F$32 -> 80.930911 | F24: ='CRA ADJ UNIT COSTS'!$F$8 -> 14.327695 | G24: =E24+F24 -> 95.258607
B26: Auto ADC Rev | D26: ='ADC AUTO COST REV'!$K$79 -> 22.745121 | E26: =D26*'CRA ADJ UNIT COSTS'!$F$32 -> 59.676051 | F26: ='CRA ADJ UNIT COSTS'!$F$8 -> 14.327695 | G26: =E26+F26 -> 74.003746
B28: Auto 3-Digit Rev | D28: ='3D AUTO COST REV'!$K$79 -> 18.966299 | E28: =D28*'CRA ADJ UNIT COSTS'!$F$32 -> 49.761609 | F28: ='CRA ADJ UNIT COSTS'!$F$8 -> 14.327695 | G28: =E28+F28 -> 64.089305 | I28: FSS Share of 3D
C30: FSS Zones | I30: FSS Cost
C31: Non-FSS Zones | D31: ='3D AUTO COST REV NONFSS'!K79 -> 18.966299 | E31: =D31*'CRA ADJ UNIT COSTS'!$F$32 -> 49.761609 | F31: ='CRA ADJ UNIT COSTS'!$F$8 -> 14.327695 | G31: =E31+F31 -> 64.089305 | I31: 3D Avoided FSS
I32: 3D Avoided NonFSS | J32: =G31-G33 -> 23.533746
B33: Auto 5-Digit Rev | D33: ='5D AUTO COST REV'!$K$79 -> 9.9965719 | E33: =D33*'CRA ADJ UNIT COSTS'!$F$32 -> 26.227863 | F33: ='CRA ADJ UNIT COSTS'!$F$8 -> 14.327695 | G33: =E33+F33 -> 40.555559
I34: Weighted Avoided 3D Cost | J34: =J31*J28+(1-J28)*J32 -> 23.533746
B35: Auto FSS Other Rev
B37: Auto FSS Scheme Rev
A40: ="(1)" -> (1) | B40: Model costs from respective rate category "COST" spreadsheets
A41: ="(2)" -> (2) | B41: (1) * [ (8) from 'CRA ADJ UNIT COSTS' ]
A42: ="(3)" -> (3) | B42: (2) from 'CRA ADJ UNIT COSTS'
A43: ="(4)" -> (4) | B43: (2) + (3)

Sheet CR AVOIDED COST CALC
B2: ADJUSTED FLATS MAIL PROCESSING UNIT COSTS (CENTS)
E4: Modeled
E5: Mail Proc
C6: Rate Category | E6: Unit Cost
C8: Carrier Route
D9: Non FSS | E9: ='CR CRA ADJ UNIT COSTS'!G33 -> 9.5808694
D10: FSS Other
C12: Carrier Route - CRTS Pallet
D13: Non FSS | E13: ='CR CRA ADJ UNIT COSTS'!G35 -> 5.0791326
D14: FSS Scheme | E14: ='CR CRA ADJ UNIT COSTS'!G39 -> 0
B17: Avioded Costs Calculation | E17: Avoided Cost | F17: Weight
D18: Non-FSS | E18: =E9-E13 -> 4.5017368 | F18: =('CR CRA ADJ UNIT COSTS'!E18+'CR CRA ADJ UNIT COSTS'!E19)/'CR CRA ADJ UNIT COSTS'!E22 -> 1
D19: FSS | F19: =1-F18 -> 0
D21: Weighted | E21: =E18*F18+E19*F19 -> 4.5017368

Sheet CRA FLATS
A1: CRA MARKETING MAIL FLATS PROCESSING UNIT COSTS
A2: Source: USPS-FY25-26
E5: Total
E6: MP
C7: Cost Pool | E7: Unit | G7: Workshaing-Related
B8: Source | C8: Abbreviation | E8: Costs | G8: Proportional (Cents) | H8: Fixed (Cents) | J8: Key | K8: Treatment
I10: 1 | J10: Piece Sorting | K10: Proportional
B11: MODS 11 | C11: D/BCS | D11: =IF($L$12=1,3,2) -> 3 | E11: ='[1]FLAT Unit Costs W Final Adj'!$I$6 -> 0.46456847 | G11: =IF($L$12=1,$E11*G$84,"") -> 0.33563338 | H11: =IF($L$12=1,$E11*H$84,"") -> 0.12893509 | I11: 2 | J11: Non-WS | K11: Fixed
I12: 3 | J12: Unexpected | K12: =IF(L12=1,"Piggybacked","Non WS") -> Piggybacked | L12: 1
B13: MODS 12 | C13: AFSM100 | D13: 1 | E13: ='[1]FLAT Unit Costs W Final Adj'!I7 -> 17.34727 | G13: =E13 -> 17.34727 | I13: 4 | J13: Allied/Support | K13: Piggybacked
B14: MODS 12 | C14: FSS | D14: 1 | E14: 0 | G14: =E14 -> 0
B17: MODS 13 | C17: APBS BUNDLE | D17: 1 | E17: ='[1]FLAT Unit Costs W Final Adj'!I9 -> 1.2796003 | G17: =E17 -> 1.2796003 | J17: Note: OPBULK, OPPREF and Pouching
B18: MODS 13 | C18: APBSPRIO | D18: 1 | E18: ='[1]FLAT Unit Costs W Final Adj'!I10 -> 1.4458046 | G18: =E18 -> 1.4458046 | J18: were WS related fixed in 3 column system,
B19: MODS 16 | C19: LCUS-SSM | D19: 4 | E19: ='[1]FLAT Unit Costs W Final Adj'!I11 -> 0.17689944 | G19: =$E19*G$84 -> 0.12780325 | H19: =$E19*H$84 -> 0.049096198 | J19: are grouped with prep and accept
B20: MODS 16 | C20: 1TRAYSRT | D20: 4 | E20: ='[1]FLAT Unit Costs W Final Adj'!I12 -> 1.0619542 | G20: =$E20*G$84 -> 0.76722224 | H20: =$E20*H$84 -> 0.29473191
B21: MODS 14 | C21: MANF | D21: 1 | E21: ='[1]FLAT Unit Costs W Final Adj'!I13 -> 1.8117015 | G21: =E21 -> 1.8117015
B22: MODS 14 | C22: MANL | D22: =IF($L$12=1,3,2) -> 3 | E22: ='[1]FLAT Unit Costs W Final Adj'!I14 -> 0.19266398 | G22: =IF($L$12=1,$E22*G$84,"") -> 0.13919254 | H22: =IF($L$12=1,$E22*H$84,"") -> 0.053471445
B23: MODS 14 | C23: MANP | D23: =IF($L$12=1,3,2) -> 3 | E23: ='[1]FLAT Unit Costs W Final Adj'!I15 -> 0.00067393582 | G23: =IF($L$12=1,$E23*G$84,"") -> 0.00048689348 | H23: =IF($L$12=1,$E23*H$84,"") -> 0.00018704234
B24: MODS 14 | C24: PRIORITY | D24: =IF($L$12=1,3,2) -> 3 | E24: ='[1]FLAT Unit Costs W Final Adj'!I16 -> 0.34872984 | G24: =IF($L$12=1,$E24*G$84,"") -> 0.2519443 | H24: =IF($L$12=1,$E24*H$84,"") -> 0.096785546
B25: MODS 15 | C25: LD15 | D25: =IF($L$12=1,3,2) -> 3 | E25: ='[1]FLAT Unit Costs W Final Adj'!I17 -> 0.06804888 | G25: =IF($L$12=1,$E25*G$84,"") -> 0.049162776 | H25: =IF($L$12=1,$E25*H$84,"") -> 0.018886104
B26: MODS 17 | C26: 1CANCEL | D26: 2 | E26: ='[1]FLAT Unit Costs W Final Adj'!I18 -> 0.46011989 | H26: =E26 -> 0.46011989
B27: MODS 17 | C27: 1DSPATCH | D27: 2 | E27: ='[1]FLAT Unit Costs W Final Adj'!I19 -> 0.4131396 | H27: =E27 -> 0.4131396
B29: MODS 17 | C29: 1MTRPREP | D29: 2 | E29: ='[1]FLAT Unit Costs W Final Adj'!I20 -> 0 | H29: =E29 -> 0
B30: MODS 17 | C30: 1OPBULK | D30: 2 | E30: ='[1]FLAT Unit Costs W Final Adj'!I21 -> 0.090130784 | H30: =E30 -> 0.090130784
B31: MODS 17 | C31: 1OPPREF | D31: 2 | E31: ='[1]FLAT Unit Costs W Final Adj'!I22 -> 0.55123464 | H31: =E31 -> 0.55123464
B32: MODS 17 | C32: 1OPTRANS | D32: 4 | E32: ='[1]FLAT Unit Costs W Final Adj'!I23 -> 0.059631311 | G32: =$E32*G$84 -> 0.043081396 | H32: =$E32*H$84 -> 0.016549914
B33: MODS 17 | C33: 1PLATFRM | D33: 2 | E33: ='[1]FLAT Unit Costs W Final Adj'!I24 -> 5.1884201 | H33: =E33 -> 5.1884201
B34: MODS 17 | C34: 1POUCHNG | D34: 2 | E34: ='[1]FLAT Unit Costs W Final Adj'!I25 -> 0.036359332 | H34: =E34 -> 0.036359332
B35: MODS 17 | C35: 1PRESORT | D35: 4 | E35: ='[1]FLAT Unit Costs W Final Adj'!I26 -> 0.033927873 | G35: =$E35*G$84 -> 0.024511622 | H35: =$E35*H$84 -> 0.0094162511
B36: MODS 17 | C36: 1SACKS_H | D36: 4 | E36: ='[1]FLAT Unit Costs W Final Adj'!I27 -> 0.064927969 | G36: =$E36*G$84 -> 0.046908034 | H36: =$E36*H$84 -> 0.018019935
B37: MODS 17 | C37: 1SCAN | D37: 2 | E37: ='[1]FLAT Unit Costs W Final Adj'!I28 -> 0.21035643 | H37: =E37 -> 0.21035643
B38: MODS 18 | C38: BUSREPLY | D38: 2 | E38: ='[1]FLAT Unit Costs W Final Adj'!I29 -> 0 | H38: =E38 -> 0
B39: MODS 18 | C39: EXPRESS | D39: 4 | E39: ='[1]FLAT Unit Costs W Final Adj'!I30 -> 0.053706311 | G39: =IF($L$12=1,$E39*G$84,"") -> 0.038800805 | H39: =IF($L$12=1,$E39*H$84,"") -> 0.014905506
B41: MODS 18 | C41: REGISTRY | D41: 4 | E41: ='[1]FLAT Unit Costs W Final Adj'!I31 -> 0.0078509153 | G41: =IF($L$12=1,$E41*G$84,"") -> 0.0056719933 | H41: =IF($L$12=1,$E41*H$84,"") -> 0.002178922
B42: MODS 18 | C42: REWRAP | D42: 2 | E42: ='[1]FLAT Unit Costs W Final Adj'!I32 -> 0.035919261 | H42: =E42 -> 0.035919261
B43: MODS 18 | C43: 1EEQMT | D43: 4 | E43: ='[1]FLAT Unit Costs W Final Adj'!I33 -> 0.38218406 | G43: =$E43*G$84 -> 0.27611372 | H43: =$E43*H$84 -> 0.10607034
B44: MODS 18 | C44: 1MISC | D44: 4 | E44: ='[1]FLAT Unit Costs W Final Adj'!I34 -> 0.14869315 | G44: =$E44*G$84 -> 0.10742525 | H44: =$E44*H$84 -> 0.0412679
B45: MODS 18 | C45: 1SUPPORT | D45: 4 | E45: ='[1]FLAT Unit Costs W Final Adj'!I35 -> 0.16668771 | G45: =$E45*G$84 -> 0.12042565 | H45: =$E45*H$84 -> 0.04626206
B46: MODS 19 | C46: INTL ISC | D46: =IF($L$12=1,3,2) -> 3 | E46: ='[1]FLAT Unit Costs W Final Adj'!I36 -> 0.019088869 | G46: =IF($L$12=1,$E46*G$84,"") -> 0.013790996 | H46: =IF($L$12=1,$E46*H$84,"") -> 0.0052978736
B58: NDCS | C58: FSS | D58: 1 | E58: 0 | G58: =E58 -> 0
B59: NDCS | C59: MANP | D59: =IF($L$12=1,3,2) -> 3 | E59: ='[1]FLAT Unit Costs W Final Adj'!$I$38 -> 0.0017436644 | G59: =IF($L$12=1,$E59*G$84,"") -> 0.0012597325 | H59: =IF($L$12=1,$E59*H$84,"") -> 0.00048393196
B61: NDCS | C61: OTHR | D61: =IF($L$12=1,3,2) -> 3 | E61: ='[1]FLAT Unit Costs W Final Adj'!I39 -> 0.74865901 | G61: =IF($L$12=1,$E61*G$84,"") -> 0.54087819 | H61: =IF($L$12=1,$E61*H$84,"") -> 0.20778082
B62: NDCS | C62: PLA | D62: =IF($L$12=1,3,2) -> 3 | E62: ='[1]FLAT Unit Costs W Final Adj'!I40 -> 1.1880197 | G62: =IF($L$12=1,$E62*G$84,"") -> 0.85829989 | H62: =IF($L$12=1,$E62*H$84,"") -> 0.3297198
B63: NDCS | C63: PSM | D63: =IF($L$12=1,3,2) -> 3 | E63: ='[1]FLAT Unit Costs W Final Adj'!I41 -> 0.14652412 | G63: =IF($L$12=1,$E63*G$84,"") -> 0.10585821 | H63: =IF($L$12=1,$E63*H$84,"") -> 0.040665911
B64: NDCS | C64: APBS | D64: =IF($L$12=1,3,2) -> 3 | E64: ='[1]FLAT Unit Costs W Final Adj'!I42 -> 0.56112608 | G64: =IF($L$12=1,$E64*G$84,"") -> 0.40539265 | H64: =IF($L$12=1,$E64*H$84,"") -> 0.15573343
B65: NDCS | C65: SSM | D65: =IF($L$12=1,3,2) -> 3 | E65: ='[1]FLAT Unit Costs W Final Adj'!I43 -> 0 | G65: =IF($L$12=1,$E65*G$84,"") -> 0 | H65: =IF($L$12=1,$E65*H$84,"") -> 0
B66: NDCS | C66: TRAYSORT | D66: =IF($L$12=1,3,2) -> 3 | E66: ='[1]FLAT Unit Costs W Final Adj'!I44 -> 0.032207185 | G66: =IF($L$12=1,$E66*G$84,"") -> 0.023268489 | H66: =IF($L$12=1,$E66*H$84,"") -> 0.0089386958
B67: NON MODS | C67: ALLIED | D67: 2 | E67: ='[1]FLAT Unit Costs W Final Adj'!I45 -> 4.7043754 | H67: =E67 -> 4.7043754
B68: NON MODS | C68: AUTO/MEC | D68: 1 | E68: ='[1]FLAT Unit Costs W Final Adj'!I46 -> 0.088846929 | G68: =E68 -> 0.088846929
B69: NON MODS | C69: BULK ACCP | D69: 2 | E69: ='[1]FLAT Unit Costs W Final Adj'!I47 -> 0.24381422 | H69: =E69 -> 0.24381422
B70: NON MODS | C70: BUSREPLY | D70: 1 | E70: ='[1]FLAT Unit Costs W Final Adj'!I48 -> 0.022103174 | G70: =E70 -> 0.022103174
B71: NON MODS | C71: CFS | D71: 2 | E71: ='[1]FLAT Unit Costs W Final Adj'!I49 -> 0.27879036 | H71: =E71 -> 0.27879036
B72: NON MODS | C72: D.PO BOX | D72: 1 | E72: ='[1]FLAT Unit Costs W Final Adj'!I50 -> 2.4897164 | G72: =E72 -> 2.4897164
B73: NON MODS | C73: EXPRESS | D73: =IF($L$12=1,3,2) -> 3 | E73: ='[1]FLAT Unit Costs W Final Adj'!I51 -> 0 | G73: =IF($L$12=1,$E73*G$84,"") -> 0 | H73: =IF($L$12=1,$E73*H$84,"") -> 0
B74: NON MODS | C74: MANF | D74: 1 | E74: ='[1]FLAT Unit Costs W Final Adj'!I52 -> 7.319978 | G74: =E74 -> 7.319978
B75: NON MODS | C75: MANL | D75: =IF($L$12=1,3,2) -> 3 | E75: ='[1]FLAT Unit Costs W Final Adj'!I53 -> 0.17450441 | G75: =IF($L$12=1,$E75*G$84,"") -> 0.12607292 | H75: =IF($L$12=1,$E75*H$84,"") -> 0.048431486
B76: NON MODS | C76: MANP | D76: =IF($L$12=1,3,2) -> 3 | E76: ='[1]FLAT Unit Costs W Final Adj'!I54 -> 0.85549471 | G76: =IF($L$12=1,$E76*G$84,"") -> 0.618063 | H76: =IF($L$12=1,$E76*H$84,"") -> 0.23743171
B77: NON MODS | C77: MISC | D77: 4 | E77: ='[1]FLAT Unit Costs W Final Adj'!I55 -> 0.64281072 | G77: =$E77*G$84 -> 0.46440675 | H77: =$E77*H$84 -> 0.17840396
B78: NON MODS | C78: OTH ACCT | D78: 2 | E78: ='[1]FLAT Unit Costs W Final Adj'!I56 -> 0.0053832421 | H78: =E78 -> 0.0053832421
B79: NON MODS | C79: REGISTRY | D79: =IF($L$12=1,3,2) -> 3 | E79: ='[1]FLAT Unit Costs W Final Adj'!I57 -> 0 | G79: =IF($L$12=1,$E79*G$84,"") -> 0 | H79: =IF($L$12=1,$E79*H$84,"") -> 0
E81: =SUM(E11:E80) -> 51.624391 | G81: =SUM(G10:G79) -> 37.296696 | H81: =SUM(H10:H79) -> 14.327695
G82: =G81/$E$81 -> 0.72246268 | H82: =H81/$E$81 -> 0.27753732
C83: Total Assigned | E83: =G83+H83 -> 44.023064 | G83: =SUMIF($D$11:$D$79,1,$E$11:$E$79) -> 31.805021 | H83: =SUMIF($D$11:$D$79,2,$E$11:$E$79) -> 12.218043
C84: (piggyback basis) | G84: =G83/E83 -> 0.72246268 | H84: =H83/E83 -> 0.27753732

Sheet CRA CR
A1: CRA MARKETING MAIL CARRIER ROUTE FLATS PROCESSING UNIT COSTS
A2: Source: USPS-FY25-26
E5: Total
E6: MP
C7: Cost Pool | E7: Unit | G7: Work-sharing-Related
B8: Source | C8: Abbreviation | E8: Costs | G8: Proportional (Cents) | H8: Fixed (Cents) | J8: Key | K8: Treatment
I10: 1 | J10: Piece Sorting | K10: Proportional
B11: MODS 11 | C11: D/BCS | D11: =IF($L$12=1,3,2) -> 3 | E11: ='[1]FLAT Unit Costs W Final Adj'!$H$6 -> 0.011443387 | G11: =IF($L$12=1,$E11*G$84,"") -> 0.0069212109 | H11: =IF($L$12=1,$E11*H$84,"") -> 0.0045221764 | I11: 2 | J11: Non-WS | K11: Fixed
I12: 3 | J12: Unexpected | K12: =IF(L12=1,"Piggybacked","Non WS") -> Piggybacked | L12: 1
B13: MODS 12 | C13: AFSM100 | D13: 1 | E13: ='[1]FLAT Unit Costs W Final Adj'!$H$7 -> 1.3070078 | G13: =E13 -> 1.3070078 | I13: 4 | J13: Allied/Support | K13: Piggybacked
B14: MODS 12 | C14: FSS | D14: 1 | E14: 0 | G14: =E14 -> 0
B17: MODS 13 | C17: APBS OTH | D17: 1 | E17: ='[1]FLAT Unit Costs W Final Adj'!H9 -> 0.74495243 | G17: =E17 -> 0.74495243 | J17: Note: OPBULK, OPPREF and Pouching
B18: MODS 13 | C18: APBSPRIO | D18: 1 | E18: ='[1]FLAT Unit Costs W Final Adj'!H10 -> 0.695384 | G18: =E18 -> 0.695384 | J18: were WS related fixed in 3 column system,
B19: MODS 16 | C19: LCUS-SSM | D19: 4 | E19: ='[1]FLAT Unit Costs W Final Adj'!H11 -> 0.0022468973 | G19: =$E19*G$84 -> 0.0013589726 | H19: =$E19*H$84 -> 0.00088792467 | J19: are grouped with prep and accept
B20: MODS 16 | C20: 1TRAYSRT | D20: 4 | E20: ='[1]FLAT Unit Costs W Final Adj'!H12 -> 0.12865338 | G20: =$E20*G$84 -> 0.077812381 | H20: =$E20*H$84 -> 0.050841004
B21: MODS 14 | C21: MANF | D21: 1 | E21: ='[1]FLAT Unit Costs W Final Adj'!H13 -> 0.10956702 | G21: =E21 -> 0.10956702
B22: MODS 14 | C22: MANL | D22: =IF($L$12=1,3,2) -> 3 | E22: ='[1]FLAT Unit Costs W Final Adj'!H14 -> 0.052613481 | G22: =IF($L$12=1,$E22*G$84,"") -> 0.031821784 | H22: =IF($L$12=1,$E22*H$84,"") -> 0.020791697
B23: MODS 14 | C23: MANP | D23: =IF($L$12=1,3,2) -> 3 | E23: ='[1]FLAT Unit Costs W Final Adj'!H15 -> 3.6863505e-05 | G23: =IF($L$12=1,$E23*G$84,"") -> 2.2295854e-05 | H23: =IF($L$12=1,$E23*H$84,"") -> 1.4567651e-05
B24: MODS 14 | C24: PRIORITY | D24: =IF($L$12=1,3,2) -> 3 | E24: ='[1]FLAT Unit Costs W Final Adj'!H16 -> 0.048633922 | G24: =IF($L$12=1,$E24*G$84,"") -> 0.02941486 | H24: =IF($L$12=1,$E24*H$84,"") -> 0.019219063
B25: MODS 15 | C25: LD15 | D25: =IF($L$12=1,3,2) -> 3 | E25: ='[1]FLAT Unit Costs W Final Adj'!H17 -> 0.014416814 | G25: =IF($L$12=1,$E25*G$84,"") -> 0.0087196045 | H25: =IF($L$12=1,$E25*H$84,"") -> 0.0056972096
B26: MODS 17 | C26: 1CANCEL | D26: 2 | E26: ='[1]FLAT Unit Costs W Final Adj'!H18 -> 0.077719036 | H26: =E26 -> 0.077719036
B27: MODS 17 | C27: 1DSPATCH | D27: 2 | E27: ='[1]FLAT Unit Costs W Final Adj'!H19 -> 0.059274669 | H27: =E27 -> 0.059274669
B29: MODS 17 | C29: 1MTRPREP | D29: 2 | E29: 0 | H29: =E29 -> 0
B30: MODS 17 | C30: 1OPBULK | D30: 2 | E30: ='[1]FLAT Unit Costs W Final Adj'!H21 -> 0.0037340783 | H30: =E30 -> 0.0037340783
B31: MODS 17 | C31: 1OPPREF | D31: 2 | E31: ='[1]FLAT Unit Costs W Final Adj'!H22 -> 0.10314338 | H31: =E31 -> 0.10314338
B32: MODS 17 | C32: 1OPTRANS | D32: 4 | E32: ='[1]FLAT Unit Costs W Final Adj'!H23 -> 0.034883983 | G32: =$E32*G$84 -> 0.021098596 | H32: =$E32*H$84 -> 0.013785387
B33: MODS 17 | C33: 1PLATFRM | D33: 2 | E33: ='[1]FLAT Unit Costs W Final Adj'!H24 -> 1.0317588 | H33: =E33 -> 1.0317588
B34: MODS 17 | C34: 1POUCHNG | D34: 2 | E34: ='[1]FLAT Unit Costs W Final Adj'!H25 -> 0.00039743777 | H34: =E34 -> 0.00039743777
B35: MODS 17 | C35: 1PRESORT | D35: 4 | E35: ='[1]FLAT Unit Costs W Final Adj'!H26 -> 0.012584608 | G35: =$E35*G$84 -> 0.0076114464 | H35: =$E35*H$84 -> 0.004973162
B36: MODS 17 | C36: 1SACKS_H | D36: 4 | E36: ='[1]FLAT Unit Costs W Final Adj'!H27 -> 0.0030474473 | G36: =$E36*G$84 -> 0.0018431628 | H36: =$E36*H$84 -> 0.0012042845
B37: MODS 17 | C37: 1SCAN | D37: 2 | E37: ='[1]FLAT Unit Costs W Final Adj'!H28 -> 0.010067842 | H37: =E37 -> 0.010067842
B38: MODS 18 | C38: BUSREPLY | D38: 2 | E38: ='[1]FLAT Unit Costs W Final Adj'!H29 -> 0 | H38: =E38 -> 0
B39: MODS 18 | C39: EXPRESS | D39: 4 | E39: ='[1]FLAT Unit Costs W Final Adj'!H30 -> 0.010536222 | G39: =IF($L$12=1,$E39*G$84,"") -> 0.0063725376 | H39: =IF($L$12=1,$E39*H$84,"") -> 0.0041636845
B41: MODS 18 | C41: REGISTRY | D41: 4 | E41: ='[1]FLAT Unit Costs W Final Adj'!H31 -> 0.00089858329 | G41: =IF($L$12=1,$E41*G$84,"") -> 0.00054348283 | H41: =IF($L$12=1,$E41*H$84,"") -> 0.00035510046
B42: MODS 18 | C42: REWRAP | D42: 2 | E42: ='[1]FLAT Unit Costs W Final Adj'!H32 -> 0.0012997133 | H42: =E42 -> 0.0012997133
B43: MODS 18 | C43: 1EEQMT | D43: 4 | E43: ='[1]FLAT Unit Costs W Final Adj'!H33 -> 0.04169935 | G43: =$E43*G$84 -> 0.025220679 | H43: =$E43*H$84 -> 0.016478671
B44: MODS 18 | C44: 1MISC | D44: 4 | E44: ='[1]FLAT Unit Costs W Final Adj'!H34 -> 0.029678161 | G44: =$E44*G$84 -> 0.017950001 | H44: =$E44*H$84 -> 0.01172816
B45: MODS 18 | C45: 1SUPPORT | D45: 4 | E45: ='[1]FLAT Unit Costs W Final Adj'!H35 -> 0.011847013 | G45: =$E45*G$84 -> 0.0071653326 | H45: =$E45*H$84 -> 0.0046816804
B46: MODS 19 | C46: INTL ISC | D46: =IF($L$12=1,3,2) -> 3 | E46: ='[1]FLAT Unit Costs W Final Adj'!H36 -> 0.010674659 | G46: =IF($L$12=1,$E46*G$84,"") -> 0.0064562672 | H46: =IF($L$12=1,$E46*H$84,"") -> 0.0042183918
B47: Intentionally blank
B58: NDCS | C58: FSS | D58: 1 | E58: 0 | G58: =E58 -> 0
B59: NDCS | C59: MANP | D59: =IF($L$12=1,3,2) -> 3 | E59: ='[1]FLAT Unit Costs W Final Adj'!H38 -> 9.8974169e-05 | G59: =IF($L$12=1,$E59*G$84,"") -> 5.9861742e-05 | H59: =IF($L$12=1,$E59*H$84,"") -> 3.9112427e-05
B61: NDCS | C61: OTHR | D61: =IF($L$12=1,3,2) -> 3 | E61: ='[1]FLAT Unit Costs W Final Adj'!H39 -> 0.060921292 | G61: =IF($L$12=1,$E61*G$84,"") -> 0.03684653 | H61: =IF($L$12=1,$E61*H$84,"") -> 0.024074762
B62: NDCS | C62: PLA | D62: =IF($L$12=1,3,2) -> 3 | E62: ='[1]FLAT Unit Costs W Final Adj'!H40 -> 0.12726694 | G62: =IF($L$12=1,$E62*G$84,"") -> 0.076973826 | H62: =IF($L$12=1,$E62*H$84,"") -> 0.05029311
B63: NDCS | C63: PSM | D63: =IF($L$12=1,3,2) -> 3 | E63: ='[1]FLAT Unit Costs W Final Adj'!H41 -> 0.014729829 | G63: =IF($L$12=1,$E63*G$84,"") -> 0.0089089225 | H63: =IF($L$12=1,$E63*H$84,"") -> 0.0058209061
B64: NDCS | C64: APBS | D64: =IF($L$12=1,3,2) -> 3 | E64: ='[1]FLAT Unit Costs W Final Adj'!H42 -> 0.1202796 | G64: =IF($L$12=1,$E64*G$84,"") -> 0.072747733 | H64: =IF($L$12=1,$E64*H$84,"") -> 0.047531867
B65: NDCS | C65: SSM | D65: =IF($L$12=1,3,2) -> 3 | E65: ='[1]FLAT Unit Costs W Final Adj'!H43 -> 0 | G65: =IF($L$12=1,$E65*G$84,"") -> 0 | H65: =IF($L$12=1,$E65*H$84,"") -> 0
B66: NDCS | C66: TRAYSORT | D66: =IF($L$12=1,3,2) -> 3 | E66: ='[1]FLAT Unit Costs W Final Adj'!H44 -> 4.2507373e-05 | G66: =IF($L$12=1,$E66*G$84,"") -> 2.5709389e-05 | H66: =IF($L$12=1,$E66*H$84,"") -> 1.6797984e-05
B67: NON MODS | C67: ALLIED | D67: 2 | E67: ='[1]FLAT Unit Costs W Final Adj'!H45 -> 1.7966945 | H67: =E67 -> 1.7966945
B68: NON MODS | C68: AUTO/MEC | D68: 1 | E68: ='[1]FLAT Unit Costs W Final Adj'!H46 -> 0.036412403 | G68: =E68 -> 0.036412403
B69: NON MODS | C69: BULK ACCP | D69: 2 | E69: ='[1]FLAT Unit Costs W Final Adj'!H47 -> 0.00067007672 | H69: =E69 -> 0.00067007672
B70: NON MODS | C70: BUSREPLY | D70: 1 | E70: ='[1]FLAT Unit Costs W Final Adj'!H48 -> 0.00066552475 | G70: =E70 -> 0.00066552475
B71: NON MODS | C71: CFS | D71: 2 | E71: ='[1]FLAT Unit Costs W Final Adj'!H49 -> 0.036526273 | H71: =E71 -> 0.036526273
B72: NON MODS | C72: D.PO BOX | D72: 1 | E72: ='[1]FLAT Unit Costs W Final Adj'!H50 -> 0.18129128 | G72: =E72 -> 0.18129128
B73: NON MODS | C73: EXPRESS | D73: =IF($L$12=1,3,2) -> 3 | E73: ='[1]FLAT Unit Costs W Final Adj'!H51 -> 0 | G73: =IF($L$12=1,$E73*G$84,"") -> 0 | H73: =IF($L$12=1,$E73*H$84,"") -> 0
B74: NON MODS | C74: MANF | D74: 1 | E74: ='[1]FLAT Unit Costs W Final Adj'!H52 -> 1.7028993 | G74: =E74 -> 1.7028993
B75: NON MODS | C75: MANL | D75: =IF($L$12=1,3,2) -> 3 | E75: ='[1]FLAT Unit Costs W Final Adj'!H53 -> 0.087411484 | G75: =IF($L$12=1,$E75*G$84,"") -> 0.052868377 | H75: =IF($L$12=1,$E75*H$84,"") -> 0.034543107
B76: NON MODS | C76: MANP | D76: =IF($L$12=1,3,2) -> 3 | E76: ='[1]FLAT Unit Costs W Final Adj'!H54 -> 0.25525585 | G76: =IF($L$12=1,$E76*G$84,"") -> 0.15438432 | H76: =IF($L$12=1,$E76*H$84,"") -> 0.10087153
B77: NON MODS | C77: MISC | D77: 4 | E77: ='[1]FLAT Unit Costs W Final Adj'!H55 -> 0.091969203 | G77: =$E77*G$84 -> 0.055624985 | H77: =$E77*H$84 -> 0.036344218
B78: NON MODS | C78: OTH ACCT | D78: 2 | E78: ='[1]FLAT Unit Costs W Final Adj'!H56 -> 0.00067815117 | H78: =E78 -> 0.00067815117
B79: NON MODS | C79: REGISTRY | D79: =IF($L$12=1,3,2) -> 3 | E79: ='[1]FLAT Unit Costs W Final Adj'!H57 -> 0 | G79: =IF($L$12=1,$E79*G$84,"") -> 0 | H79: =IF($L$12=1,$E79*H$84,"") -> 0
E81: =SUM(E11:E80) -> 9.0720142 | G81: =SUM(G10:G79) -> 5.4869526 | H81: =SUM(H10:H79) -> 3.5850616
G82: =G81/$E$81 -> 0.60482187 | H82: =H81/$E$81 -> 0.39517813
C83: Total Assigned | E83: =G83+H83 -> 7.9001438 | G83: =SUMIF($D$11:$D$79,1,$E$11:$E$79) -> 4.7781797 | H83: =SUMIF($D$11:$D$79,2,$E$11:$E$79) -> 3.121964
C84: (piggyback basis) | G84: =G83/E83 -> 0.60482187 | H84: =H83/E83 -> 0.39517813

Sheet MADC NONAUTO COST
A1: MADC NONAUTO PRESORT
A2: COST SHEET
C4: ="(1)" -> (1) | D4: ="(2)" -> (2) | E4: (3) | F4: ="(4)" -> (4) | G4: ="(5)" -> (5) | H4: ="(6)" -> (6) | I4: ="(7)" -> (7) | J4: ="(8)" -> (8) | K4: ="(9)" -> (9)
D6: Bundles | F6: Direct | H6: Premium | I6: Premium | J6: Total | K6: Weighted
D7: or Pieces | E7: Wage | F7: Cents | G7: Piggyback | H7: Pay | I7: Pay | J7: Cents | K7: Cents
A8: Operation | C8: Volume | D8: Per Hour | E8: Rate | F8: Per Piece | G8: Factor | H8: Factor | I8: Adjust | J8: Per Piece | K8: Per Piece
A10: Outgoing Primary (Bundles)
B11: APPS | C11: ='BUNDLE SORT'!$I$10*('COVERAGE FACTORS'!$E$6/('COVERAGE FACTORS'!$E$6+'COVERAGE FACTORS'!$E$8)) -> 0 | D11: =PRODUCTIVITIES!$E$8 -> 206.82029 | E11: ='WAGE RATES'!$C$6 -> 50.107175 | F11: =E11*100/D11 -> 24.227398 | G11: =PIGGYBACKS!$B$5 -> 1.8052502 | H11: ='WAGE RATES'!$C$9 -> 0.97520312 | I11: =(H11-1)*F11 -> -0.60076381 | J11: =F11*G11+I11 -> 43.135752 | K11: =C11*$J11/'MADC NONAUTO MODEL'!$G$6 -> 0
B12: APBS / LIPS | C12: ='BUNDLE SORT'!$I$10*('COVERAGE FACTORS'!$E$8/('COVERAGE FACTORS'!$E$6+'COVERAGE FACTORS'!$E$8)) -> 0 | D12: =PRODUCTIVITIES!$E$10 -> 218.50114 | E12: ='WAGE RATES'!$C$6 -> 50.107175 | F12: =E12*100/D12 -> 22.932226 | G12: =PIGGYBACKS!$B$6 -> 1.6056413 | H12: ='WAGE RATES'!$C$9 -> 0.97520312 | I12: =(H12-1)*F12 -> -0.56864758 | J12: =F12*G12+I12 -> 36.25228 | K12: =C12*$J12/'MADC NONAUTO MODEL'!$G$6 -> 0
B13: Manual | C13: ='BUNDLE SORT'!$J$10 -> 687.2042 | D13: =PRODUCTIVITIES!$E$12 -> 388.77899 | E13: ='WAGE RATES'!$C$6 -> 50.107175 | F13: =E13*100/D13 -> 12.888344 | G13: =PIGGYBACKS!$B$7 -> 1.5985379 | H13: ='WAGE RATES'!$C$9 -> 0.97520312 | I13: =(H13-1)*F13 -> -0.31959069 | J13: =F13*G13+I13 -> 20.282916 | K13: =C13*$J13/'MADC NONAUTO MODEL'!$G$6 -> 1.3938505
A15: Incoming MMP (Bundles)
B16: APPS | C16: ='BUNDLE SORT'!$M$10*('COVERAGE FACTORS'!$E$30/('COVERAGE FACTORS'!$E$30+'COVERAGE FACTORS'!$E$32)) -> 129.00897 | D16: =PRODUCTIVITIES!$E$9 -> 236.2304 | E16: ='WAGE RATES'!$C$6 -> 50.107175 | F16: =E16*100/D16 -> 21.211146 | G16: =PIGGYBACKS!$B$5 -> 1.8052502 | H16: ='WAGE RATES'!$C$9 -> 0.97520312 | I16: =(H16-1)*F16 -> -0.52597017 | J16: =F16*G16+I16 -> 37.765456 | K16: =C16*$J16/'MADC NONAUTO MODEL'!$G$6 -> 0.48720825
B17: APBS / LIPS | C17: ='BUNDLE SORT'!$M$10*('COVERAGE FACTORS'!$E$32/('COVERAGE FACTORS'!$E$30+'COVERAGE FACTORS'!$E$32)) -> 155.95082 | D17: =PRODUCTIVITIES!$E$11 -> 181.33504 | E17: ='WAGE RATES'!$C$6 -> 50.107175 | F17: =E17*100/D17 -> 27.632373 | G17: =PIGGYBACKS!$B$6 -> 1.6056413 | H17: ='WAGE RATES'!$C$9 -> 0.97520312 | I17: =(H17-1)*F17 -> -0.68519655 | J17: =F17*G17+I17 -> 43.682481 | K17: =C17*$J17/'MADC NONAUTO MODEL'!$G$6 -> 0.68123187
B18: Manual | C18: ='BUNDLE SORT'!$N$10 -> 0 | D18: =PRODUCTIVITIES!$E$13 -> 388.77899 | E18: ='WAGE RATES'!$C$6 -> 50.107175 | F18: =E18*100/D18 -> 12.888344 | G18: =PIGGYBACKS!$B$7 -> 1.5985379 | H18: ='WAGE RATES'!$C$9 -> 0.97520312 | I18: =(H18-1)*F18 -> -0.31959069 | J18: =F18*G18+I18 -> 20.282916 | K18: =C18*$J18/'MADC NONAUTO MODEL'!$G$6 -> 0
A20: Incoming Primary (Bundles)
B21: APPS | C21: ='BUNDLE SORT'!$Q$10*('COVERAGE FACTORS'!$E$30/('COVERAGE FACTORS'!$E$30+'COVERAGE FACTORS'!$E$32)) -> 52.394201 | D21: =PRODUCTIVITIES!$E$9 -> 236.2304 | E21: ='WAGE RATES'!$C$6 -> 50.107175 | F21: =E21*100/D21 -> 21.211146 | G21: =PIGGYBACKS!$B$5 -> 1.8052502 | H21: ='WAGE RATES'!$C$9 -> 0.97520312 | I21: =(H21-1)*F21 -> -0.52597017 | J21: =F21*G21+I21 -> 37.765456 | K21: =C21*$J21/'MADC NONAUTO MODEL'!$G$6 -> 0.19786909
B22: APBS / LIPS | C22: ='BUNDLE SORT'!$Q$10*('COVERAGE FACTORS'!$E$32/('COVERAGE FACTORS'!$E$30+'COVERAGE FACTORS'!$E$32)) -> 63.33605 | D22: =PRODUCTIVITIES!$E$11 -> 181.33504 | E22: ='WAGE RATES'!$C$6 -> 50.107175 | F22: =E22*100/D22 -> 27.632373 | G22: =PIGGYBACKS!$B$6 -> 1.6056413 | H22: ='WAGE RATES'!$C$9 -> 0.97520312 | I22: =(H22-1)*F22 -> -0.68519655 | J22: =F22*G22+I22 -> 43.682481 | K22: =C22*$J22/'MADC NONAUTO MODEL'!$G$6 -> 0.27666758
B23: Manual | C23: ='BUNDLE SORT'!$R$10 -> 3.3375287 | D23: =PRODUCTIVITIES!$E$14 -> 388.77899 | E23: ='WAGE RATES'!$C$6 -> 50.107175 | F23: =E23*100/D23 -> 12.888344 | G23: =PIGGYBACKS!$B$7 -> 1.5985379 | H23: ='WAGE RATES'!$C$9 -> 0.97520312 | I23: =(H23-1)*F23 -> -0.31959069 | J23: =F23*G23+I23 -> 20.282916 | K23: =C23*$J23/'MADC NONAUTO MODEL'!$G$6 -> 0.0067694813
A25: Incoming Secondary (Bundles)
B26: APPS | C26: ='BUNDLE SORT'!$U$10*('COVERAGE FACTORS'!$E$30/('COVERAGE FACTORS'!$E$30+'COVERAGE FACTORS'!$E$32)) -> 0.00069469344 | D26: =PRODUCTIVITIES!$E$9 -> 236.2304 | E26: ='WAGE RATES'!$C$6 -> 50.107175 | F26: =E26*100/D26 -> 21.211146 | G26: =PIGGYBACKS!$B$5 -> 1.8052502 | H26: ='WAGE RATES'!$C$9 -> 0.97520312 | I26: =(H26-1)*F26 -> -0.52597017 | J26: =F26*G26+I26 -> 37.765456 | K26: =C26*$J26/'MADC NONAUTO MODEL'!$G$6 -> 2.6235414e-06
B27: APBS / LIPS | C27: ='BUNDLE SORT'!$U$10*('COVERAGE FACTORS'!$E$32/('COVERAGE FACTORS'!$E$30+'COVERAGE FACTORS'!$E$32)) -> 0.00083977115 | D27: =PRODUCTIVITIES!$E$11 -> 181.33504 | E27: ='WAGE RATES'!$C$6 -> 50.107175 | F27: =E27*100/D27 -> 27.632373 | G27: =PIGGYBACKS!$B$6 -> 1.6056413 | H27: ='WAGE RATES'!$C$9 -> 0.97520312 | I27: =(H27-1)*F27 -> -0.68519655 | J27: =F27*G27+I27 -> 43.682481 | K27: =C27*$J27/'MADC NONAUTO MODEL'!$G$6 -> 3.6683287e-06
B28: Manual | C28: ='BUNDLE SORT'!$V$10 -> 0.15191199 | D28: =PRODUCTIVITIES!E15 -> 279.1383 | E28: ='WAGE RATES'!$C$6 -> 50.107175 | F28: =E28*100/D28 -> 17.950663 | G28: =PIGGYBACKS!$B$7 -> 1.5985379 | H28: ='WAGE RATES'!$C$9 -> 0.97520312 | I28: =(H28-1)*F28 -> -0.44512037 | J28: =F28*G28+I28 -> 28.249693 | K28: =C28*$J28/'MADC NONAUTO MODEL'!$G$6 -> 0.00042914673
A30: Outgoing Primary (Piece)
B31: AFSM100 Auto | C31: =SUM('MADC NONAUTO MODEL'!$B$25:$B$29) -> 5161.4651 | D31: =PRODUCTIVITIES!$E$23*'COVERAGE FACTORS'!$E$24+PRODUCTIVITIES!$E$17*(1-'COVERAGE FACTORS'!$E$24) -> 1572.5271 | E31: ='WAGE RATES'!$C$6 -> 50.107175 | F31: =E31*100/D31 -> 3.1864109 | G31: =PIGGYBACKS!$B$8 -> 1.6305774 | H31: ='WAGE RATES'!$C$9 -> 0.97520312 | I31: =(H31-1)*F31 -> -0.07901304 | J31: =F31*G31+I31 -> 5.1166766 | K31: =C31*$J31/'MADC NONAUTO MODEL'!$G$6 -> 2.6409548
B32: REC Keying | C32: =SUM('MADC NONAUTO MODEL'!$A$25:$A$29) -> 1360.997 | D32: =PRODUCTIVITIES!$E$16 -> 888.01171 | E32: ='WAGE RATES'!$C$5 -> 54.14236 | F32: =E32*100/D32 -> 6.0970322 | G32: =PIGGYBACKS!$B$9 -> 1.2615773 | H32: ='WAGE RATES'!$C$9 -> 0.97520312 | I32: =(H32-1)*F32 -> -0.15118736 | J32: =F32*G32+I32 -> 7.5406902 | K32: =C32*$J32/'MADC NONAUTO MODEL'!$G$6 -> 1.0262857
B33: UFSM1000 Auto | C33: =SUM('MADC NONAUTO MODEL'!$H$25:$H$29) -> 0 | D33: =PRODUCTIVITIES!$E$30 -> 1.0273269 | E33: ='WAGE RATES'!$C$6 -> 50.107175 | F33: =E33*100/D33 -> 4877.4324 | G33: =PIGGYBACKS!$B$10 -> 1.6305774 | H33: ='WAGE RATES'!$C$9 -> 0.97520312 | I33: =(H33-1)*F33 -> -120.94509 | J33: =F33*G33+I33 -> 7832.086 | K33: =C33*$J33/'MADC NONAUTO MODEL'!$G$6 -> 0
B34: UFSM1000 Keying | C34: =SUM('MADC NONAUTO MODEL'!$G$25:$G$29) -> 0 | D34: =PRODUCTIVITIES!$E$36 -> 1.0273269 | E34: ='WAGE RATES'!$C$6 -> 50.107175 | F34: =E34*100/D34 -> 4877.4324 | G34: =PIGGYBACKS!$B$10 -> 1.6305774 | H34: ='WAGE RATES'!$C$9 -> 0.97520312 | I34: =(H34-1)*F34 -> -120.94509 | J34: =F34*G34+I34 -> 7832.086 | K34: =C34*$J34/'MADC NONAUTO MODEL'!$G$6 -> 0
B35: Manual | C35: =SUM('MADC NONAUTO MODEL'!$M$25:$M$29) -> 325.38965 | D35: =PRODUCTIVITIES!$E$42 -> 620.26372 | E35: ='WAGE RATES'!$C$6 -> 50.107175 | F35: =E35*100/D35 -> 8.0783662 | G35: =PIGGYBACKS!$B$12 -> 1.3622907 | H35: ='WAGE RATES'!$C$9 -> 0.97520312 | I35: =(H35-1)*F35 -> -0.20031825 | J35: =F35*G35+I35 -> 10.804765 | K35: =C35*$J35/'MADC NONAUTO MODEL'!$G$6 -> 0.35157588
A37: Outgoing Secondary (Piece)
B38: AFSM100 Auto | C38: =SUM('MADC NONAUTO MODEL'!$B$38:$B$42) -> 626.85582 | D38: =PRODUCTIVITIES!$E$24*'COVERAGE FACTORS'!$E$24+PRODUCTIVITIES!$E$18*(1-'COVERAGE FACTORS'!$E$24) -> 2267.7698 | E38: ='WAGE RATES'!$C$6 -> 50.107175 | F38: =E38*100/D38 -> 2.2095353 | G38: =PIGGYBACKS!$B$8 -> 1.6305774 | H38: ='WAGE RATES'!$C$9 -> 0.97520312 | I38: =(H38-1)*F38 -> -0.054789575 | J38: =F38*G38+I38 -> 3.5480288 | K38: =C38*$J38/'MADC NONAUTO MODEL'!$G$6 -> 0.22241025
B39: REC Keying | C39: =SUM('MADC NONAUTO MODEL'!$A$38:$A$42) -> 38.426047 | D39: =PRODUCTIVITIES!$E$16 -> 888.01171 | E39: ='WAGE RATES'!$C$5 -> 54.14236 | F39: =E39*100/D39 -> 6.0970322 | G39: =PIGGYBACKS!$B$9 -> 1.2615773 | H39: ='WAGE RATES'!$C$9 -> 0.97520312 | I39: =(H39-1)*F39 -> -0.15118736 | J39: =F39*G39+I39 -> 7.5406902 | K39: =C39*$J39/'MADC NONAUTO MODEL'!$G$6 -> 0.028975892
B40: UFSM1000 Auto | C40: =SUM('MADC NONAUTO MODEL'!$H$38:$H$42) -> 0 | D40: =PRODUCTIVITIES!$E$31 -> 1.0273269 | E40: ='WAGE RATES'!$C$6 -> 50.107175 | F40: =E40*100/D40 -> 4877.4324 | G40: =PIGGYBACKS!$B$10 -> 1.6305774 | H40: ='WAGE RATES'!$C$9 -> 0.97520312 | I40: =(H40-1)*F40 -> -120.94509 | J40: =F40*G40+I40 -> 7832.086 | K40: =C40*$J40/'MADC NONAUTO MODEL'!$G$6 -> 0
B41: UFSM1000 Keying | C41: =SUM('MADC NONAUTO MODEL'!$G$38:$G$42) -> 0 | D41: =PRODUCTIVITIES!$E$37 -> 1.0273269 | E41: ='WAGE RATES'!$C$6 -> 50.107175 | F41: =E41*100/D41 -> 4877.4324 | G41: =PIGGYBACKS!$B$10 -> 1.6305774 | H41: ='WAGE RATES'!$C$9 -> 0.97520312 | I41: =(H41-1)*F41 -> -120.94509 | J41: =F41*G41+I41 -> 7832.086 | K41: =C41*$J41/'MADC NONAUTO MODEL'!$G$6 -> 0
B42: Manual | C42: =SUM('MADC NONAUTO MODEL'!$M$38:$M$42) -> 87.219996 | D42: =PRODUCTIVITIES!$E$43 -> 490.62129 | E42: ='WAGE RATES'!$C$6 -> 50.107175 | F42: =E42*100/D42 -> 10.213005 | G42: =PIGGYBACKS!$B$12 -> 1.3622907 | H42: ='WAGE RATES'!$C$9 -> 0.97520312 | I42: =(H42-1)*F42 -> -0.25325062 | J42: =F42*G42+I42 -> 13.659831 | K42: =C42*$J42/'MADC NONAUTO MODEL'!$G$6 -> 0.11914104
A44: Incoming MMP (Piece)
B45: AFSM100 Auto | C45: =SUM('MADC NONAUTO MODEL'!$B$53:$B$57) -> 4498.7075 | D45: =PRODUCTIVITIES!$E$25*'COVERAGE FACTORS'!$E$24+PRODUCTIVITIES!$E$19*(1-'COVERAGE FACTORS'!$E$24) -> 1572.9754 | E45: ='WAGE RATES'!$C$6 -> 50.107175 | F45: =E45*100/D45 -> 3.1855028 | G45: =PIGGYBACKS!$B$8 -> 1.6305774 | H45: ='WAGE RATES'!$C$9 -> 0.97520312 | I45: =(H45-1)*F45 -> -0.078990522 | J45: =F45*G45+I45 -> 5.1152184 | K45: =C45*$J45/'MADC NONAUTO MODEL'!$G$6 -> 2.3011872
B46: REC Keying | C46: =SUM('MADC NONAUTO MODEL'!$A$53:$A$57) -> 589.37598 | D46: =PRODUCTIVITIES!$E$16 -> 888.01171 | E46: ='WAGE RATES'!$C$5 -> 54.14236 | F46: =E46*100/D46 -> 6.0970322 | G46: =PIGGYBACKS!$B$9 -> 1.2615773 | H46: ='WAGE RATES'!$C$9 -> 0.97520312 | I46: =(H46-1)*F46 -> -0.15118736 | J46: =F46*G46+I46 -> 7.5406902 | K46: =C46*$J46/'MADC NONAUTO MODEL'!$G$6 -> 0.44443017
B47: UFSM1000 Auto | C47: =SUM('MADC NONAUTO MODEL'!$H$53:$H$57) -> 0 | D47: =PRODUCTIVITIES!$E$32 -> 1.0273269 | E47: ='WAGE RATES'!$C$6 -> 50.107175 | F47: =E47*100/D47 -> 4877.4324 | G47: =PIGGYBACKS!$B$10 -> 1.6305774 | H47: ='WAGE RATES'!$C$9 -> 0.97520312 | I47: =(H47-1)*F47 -> -120.94509 | J47: =F47*G47+I47 -> 7832.086 | K47: =C47*$J47/'MADC NONAUTO MODEL'!$G$6 -> 0
B48: UFSM1000 Keying | C48: =SUM('MADC NONAUTO MODEL'!$G$53:$G$57) -> 0 | D48: =PRODUCTIVITIES!$E$38 -> 1.0273269 | E48: ='WAGE RATES'!$C$6 -> 50.107175 | F48: =E48*100/D48 -> 4877.4324 | G48: =PIGGYBACKS!$B$10 -> 1.6305774 | H48: ='WAGE RATES'!$C$9 -> 0.97520312 | I48: =(H48-1)*F48 -> -120.94509 | J48: =F48*G48+I48 -> 7832.086 | K48: =C48*$J48/'MADC NONAUTO MODEL'!$G$6 -> 0
B49: Manual | C49: =SUM('MADC NONAUTO MODEL'!$M$53:$M$57) -> 626.27317 | D49: =PRODUCTIVITIES!$E$44 -> 692.96374 | E49: ='WAGE RATES'!$C$6 -> 50.107175 | F49: =E49*100/D49 -> 7.2308508 | G49: =PIGGYBACKS!$B$12 -> 1.3622907 | H49: ='WAGE RATES'!$C$9 -> 0.97520312 | I49: =(H49-1)*F49 -> -0.17930252 | J49: =F49*G49+I49 -> 9.6712185 | K49: =C49*$J49/'MADC NONAUTO MODEL'!$G$6 -> 0.60568247
A51: Incoming SCF (Piece)
B52: AFSM100 Auto | C52: =SUM('MADC NONAUTO MODEL'!$B$64:$B$68) -> 5199.9186 | D52: =PRODUCTIVITIES!$E$26*'COVERAGE FACTORS'!$E$24+PRODUCTIVITIES!$E$20*(1-'COVERAGE FACTORS'!$E$24) -> 2073.5492 | E52: ='WAGE RATES'!$C$6 -> 50.107175 | F52: =E52*100/D52 -> 2.4164932 | G52: =PIGGYBACKS!$B$8 -> 1.6305774 | H52: ='WAGE RATES'!$C$9 -> 0.97520312 | I52: =(H52-1)*F52 -> -0.059921485 | J52: =F52*G52+I52 -> 3.8803578 | K52: =C52*$J52/'MADC NONAUTO MODEL'!$G$6 -> 2.0177544
B53: REC Keying | C53: =SUM('MADC NONAUTO MODEL'!$A$64:$A$68) -> 902.72541 | D53: =PRODUCTIVITIES!$E$16 -> 888.01171 | E53: ='WAGE RATES'!$C$5 -> 54.14236 | F53: =E53*100/D53 -> 6.0970322 | G53: =PIGGYBACKS!$B$9 -> 1.2615773 | H53: ='WAGE RATES'!$C$9 -> 0.97520312 | I53: =(H53-1)*F53 -> -0.15118736 | J53: =F53*G53+I53 -> 7.5406902 | K53: =C53*$J53/'MADC NONAUTO MODEL'!$G$6 -> 0.68071727
B54: UFSM1000 Auto | C54: =SUM('MADC NONAUTO MODEL'!$H$64:$H$68) -> 0 | D54: =PRODUCTIVITIES!$E$33 -> 1.0273269 | E54: ='WAGE RATES'!$C$6 -> 50.107175 | F54: =E54*100/D54 -> 4877.4324 | G54: =PIGGYBACKS!$B$10 -> 1.6305774 | H54: ='WAGE RATES'!$C$9 -> 0.97520312 | I54: =(H54-1)*F54 -> -120.94509 | J54: =F54*G54+I54 -> 7832.086 | K54: =C54*$J54/'MADC NONAUTO MODEL'!$G$6 -> 0
B55: UFSM1000 Keying | C55: =SUM('MADC NONAUTO MODEL'!$G$64:$G$68) -> 0 | D55: =PRODUCTIVITIES!$E$39 -> 1.0273269 | E55: ='WAGE RATES'!$C$6 -> 50.107175 | F55: =E55*100/D55 -> 4877.4324 | G55: =PIGGYBACKS!$B$10 -> 1.6305774 | H55: ='WAGE RATES'!$C$9 -> 0.97520312 | I55: =(H55-1)*F55 -> -120.94509 | J55: =F55*G55+I55 -> 7832.086 | K55: =C55*$J55/'MADC NONAUTO MODEL'!$G$6 -> 0
B56: Manual | C56: =SUM('MADC NONAUTO MODEL'!$M$64:$M$68) -> 577.91015 | D56: =PRODUCTIVITIES!$E$45 -> 600.65917 | E56: ='WAGE RATES'!$C$6 -> 50.107175 | F56: =E56*100/D56 -> 8.342031 | G56: =PIGGYBACKS!$B$12 -> 1.3622907 | H56: ='WAGE RATES'!$C$9 -> 0.97520312 | I56: =(H56-1)*F56 -> -0.20685632 | J56: =F56*G56+I56 -> 11.157415 | K56: =C56*$J56/'MADC NONAUTO MODEL'!$G$6 -> 0.64479835
A58: Incoming Primary (Piece)
B59: AFSM100 Auto | C59: =SUM('MADC NONAUTO MODEL'!$B$74:$B$78)+SUM('MADC NONAUTO MODEL'!$B$108:$B$112) -> 726.88181 | D59: =PRODUCTIVITIES!$E$27*'COVERAGE FACTORS'!$E$24+PRODUCTIVITIES!$E$21*(1-'COVERAGE FACTORS'!$E$24) -> 1117.4154 | E59: ='WAGE RATES'!$C$6 -> 50.107175 | F59: =E59*100/D59 -> 4.484203 | G59: =PIGGYBACKS!$B$8 -> 1.6305774 | H59: ='WAGE RATES'!$C$9 -> 0.97520312 | I59: =(H59-1)*F59 -> -0.11119423 | J59: =F59*G59+I59 -> 7.2006459 | K59: =C59*$J59/'MADC NONAUTO MODEL'!$G$6 -> 0.52340185
B60: REC Keying | C60: =SUM('MADC NONAUTO MODEL'!$A$74:$A$78)+SUM('MADC NONAUTO MODEL'!$A$108:$A$112) -> 44.557606 | D60: =PRODUCTIVITIES!$E$16 -> 888.01171 | E60: ='WAGE RATES'!$C$5 -> 54.14236 | F60: =E60*100/D60 -> 6.0970322 | G60: =PIGGYBACKS!$B$9 -> 1.2615773 | H60: ='WAGE RATES'!$C$9 -> 0.97520312 | I60: =(H60-1)*F60 -> -0.15118736 | J60: =F60*G60+I60 -> 7.5406902 | K60: =C60*$J60/'MADC NONAUTO MODEL'!$G$6 -> 0.033599511
B61: UFSM1000 Auto | C61: =SUM('MADC NONAUTO MODEL'!$H$74:$H$78) -> 0 | D61: =PRODUCTIVITIES!$E$34 -> 1.0273269 | E61: ='WAGE RATES'!$C$6 -> 50.107175 | F61: =E61*100/D61 -> 4877.4324 | G61: =PIGGYBACKS!$B$10 -> 1.6305774 | H61: ='WAGE RATES'!$C$9 -> 0.97520312 | I61: =(H61-1)*F61 -> -120.94509 | J61: =F61*G61+I61 -> 7832.086 | K61: =C61*$J61/'MADC NONAUTO MODEL'!$G$6 -> 0
B62: UFSM1000 Keying | C62: =SUM('MADC NONAUTO MODEL'!$G$74:$G$78) -> 0 | D62: =PRODUCTIVITIES!$E$40 -> 1.0273269 | E62: ='WAGE RATES'!$C$6 -> 50.107175 | F62: =E62*100/D62 -> 4877.4324 | G62: =PIGGYBACKS!$B$10 -> 1.6305774 | H62: ='WAGE RATES'!$C$9 -> 0.97520312 | I62: =(H62-1)*F62 -> -120.94509 | J62: =F62*G62+I62 -> 7832.086 | K62: =C62*$J62/'MADC NONAUTO MODEL'!$G$6 -> 0
B63: Manual | C63: =SUM('MADC NONAUTO MODEL'!$M$74:$M$78) -> 107.0559 | D63: =PRODUCTIVITIES!$E$46 -> 753.40918 | E63: ='WAGE RATES'!$C$6 -> 50.107175 | F63: =E63*100/D63 -> 6.6507253 | G63: =PIGGYBACKS!$B$12 -> 1.3622907 | H63: ='WAGE RATES'!$C$9 -> 0.97520312 | I63: =(H63-1)*F63 -> -0.16491722 | J63: =F63*G63+I63 -> 8.8953042 | K63: =C63*$J63/'MADC NONAUTO MODEL'!$G$6 -> 0.095229481
A65: Incoming Secondary (Piece)
B66: AFSM100 Auto | C66: =SUM('MADC NONAUTO MODEL'!$B$83:$B$87)+SUM('MADC NONAUTO MODEL'!$B$122:$B$126) -> 8546.2705 | D66: =PRODUCTIVITIES!$E$28*'COVERAGE FACTORS'!$E$24+PRODUCTIVITIES!$E$22*(1-'COVERAGE FACTORS'!$E$24) -> 1858.2572 | E66: ='WAGE RATES'!$C$6 -> 50.107175 | F66: =E66*100/D66 -> 2.6964606 | G66: =PIGGYBACKS!$B$8 -> 1.6305774 | H66: ='WAGE RATES'!$C$9 -> 0.97520312 | I66: =(H66-1)*F66 -> -0.066863803 | J66: =F66*G66+I66 -> 4.329924 | K66: =C66*$J66/'MADC NONAUTO MODEL'!$G$6 -> 3.7004702
B67: REC Keying | C67: =SUM('MADC NONAUTO MODEL'!$A$83:$A$87)+SUM('MADC NONAUTO MODEL'!$A$122:$A$126) -> 649.65599 | D67: =PRODUCTIVITIES!$E$16 -> 888.01171 | E67: ='WAGE RATES'!$C$5 -> 54.14236 | F67: =E67*100/D67 -> 6.0970322 | G67: =PIGGYBACKS!$B$9 -> 1.2615773 | H67: ='WAGE RATES'!$C$9 -> 0.97520312 | I67: =(H67-1)*F67 -> -0.15118736 | J67: =F67*G67+I67 -> 7.5406902 | K67: =C67*$J67/'MADC NONAUTO MODEL'!$G$6 -> 0.48988546
B68: UFSM1000 Auto | C68: =SUM('MADC NONAUTO MODEL'!$H$83:$H$87) -> 0 | D68: =PRODUCTIVITIES!$E$35 -> 1.0273269 | E68: ='WAGE RATES'!$C$6 -> 50.107175 | F68: =E68*100/D68 -> 4877.4324 | G68: =PIGGYBACKS!$B$10 -> 1.6305774 | H68: ='WAGE RATES'!$C$9 -> 0.97520312 | I68: =(H68-1)*F68 -> -120.94509 | J68: =F68*G68+I68 -> 7832.086 | K68: =C68*$J68/'MADC NONAUTO MODEL'!$G$6 -> 0
B69: UFSM1000 Keying | C69: =SUM('MADC NONAUTO MODEL'!$G$83:$G$87) -> 0 | D69: =PRODUCTIVITIES!$E$41 -> 1.0273269 | E69: ='WAGE RATES'!$C$6 -> 50.107175 | F69: =E69*100/D69 -> 4877.4324 | G69: =PIGGYBACKS!$B$10 -> 1.6305774 | H69: ='WAGE RATES'!$C$9 -> 0.97520312 | I69: =(H69-1)*F69 -> -120.94509 | J69: =F69*G69+I69 -> 7832.086 | K69: =C69*$J69/'MADC NONAUTO MODEL'!$G$6 -> 0
B70: Manual | C70: =SUM('MADC NONAUTO MODEL'!$M$83:$M$87) -> 1968.102 | D70: =PRODUCTIVITIES!$E$47 -> 675.89316 | E70: ='WAGE RATES'!$C$6 -> 50.107175 | F70: =E70*100/D70 -> 7.4134756 | G70: =PIGGYBACKS!$B$12 -> 1.3622907 | H70: ='WAGE RATES'!$C$9 -> 0.97520312 | I70: =(H70-1)*F70 -> -0.18383104 | J70: =F70*G70+I70 -> 9.9154781 | K70: =C70*$J70/'MADC NONAUTO MODEL'!$G$6 -> 1.9514672
A72: FSS
B73: FSS | C73: 0 | D73: 0 | E73: 0 | F73: 0 | G73: 0 | H73: 0 | I73: 0 | J73: 0 | K73: 0
B74: REC Keying | C74: =SUM('MADC NONAUTO MODEL'!$A$95:$A$99) -> 0 | D74: =PRODUCTIVITIES!E16 -> 888.01171 | E74: ='WAGE RATES'!C5 -> 54.14236 | F74: =E74*100/D74 -> 6.0970322 | G74: =PIGGYBACKS!B9 -> 1.2615773 | H74: ='WAGE RATES'!$C$9 -> 0.97520312 | I74: =(H74-1)*F74 -> -0.15118736 | J74: =F74*G74+I74 -> 7.5406902 | K74: =C74*$J74/'MADC NONAUTO MODEL'!$G$6 -> 0
B76: Bundle Prep | C76: =SUM('MADC NONAUTO MODEL'!C26,'MADC NONAUTO MODEL'!I26,'MADC NONAUTO MODEL'!C39,'MADC NONAUTO MODEL'!I39,'MADC NONAUTO MODEL'!C54,'MADC NONAUTO MODEL'!I54,'MADC NONAUTO MODEL'!C65,'MADC NONAUTO MODEL'!I65,'MADC NONAUTO MODEL'!C75,'MADC NONAUTO MODEL'!I75,'MADC NONAUTO MODEL'!C84,'MADC NONAUTO MODEL'!I84,) -> 9961.9481 | D76: =PRODUCTIVITIES!$C$49*'FY VOLUME NONAUTO'!C61 -> 1334.4176 | E76: ='WAGE RATES'!$C$6 -> 50.107175 | F76: =E76*100/D76 -> 3.7549845 | G76: =PIGGYBACKS!$B$13 -> 1.6305774 | H76: ='WAGE RATES'!$C$9 -> 0.97520312 | I76: =(H76-1)*F76 -> -0.09311189 | J76: =F76*G76+I76 -> 6.0296811 | K76: =C76*$J76/'5D AUTO MODEL'!$G$6 -> 6.006737
B77: Tub Prep | C77: =SUM(C31,C33,C34,C38,C40,C41,C45,C47,C48,C52,C54,C55,C59,C61,C62,C66,C68,C69)-C76 -> 14798.151 | D77: =PRODUCTIVITIES!$C$50*PRODUCTIVITIES!$C$51 -> 2107.631 | E77: ='WAGE RATES'!$C$6 -> 50.107175 | F77: =E77*100/D77 -> 2.3774168 | G77: =PIGGYBACKS!$B$8 -> 1.6305774 | H77: ='WAGE RATES'!$C$9 -> 0.97520312 | I77: =(H77-1)*F77 -> -0.058952514 | J77: =F77*G77+I77 -> 3.8176097 | K77: =C77*$J77/'5D AUTO MODEL'!$G$6 -> 5.6493567
K78: ="(10)" -> (10)
J79: MODEL COST = | K79: =SUM(K11:K77) -> 32.578093
J80: FSM MODEL COST = | K80: =SUM(K31,K33,K34,K38,K40,K41,K45,K47,K48,K52,K54,K55,K59,K61,K62,K66,K68,K69,K76,K77) -> 23.062272
A83: ="(1)" -> (1) | B83: Values From Page 5 and 35 | F83: ="(6)" -> (6) | G83: Values From Page 32
A84: ="(2)" -> (2) | B84: Values From Page 31 | F84: ="(7)" -> (7) | G84: [ (6) - 1 ] * (4)
A85: ="(3)" -> (3) | B85: Values From Page 32 | F85: ="(8)" -> (8) | G85: (4) * (5) + (7)
A86: ="(4)" -> (4) | B86: [ (3) * (100 cents/dollar) ] / (2) | F86: ="(9)" -> (9) | G86: (1) * (8) / 10,000 Pieces
A87: ="(5)" -> (5) | B87: Values From Page 33 | F87: ="(10)" -> (10) | G87: Sum (9)

Sheet MADC NONAUTO MODEL
A1: ='MADC NONAUTO COST'!A1 -> MADC NONAUTO PRESORT
A2: MAIL FLOW MODEL
A6: PCS IN = | C6: =SUM(C11:C16)+SUM(G11:G16)+SUM(K11:K16)+SUM(O11:O16) -> 10000 | E6: PCS OUT = | G6: =D88+J88+O88+D100+D127 -> 10000
A10: PIECE ENTRY POINTS:
B11: BC Mach Out Prim | C11: 0 | F11: Non-BC Mach Out Prim | G11: ='ENTRY PROFILE'!K5+'ENTRY PROFILE'!K6+'ENTRY PROFILE'!K7+'ENTRY PROFILE'!K8+'ENTRY PROFILE'!K9+'ENTRY PROFILE'!L5+'ENTRY PROFILE'!L9 -> 5105.5264 | J11: BC Nonmach Out Prim | K11: 0 | N11: Non-BC Nonmach Out Prim | O11: 0
B12: BC Mach Out Sec | C12: 0 | F12: Non-BC Mach Out Sec | G12: 0 | J12: BC Nonmach Out Sec | K12: 0 | N12: Non-BC Nonmach Out Sec | O12: 0
B13: BC Mach Inc MMP | C13: 0 | F13: Non-BC Mach Inc MMP | G13: ='ENTRY PROFILE'!L6+'ENTRY PROFILE'!O6+'ENTRY PROFILE'!O7+'ENTRY PROFILE'!O8+'ENTRY PROFILE'!P6 -> 1542.1623 | J13: BC Nonmach Inc MMP | K13: 0 | N13: Non-BC Nonmach Inc MMP | O13: 0
B14: BC Mach Inc SCF | C14: 0 | F14: Non-BC Mach Inc SCF | G14: ='ENTRY PROFILE'!L7+'ENTRY PROFILE'!P7+'ENTRY PROFILE'!S7+'ENTRY PROFILE'!S8+'ENTRY PROFILE'!T7 -> 2733.1477 | J14: BC Nonmach Inc SCF | K14: 0 | N14: Non-BC Nonmach Inc SCF | O14: 0
B15: BC Mach Inc Prim | C15: 0 | F15: Non-BC Mach Inc Prim | G15: 0 | J15: BC Nonmach Inc Prim | K15: 0 | N15: Non-BC Nonmach Inc Prim | O15: 0
B16: BC Mach Inc Sec | C16: 0 | F16: Non-BC Mach Inc sec | G16: ='ENTRY PROFILE'!L8+'ENTRY PROFILE'!P8+'ENTRY PROFILE'!T8+'ENTRY PROFILE'!W8+'ENTRY PROFILE'!X8 -> 619.16355 | J16: BC Nonmach Inc Sec | K16: 0 | N16: Non-BC Nonmach Inc sec | O16: 0
C21: MACHINABLE OUTGOING | L21: NONMACHINABLE OUTGOING
D23: =SUM(A25:A29)*(1-'ACCEPT RATES'!G14)+SUM(B25:B29)*SUM('ACCEPT RATES'!I14:J14) -> 316.56424 | E23: Rejects | J23: =SUM(G25:G29)*(1-'ACCEPT RATES'!E19) -> 0 | K23: Rejects
A24: REC | B24: Out Prim AFSM100 | E24: Out Prim | G24: Keyed | H24: Out Prim UFSM1000 | K24: Out Prim | M24: Out Prim Manual
A25: =B25*(1-'ACCEPT RATES'!C14) -> 0 | B25: =C25*(1+'ACCEPT RATES'!F14) -> 0 | C25: =C11*('COVERAGE FACTORS'!E14+'COVERAGE FACTORS'!E18) -> 0 | E25: Manual | G25: =H25*(1-'ACCEPT RATES'!C19) -> 0 | H25: =I25 -> 0 | I25: =C11*'COVERAGE FACTORS'!E16 -> 0 | K25: Manual | M25: =N25 -> 0 | N25: =C11*'COVERAGE FACTORS'!E20 -> 0
A26: =B26*(1-'ACCEPT RATES'!D14) -> 1360.997 | B26: =C26*(1+'ACCEPT RATES'!F14) -> 5161.4651 | C26: =G11*('COVERAGE FACTORS'!E14+'COVERAGE FACTORS'!E18) -> 5096.701 | G26: =H26*(1-'ACCEPT RATES'!D19) -> 0 | H26: =I26 -> 0 | I26: =G11*'COVERAGE FACTORS'!E16 -> 0 | M26: =N26 -> 8.8254127 | N26: =G11*'COVERAGE FACTORS'!E20 -> 8.8254127
G27: =H27*(1-'ACCEPT RATES'!C19) -> 0 | H27: =I27 -> 0 | I27: =K11*('COVERAGE FACTORS'!E16+'COVERAGE FACTORS'!E18) -> 0 | M27: =N27 -> 0 | N27: =K11*(1-('COVERAGE FACTORS'!E16+'COVERAGE FACTORS'!E18)) -> 0
G28: =H28*(1-'ACCEPT RATES'!D19) -> 0 | H28: =I28 -> 0 | I28: =O11*('COVERAGE FACTORS'!E16+'COVERAGE FACTORS'!E18) -> 0 | M28: =N28 -> 0 | N28: =O11*(1-('COVERAGE FACTORS'!E16+'COVERAGE FACTORS'!E18)) -> 0
M29: =N29 -> 316.56424 | N29: =D23+J23 -> 316.56424
D30: =(SUM(C25:C29)-D23)*'PIECE DENSITIES'!C6 -> 612.09771 | E30: Out Sec Mach | J30: =(SUM(I25:I29)-J23)*'PIECE DENSITIES'!C11 -> 0 | K30: Out Sec Nonmach | O30: =SUM(N25:N29)*'PIECE DENSITIES'!C16 -> 29.115127 | P30: Out Sec Manual
D31: =(SUM(C25:C29)-D23)*'PIECE DENSITIES'!D6 -> 2477.5885 | E31: Inc MMP Mach | J31: =(SUM(I25:I29)-J23)*'PIECE DENSITIES'!D11 -> 0 | K31: Inc MMP Nonmach | O31: =SUM(N25:N29)*'PIECE DENSITIES'!D16 -> 188.93808 | P31: Inc MMP Manual
D32: =(SUM(C25:C29)-D23)*'PIECE DENSITIES'!E6 -> 1338.0738 | E32: Inc SCF Mach | J32: =(SUM(I25:I29)-J23)*'PIECE DENSITIES'!E11 -> 0 | K32: Inc SCF Nonmach | O32: =SUM(N25:N29)*'PIECE DENSITIES'!E16 -> 83.236973 | P32: Inc SCF Manual
D33: =(SUM(C25:C29)-D23)*'PIECE DENSITIES'!F6 -> 352.37671 | E33: Inc Prim Mach | J33: =(SUM(I25:I29)-J23)*'PIECE DENSITIES'!F11 -> 0 | K33: Inc Prim Nonmach | O33: =SUM(N25:N29)*'PIECE DENSITIES'!F16 -> 24.099476 | P33: Inc Prim Manual
D34: =(SUM(C25:C29)-D23)*'PIECE DENSITIES'!G6 -> 0 | E34: Inc Sec Mach | J34: =(SUM(I25:I29)-J23)*'PIECE DENSITIES'!G11 -> 0 | K34: Inc Sec Nonmach | O34: =SUM(N25:N29)*'PIECE DENSITIES'!G16 -> 0 | P34: Inc Sec Manual
D36: =SUM(A38:A42)*(1-'ACCEPT RATES'!G15)+SUM(B38:B42)*SUM('ACCEPT RATES'!I15:J15) -> 58.104868 | E36: Rejects | J36: =SUM(G38:G42)*(1-'ACCEPT RATES'!E20) -> 0 | K36: Rejects
A37: REC | B37: Out Sec AFSM100 | E37: Out Sec | G37: Keyed | H37: Out Sec UFSM1000 | K37: Out Sec | M37: Out Sec Manual
A38: =B38*(1-'ACCEPT RATES'!C15) -> 0 | B38: =C38*(1+'ACCEPT RATES'!F15+'PIECE DENSITIES'!C7) -> 0 | C38: =C12*('COVERAGE FACTORS'!E14+'COVERAGE FACTORS'!E18) -> 0 | E38: Manual | G38: =H38*(1-'ACCEPT RATES'!C20) -> 0 | H38: =I38*(1+'PIECE DENSITIES'!C12) -> 0 | I38: =C12*'COVERAGE FACTORS'!E16 -> 0 | K38: Manual | M38: =N38 -> 0 | N38: =C12*'COVERAGE FACTORS'!E20 -> 0
A39: =B39*(1-'ACCEPT RATES'!D15) -> 0 | B39: =C39*(1+'ACCEPT RATES'!F15+'PIECE DENSITIES'!C7) -> 0 | C39: =G12*('COVERAGE FACTORS'!E14+'COVERAGE FACTORS'!E18) -> 0 | G39: =H39*(1-'ACCEPT RATES'!D20) -> 0 | H39: =I39*(1+'PIECE DENSITIES'!C12) -> 0 | I39: =G12*'COVERAGE FACTORS'!E16 -> 0 | M39: =N39 -> 0 | N39: =G12*'COVERAGE FACTORS'!E20 -> 0
G40: =H40*(1-'ACCEPT RATES'!C20) -> 0 | H40: =I40*(1+'PIECE DENSITIES'!C12) -> 0 | I40: =K12*('COVERAGE FACTORS'!E16+'COVERAGE FACTORS'!E18) -> 0 | M40: =N40 -> 0 | N40: =K12*(1-('COVERAGE FACTORS'!E16+'COVERAGE FACTORS'!E18)) -> 0
G41: =H41*(1-'ACCEPT RATES'!D20) -> 0 | H41: =I41*(1+'PIECE DENSITIES'!C12) -> 0 | I41: =O12*('COVERAGE FACTORS'!E16+'COVERAGE FACTORS'!E18) -> 0 | M41: =N41 -> 0 | N41: =O12*(1-('COVERAGE FACTORS'!E16+'COVERAGE FACTORS'!E18)) -> 0
A42: =B42*(1-'ACCEPT RATES'!C15) -> 38.426047 | B42: =C42*(1+'ACCEPT RATES'!F15+'PIECE DENSITIES'!C7) -> 626.85582 | C42: =D30 -> 612.09771 | G42: =IF(SUM(C11:C16)>0,H42*(1-'ACCEPT RATES'!C20),H42*(1-'ACCEPT RATES'!D20)) -> 0 | H42: =I42*(1+'PIECE DENSITIES'!C12) -> 0 | I42: =J30 -> 0 | M42: =N42 -> 87.219996 | N42: =D36+J36+O30 -> 87.219996
D43: =(SUM(C38:C42)-D36)*'PIECE DENSITIES'!D7 -> 457.48379 | E43: Inc MMP Mach | J43: =(SUM(I38:I42)-J36)*'PIECE DENSITIES'!D12 -> 0 | K43: Inc MMP Nonmach | O43: =SUM(N38:N42)*'PIECE DENSITIES'!D17 -> 61.738117 | P43: Inc MMP Manual
D44: =(SUM(C38:C42)-D36)*'PIECE DENSITIES'!E7 -> 38.234025 | E44: Inc SCF Mach | J44: =(SUM(I38:I42)-J36)*'PIECE DENSITIES'!E12 -> 0 | K44: Inc SCF Nonmach | O44: =SUM(N38:N42)*'PIECE DENSITIES'!E17 -> 0.27066437 | P44: Inc SCF Manual
D45: =(SUM(C38:C42)-D36)*'PIECE DENSITIES'!F7 -> 4.0726215 | E45: Inc Prim Mach | J45: =(SUM(I38:I42)-J36)*'PIECE DENSITIES'!F12 -> 0 | K45: Inc Prim Nonmach | O45: =SUM(N38:N42)*'PIECE DENSITIES'!F17 -> 1.7326782 | P45: Inc Prim Manual
D46: =(SUM(C38:C42)-D36)*'PIECE DENSITIES'!G7 -> 54.202408 | E46: Inc Sec Mach | J46: =(SUM(I38:I42)-J36)*'PIECE DENSITIES'!G12 -> 0 | K46: Inc Sec Nonmach | O46: =SUM(N38:N42)*'PIECE DENSITIES'!G17 -> 23.478536 | P46: Inc Sec Manual
C49: MACHINABLE INCOMING | L49: NONMACHINABLE INCOMING
D51: =SUM(A53:A57)*(1-'ACCEPT RATES'!G16)+SUM(B53:B57)*SUM('ACCEPT RATES'!I16:J16) -> 348.86192 | E51: Rejects | J51: =SUM(G53:G57)*(1-'ACCEPT RATES'!E21) -> 0 | K51: Rejects
A52: REC | B52: Inc MMP AFSM100 | E52: Inc MMP | G52: Keyed | H52: Inc MMP UFSM1000 | K52: Inc MMP | M52: Inc MMP Manual
A53: =B53*(1-'ACCEPT RATES'!C16) -> 0 | B53: =C53*(1+'ACCEPT RATES'!F16+'PIECE DENSITIES'!D8) -> 0 | C53: =C13*('COVERAGE FACTORS'!E38+'COVERAGE FACTORS'!E42) -> 0 | E53: Manual | G53: =H53*(1-'ACCEPT RATES'!C21) -> 0 | H53: =I53*(1+'PIECE DENSITIES'!D13) -> 0 | I53: =C13*'COVERAGE FACTORS'!E40 -> 0 | K53: Manual | M53: =N53 -> 0 | N53: =C13*'COVERAGE FACTORS'!E44 -> 0
A54: =B54*(1-'ACCEPT RATES'!D16) -> 408.59416 | B54: =C54*(1+'ACCEPT RATES'!F16+'PIECE DENSITIES'!D8) -> 1549.5586 | C54: =G13*('COVERAGE FACTORS'!E38+'COVERAGE FACTORS'!E42) -> 1532.9536 | G54: =H54*(1-'ACCEPT RATES'!D21) -> 0 | H54: =I54*(1+'PIECE DENSITIES'!D13) -> 0 | I54: =G13*'COVERAGE FACTORS'!E40 -> 0 | M54: =N54 -> 9.2087653 | N54: =G13*'COVERAGE FACTORS'!E44 -> 9.2087653
G55: =H55*(1-'ACCEPT RATES'!C21) -> 0 | H55: =I55*(1+'PIECE DENSITIES'!D13) -> 0 | I55: =K13*('COVERAGE FACTORS'!E40+'COVERAGE FACTORS'!E42) -> 0 | M55: =N55 -> 0 | N55: =K13*(1-('COVERAGE FACTORS'!E40+'COVERAGE FACTORS'!E42)) -> 0
G56: =H56*(1-'ACCEPT RATES'!D21) -> 0 | H56: =I56*(1+'PIECE DENSITIES'!D13) -> 0 | I56: =O13*('COVERAGE FACTORS'!E40+'COVERAGE FACTORS'!E42) -> 0 | M56: =N56 -> 0 | N56: =O13*(1-('COVERAGE FACTORS'!E40+'COVERAGE FACTORS'!E42)) -> 0
A57: =B57*(1-'ACCEPT RATES'!C16) -> 180.78182 | B57: =C57*(1+'ACCEPT RATES'!F16+'PIECE DENSITIES'!D8) -> 2949.149 | C57: =(D31+D43)*('COVERAGE FACTORS'!E38+'COVERAGE FACTORS'!E42) -> 2917.546 | G57: =IF(SUM(C11:C16)>0,H57*(1-'ACCEPT RATES'!C21),H57*(1-'ACCEPT RATES'!D21)) -> 0 | H57: =I57*(1+'PIECE DENSITIES'!D13) -> 0 | I57: =(D31+D43)*'COVERAGE FACTORS'!E40+(J31+J43)*('COVERAGE FACTORS'!E40+'COVERAGE FACTORS'!E42) -> 0 | M57: =N57 -> 617.06441 | N57: =D51+J51+O31+O43+(D31+D43)*'COVERAGE FACTORS'!E44+(J31+J43)*(1-('COVERAGE FACTORS'!E40+'COVERAGE FACTORS'!E42)) -> 617.06441
D58: =(SUM(C53:C57)-D51)*'PIECE DENSITIES'!E8 -> 815.98286 | E58: Inc SCF Mach | J58: =(SUM(I53:I57)-J51)*'PIECE DENSITIES'!E13 -> 0 | K58: Inc SCF Nonmach | O58: =SUM(N53:N57)*'PIECE DENSITIES'!E18 -> 165.50137 | P58: Inc SCF Manual
D59: =(SUM(C53:C57)-D51)*'PIECE DENSITIES'!F8 -> 264.92082 | E59: Inc Prim Mach | J59: =(SUM(I53:I57)-J51)*'PIECE DENSITIES'!F13 -> 0 | K59: Inc Prim Nonmach | O59: =SUM(N53:N57)*'PIECE DENSITIES'!F18 -> 25.975771 | P59: Inc Prim Manual
D60: =(SUM(C53:C57)-D51)*'PIECE DENSITIES'!G8 -> 3020.734 | E60: Inc Sec Mach | J60: =(SUM(I53:I57)-J51)*'PIECE DENSITIES'!G13 -> 0 | K60: Inc Sec Nonmach | O60: =SUM(N53:N57)*'PIECE DENSITIES'!G18 -> 434.79603 | P60: Inc Sec Manual
D62: =SUM(A64:A68)*(1-'ACCEPT RATES'!G17)+SUM(B64:B68)*SUM('ACCEPT RATES'!I17:J17) -> 299.48971 | E62: Rejects | J62: =SUM(G64:G68)*(1-'ACCEPT RATES'!E22) -> 0 | K62: Rejects
A63: REC | B63: Inc SCF AFSM100 | E63: Inc SCF | G63: Keyed | H63: Inc SCF UFSM1000 | K63: Inc SCF | M63: Inc SCF Manual
A64: =B64*(1-'ACCEPT RATES'!C17) -> 0 | B64: =C64*(1+'ACCEPT RATES'!F17+'PIECE DENSITIES'!E9) -> 0 | C64: =C14*('COVERAGE FACTORS'!E38+'COVERAGE FACTORS'!E42) -> 0 | E64: Manual | G64: =H64*(1-'ACCEPT RATES'!C22) -> 0 | H64: =I64*(1+'PIECE DENSITIES'!E14) -> 0 | I64: =C14*'COVERAGE FACTORS'!E40 -> 0 | K64: Manual | M64: =N64 -> 0 | N64: =C14*'COVERAGE FACTORS'!E44 -> 0
A65: =B65*(1-'ACCEPT RATES'!D17) -> 760.84976 | B65: =C65*(1+'ACCEPT RATES'!F17+'PIECE DENSITIES'!E9) -> 2885.458 | C65: =G14*('COVERAGE FACTORS'!E38+'COVERAGE FACTORS'!E42) -> 2716.8272 | G65: =H65*(1-'ACCEPT RATES'!D22) -> 0 | H65: =I65*(1+'PIECE DENSITIES'!E14) -> 0 | I65: =G14*'COVERAGE FACTORS'!E40 -> 0 | M65: =N65 -> 16.320536 | N65: =G14*'COVERAGE FACTORS'!E44 -> 16.320536
G66: =H66*(1-'ACCEPT RATES'!C22) -> 0 | H66: =I66*(1+'PIECE DENSITIES'!E14) -> 0 | I66: =K14*('COVERAGE FACTORS'!E40+'COVERAGE FACTORS'!E42) -> 0 | M66: =N66 -> 0 | N66: =K14*(1-('COVERAGE FACTORS'!E40+'COVERAGE FACTORS'!E42)) -> 0
G67: =H67*(1-'ACCEPT RATES'!D22) -> 0 | H67: =I67*(1+'PIECE DENSITIES'!E14) -> 0 | I67: =O14*('COVERAGE FACTORS'!E40+'COVERAGE FACTORS'!E42) -> 0 | M67: =N67 -> 0 | N67: =O14*(1-('COVERAGE FACTORS'!E40+'COVERAGE FACTORS'!E42)) -> 0
A68: =B68*(1-'ACCEPT RATES'!C17) -> 141.87564 | B68: =C68*(1+'ACCEPT RATES'!F17+'PIECE DENSITIES'!E9) -> 2314.4606 | C68: =(D32+D44+D58)*('COVERAGE FACTORS'!E38+'COVERAGE FACTORS'!E42) -> 2179.1998 | G68: =IF(SUM(C11:C16)>0, H68*(1-'ACCEPT RATES'!C22),H68*(1-'ACCEPT RATES'!D22)) -> 0 | H68: =I68*(1+'PIECE DENSITIES'!E14) -> 0 | I68: =(D32+D44+D58)*'COVERAGE FACTORS'!E40+(J32+J44+J58)*('COVERAGE FACTORS'!E40+'COVERAGE FACTORS'!E42) -> 0 | M68: =N68 -> 561.58961 | N68: =D62+J62+O32+O44+O58+(D32+D44+D58)*'COVERAGE FACTORS'!E44+(J32+J44+J58)*(1-('COVERAGE FACTORS'!E40+'COVERAGE FACTORS'!E42)) -> 561.58961
D69: =(SUM(C64:C68)-D62)*'PIECE DENSITIES'!F9 -> 102.8336 | E69: Inc Prim Mach | J69: =(SUM(I64:I68)-J62)*'PIECE DENSITIES'!F14 -> 0 | K69: Inc Prim Nonmach | O69: =SUM(N64:N68)*'PIECE DENSITIES'!F19 -> 14.94928 | P69: Inc Prim Manual
D70: =(SUM(C64:C68)-D62)*'PIECE DENSITIES'!G9 -> 4493.7037 | E70: Inc Sec Mach | J70: =(SUM(I64:I68)-J62)*'PIECE DENSITIES'!G14 -> 0 | K70: Inc Sec Nonmach | O70: =SUM(N64:N68)*'PIECE DENSITIES'!G19 -> 562.96087 | P70: Inc Sec Manual
D72: =SUM(A74:A78)*(1-'ACCEPT RATES'!G17)+SUM(B74:B78)*SUM('ACCEPT RATES'!I17:J17) -> 35.974234 | E72: Rejects | J72: =SUM(G74:G78)*(1-'ACCEPT RATES'!E22) -> 0 | K72: Rejects
A73: REC | B73: Inc Prim AFSM100 | E73: Inc Prim | G73: Keyed | H73: Inc Prim UFSM1000 | K73: Inc Prim | M73: Inc Prim Manual
A74: =B74*(1-'ACCEPT RATES'!C17) -> 0 | B74: =C74*(1+'ACCEPT RATES'!F17) -> 0 | C74: =C15*('COVERAGE FACTORS'!E38+'COVERAGE FACTORS'!E42) -> 0 | E74: Manual | G74: =H74*(1-'ACCEPT RATES'!C22) -> 0 | H74: =I74 -> 0 | I74: =C15*'COVERAGE FACTORS'!E40 -> 0 | K74: Manual | M74: =N74 -> 0 | N74: =C15*'COVERAGE FACTORS'!E44 -> 0
A75: =B75*(1-'ACCEPT RATES'!D17) -> 0 | B75: =C75*(1+'ACCEPT RATES'!F17) -> 0 | C75: =G15*('COVERAGE FACTORS'!E38+'COVERAGE FACTORS'!E42) -> 0 | G75: =H75*(1-'ACCEPT RATES'!D22) -> 0 | H75: =I75 -> 0 | I75: =G15*'COVERAGE FACTORS'!E40 -> 0 | M75: =N75 -> 0 | N75: =G15*'COVERAGE FACTORS'!E44 -> 0
G76: =H76*(1-'ACCEPT RATES'!C22) -> 0 | H76: =I76 -> 0 | I76: =K15*('COVERAGE FACTORS'!E40+'COVERAGE FACTORS'!E42) -> 0 | M76: =N76 -> 0 | N76: =K15*(1-('COVERAGE FACTORS'!E40+'COVERAGE FACTORS'!E42)) -> 0
G77: =H77*(1-'ACCEPT RATES'!D22) -> 0 | H77: =I77 -> 0 | I77: =O15*('COVERAGE FACTORS'!E40+'COVERAGE FACTORS'!E42) -> 0 | M77: =N77 -> 0 | N77: =O15*(1-('COVERAGE FACTORS'!E40+'COVERAGE FACTORS'!E42)) -> 0
A78: =B78*(1-'ACCEPT RATES'!C17) -> 44.557606 | B78: =C78*(1+'ACCEPT RATES'!F17) -> 726.88181 | C78: =(D33+D45+D59+D69)*('COVERAGE FACTORS'!E38+'COVERAGE FACTORS'!E42) -> 719.87929 | G78: =IF(SUM(C11:C16)>0,H78*(1-'ACCEPT RATES'!C22),H78*(1-'ACCEPT RATES'!D22)) -> 0 | H78: =I78 -> 0 | I78: =(D33+D45+D59+D69)*'COVERAGE FACTORS'!E40+(J33+J45+J59+J69)*('COVERAGE FACTORS'!E40+'COVERAGE FACTORS'!E42) -> 0 | M78: =N78 -> 107.0559 | N78: =D72+J72+O33+O45+O59+O69+(D33+D45+D59+D69)*'COVERAGE FACTORS'!E44+(J33+J45+J59+J69)*(1-('COVERAGE FACTORS'!E40+'COVERAGE FACTORS'!E42))+D106 -> 107.0559
D79: =SUM(C74:C78)-D72 -> 683.90505 | E79: Inc Sec Mach | J79: =SUM(I74:I78)-J72 -> 0 | K79: Inc Sec Nonmach | O79: =SUM(N74:N78) -> 107.0559 | P79: Inc Sec Manual
D81: =SUM(A83:A87)*(1-'ACCEPT RATES'!G17)+SUM(B83:B87)*SUM('ACCEPT RATES'!I17:J17) -> 432.04075 | E81: Rejects | J81: =I85*(1-'ACCEPT RATES'!C22) -> 0 | K81: Rejects
A82: REC | B82: Inc Sec AFSM100 | E82: Inc Sec | G82: Keyed | H82: Inc Sec UFSM1000 | K82: Inc Sec | M82: Inc Sec Manual
A83: =B83*(1-'ACCEPT RATES'!C17) -> 0 | B83: =C83*(1+'ACCEPT RATES'!F17) -> 0 | C83: =C16*('COVERAGE FACTORS'!E54+'COVERAGE FACTORS'!E58) -> 0 | E83: Manual | G83: 0 | H83: =I83 -> 0 | I83: =C16*'COVERAGE FACTORS'!E56 -> 0 | K83: Manual | M83: =N83 -> 0 | N83: =C16*'COVERAGE FACTORS'!E60 -> 0
A84: =B84*(1-'ACCEPT RATES'!D17) -> 163.8674 | B84: =C84*(1+'ACCEPT RATES'!F17) -> 621.45318 | C84: =G16*('COVERAGE FACTORS'!E54+'COVERAGE FACTORS'!E58+(1-'COVERAGE FACTORS'!B119)*'COVERAGE FACTORS'!E52) -> 615.46632 | G84: 0 | H84: =I84 -> 0 | I84: =G16*'COVERAGE FACTORS'!E56 -> 0 | M84: =N84 -> 3.6972319 | N84: =G16*'COVERAGE FACTORS'!E60 -> 3.6972319
G85: 0 | H85: =I85 -> 0 | I85: =K16*('COVERAGE FACTORS'!E56+'COVERAGE FACTORS'!E58) -> 0 | M85: =N85 -> 0 | N85: =K16*(1-('COVERAGE FACTORS'!E56+'COVERAGE FACTORS'!E58+'COVERAGE FACTORS'!E52)) -> 0
G86: 0 | H86: =I86 -> 0 | I86: =O16*('COVERAGE FACTORS'!E56+'COVERAGE FACTORS'!E58) -> 0 | M86: =N86 -> 0 | N86: =O16*(1-('COVERAGE FACTORS'!E56+'COVERAGE FACTORS'!E58+'COVERAGE FACTORS'!E52)) -> 0
A87: =B87*(1-'ACCEPT RATES'!C17) -> 485.78859 | B87: =C87*(1+'ACCEPT RATES'!F17) -> 7924.8173 | C87: =(D34+D46+D60+D70+D79)*('COVERAGE FACTORS'!E54+'COVERAGE FACTORS'!E58+(1-'COVERAGE FACTORS'!B119)*'COVERAGE FACTORS'!E52)*'COVERAGE FACTORS'!E104 -> 7848.4725 | G87: 0 | H87: =I87 -> 0 | I87: =(D34+D46+D60+D70+D79)*'COVERAGE FACTORS'!E56*'COVERAGE FACTORS'!E104+(J34+J46+J60+J70+J79)*('COVERAGE FACTORS'!E56+'COVERAGE FACTORS'!E58)*'COVERAGE FACTORS'!E104 -> 0 | M87: =N87 -> 1964.4047 | N87: =D81+J81+(O34+O46+O60+O70+O79)+(D34+D46+D60+D70+D79)*'COVERAGE FACTORS'!E106+(J34+J46+J60+J70+J79)*(1-('COVERAGE FACTORS'!E56+'COVERAGE FACTORS'!E58)*'COVERAGE FACTORS'!E104)+D120 -> 1964.4047
D88: =SUM(C83:C87)-D81 -> 8031.898 | J88: =SUM(I83:I87)-J81 -> 0 | O88: =SUM(N83:N87) -> 1968.102
D89: Finalized to Carrier Route | J89: Finalized to Carrier Route | O89: Finalized to Carrier Route
D91: Rejects
D92: IS | E92: IP
D93: =SUM(A95:A99)*(1-'ACCEPT RATES'!G24)+SUM(B95:B99)*'ACCEPT RATES'!J24 -> 0 | E93: =SUM(B95:B99)*'ACCEPT RATES'!I24 -> 0
A94: REC | B94: FSS
A95: =B95*(1-'ACCEPT RATES'!C24) -> 0 | B95: =C95*(1+'ACCEPT RATES'!F17) -> 0 | C95: =C16*'COVERAGE FACTORS'!E52 -> 0
A96: =B96*(1-'ACCEPT RATES'!D24) -> 0 | B96: =C96*(1+'ACCEPT RATES'!F17) -> 0 | C96: =G16*'COVERAGE FACTORS'!E52*'COVERAGE FACTORS'!B119 -> 0
A97: =B97*(1-'ACCEPT RATES'!C24) -> 0 | B97: =C97*(1+'ACCEPT RATES'!F17) -> 0 | C97: =K16*'COVERAGE FACTORS'!E52 -> 0
A98: =B98*(1-'ACCEPT RATES'!D24) -> 0 | B98: =C98*(1+'ACCEPT RATES'!F17) -> 0 | C98: =O16*'COVERAGE FACTORS'!E52 -> 0
A99: =B99*(1-'ACCEPT RATES'!C24) -> 0 | B99: =C99*(1+'ACCEPT RATES'!F17) -> 0 | C99: =(D16+D34+D46+D60+D70+D79)*'COVERAGE FACTORS'!E52*'COVERAGE FACTORS'!B119*'COVERAGE FACTORS'!E104+D114 -> 0
D100: =SUM(C95:C99)-D93-E93 -> 0
D101: Finalized to DPS
D106: =A112*(1-'ACCEPT RATES'!G17)+B112*('ACCEPT RATES'!I17+'ACCEPT RATES'!J17) -> 0 | E106: Rejects | G106: This section of the model requires the iterative calculation function within Excel to be enabled. An iterative process is used to account for the flow of FSS out-of-scheme rejects. FSS out-of-scheme rejects flow upstream to Incoming Primary (IP) operations where they are sorted to the correct scheme. If the correct scheme is worked on the FSS the piece will flow downstream to the FSS operation, this creates the iterative flow within the model.
A107: REC | B107: Inc Prim AFSM100 - FSS Reject | E107: Inc Prim
E108: Manual
A112: =B112*(1-'ACCEPT RATES'!$C$17) -> 0 | B112: =C112*(1+'ACCEPT RATES'!$F$17) -> 0 | C112: =E93 -> 0
D113: =($C$112-$D$106)*(1-'COVERAGE FACTORS'!$E$80) -> 0 | E113: Inc Sec Mach
D114: =($C$112-$D$106)*'COVERAGE FACTORS'!$E$80 -> 0 | E114: FSS
D120: =A126*'ACCEPT RATES'!H17+B126*('ACCEPT RATES'!I17+'ACCEPT RATES'!J17) -> 0 | E120: Rejects
A121: REC | B121: Inc Sec AFSM100 - FSS Reject | E121: Inc Sec
E122: Manual
A126: =B126*(1-'ACCEPT RATES'!$C$17) -> 0 | B126: =C126*(1+'ACCEPT RATES'!$F$17) -> 0 | C126: =$D$93+$D$113 -> 0
D127: =C126-D120 -> 0
D128: Finalized to Carrier Route

Sheet ADC NONAUTO COST
A1: ADC NONAUTO PRESORT
A2: COST SHEET
C4: ="(1)" -> (1) | D4: ="(2)" -> (2) | E4: (3) | F4: ="(4)" -> (4) | G4: ="(5)" -> (5) | H4: ="(6)" -> (6) | I4: ="(7)" -> (7) | J4: ="(8)" -> (8) | K4: ="(9)" -> (9)
D6: Bundles | F6: Direct | H6: Premium | I6: Premium | J6: Total | K6: Weighted
D7: or Pieces | E7: Wage | F7: Cents | G7: Piggyback | H7: Pay | I7: Pay | J7: Cents | K7: Cents
A8: Operation | C8: Volume | D8: Per Hour | E8: Rate | F8: Per Piece | G8: Factor | H8: Factor | I8: Adjust | J8: Per Piece | K8: Per Piece
A10: Outgoing Primary (Bundles)
B11: APPS | C11: ='BUNDLE SORT'!$I$22*('COVERAGE FACTORS'!$E$6/('COVERAGE FACTORS'!$E$6+'COVERAGE FACTORS'!$E$8)) -> 0 | D11: =PRODUCTIVITIES!$E$8 -> 206.82029 | E11: ='WAGE RATES'!$C$6 -> 50.107175 | F11: =E11*100/D11 -> 24.227398 | G11: =PIGGYBACKS!$B$5 -> 1.8052502 | H11: ='WAGE RATES'!$C$9 -> 0.97520312 | I11: =(H11-1)*F11 -> -0.60076381 | J11: =F11*G11+I11 -> 43.135752 | K11: =C11*$J11/'ADC NONAUTO MODEL'!$G$6 -> 0
B12: APBS / LIPS | C12: ='BUNDLE SORT'!$I$22*('COVERAGE FACTORS'!$E$8/('COVERAGE FACTORS'!$E$6+'COVERAGE FACTORS'!$E$8)) -> 0 | D12: =PRODUCTIVITIES!$E$10 -> 218.50114 | E12: ='WAGE RATES'!$C$6 -> 50.107175 | F12: =E12*100/D12 -> 22.932226 | G12: =PIGGYBACKS!$B$6 -> 1.6056413 | H12: ='WAGE RATES'!$C$9 -> 0.97520312 | I12: =(H12-1)*F12 -> -0.56864758 | J12: =F12*G12+I12 -> 36.25228 | K12: =C12*$J12/'ADC NONAUTO MODEL'!$G$6 -> 0
B13: Manual | C13: ='BUNDLE SORT'!$J$22 -> 139.01438 | D13: =PRODUCTIVITIES!$E$12 -> 388.77899 | E13: ='WAGE RATES'!$C$6 -> 50.107175 | F13: =E13*100/D13 -> 12.888344 | G13: =PIGGYBACKS!$B$7 -> 1.5985379 | H13: ='WAGE RATES'!$C$9 -> 0.97520312 | I13: =(H13-1)*F13 -> -0.31959069 | J13: =F13*G13+I13 -> 20.282916 | K13: =C13*$J13/'ADC NONAUTO MODEL'!$G$6 -> 0.28196169
A15: Incoming MMP (Bundles)
B16: APPS | C16: ='BUNDLE SORT'!$M$22*('COVERAGE FACTORS'!$E$30/('COVERAGE FACTORS'!$E$30+'COVERAGE FACTORS'!$E$32)) -> 226.23388 | D16: =PRODUCTIVITIES!$E$9 -> 236.2304 | E16: ='WAGE RATES'!$C$6 -> 50.107175 | F16: =E16*100/D16 -> 21.211146 | G16: =PIGGYBACKS!$B$5 -> 1.8052502 | H16: ='WAGE RATES'!$C$9 -> 0.97520312 | I16: =(H16-1)*F16 -> -0.52597017 | J16: =F16*G16+I16 -> 37.765456 | K16: =C16*$J16/'ADC NONAUTO MODEL'!$G$6 -> 0.85438256
B17: APBS / LIPS | C17: ='BUNDLE SORT'!$M$22*('COVERAGE FACTORS'!$E$32/('COVERAGE FACTORS'!$E$30+'COVERAGE FACTORS'!$E$32)) -> 273.47989 | D17: =PRODUCTIVITIES!$E$11 -> 181.33504 | E17: ='WAGE RATES'!$C$6 -> 50.107175 | F17: =E17*100/D17 -> 27.632373 | G17: =PIGGYBACKS!$B$6 -> 1.6056413 | H17: ='WAGE RATES'!$C$9 -> 0.97520312 | I17: =(H17-1)*F17 -> -0.68519655 | J17: =F17*G17+I17 -> 43.682481 | K17: =C17*$J17/'ADC NONAUTO MODEL'!$G$6 -> 1.194628
B18: Manual | C18: ='BUNDLE SORT'!$N$22 -> 0 | D18: =PRODUCTIVITIES!$E$13 -> 388.77899 | E18: ='WAGE RATES'!$C$6 -> 50.107175 | F18: =E18*100/D18 -> 12.888344 | G18: =PIGGYBACKS!$B$7 -> 1.5985379 | H18: ='WAGE RATES'!$C$9 -> 0.97520312 | I18: =(H18-1)*F18 -> -0.31959069 | J18: =F18*G18+I18 -> 20.282916 | K18: =C18*$J18/'ADC NONAUTO MODEL'!$G$6 -> 0
A20: Incoming Primary (Bundles)
B21: APPS | C21: ='BUNDLE SORT'!$Q$22*('COVERAGE FACTORS'!$E$30/('COVERAGE FACTORS'!$E$30+'COVERAGE FACTORS'!$E$32)) -> 84.719994 | D21: =PRODUCTIVITIES!$E$9 -> 236.2304 | E21: ='WAGE RATES'!$C$6 -> 50.107175 | F21: =E21*100/D21 -> 21.211146 | G21: =PIGGYBACKS!$B$5 -> 1.8052502 | H21: ='WAGE RATES'!$C$9 -> 0.97520312 | I21: =(H21-1)*F21 -> -0.52597017 | J21: =F21*G21+I21 -> 37.765456 | K21: =C21*$J21/'ADC NONAUTO MODEL'!$G$6 -> 0.31994892
B22: APBS / LIPS | C22: ='BUNDLE SORT'!$Q$22*('COVERAGE FACTORS'!$E$32/('COVERAGE FACTORS'!$E$30+'COVERAGE FACTORS'!$E$32)) -> 102.41267 | D22: =PRODUCTIVITIES!$E$11 -> 181.33504 | E22: ='WAGE RATES'!$C$6 -> 50.107175 | F22: =E22*100/D22 -> 27.632373 | G22: =PIGGYBACKS!$B$6 -> 1.6056413 | H22: ='WAGE RATES'!$C$9 -> 0.97520312 | I22: =(H22-1)*F22 -> -0.68519655 | J22: =F22*G22+I22 -> 43.682481 | K22: =C22*$J22/'ADC NONAUTO MODEL'!$G$6 -> 0.44736394
B23: Manual | C23: ='BUNDLE SORT'!$R$22 -> 5.3966929 | D23: =PRODUCTIVITIES!$E$14 -> 388.77899 | E23: ='WAGE RATES'!$C$6 -> 50.107175 | F23: =E23*100/D23 -> 12.888344 | G23: =PIGGYBACKS!$B$7 -> 1.5985379 | H23: ='WAGE RATES'!$C$9 -> 0.97520312 | I23: =(H23-1)*F23 -> -0.31959069 | J23: =F23*G23+I23 -> 20.282916 | K23: =C23*$J23/'ADC NONAUTO MODEL'!$G$6 -> 0.010946067
A25: Incoming Secondary (Bundles)
B26: APPS | C26: ='BUNDLE SORT'!$U$22*('COVERAGE FACTORS'!$E$30/('COVERAGE FACTORS'!$E$30+'COVERAGE FACTORS'!$E$32)) -> 0.002118956 | D26: =PRODUCTIVITIES!$E$9 -> 236.2304 | E26: ='WAGE RATES'!$C$6 -> 50.107175 | F26: =E26*100/D26 -> 21.211146 | G26: =PIGGYBACKS!$B$5 -> 1.8052502 | H26: ='WAGE RATES'!$C$9 -> 0.97520312 | I26: =(H26-1)*F26 -> -0.52597017 | J26: =F26*G26+I26 -> 37.765456 | K26: =C26*$J26/'ADC NONAUTO MODEL'!$G$6 -> 8.0023339e-06
B27: APBS / LIPS | C27: ='BUNDLE SORT'!$U$22*('COVERAGE FACTORS'!$E$32/('COVERAGE FACTORS'!$E$30+'COVERAGE FACTORS'!$E$32)) -> 0.0025614725 | D27: =PRODUCTIVITIES!$E$11 -> 181.33504 | E27: ='WAGE RATES'!$C$6 -> 50.107175 | F27: =E27*100/D27 -> 27.632373 | G27: =PIGGYBACKS!$B$6 -> 1.6056413 | H27: ='WAGE RATES'!$C$9 -> 0.97520312 | I27: =(H27-1)*F27 -> -0.68519655 | J27: =F27*G27+I27 -> 43.682481 | K27: =C27*$J27/'ADC NONAUTO MODEL'!$G$6 -> 1.1189147e-05
B28: Manual | C28: ='BUNDLE SORT'!$V$22 -> 0.46336242 | D28: =PRODUCTIVITIES!E15 -> 279.1383 | E28: ='WAGE RATES'!$C$6 -> 50.107175 | F28: =E28*100/D28 -> 17.950663 | G28: =PIGGYBACKS!$B$7 -> 1.5985379 | H28: ='WAGE RATES'!$C$9 -> 0.97520312 | I28: =(H28-1)*F28 -> -0.44512037 | J28: =F28*G28+I28 -> 28.249693 | K28: =C28*$J28/'ADC NONAUTO MODEL'!$G$6 -> 0.0013089846
A30: Outgoing Primary (Piece)
B31: AFSM100 Auto | C31: =SUM('ADC NONAUTO MODEL'!$B$25:$B$29) -> 12.899233 | D31: =PRODUCTIVITIES!$E$23*'COVERAGE FACTORS'!$E$24+PRODUCTIVITIES!$E$17*(1-'COVERAGE FACTORS'!$E$24) -> 1572.5271 | E31: ='WAGE RATES'!$C$6 -> 50.107175 | F31: =E31*100/D31 -> 3.1864109 | G31: =PIGGYBACKS!$B$8 -> 1.6305774 | H31: ='WAGE RATES'!$C$9 -> 0.97520312 | I31: =(H31-1)*F31 -> -0.07901304 | J31: =F31*G31+I31 -> 5.1166766 | K31: =C31*$J31/'ADC NONAUTO MODEL'!$G$6 -> 0.0066001206
B32: REC Keying | C32: =SUM('ADC NONAUTO MODEL'!$A$25:$A$29) -> 3.4013244 | D32: =PRODUCTIVITIES!$E$16 -> 888.01171 | E32: ='WAGE RATES'!$C$5 -> 54.14236 | F32: =E32*100/D32 -> 6.0970322 | G32: =PIGGYBACKS!$B$9 -> 1.2615773 | H32: ='WAGE RATES'!$C$9 -> 0.97520312 | I32: =(H32-1)*F32 -> -0.15118736 | J32: =F32*G32+I32 -> 7.5406902 | K32: =C32*$J32/'ADC NONAUTO MODEL'!$G$6 -> 0.0025648334
B33: UFSM1000 Auto | C33: =SUM('ADC NONAUTO MODEL'!$H$25:$H$29) -> 0 | D33: =PRODUCTIVITIES!$E$30 -> 1.0273269 | E33: ='WAGE RATES'!$C$6 -> 50.107175 | F33: =E33*100/D33 -> 4877.4324 | G33: =PIGGYBACKS!$B$10 -> 1.6305774 | H33: ='WAGE RATES'!$C$9 -> 0.97520312 | I33: =(H33-1)*F33 -> -120.94509 | J33: =F33*G33+I33 -> 7832.086 | K33: =C33*$J33/'ADC NONAUTO MODEL'!$G$6 -> 0
B34: UFSM1000 Keying | C34: =SUM('ADC NONAUTO MODEL'!$G$25:$G$29) -> 0 | D34: =PRODUCTIVITIES!$E$36 -> 1.0273269 | E34: ='WAGE RATES'!$C$6 -> 50.107175 | F34: =E34*100/D34 -> 4877.4324 | G34: =PIGGYBACKS!$B$10 -> 1.6305774 | H34: ='WAGE RATES'!$C$9 -> 0.97520312 | I34: =(H34-1)*F34 -> -120.94509 | J34: =F34*G34+I34 -> 7832.086 | K34: =C34*$J34/'ADC NONAUTO MODEL'!$G$6 -> 0
B35: Manual | C35: =SUM('ADC NONAUTO MODEL'!$M$25:$M$29) -> 0.81319489 | D35: =PRODUCTIVITIES!$E$42 -> 620.26372 | E35: ='WAGE RATES'!$C$6 -> 50.107175 | F35: =E35*100/D35 -> 8.0783662 | G35: =PIGGYBACKS!$B$12 -> 1.3622907 | H35: ='WAGE RATES'!$C$9 -> 0.97520312 | I35: =(H35-1)*F35 -> -0.20031825 | J35: =F35*G35+I35 -> 10.804765 | K35: =C35*$J35/'ADC NONAUTO MODEL'!$G$6 -> 0.00087863798
A37: Outgoing Secondary (Piece)
B38: AFSM100 Auto | C38: =SUM('ADC NONAUTO MODEL'!$B$38:$B$42) -> 1.5666016 | D38: =PRODUCTIVITIES!$E$24*'COVERAGE FACTORS'!$E$24+PRODUCTIVITIES!$E$18*(1-'COVERAGE FACTORS'!$E$24) -> 2267.7698 | E38: ='WAGE RATES'!$C$6 -> 50.107175 | F38: =E38*100/D38 -> 2.2095353 | G38: =PIGGYBACKS!$B$8 -> 1.6305774 | H38: ='WAGE RATES'!$C$9 -> 0.97520312 | I38: =(H38-1)*F38 -> -0.054789575 | J38: =F38*G38+I38 -> 3.5480288 | K38: =C38*$J38/'ADC NONAUTO MODEL'!$G$6 -> 0.00055583475
B39: REC Keying | C39: =SUM('ADC NONAUTO MODEL'!$A$38:$A$42) -> 0.096032141 | D39: =PRODUCTIVITIES!$E$16 -> 888.01171 | E39: ='WAGE RATES'!$C$5 -> 54.14236 | F39: =E39*100/D39 -> 6.0970322 | G39: =PIGGYBACKS!$B$9 -> 1.2615773 | H39: ='WAGE RATES'!$C$9 -> 0.97520312 | I39: =(H39-1)*F39 -> -0.15118736 | J39: =F39*G39+I39 -> 7.5406902 | K39: =C39*$J39/'ADC NONAUTO MODEL'!$G$6 -> 7.2414863e-05
B40: UFSM1000 Auto | C40: =SUM('ADC NONAUTO MODEL'!$H$38:$H$42) -> 0 | D40: =PRODUCTIVITIES!$E$31 -> 1.0273269 | E40: ='WAGE RATES'!$C$6 -> 50.107175 | F40: =E40*100/D40 -> 4877.4324 | G40: =PIGGYBACKS!$B$10 -> 1.6305774 | H40: ='WAGE RATES'!$C$9 -> 0.97520312 | I40: =(H40-1)*F40 -> -120.94509 | J40: =F40*G40+I40 -> 7832.086 | K40: =C40*$J40/'ADC NONAUTO MODEL'!$G$6 -> 0
B41: UFSM1000 Keying | C41: =SUM('ADC NONAUTO MODEL'!$G$38:$G$42) -> 0 | D41: =PRODUCTIVITIES!$E$37 -> 1.0273269 | E41: ='WAGE RATES'!$C$6 -> 50.107175 | F41: =E41*100/D41 -> 4877.4324 | G41: =PIGGYBACKS!$B$10 -> 1.6305774 | H41: ='WAGE RATES'!$C$9 -> 0.97520312 | I41: =(H41-1)*F41 -> -120.94509 | J41: =F41*G41+I41 -> 7832.086 | K41: =C41*$J41/'ADC NONAUTO MODEL'!$G$6 -> 0
B42: Manual | C42: =SUM('ADC NONAUTO MODEL'!$M$38:$M$42) -> 0.21797514 | D42: =PRODUCTIVITIES!$E$43 -> 490.62129 | E42: ='WAGE RATES'!$C$6 -> 50.107175 | F42: =E42*100/D42 -> 10.213005 | G42: =PIGGYBACKS!$B$12 -> 1.3622907 | H42: ='WAGE RATES'!$C$9 -> 0.97520312 | I42: =(H42-1)*F42 -> -0.25325062 | J42: =F42*G42+I42 -> 13.659831 | K42: =C42*$J42/'ADC NONAUTO MODEL'!$G$6 -> 0.00029775035
A44: Incoming MMP (Piece)
B45: AFSM100 Auto | C45: =SUM('ADC NONAUTO MODEL'!$B$53:$B$57) -> 3748.8246 | D45: =PRODUCTIVITIES!$E$25*'COVERAGE FACTORS'!$E$24+PRODUCTIVITIES!$E$19*(1-'COVERAGE FACTORS'!$E$24) -> 1572.9754 | E45: ='WAGE RATES'!$C$6 -> 50.107175 | F45: =E45*100/D45 -> 3.1855028 | G45: =PIGGYBACKS!$B$8 -> 1.6305774 | H45: ='WAGE RATES'!$C$9 -> 0.97520312 | I45: =(H45-1)*F45 -> -0.078990522 | J45: =F45*G45+I45 -> 5.1152184 | K45: =C45*$J45/'ADC NONAUTO MODEL'!$G$6 -> 1.9176057
B46: REC Keying | C46: =SUM('ADC NONAUTO MODEL'!$A$53:$A$57) -> 987.01428 | D46: =PRODUCTIVITIES!$E$16 -> 888.01171 | E46: ='WAGE RATES'!$C$5 -> 54.14236 | F46: =E46*100/D46 -> 6.0970322 | G46: =PIGGYBACKS!$B$9 -> 1.2615773 | H46: ='WAGE RATES'!$C$9 -> 0.97520312 | I46: =(H46-1)*F46 -> -0.15118736 | J46: =F46*G46+I46 -> 7.5406902 | K46: =C46*$J46/'ADC NONAUTO MODEL'!$G$6 -> 0.74427689
B47: UFSM1000 Auto | C47: =SUM('ADC NONAUTO MODEL'!$H$53:$H$57) -> 0 | D47: =PRODUCTIVITIES!$E$32 -> 1.0273269 | E47: ='WAGE RATES'!$C$6 -> 50.107175 | F47: =E47*100/D47 -> 4877.4324 | G47: =PIGGYBACKS!$B$10 -> 1.6305774 | H47: ='WAGE RATES'!$C$9 -> 0.97520312 | I47: =(H47-1)*F47 -> -120.94509 | J47: =F47*G47+I47 -> 7832.086 | K47: =C47*$J47/'ADC NONAUTO MODEL'!$G$6 -> 0
B48: UFSM1000 Keying | C48: =SUM('ADC NONAUTO MODEL'!$G$53:$G$57) -> 0 | D48: =PRODUCTIVITIES!$E$38 -> 1.0273269 | E48: ='WAGE RATES'!$C$6 -> 50.107175 | F48: =E48*100/D48 -> 4877.4324 | G48: =PIGGYBACKS!$B$10 -> 1.6305774 | H48: ='WAGE RATES'!$C$9 -> 0.97520312 | I48: =(H48-1)*F48 -> -120.94509 | J48: =F48*G48+I48 -> 7832.086 | K48: =C48*$J48/'ADC NONAUTO MODEL'!$G$6 -> 0
B49: Manual | C49: =SUM('ADC NONAUTO MODEL'!$M$53:$M$57) -> 349.39865 | D49: =PRODUCTIVITIES!$E$44 -> 692.96374 | E49: ='WAGE RATES'!$C$6 -> 50.107175 | F49: =E49*100/D49 -> 7.2308508 | G49: =PIGGYBACKS!$B$12 -> 1.3622907 | H49: ='WAGE RATES'!$C$9 -> 0.97520312 | I49: =(H49-1)*F49 -> -0.17930252 | J49: =F49*G49+I49 -> 9.6712185 | K49: =C49*$J49/'ADC NONAUTO MODEL'!$G$6 -> 0.33791107
A51: Incoming SCF (Piece)
B52: AFSM100 Auto | C52: =SUM('ADC NONAUTO MODEL'!$B$64:$B$68) -> 4918.5833 | D52: =PRODUCTIVITIES!$E$26*'COVERAGE FACTORS'!$E$24+PRODUCTIVITIES!$E$20*(1-'COVERAGE FACTORS'!$E$24) -> 2073.5492 | E52: ='WAGE RATES'!$C$6 -> 50.107175 | F52: =E52*100/D52 -> 2.4164932 | G52: =PIGGYBACKS!$B$8 -> 1.6305774 | H52: ='WAGE RATES'!$C$9 -> 0.97520312 | I52: =(H52-1)*F52 -> -0.059921485 | J52: =F52*G52+I52 -> 3.8803578 | K52: =C52*$J52/'ADC NONAUTO MODEL'!$G$6 -> 1.9085863
B53: REC Keying | C53: =SUM('ADC NONAUTO MODEL'!$A$64:$A$68) -> 1152.4551 | D53: =PRODUCTIVITIES!$E$16 -> 888.01171 | E53: ='WAGE RATES'!$C$5 -> 54.14236 | F53: =E53*100/D53 -> 6.0970322 | G53: =PIGGYBACKS!$B$9 -> 1.2615773 | H53: ='WAGE RATES'!$C$9 -> 0.97520312 | I53: =(H53-1)*F53 -> -0.15118736 | J53: =F53*G53+I53 -> 7.5406902 | K53: =C53*$J53/'ADC NONAUTO MODEL'!$G$6 -> 0.86903066
B54: UFSM1000 Auto | C54: =SUM('ADC NONAUTO MODEL'!$H$64:$H$68) -> 0 | D54: =PRODUCTIVITIES!$E$33 -> 1.0273269 | E54: ='WAGE RATES'!$C$6 -> 50.107175 | F54: =E54*100/D54 -> 4877.4324 | G54: =PIGGYBACKS!$B$10 -> 1.6305774 | H54: ='WAGE RATES'!$C$9 -> 0.97520312 | I54: =(H54-1)*F54 -> -120.94509 | J54: =F54*G54+I54 -> 7832.086 | K54: =C54*$J54/'ADC NONAUTO MODEL'!$G$6 -> 0
B55: UFSM1000 Keying | C55: =SUM('ADC NONAUTO MODEL'!$G$64:$G$68) -> 0 | D55: =PRODUCTIVITIES!$E$39 -> 1.0273269 | E55: ='WAGE RATES'!$C$6 -> 50.107175 | F55: =E55*100/D55 -> 4877.4324 | G55: =PIGGYBACKS!$B$10 -> 1.6305774 | H55: ='WAGE RATES'!$C$9 -> 0.97520312 | I55: =(H55-1)*F55 -> -120.94509 | J55: =F55*G55+I55 -> 7832.086 | K55: =C55*$J55/'ADC NONAUTO MODEL'!$G$6 -> 0
B56: Manual | C56: =SUM('ADC NONAUTO MODEL'!$M$64:$M$68) -> 425.19343 | D56: =PRODUCTIVITIES!$E$45 -> 600.65917 | E56: ='WAGE RATES'!$C$6 -> 50.107175 | F56: =E56*100/D56 -> 8.342031 | G56: =PIGGYBACKS!$B$12 -> 1.3622907 | H56: ='WAGE RATES'!$C$9 -> 0.97520312 | I56: =(H56-1)*F56 -> -0.20685632 | J56: =F56*G56+I56 -> 11.157415 | K56: =C56*$J56/'ADC NONAUTO MODEL'!$G$6 -> 0.47440597
A58: Incoming Primary (Piece)
B59: AFSM100 Auto | C59: =SUM('ADC NONAUTO MODEL'!$B$74:$B$78)+SUM('ADC NONAUTO MODEL'!$B$108:$B$112) -> 317.29812 | D59: =PRODUCTIVITIES!$E$27*'COVERAGE FACTORS'!$E$24+PRODUCTIVITIES!$E$21*(1-'COVERAGE FACTORS'!$E$24) -> 1117.4154 | E59: ='WAGE RATES'!$C$6 -> 50.107175 | F59: =E59*100/D59 -> 4.484203 | G59: =PIGGYBACKS!$B$8 -> 1.6305774 | H59: ='WAGE RATES'!$C$9 -> 0.97520312 | I59: =(H59-1)*F59 -> -0.11119423 | J59: =F59*G59+I59 -> 7.2006459 | K59: =C59*$J59/'ADC NONAUTO MODEL'!$G$6 -> 0.22847514
B60: REC Keying | C60: =SUM('ADC NONAUTO MODEL'!$A$74:$A$78)+SUM('ADC NONAUTO MODEL'!$A$108:$A$112) -> 19.450267 | D60: =PRODUCTIVITIES!$E$16 -> 888.01171 | E60: ='WAGE RATES'!$C$5 -> 54.14236 | F60: =E60*100/D60 -> 6.0970322 | G60: =PIGGYBACKS!$B$9 -> 1.2615773 | H60: ='WAGE RATES'!$C$9 -> 0.97520312 | I60: =(H60-1)*F60 -> -0.15118736 | J60: =F60*G60+I60 -> 7.5406902 | K60: =C60*$J60/'ADC NONAUTO MODEL'!$G$6 -> 0.014666843
B61: UFSM1000 Auto | C61: =SUM('ADC NONAUTO MODEL'!$H$74:$H$78) -> 0 | D61: =PRODUCTIVITIES!$E$34 -> 1.0273269 | E61: ='WAGE RATES'!$C$6 -> 50.107175 | F61: =E61*100/D61 -> 4877.4324 | G61: =PIGGYBACKS!$B$10 -> 1.6305774 | H61: ='WAGE RATES'!$C$9 -> 0.97520312 | I61: =(H61-1)*F61 -> -120.94509 | J61: =F61*G61+I61 -> 7832.086 | K61: =C61*$J61/'ADC NONAUTO MODEL'!$G$6 -> 0
B62: UFSM1000 Keying | C62: =SUM('ADC NONAUTO MODEL'!$G$74:$G$78) -> 0 | D62: =PRODUCTIVITIES!$E$40 -> 1.0273269 | E62: ='WAGE RATES'!$C$6 -> 50.107175 | F62: =E62*100/D62 -> 4877.4324 | G62: =PIGGYBACKS!$B$10 -> 1.6305774 | H62: ='WAGE RATES'!$C$9 -> 0.97520312 | I62: =(H62-1)*F62 -> -120.94509 | J62: =F62*G62+I62 -> 7832.086 | K62: =C62*$J62/'ADC NONAUTO MODEL'!$G$6 -> 0
B63: Manual | C63: =SUM('ADC NONAUTO MODEL'!$M$74:$M$78) -> 43.146475 | D63: =PRODUCTIVITIES!$E$46 -> 753.40918 | E63: ='WAGE RATES'!$C$6 -> 50.107175 | F63: =E63*100/D63 -> 6.6507253 | G63: =PIGGYBACKS!$B$12 -> 1.3622907 | H63: ='WAGE RATES'!$C$9 -> 0.97520312 | I63: =(H63-1)*F63 -> -0.16491722 | J63: =F63*G63+I63 -> 8.8953042 | K63: =C63*$J63/'ADC NONAUTO MODEL'!$G$6 -> 0.038380102
A65: Incoming Secondary (Piece)
B66: AFSM100 Auto | C66: =SUM('ADC NONAUTO MODEL'!$B$83:$B$87)+SUM('ADC NONAUTO MODEL'!$B$122:$B$126) -> 9029.7192 | D66: =PRODUCTIVITIES!$E$28*'COVERAGE FACTORS'!$E$24+PRODUCTIVITIES!$E$22*(1-'COVERAGE FACTORS'!$E$24) -> 1858.2572 | E66: ='WAGE RATES'!$C$6 -> 50.107175 | F66: =E66*100/D66 -> 2.6964606 | G66: =PIGGYBACKS!$B$8 -> 1.6305774 | H66: ='WAGE RATES'!$C$9 -> 0.97520312 | I66: =(H66-1)*F66 -> -0.066863803 | J66: =F66*G66+I66 -> 4.329924 | K66: =C66*$J66/'ADC NONAUTO MODEL'!$G$6 -> 3.9097998
B67: REC Keying | C67: =SUM('ADC NONAUTO MODEL'!$A$83:$A$87)+SUM('ADC NONAUTO MODEL'!$A$122:$A$126) -> 1016.861 | D67: =PRODUCTIVITIES!$E$16 -> 888.01171 | E67: ='WAGE RATES'!$C$5 -> 54.14236 | F67: =E67*100/D67 -> 6.0970322 | G67: =PIGGYBACKS!$B$9 -> 1.2615773 | H67: ='WAGE RATES'!$C$9 -> 0.97520312 | I67: =(H67-1)*F67 -> -0.15118736 | J67: =F67*G67+I67 -> 7.5406902 | K67: =C67*$J67/'ADC NONAUTO MODEL'!$G$6 -> 0.76678335
B68: UFSM1000 Auto | C68: =SUM('ADC NONAUTO MODEL'!$H$83:$H$87) -> 0 | D68: =PRODUCTIVITIES!$E$35 -> 1.0273269 | E68: ='WAGE RATES'!$C$6 -> 50.107175 | F68: =E68*100/D68 -> 4877.4324 | G68: =PIGGYBACKS!$B$10 -> 1.6305774 | H68: ='WAGE RATES'!$C$9 -> 0.97520312 | I68: =(H68-1)*F68 -> -120.94509 | J68: =F68*G68+I68 -> 7832.086 | K68: =C68*$J68/'ADC NONAUTO MODEL'!$G$6 -> 0
B69: UFSM1000 Keying | C69: =SUM('ADC NONAUTO MODEL'!$G$83:$G$87) -> 0 | D69: =PRODUCTIVITIES!$E$41 -> 1.0273269 | E69: ='WAGE RATES'!$C$6 -> 50.107175 | F69: =E69*100/D69 -> 4877.4324 | G69: =PIGGYBACKS!$B$10 -> 1.6305774 | H69: ='WAGE RATES'!$C$9 -> 0.97520312 | I69: =(H69-1)*F69 -> -120.94509 | J69: =F69*G69+I69 -> 7832.086 | K69: =C69*$J69/'ADC NONAUTO MODEL'!$G$6 -> 0
B70: Manual | C70: =SUM('ADC NONAUTO MODEL'!$M$83:$M$87) -> 1537.5963 | D70: =PRODUCTIVITIES!$E$47 -> 675.89316 | E70: ='WAGE RATES'!$C$6 -> 50.107175 | F70: =E70*100/D70 -> 7.4134756 | G70: =PIGGYBACKS!$B$12 -> 1.3622907 | H70: ='WAGE RATES'!$C$9 -> 0.97520312 | I70: =(H70-1)*F70 -> -0.18383104 | J70: =F70*G70+I70 -> 9.9154781 | K70: =C70*$J70/'ADC NONAUTO MODEL'!$G$6 -> 1.5246002
A72: FSS
B73: FSS | C73: 0 | D73: 0 | E73: 0 | F73: 0 | G73: 0 | H73: 0 | I73: 0 | J73: 0 | K73: 0
B74: REC Keying | C74: =SUM('ADC NONAUTO MODEL'!$A$95:$A$99) -> 0 | D74: =PRODUCTIVITIES!E16 -> 888.01171 | E74: ='WAGE RATES'!C5 -> 54.14236 | F74: =E74*100/D74 -> 6.0970322 | G74: =PIGGYBACKS!B9 -> 1.2615773 | H74: ='WAGE RATES'!$C$9 -> 0.97520312 | I74: =(H74-1)*F74 -> -0.15118736 | J74: =F74*G74+I74 -> 7.5406902 | K74: =C74*$J74/'ADC NONAUTO MODEL'!$G$6 -> 0
B76: Bundle Prep | C76: =SUM('ADC NONAUTO MODEL'!C54,'ADC NONAUTO MODEL'!I54,'ADC NONAUTO MODEL'!C65,'ADC NONAUTO MODEL'!C75,'ADC NONAUTO MODEL'!I75,'ADC NONAUTO MODEL'!C84,'ADC NONAUTO MODEL'!I84) -> 9927.6034 | D76: =PRODUCTIVITIES!$C$49*'FY VOLUME NONAUTO'!C62 -> 1445.3372 | E76: ='WAGE RATES'!$C$6 -> 50.107175 | F76: =E76*100/D76 -> 3.4668155 | G76: =PIGGYBACKS!$B$13 -> 1.6305774 | H76: ='WAGE RATES'!$C$9 -> 0.97520312 | I76: =(H76-1)*F76 -> -0.085966198 | J76: =F76*G76+I76 -> 5.5669449 | K76: =C76*$J76/'5D AUTO MODEL'!$G$6 -> 5.5266421
B77: Tub Prep | C77: =SUM(C31,C33,C34,C38,C40,C41,C45,C47,C48,C52,C54,C55,C59,C61,C62,C66,C68,C69)-C76 -> 8101.2876 | D77: =PRODUCTIVITIES!$C$50*PRODUCTIVITIES!$C$51 -> 2107.631 | E77: ='WAGE RATES'!$C$6 -> 50.107175 | F77: =E77*100/D77 -> 2.3774168 | G77: =PIGGYBACKS!$B$8 -> 1.6305774 | H77: ='WAGE RATES'!$C$9 -> 0.97520312 | I77: =(H77-1)*F77 -> -0.058952514 | J77: =F77*G77+I77 -> 3.8176097 | K77: =C77*$J77/'5D AUTO MODEL'!$G$6 -> 3.0927554
K78: ="(10)" -> (10)
J79: MODEL COST = | K79: =SUM(K11:K77) -> 24.475449
J80: FSM MODEL COST = | K80: =SUM(K31,K33,K34,K38,K40,K41,K45,K47,K48,K52,K54,K55,K59,K61,K62,K66,K68,K69,K76,K77) -> 16.59102
A83: ="(1)" -> (1) | B83: Values From Page 7 and 35 | F83: ="(6)" -> (6) | G83: Values From Page 32
A84: ="(2)" -> (2) | B84: Values From Page 31 | F84: ="(7)" -> (7) | G84: [ (6) - 1 ] * (4)
A85: ="(3)" -> (3) | B85: Values From Page 32 | F85: ="(8)" -> (8) | G85: (4) * (5) + (7)
A86: ="(4)" -> (4) | B86: [ (3) * (100 cents/dollar) ] / (2) | F86: ="(9)" -> (9) | G86: (1) * (8) / 10,000 Pieces
A87: ="(5)" -> (5) | B87: Values From Page 33 | F87: ="(10)" -> (10) | G87: Sum (9)

Sheet ADC NONAUTO MODEL
A1: ='ADC NONAUTO COST'!A1 -> ADC NONAUTO PRESORT
A2: MAIL FLOW MODEL
A6: PCS IN = | C6: =SUM(C11:C16)+SUM(G11:G16)+SUM(K11:K16)+SUM(O11:O16) -> 10000 | E6: PCS OUT = | G6: =D88+J88+O88+D100+D127 -> 10000
A10: PIECE ENTRY POINTS:
B11: BC Mach Out Prim | C11: 0 | F11: Non-BC Mach Out Prim | G11: ='ENTRY PROFILE'!K15 -> 12.759434 | J11: BC Nonmach Out Prim | K11: 0 | N11: Non-BC Nonmach Out Prim | O11: 0
B12: BC Mach Out Sec | C12: 0 | F12: Non-BC Mach Out Sec | G12: 0 | J12: BC Nonmach Out Sec | K12: 0 | N12: Non-BC Nonmach Out Sec | O12: 0
B13: BC Mach Inc MMP | C13: 0 | F13: Non-BC Mach Inc MMP | G13: ='ENTRY PROFILE'!L15+'ENTRY PROFILE'!O15+'ENTRY PROFILE'!O16+'ENTRY PROFILE'!O17+'ENTRY PROFILE'!O18+'ENTRY PROFILE'!P15+'ENTRY PROFILE'!P16 -> 3723.5958 | J13: BC Nonmach Inc MMP | K13: 0 | N13: Non-BC Nonmach Inc MMP | O13: 0
B14: BC Mach Inc SCF | C14: 0 | F14: Non-BC Mach Inc SCF | G14: ='ENTRY PROFILE'!P17+'ENTRY PROFILE'!S17+'ENTRY PROFILE'!S18+'ENTRY PROFILE'!S19+'ENTRY PROFILE'!S20+'ENTRY PROFILE'!S21+'ENTRY PROFILE'!T17+'ENTRY PROFILE'!T19+'ENTRY PROFILE'!T20 -> 3982.6648 | J14: BC Nonmach Inc SCF | K14: 0 | N14: Non-BC Nonmach Inc SCF | O14: 0
B15: BC Mach Inc Prim | C15: 0 | F15: Non-BC Mach Inc Prim | G15: 0 | J15: BC Nonmach Inc Prim | K15: 0 | N15: Non-BC Nonmach Inc Prim | O15: 0
B16: BC Mach Inc Sec | C16: 0 | F16: Non-BC Mach Inc sec | G16: ='ENTRY PROFILE'!P18+'ENTRY PROFILE'!T18+'ENTRY PROFILE'!T21+'ENTRY PROFILE'!W18+'ENTRY PROFILE'!W21+'ENTRY PROFILE'!X18+'ENTRY PROFILE'!X21 -> 2280.98 | J16: BC Nonmach Inc Sec | K16: 0 | N16: Non-BC Nonmach Inc sec | O16: 0
C21: MACHINABLE OUTGOING | L21: NONMACHINABLE OUTGOING
D23: =SUM(A25:A29)*(1-'ACCEPT RATES'!G14)+SUM(B25:B29)*SUM('ACCEPT RATES'!I14:J14) -> 0.79113893 | E23: Rejects | J23: =SUM(G25:G29)*(1-'ACCEPT RATES'!E19) -> 0 | K23: Rejects
A24: REC | B24: Out Prim AFSM100 | E24: Out Prim | G24: Keyed | H24: Out Prim UFSM1000 | K24: Out Prim | M24: Out Prim Manual
A25: =B25*(1-'ACCEPT RATES'!C14) -> 0 | B25: =C25*(1+'ACCEPT RATES'!F14) -> 0 | C25: =C11*('COVERAGE FACTORS'!E14+'COVERAGE FACTORS'!E18) -> 0 | E25: Manual | G25: =H25*(1-'ACCEPT RATES'!C19) -> 0 | H25: =I25 -> 0 | I25: =C11*'COVERAGE FACTORS'!E16 -> 0 | K25: Manual | M25: =N25 -> 0 | N25: =C11*'COVERAGE FACTORS'!E20 -> 0
A26: =B26*(1-'ACCEPT RATES'!D14) -> 3.4013244 | B26: =C26*(1+'ACCEPT RATES'!F14) -> 12.899233 | C26: =G11*('COVERAGE FACTORS'!E14+'COVERAGE FACTORS'!E18) -> 12.737379 | G26: =H26*(1-'ACCEPT RATES'!D19) -> 0 | H26: =I26 -> 0 | I26: =G11*'COVERAGE FACTORS'!E16 -> 0 | M26: =N26 -> 0.022055958 | N26: =G11*'COVERAGE FACTORS'!E20 -> 0.022055958
G27: =H27*(1-'ACCEPT RATES'!C19) -> 0 | H27: =I27 -> 0 | I27: =K11*('COVERAGE FACTORS'!E16+'COVERAGE FACTORS'!E18) -> 0 | M27: =N27 -> 0 | N27: =K11*(1-('COVERAGE FACTORS'!E16+'COVERAGE FACTORS'!E18)) -> 0
G28: =H28*(1-'ACCEPT RATES'!D19) -> 0 | H28: =I28 -> 0 | I28: =O11*('COVERAGE FACTORS'!E16+'COVERAGE FACTORS'!E18) -> 0 | M28: =N28 -> 0 | N28: =O11*(1-('COVERAGE FACTORS'!E16+'COVERAGE FACTORS'!E18)) -> 0
M29: =N29 -> 0.79113893 | N29: =D23+J23 -> 0.79113893
D30: =(SUM(C25:C29)-D23)*'PIECE DENSITIES'!C6 -> 1.529719 | E30: Out Sec Mach | J30: =(SUM(I25:I29)-J23)*'PIECE DENSITIES'!C11 -> 0 | K30: Out Sec Nonmach | O30: =SUM(N25:N29)*'PIECE DENSITIES'!C16 -> 0.072762832 | P30: Out Sec Manual
D31: =(SUM(C25:C29)-D23)*'PIECE DENSITIES'!D6 -> 6.1918451 | E31: Inc MMP Mach | J31: =(SUM(I25:I29)-J23)*'PIECE DENSITIES'!D11 -> 0 | K31: Inc MMP Nonmach | O31: =SUM(N25:N29)*'PIECE DENSITIES'!D16 -> 0.47218305 | P31: Inc MMP Manual
D32: =(SUM(C25:C29)-D23)*'PIECE DENSITIES'!E6 -> 3.3440362 | E32: Inc SCF Mach | J32: =(SUM(I25:I29)-J23)*'PIECE DENSITIES'!E11 -> 0 | K32: Inc SCF Nonmach | O32: =SUM(N25:N29)*'PIECE DENSITIES'!E16 -> 0.208021 | P32: Inc SCF Manual
D33: =(SUM(C25:C29)-D23)*'PIECE DENSITIES'!F6 -> 0.88063936 | E33: Inc Prim Mach | J33: =(SUM(I25:I29)-J23)*'PIECE DENSITIES'!F11 -> 0 | K33: Inc Prim Nonmach | O33: =SUM(N25:N29)*'PIECE DENSITIES'!F16 -> 0.060228007 | P33: Inc Prim Manual
D34: =(SUM(C25:C29)-D23)*'PIECE DENSITIES'!G6 -> 0 | E34: Inc Sec Mach | J34: =(SUM(I25:I29)-J23)*'PIECE DENSITIES'!G11 -> 0 | K34: Inc Sec Nonmach | O34: =SUM(N25:N29)*'PIECE DENSITIES'!G16 -> 0 | P34: Inc Sec Manual
D36: =SUM(A38:A42)*(1-'ACCEPT RATES'!G15)+SUM(B38:B42)*SUM('ACCEPT RATES'!I15:J15) -> 0.14521231 | E36: Rejects | J36: =SUM(G38:G42)*(1-'ACCEPT RATES'!E20) -> 0 | K36: Rejects
A37: REC | B37: Out Sec AFSM100 | E37: Out Sec | G37: Keyed | H37: Out Sec UFSM1000 | K37: Out Sec | M37: Out Sec Manual
A38: =B38*(1-'ACCEPT RATES'!C15) -> 0 | B38: =C38*(1+'ACCEPT RATES'!F15+'PIECE DENSITIES'!C7) -> 0 | C38: =C12*('COVERAGE FACTORS'!E14+'COVERAGE FACTORS'!E18) -> 0 | E38: Manual | G38: =H38*(1-'ACCEPT RATES'!C20) -> 0 | H38: =I38*(1+'PIECE DENSITIES'!C12) -> 0 | I38: =C12*'COVERAGE FACTORS'!E16 -> 0 | K38: Manual | M38: =N38 -> 0 | N38: =C12*'COVERAGE FACTORS'!E20 -> 0
A39: =B39*(1-'ACCEPT RATES'!D15) -> 0 | B39: =C39*(1+'ACCEPT RATES'!F15+'PIECE DENSITIES'!C7) -> 0 | C39: =G12*('COVERAGE FACTORS'!E14+'COVERAGE FACTORS'!E18) -> 0 | G39: =H39*(1-'ACCEPT RATES'!D20) -> 0 | H39: =I39*(1+'PIECE DENSITIES'!C12) -> 0 | I39: =G12*'COVERAGE FACTORS'!E16 -> 0 | M39: =N39 -> 0 | N39: =G12*'COVERAGE FACTORS'!E20 -> 0
G40: =H40*(1-'ACCEPT RATES'!C20) -> 0 | H40: =I40*(1+'PIECE DENSITIES'!C12) -> 0 | I40: =K12*('COVERAGE FACTORS'!E16+'COVERAGE FACTORS'!E18) -> 0 | M40: =N40 -> 0 | N40: =K12*(1-('COVERAGE FACTORS'!E16+'COVERAGE FACTORS'!E18)) -> 0
G41: =H41*(1-'ACCEPT RATES'!D20) -> 0 | H41: =I41*(1+'PIECE DENSITIES'!C12) -> 0 | I41: =O12*('COVERAGE FACTORS'!E16+'COVERAGE FACTORS'!E18) -> 0 | M41: =N41 -> 0 | N41: =O12*(1-('COVERAGE FACTORS'!E16+'COVERAGE FACTORS'!E18)) -> 0
A42: =B42*(1-'ACCEPT RATES'!C15) -> 0.096032141 | B42: =C42*(1+'ACCEPT RATES'!F15+'PIECE DENSITIES'!C7) -> 1.5666016 | C42: =D30 -> 1.529719 | G42: =IF(SUM(C11:C16)>0,H42*(1-'ACCEPT RATES'!C20),H42*(1-'ACCEPT RATES'!D20)) -> 0 | H42: =I42*(1+'PIECE DENSITIES'!C12) -> 0 | I42: =J30 -> 0 | M42: =N42 -> 0.21797514 | N42: =D36+J36+O30 -> 0.21797514
D43: =(SUM(C38:C42)-D36)*'PIECE DENSITIES'!D7 -> 1.1433169 | E43: Inc MMP Mach | J43: =(SUM(I38:I42)-J36)*'PIECE DENSITIES'!D12 -> 0 | K43: Inc MMP Nonmach | O43: =SUM(N38:N42)*'PIECE DENSITIES'!D17 -> 0.15429231 | P43: Inc MMP Manual
D44: =(SUM(C38:C42)-D36)*'PIECE DENSITIES'!E7 -> 0.095552251 | E44: Inc SCF Mach | J44: =(SUM(I38:I42)-J36)*'PIECE DENSITIES'!E12 -> 0 | K44: Inc SCF Nonmach | O44: =SUM(N38:N42)*'PIECE DENSITIES'!E17 -> 0.00067642865 | P44: Inc SCF Manual
D45: =(SUM(C38:C42)-D36)*'PIECE DENSITIES'!F7 -> 0.010178059 | E45: Inc Prim Mach | J45: =(SUM(I38:I42)-J36)*'PIECE DENSITIES'!F12 -> 0 | K45: Inc Prim Nonmach | O45: =SUM(N38:N42)*'PIECE DENSITIES'!F17 -> 0.0043302086 | P45: Inc Prim Manual
D46: =(SUM(C38:C42)-D36)*'PIECE DENSITIES'!G7 -> 0.1354595 | E46: Inc Sec Mach | J46: =(SUM(I38:I42)-J36)*'PIECE DENSITIES'!G12 -> 0 | K46: Inc Sec Nonmach | O46: =SUM(N38:N42)*'PIECE DENSITIES'!G17 -> 0.058676191 | P46: Inc Sec Manual
C49: MACHINABLE INCOMING | L49: NONMACHINABLE INCOMING
D51: =SUM(A53:A57)*(1-'ACCEPT RATES'!G16)+SUM(B53:B57)*SUM('ACCEPT RATES'!I16:J16) -> 326.49354 | E51: Rejects | J51: =SUM(G53:G57)*(1-'ACCEPT RATES'!E21) -> 0 | K51: Rejects
A52: REC | B52: Inc MMP AFSM100 | E52: Inc MMP | G52: Keyed | H52: Inc MMP UFSM1000 | K52: Inc MMP | M52: Inc MMP Manual
A53: =B53*(1-'ACCEPT RATES'!C16) -> 0 | B53: =C53*(1+'ACCEPT RATES'!F16+'PIECE DENSITIES'!D8) -> 0 | C53: =C13*('COVERAGE FACTORS'!E38+'COVERAGE FACTORS'!E42) -> 0 | E53: Manual | G53: =H53*(1-'ACCEPT RATES'!C21) -> 0 | H53: =I53*(1+'PIECE DENSITIES'!D13) -> 0 | I53: =C13*'COVERAGE FACTORS'!E40 -> 0 | K53: Manual | M53: =N53 -> 0 | N53: =C13*'COVERAGE FACTORS'!E44 -> 0
A54: =B54*(1-'ACCEPT RATES'!D16) -> 986.56248 | B54: =C54*(1+'ACCEPT RATES'!F16+'PIECE DENSITIES'!D8) -> 3741.4542 | C54: =G13*('COVERAGE FACTORS'!E38+'COVERAGE FACTORS'!E42) -> 3701.361 | G54: =H54*(1-'ACCEPT RATES'!D21) -> 0 | H54: =I54*(1+'PIECE DENSITIES'!D13) -> 0 | I54: =G13*'COVERAGE FACTORS'!E40 -> 0 | M54: =N54 -> 22.234832 | N54: =G13*'COVERAGE FACTORS'!E44 -> 22.234832
G55: =H55*(1-'ACCEPT RATES'!C21) -> 0 | H55: =I55*(1+'PIECE DENSITIES'!D13) -> 0 | I55: =K13*('COVERAGE FACTORS'!E40+'COVERAGE FACTORS'!E42) -> 0 | M55: =N55 -> 0 | N55: =K13*(1-('COVERAGE FACTORS'!E40+'COVERAGE FACTORS'!E42)) -> 0
G56: =H56*(1-'ACCEPT RATES'!D21) -> 0 | H56: =I56*(1+'PIECE DENSITIES'!D13) -> 0 | I56: =O13*('COVERAGE FACTORS'!E40+'COVERAGE FACTORS'!E42) -> 0 | M56: =N56 -> 0 | N56: =O13*(1-('COVERAGE FACTORS'!E40+'COVERAGE FACTORS'!E42)) -> 0
A57: =B57*(1-'ACCEPT RATES'!C16) -> 0.45179941 | B57: =C57*(1+'ACCEPT RATES'!F16+'PIECE DENSITIES'!D8) -> 7.3703415 | C57: =(D31+D43)*('COVERAGE FACTORS'!E38+'COVERAGE FACTORS'!E42) -> 7.2913612 | G57: =IF(SUM(C11:C16)>0,H57*(1-'ACCEPT RATES'!C21),H57*(1-'ACCEPT RATES'!D21)) -> 0 | H57: =I57*(1+'PIECE DENSITIES'!D13) -> 0 | I57: =(D31+D43)*'COVERAGE FACTORS'!E40+(J31+J43)*('COVERAGE FACTORS'!E40+'COVERAGE FACTORS'!E42) -> 0 | M57: =N57 -> 327.16382 | N57: =D51+J51+O31+O43+(D31+D43)*'COVERAGE FACTORS'!E44+(J31+J43)*(1-('COVERAGE FACTORS'!E40+'COVERAGE FACTORS'!E42)) -> 327.16382
D58: =(SUM(C53:C57)-D51)*'PIECE DENSITIES'!E8 -> 672.8492 | E58: Inc SCF Mach | J58: =(SUM(I53:I57)-J51)*'PIECE DENSITIES'!E13 -> 0 | K58: Inc SCF Nonmach | O58: =SUM(N53:N57)*'PIECE DENSITIES'!E18 -> 92.333439 | P58: Inc SCF Manual
D59: =(SUM(C53:C57)-D51)*'PIECE DENSITIES'!F8 -> 218.45037 | E59: Inc Prim Mach | J59: =(SUM(I53:I57)-J51)*'PIECE DENSITIES'!F13 -> 0 | K59: Inc Prim Nonmach | O59: =SUM(N53:N57)*'PIECE DENSITIES'!F18 -> 14.491918 | P59: Inc Prim Manual
D60: =(SUM(C53:C57)-D51)*'PIECE DENSITIES'!G8 -> 2490.8592 | E60: Inc Sec Mach | J60: =(SUM(I53:I57)-J51)*'PIECE DENSITIES'!G13 -> 0 | K60: Inc Sec Nonmach | O60: =SUM(N53:N57)*'PIECE DENSITIES'!G18 -> 242.57329 | P60: Inc Sec Manual
D62: =SUM(A64:A68)*(1-'ACCEPT RATES'!G17)+SUM(B64:B68)*SUM('ACCEPT RATES'!I17:J17) -> 304.83113 | E62: Rejects | J62: =SUM(G64:G68)*(1-'ACCEPT RATES'!E22) -> 0 | K62: Rejects
A63: REC | B63: Inc SCF AFSM100 | E63: Inc SCF | G63: Keyed | H63: Inc SCF UFSM1000 | K63: Inc SCF | M63: Inc SCF Manual
A64: =B64*(1-'ACCEPT RATES'!C17) -> 0 | B64: =C64*(1+'ACCEPT RATES'!F17+'PIECE DENSITIES'!E9) -> 0 | C64: =C14*('COVERAGE FACTORS'!E38+'COVERAGE FACTORS'!E42) -> 0 | E64: Manual | G64: =H64*(1-'ACCEPT RATES'!C22) -> 0 | H64: =I64*(1+'PIECE DENSITIES'!E14) -> 0 | I64: =C14*'COVERAGE FACTORS'!E40 -> 0 | K64: Manual | M64: =N64 -> 0 | N64: =C14*'COVERAGE FACTORS'!E44 -> 0
A65: =B65*(1-'ACCEPT RATES'!D17) -> 1108.6885 | B65: =C65*(1+'ACCEPT RATES'!F17+'PIECE DENSITIES'!E9) -> 4204.6069 | C65: =G14*('COVERAGE FACTORS'!E38+'COVERAGE FACTORS'!E42) -> 3958.883 | G65: =H65*(1-'ACCEPT RATES'!D22) -> 0 | H65: =I65*(1+'PIECE DENSITIES'!E14) -> 0 | I65: =G14*'COVERAGE FACTORS'!E40 -> 0 | M65: =N65 -> 23.781819 | N65: =G14*'COVERAGE FACTORS'!E44 -> 23.781819
G66: =H66*(1-'ACCEPT RATES'!C22) -> 0 | H66: =I66*(1+'PIECE DENSITIES'!E14) -> 0 | I66: =K14*('COVERAGE FACTORS'!E40+'COVERAGE FACTORS'!E42) -> 0 | M66: =N66 -> 0 | N66: =K14*(1-('COVERAGE FACTORS'!E40+'COVERAGE FACTORS'!E42)) -> 0
G67: =H67*(1-'ACCEPT RATES'!D22) -> 0 | H67: =I67*(1+'PIECE DENSITIES'!E14) -> 0 | I67: =O14*('COVERAGE FACTORS'!E40+'COVERAGE FACTORS'!E42) -> 0 | M67: =N67 -> 0 | N67: =O14*(1-('COVERAGE FACTORS'!E40+'COVERAGE FACTORS'!E42)) -> 0
A68: =B68*(1-'ACCEPT RATES'!C17) -> 43.766507 | B68: =C68*(1+'ACCEPT RATES'!F17+'PIECE DENSITIES'!E9) -> 713.97637 | C68: =(D32+D44+D58)*('COVERAGE FACTORS'!E38+'COVERAGE FACTORS'!E42) -> 672.25044 | G68: =IF(SUM(C11:C16)>0, H68*(1-'ACCEPT RATES'!C22),H68*(1-'ACCEPT RATES'!D22)) -> 0 | H68: =I68*(1+'PIECE DENSITIES'!E14) -> 0 | I68: =(D32+D44+D58)*'COVERAGE FACTORS'!E40+(J32+J44+J58)*('COVERAGE FACTORS'!E40+'COVERAGE FACTORS'!E42) -> 0 | M68: =N68 -> 401.41161 | N68: =D62+J62+O32+O44+O58+(D32+D44+D58)*'COVERAGE FACTORS'!E44+(J32+J44+J58)*(1-('COVERAGE FACTORS'!E40+'COVERAGE FACTORS'!E42)) -> 401.41161
D69: =(SUM(C64:C68)-D62)*'PIECE DENSITIES'!F9 -> 96.78791 | E69: Inc Prim Mach | J69: =(SUM(I64:I68)-J62)*'PIECE DENSITIES'!F14 -> 0 | K69: Inc Prim Nonmach | O69: =SUM(N64:N68)*'PIECE DENSITIES'!F19 -> 10.998831 | P69: Inc Prim Manual
D70: =(SUM(C64:C68)-D62)*'PIECE DENSITIES'!G9 -> 4229.5144 | E70: Inc Sec Mach | J70: =(SUM(I64:I68)-J62)*'PIECE DENSITIES'!G14 -> 0 | K70: Inc Sec Nonmach | O70: =SUM(N64:N68)*'PIECE DENSITIES'!G19 -> 414.1946 | P70: Inc Sec Manual
D72: =SUM(A74:A78)*(1-'ACCEPT RATES'!G17)+SUM(B74:B78)*SUM('ACCEPT RATES'!I17:J17) -> 15.703457 | E72: Rejects | J72: =SUM(G74:G78)*(1-'ACCEPT RATES'!E22) -> 0 | K72: Rejects
A73: REC | B73: Inc Prim AFSM100 | E73: Inc Prim | G73: Keyed | H73: Inc Prim UFSM1000 | K73: Inc Prim | M73: Inc Prim Manual
A74: =B74*(1-'ACCEPT RATES'!C17) -> 0 | B74: =C74*(1+'ACCEPT RATES'!F17) -> 0 | C74: =C15*('COVERAGE FACTORS'!E38+'COVERAGE FACTORS'!E42) -> 0 | E74: Manual | G74: =H74*(1-'ACCEPT RATES'!C22) -> 0 | H74: =I74 -> 0 | I74: =C15*'COVERAGE FACTORS'!E40 -> 0 | K74: Manual | M74: =N74 -> 0 | N74: =C15*'COVERAGE FACTORS'!E44 -> 0
A75: =B75*(1-'ACCEPT RATES'!D17) -> 0 | B75: =C75*(1+'ACCEPT RATES'!F17) -> 0 | C75: =G15*('COVERAGE FACTORS'!E38+'COVERAGE FACTORS'!E42) -> 0 | G75: =H75*(1-'ACCEPT RATES'!D22) -> 0 | H75: =I75 -> 0 | I75: =G15*'COVERAGE FACTORS'!E40 -> 0 | M75: =N75 -> 0 | N75: =G15*'COVERAGE FACTORS'!E44 -> 0
G76: =H76*(1-'ACCEPT RATES'!C22) -> 0 | H76: =I76 -> 0 | I76: =K15*('COVERAGE FACTORS'!E40+'COVERAGE FACTORS'!E42) -> 0 | M76: =N76 -> 0 | N76: =K15*(1-('COVERAGE FACTORS'!E40+'COVERAGE FACTORS'!E42)) -> 0
G77: =H77*(1-'ACCEPT RATES'!D22) -> 0 | H77: =I77 -> 0 | I77: =O15*('COVERAGE FACTORS'!E40+'COVERAGE FACTORS'!E42) -> 0 | M77: =N77 -> 0 | N77: =O15*(1-('COVERAGE FACTORS'!E40+'COVERAGE FACTORS'!E42)) -> 0
A78: =B78*(1-'ACCEPT RATES'!C17) -> 19.450267 | B78: =C78*(1+'ACCEPT RATES'!F17) -> 317.29812 | C78: =(D33+D45+D59+D69)*('COVERAGE FACTORS'!E38+'COVERAGE FACTORS'!E42) -> 314.24139 | G78: =IF(SUM(C11:C16)>0,H78*(1-'ACCEPT RATES'!C22),H78*(1-'ACCEPT RATES'!D22)) -> 0 | H78: =I78 -> 0 | I78: =(D33+D45+D59+D69)*'COVERAGE FACTORS'!E40+(J33+J45+J59+J69)*('COVERAGE FACTORS'!E40+'COVERAGE FACTORS'!E42) -> 0 | M78: =N78 -> 43.146475 | N78: =D72+J72+O33+O45+O59+O69+(D33+D45+D59+D69)*'COVERAGE FACTORS'!E44+(J33+J45+J59+J69)*(1-('COVERAGE FACTORS'!E40+'COVERAGE FACTORS'!E42))+D106 -> 43.146475
D79: =SUM(C74:C78)-D72 -> 298.53793 | E79: Inc Sec Mach | J79: =SUM(I74:I78)-J72 -> 0 | K79: Inc Sec Nonmach | O79: =SUM(N74:N78) -> 43.146475 | P79: Inc Sec Manual
D81: =SUM(A83:A87)*(1-'ACCEPT RATES'!G17)+SUM(B83:B87)*SUM('ACCEPT RATES'!I17:J17) -> 480.32634 | E81: Rejects | J81: =I85*(1-'ACCEPT RATES'!C22) -> 0 | K81: Rejects
A82: REC | B82: Inc Sec AFSM100 | E82: Inc Sec | G82: Keyed | H82: Inc Sec UFSM1000 | K82: Inc Sec | M82: Inc Sec Manual
A83: =B83*(1-'ACCEPT RATES'!C17) -> 0 | B83: =C83*(1+'ACCEPT RATES'!F17) -> 0 | C83: =C16*('COVERAGE FACTORS'!E54+'COVERAGE FACTORS'!E58) -> 0 | E83: Manual | G83: 0 | H83: =I83 -> 0 | I83: =C16*'COVERAGE FACTORS'!E56 -> 0 | K83: Manual | M83: =N83 -> 0 | N83: =C16*'COVERAGE FACTORS'!E60 -> 0
A84: =B84*(1-'ACCEPT RATES'!D17) -> 603.68261 | B84: =C84*(1+'ACCEPT RATES'!F17) -> 2289.4149 | C84: =G16*('COVERAGE FACTORS'!E54+'COVERAGE FACTORS'!E58+(1-'COVERAGE FACTORS'!B119)*'COVERAGE FACTORS'!E52) -> 2267.3595 | G84: 0 | H84: =I84 -> 0 | I84: =G16*'COVERAGE FACTORS'!E56 -> 0 | M84: =N84 -> 13.620492 | N84: =G16*'COVERAGE FACTORS'!E60 -> 13.620492
G85: 0 | H85: =I85 -> 0 | I85: =K16*('COVERAGE FACTORS'!E56+'COVERAGE FACTORS'!E58) -> 0 | M85: =N85 -> 0 | N85: =K16*(1-('COVERAGE FACTORS'!E56+'COVERAGE FACTORS'!E58+'COVERAGE FACTORS'!E52)) -> 0
G86: 0 | H86: =I86 -> 0 | I86: =O16*('COVERAGE FACTORS'!E56+'COVERAGE FACTORS'!E58) -> 0 | M86: =N86 -> 0 | N86: =O16*(1-('COVERAGE FACTORS'!E56+'COVERAGE FACTORS'!E58+'COVERAGE FACTORS'!E52)) -> 0
A87: =B87*(1-'ACCEPT RATES'!C17) -> 413.17835 | B87: =C87*(1+'ACCEPT RATES'!F17) -> 6740.3043 | C87: =(D34+D46+D60+D70+D79)*('COVERAGE FACTORS'!E54+'COVERAGE FACTORS'!E58+(1-'COVERAGE FACTORS'!B119)*'COVERAGE FACTORS'!E52)*'COVERAGE FACTORS'!E104 -> 6675.3706 | G87: 0 | H87: =I87 -> 0 | I87: =(D34+D46+D60+D70+D79)*'COVERAGE FACTORS'!E56*'COVERAGE FACTORS'!E104+(J34+J46+J60+J70+J79)*('COVERAGE FACTORS'!E56+'COVERAGE FACTORS'!E58)*'COVERAGE FACTORS'!E104 -> 0 | M87: =N87 -> 1523.9758 | N87: =D81+J81+(O34+O46+O60+O70+O79)+(D34+D46+D60+D70+D79)*'COVERAGE FACTORS'!E106+(J34+J46+J60+J70+J79)*(1-('COVERAGE FACTORS'!E56+'COVERAGE FACTORS'!E58)*'COVERAGE FACTORS'!E104)+D120 -> 1523.9758
D88: =SUM(C83:C87)-D81 -> 8462.4037 | J88: =SUM(I83:I87)-J81 -> 0 | O88: =SUM(N83:N87) -> 1537.5963
D89: Finalized to Carrier Route | J89: Finalized to Carrier Route | O89: Finalized to Carrier Route
D91: Rejects
D92: IS | E92: IP
D93: =SUM(A95:A99)*(1-'ACCEPT RATES'!G24)+SUM(B95:B99)*'ACCEPT RATES'!J24 -> 0 | E93: =SUM(B95:B99)*'ACCEPT RATES'!I24 -> 0
A94: REC | B94: FSS
A95: =B95*(1-'ACCEPT RATES'!C24) -> 0 | B95: =C95*(1+'ACCEPT RATES'!F17) -> 0 | C95: =C16*'COVERAGE FACTORS'!E52 -> 0
A96: =B96*(1-'ACCEPT RATES'!D24) -> 0 | B96: =C96*(1+'ACCEPT RATES'!F17) -> 0 | C96: =G16*'COVERAGE FACTORS'!E52*'COVERAGE FACTORS'!B119 -> 0
A97: =B97*(1-'ACCEPT RATES'!C24) -> 0 | B97: =C97*(1+'ACCEPT RATES'!F17) -> 0 | C97: =K16*'COVERAGE FACTORS'!E52 -> 0
A98: =B98*(1-'ACCEPT RATES'!D24) -> 0 | B98: =C98*(1+'ACCEPT RATES'!F17) -> 0 | C98: =O16*'COVERAGE FACTORS'!E52 -> 0
A99: =B99*(1-'ACCEPT RATES'!C24) -> 0 | B99: =C99*(1+'ACCEPT RATES'!F17) -> 0 | C99: =(D16+D34+D46+D60+D70+D79)*'COVERAGE FACTORS'!E52*'COVERAGE FACTORS'!B119*'COVERAGE FACTORS'!E104+D114 -> 0
D100: =SUM(C95:C99)-D93-E93 -> 0
D101: Finalized to DPS
D106: =A112*(1-'ACCEPT RATES'!G17)+B112*('ACCEPT RATES'!I17+'ACCEPT RATES'!J17) -> 0 | E106: Rejects | G106: This section of the model requires the iterative calculation function within Excel to be enabled. An iterative process is used to account for the flow of FSS out-of-scheme rejects. FSS out-of-scheme rejects flow upstream to Incoming Primary (IP) operations where they are sorted to the correct scheme. If the correct scheme is worked on the FSS the piece will flow downstream to the FSS operation, this creates the iterative flow within the model.
A107: REC | B107: Inc Prim AFSM100 - FSS Reject | E107: Inc Prim
E108: Manual
A112: =B112*(1-'ACCEPT RATES'!$C$17) -> 0 | B112: =C112*(1+'ACCEPT RATES'!$F$17) -> 0 | C112: =E93 -> 0
D113: =($C$112-$D$106)*(1-'COVERAGE FACTORS'!$E$80) -> 0 | E113: Inc Sec Mach
D114: =($C$112-$D$106)*'COVERAGE FACTORS'!$E$80 -> 0 | E114: FSS
D120: =A126*'ACCEPT RATES'!H17+B126*('ACCEPT RATES'!I17+'ACCEPT RATES'!J17) -> 0 | E120: Rejects
A121: REC | B121: Inc Sec AFSM100 - FSS Reject | E121: Inc Sec
E122: Manual
A126: =B126*(1-'ACCEPT RATES'!$C$17) -> 0 | B126: =C126*(1+'ACCEPT RATES'!$F$17) -> 0 | C126: =$D$93+$D$113 -> 0
D127: =C126-D120 -> 0
D128: Finalized to Carrier Route

Sheet 3D NONAUTO COST
A1: 3-DIGIT NONAUTO PRESORT
A2: COST SHEET
C4: ="(1)" -> (1) | D4: ="(2)" -> (2) | E4: (3) | F4: ="(4)" -> (4) | G4: ="(5)" -> (5) | H4: ="(6)" -> (6) | I4: ="(7)" -> (7) | J4: ="(8)" -> (8) | K4: ="(9)" -> (9)
D6: Bundles | F6: Direct | H6: Premium | I6: Premium | J6: Total | K6: Weighted
D7: or Pieces | E7: Wage | F7: Cents | G7: Piggyback | H7: Pay | I7: Pay | J7: Cents | K7: Cents
A8: Operation | C8: Volume | D8: Per Hour | E8: Rate | F8: Per Piece | G8: Factor | H8: Factor | I8: Adjust | J8: Per Piece | K8: Per Piece
A10: Outgoing Primary (Bundles)
B11: APPS | C11: ='BUNDLE SORT'!$I$31*('COVERAGE FACTORS'!$E$6/('COVERAGE FACTORS'!$E$6+'COVERAGE FACTORS'!$E$8)) -> 0 | D11: =PRODUCTIVITIES!$E$8 -> 206.82029 | E11: ='WAGE RATES'!$C$6 -> 50.107175 | F11: =E11*100/D11 -> 24.227398 | G11: =PIGGYBACKS!$B$5 -> 1.8052502 | H11: ='WAGE RATES'!$C$9 -> 0.97520312 | I11: =(H11-1)*F11 -> -0.60076381 | J11: =F11*G11+I11 -> 43.135752 | K11: =C11*$J11/'3D NONAUTO MODEL'!$G$6 -> 0
B12: APBS / LIPS | C12: ='BUNDLE SORT'!$I$31*('COVERAGE FACTORS'!$E$8/('COVERAGE FACTORS'!$E$6+'COVERAGE FACTORS'!$E$8)) -> 0 | D12: =PRODUCTIVITIES!$E$10 -> 218.50114 | E12: ='WAGE RATES'!$C$6 -> 50.107175 | F12: =E12*100/D12 -> 22.932226 | G12: =PIGGYBACKS!$B$6 -> 1.6056413 | H12: ='WAGE RATES'!$C$9 -> 0.97520312 | I12: =(H12-1)*F12 -> -0.56864758 | J12: =F12*G12+I12 -> 36.25228 | K12: =C12*$J12/'3D NONAUTO MODEL'!$G$6 -> 0
B13: Manual | C13: ='BUNDLE SORT'!$J$31 -> 43.487454 | D13: =PRODUCTIVITIES!$E$12 -> 388.77899 | E13: ='WAGE RATES'!$C$6 -> 50.107175 | F13: =E13*100/D13 -> 12.888344 | G13: =PIGGYBACKS!$B$7 -> 1.5985379 | H13: ='WAGE RATES'!$C$9 -> 0.97520312 | I13: =(H13-1)*F13 -> -0.31959069 | J13: =F13*G13+I13 -> 20.282916 | K13: =C13*$J13/'3D NONAUTO MODEL'!$G$6 -> 0.088205237
A15: Incoming MMP (Bundles)
B16: APPS | C16: ='BUNDLE SORT'!$M$31*('COVERAGE FACTORS'!$E$30/('COVERAGE FACTORS'!$E$30+'COVERAGE FACTORS'!$E$32)) -> 36.080739 | D16: =PRODUCTIVITIES!$E$9 -> 236.2304 | E16: ='WAGE RATES'!$C$6 -> 50.107175 | F16: =E16*100/D16 -> 21.211146 | G16: =PIGGYBACKS!$B$5 -> 1.8052502 | H16: ='WAGE RATES'!$C$9 -> 0.97520312 | I16: =(H16-1)*F16 -> -0.52597017 | J16: =F16*G16+I16 -> 37.765456 | K16: =C16*$J16/'3D NONAUTO MODEL'!$G$6 -> 0.13626056
B17: APBS / LIPS | C17: ='BUNDLE SORT'!$M$31*('COVERAGE FACTORS'!$E$32/('COVERAGE FACTORS'!$E$30+'COVERAGE FACTORS'!$E$32)) -> 43.615734 | D17: =PRODUCTIVITIES!$E$11 -> 181.33504 | E17: ='WAGE RATES'!$C$6 -> 50.107175 | F17: =E17*100/D17 -> 27.632373 | G17: =PIGGYBACKS!$B$6 -> 1.6056413 | H17: ='WAGE RATES'!$C$9 -> 0.97520312 | I17: =(H17-1)*F17 -> -0.68519655 | J17: =F17*G17+I17 -> 43.682481 | K17: =C17*$J17/'3D NONAUTO MODEL'!$G$6 -> 0.19052435
B18: Manual | C18: ='BUNDLE SORT'!$N$31 -> 0 | D18: =PRODUCTIVITIES!$E$13 -> 388.77899 | E18: ='WAGE RATES'!$C$6 -> 50.107175 | F18: =E18*100/D18 -> 12.888344 | G18: =PIGGYBACKS!$B$7 -> 1.5985379 | H18: ='WAGE RATES'!$C$9 -> 0.97520312 | I18: =(H18-1)*F18 -> -0.31959069 | J18: =F18*G18+I18 -> 20.282916 | K18: =C18*$J18/'3D NONAUTO MODEL'!$G$6 -> 0
A20: Incoming Primary (Bundles)
B21: APPS | C21: ='BUNDLE SORT'!$Q$31*('COVERAGE FACTORS'!$E$30/('COVERAGE FACTORS'!$E$30+'COVERAGE FACTORS'!$E$32)) -> 154.19594 | D21: =PRODUCTIVITIES!$E$9 -> 236.2304 | E21: ='WAGE RATES'!$C$6 -> 50.107175 | F21: =E21*100/D21 -> 21.211146 | G21: =PIGGYBACKS!$B$5 -> 1.8052502 | H21: ='WAGE RATES'!$C$9 -> 0.97520312 | I21: =(H21-1)*F21 -> -0.52597017 | J21: =F21*G21+I21 -> 37.765456 | K21: =C21*$J21/'3D NONAUTO MODEL'!$G$6 -> 0.582328
B22: APBS / LIPS | C22: ='BUNDLE SORT'!$Q$31*('COVERAGE FACTORS'!$E$32/('COVERAGE FACTORS'!$E$30+'COVERAGE FACTORS'!$E$32)) -> 186.39776 | D22: =PRODUCTIVITIES!$E$11 -> 181.33504 | E22: ='WAGE RATES'!$C$6 -> 50.107175 | F22: =E22*100/D22 -> 27.632373 | G22: =PIGGYBACKS!$B$6 -> 1.6056413 | H22: ='WAGE RATES'!$C$9 -> 0.97520312 | I22: =(H22-1)*F22 -> -0.68519655 | J22: =F22*G22+I22 -> 43.682481 | K22: =C22*$J22/'3D NONAUTO MODEL'!$G$6 -> 0.81423168
B23: Manual | C23: ='BUNDLE SORT'!$R$31 -> 9.8223347 | D23: =PRODUCTIVITIES!$E$14 -> 388.77899 | E23: ='WAGE RATES'!$C$6 -> 50.107175 | F23: =E23*100/D23 -> 12.888344 | G23: =PIGGYBACKS!$B$7 -> 1.5985379 | H23: ='WAGE RATES'!$C$9 -> 0.97520312 | I23: =(H23-1)*F23 -> -0.31959069 | J23: =F23*G23+I23 -> 20.282916 | K23: =C23*$J23/'3D NONAUTO MODEL'!$G$6 -> 0.019922559
A25: Incoming Secondary (Bundles)
B26: APPS | C26: ='BUNDLE SORT'!$U$31*('COVERAGE FACTORS'!$E$30/('COVERAGE FACTORS'!$E$30+'COVERAGE FACTORS'!$E$32)) -> 0.0015488765 | D26: =PRODUCTIVITIES!$E$9 -> 236.2304 | E26: ='WAGE RATES'!$C$6 -> 50.107175 | F26: =E26*100/D26 -> 21.211146 | G26: =PIGGYBACKS!$B$5 -> 1.8052502 | H26: ='WAGE RATES'!$C$9 -> 0.97520312 | I26: =(H26-1)*F26 -> -0.52597017 | J26: =F26*G26+I26 -> 37.765456 | K26: =C26*$J26/'3D NONAUTO MODEL'!$G$6 -> 5.8494029e-06
B27: APBS / LIPS | C27: ='BUNDLE SORT'!$U$31*('COVERAGE FACTORS'!$E$32/('COVERAGE FACTORS'!$E$30+'COVERAGE FACTORS'!$E$32)) -> 0.0018723393 | D27: =PRODUCTIVITIES!$E$11 -> 181.33504 | E27: ='WAGE RATES'!$C$6 -> 50.107175 | F27: =E27*100/D27 -> 27.632373 | G27: =PIGGYBACKS!$B$6 -> 1.6056413 | H27: ='WAGE RATES'!$C$9 -> 0.97520312 | I27: =(H27-1)*F27 -> -0.68519655 | J27: =F27*G27+I27 -> 43.682481 | K27: =C27*$J27/'3D NONAUTO MODEL'!$G$6 -> 8.1788427e-06
B28: Manual | C28: ='BUNDLE SORT'!$V$31 -> 0.33870037 | D28: =PRODUCTIVITIES!E15 -> 279.1383 | E28: ='WAGE RATES'!$C$6 -> 50.107175 | F28: =E28*100/D28 -> 17.950663 | G28: =PIGGYBACKS!$B$7 -> 1.5985379 | H28: ='WAGE RATES'!$C$9 -> 0.97520312 | I28: =(H28-1)*F28 -> -0.44512037 | J28: =F28*G28+I28 -> 28.249693 | K28: =C28*$J28/'3D NONAUTO MODEL'!$G$6 -> 0.00095681816
A30: Outgoing Primary (Piece)
B31: AFSM100 Auto | C31: =SUM('3D NONAUTO MODEL'!$B$25:$B$29) -> 5.8400471 | D31: =PRODUCTIVITIES!$E$23*'COVERAGE FACTORS'!$E$24+PRODUCTIVITIES!$E$17*(1-'COVERAGE FACTORS'!$E$24) -> 1572.5271 | E31: ='WAGE RATES'!$C$6 -> 50.107175 | F31: =E31*100/D31 -> 3.1864109 | G31: =PIGGYBACKS!$B$8 -> 1.6305774 | H31: ='WAGE RATES'!$C$9 -> 0.97520312 | I31: =(H31-1)*F31 -> -0.07901304 | J31: =F31*G31+I31 -> 5.1166766 | K31: =C31*$J31/'3D NONAUTO MODEL'!$G$6 -> 0.0029881633
B32: REC Keying | C32: =SUM('3D NONAUTO MODEL'!$A$25:$A$29) -> 1.5399283 | D32: =PRODUCTIVITIES!$E$16 -> 888.01171 | E32: ='WAGE RATES'!$C$5 -> 54.14236 | F32: =E32*100/D32 -> 6.0970322 | G32: =PIGGYBACKS!$B$9 -> 1.2615773 | H32: ='WAGE RATES'!$C$9 -> 0.97520312 | I32: =(H32-1)*F32 -> -0.15118736 | J32: =F32*G32+I32 -> 7.5406902 | K32: =C32*$J32/'3D NONAUTO MODEL'!$G$6 -> 0.0011612123
B33: UFSM1000 Auto | C33: =SUM('3D NONAUTO MODEL'!$H$25:$H$29) -> 0 | D33: =PRODUCTIVITIES!$E$30 -> 1.0273269 | E33: ='WAGE RATES'!$C$6 -> 50.107175 | F33: =E33*100/D33 -> 4877.4324 | G33: =PIGGYBACKS!$B$10 -> 1.6305774 | H33: ='WAGE RATES'!$C$9 -> 0.97520312 | I33: =(H33-1)*F33 -> -120.94509 | J33: =F33*G33+I33 -> 7832.086 | K33: =C33*$J33/'3D NONAUTO MODEL'!$G$6 -> 0
B34: UFSM1000 Keying | C34: =SUM('3D NONAUTO MODEL'!$G$25:$G$29) -> 0 | D34: =PRODUCTIVITIES!$E$36 -> 1.0273269 | E34: ='WAGE RATES'!$C$6 -> 50.107175 | F34: =E34*100/D34 -> 4877.4324 | G34: =PIGGYBACKS!$B$10 -> 1.6305774 | H34: ='WAGE RATES'!$C$9 -> 0.97520312 | I34: =(H34-1)*F34 -> -120.94509 | J34: =F34*G34+I34 -> 7832.086 | K34: =C34*$J34/'3D NONAUTO MODEL'!$G$6 -> 0
B35: Manual | C35: =SUM('3D NONAUTO MODEL'!$M$25:$M$29) -> 0.36816889 | D35: =PRODUCTIVITIES!$E$42 -> 620.26372 | E35: ='WAGE RATES'!$C$6 -> 50.107175 | F35: =E35*100/D35 -> 8.0783662 | G35: =PIGGYBACKS!$B$12 -> 1.3622907 | H35: ='WAGE RATES'!$C$9 -> 0.97520312 | I35: =(H35-1)*F35 -> -0.20031825 | J35: =F35*G35+I35 -> 10.804765 | K35: =C35*$J35/'3D NONAUTO MODEL'!$G$6 -> 0.00039779784
A37: Outgoing Secondary (Piece)
B38: AFSM100 Auto | C38: =SUM('3D NONAUTO MODEL'!$B$38:$B$42) -> 0.70926906 | D38: =PRODUCTIVITIES!$E$24*'COVERAGE FACTORS'!$E$24+PRODUCTIVITIES!$E$18*(1-'COVERAGE FACTORS'!$E$24) -> 2267.7698 | E38: ='WAGE RATES'!$C$6 -> 50.107175 | F38: =E38*100/D38 -> 2.2095353 | G38: =PIGGYBACKS!$B$8 -> 1.6305774 | H38: ='WAGE RATES'!$C$9 -> 0.97520312 | I38: =(H38-1)*F38 -> -0.054789575 | J38: =F38*G38+I38 -> 3.5480288 | K38: =C38*$J38/'3D NONAUTO MODEL'!$G$6 -> 0.0002516507
B39: REC Keying | C39: =SUM('3D NONAUTO MODEL'!$A$38:$A$42) -> 0.043477951 | D39: =PRODUCTIVITIES!$E$16 -> 888.01171 | E39: ='WAGE RATES'!$C$5 -> 54.14236 | F39: =E39*100/D39 -> 6.0970322 | G39: =PIGGYBACKS!$B$9 -> 1.2615773 | H39: ='WAGE RATES'!$C$9 -> 0.97520312 | I39: =(H39-1)*F39 -> -0.15118736 | J39: =F39*G39+I39 -> 7.5406902 | K39: =C39*$J39/'3D NONAUTO MODEL'!$G$6 -> 3.2785376e-05
B40: UFSM1000 Auto | C40: =SUM('3D NONAUTO MODEL'!$H$38:$H$42) -> 0 | D40: =PRODUCTIVITIES!$E$31 -> 1.0273269 | E40: ='WAGE RATES'!$C$6 -> 50.107175 | F40: =E40*100/D40 -> 4877.4324 | G40: =PIGGYBACKS!$B$10 -> 1.6305774 | H40: ='WAGE RATES'!$C$9 -> 0.97520312 | I40: =(H40-1)*F40 -> -120.94509 | J40: =F40*G40+I40 -> 7832.086 | K40: =C40*$J40/'3D NONAUTO MODEL'!$G$6 -> 0
B41: UFSM1000 Keying | C41: =SUM('3D NONAUTO MODEL'!$G$38:$G$42) -> 0 | D41: =PRODUCTIVITIES!$E$37 -> 1.0273269 | E41: ='WAGE RATES'!$C$6 -> 50.107175 | F41: =E41*100/D41 -> 4877.4324 | G41: =PIGGYBACKS!$B$10 -> 1.6305774 | H41: ='WAGE RATES'!$C$9 -> 0.97520312 | I41: =(H41-1)*F41 -> -120.94509 | J41: =F41*G41+I41 -> 7832.086 | K41: =C41*$J41/'3D NONAUTO MODEL'!$G$6 -> 0
B42: Manual | C42: =SUM('3D NONAUTO MODEL'!$M$38:$M$42) -> 0.098686879 | D42: =PRODUCTIVITIES!$E$43 -> 490.62129 | E42: ='WAGE RATES'!$C$6 -> 50.107175 | F42: =E42*100/D42 -> 10.213005 | G42: =PIGGYBACKS!$B$12 -> 1.3622907 | H42: ='WAGE RATES'!$C$9 -> 0.97520312 | I42: =(H42-1)*F42 -> -0.25325062 | J42: =F42*G42+I42 -> 13.659831 | K42: =C42*$J42/'3D NONAUTO MODEL'!$G$6 -> 0.00013480461
A44: Incoming MMP (Piece)
B45: AFSM100 Auto | C45: =SUM('3D NONAUTO MODEL'!$B$53:$B$57) -> 425.96299 | D45: =PRODUCTIVITIES!$E$25*'COVERAGE FACTORS'!$E$24+PRODUCTIVITIES!$E$19*(1-'COVERAGE FACTORS'!$E$24) -> 1572.9754 | E45: ='WAGE RATES'!$C$6 -> 50.107175 | F45: =E45*100/D45 -> 3.1855028 | G45: =PIGGYBACKS!$B$8 -> 1.6305774 | H45: ='WAGE RATES'!$C$9 -> 0.97520312 | I45: =(H45-1)*F45 -> -0.078990522 | J45: =F45*G45+I45 -> 5.1152184 | K45: =C45*$J45/'3D NONAUTO MODEL'!$G$6 -> 0.21788938
B46: REC Keying | C46: =SUM('3D NONAUTO MODEL'!$A$53:$A$57) -> 111.64439 | D46: =PRODUCTIVITIES!$E$16 -> 888.01171 | E46: ='WAGE RATES'!$C$5 -> 54.14236 | F46: =E46*100/D46 -> 6.0970322 | G46: =PIGGYBACKS!$B$9 -> 1.2615773 | H46: ='WAGE RATES'!$C$9 -> 0.97520312 | I46: =(H46-1)*F46 -> -0.15118736 | J46: =F46*G46+I46 -> 7.5406902 | K46: =C46*$J46/'3D NONAUTO MODEL'!$G$6 -> 0.084187578
B47: UFSM1000 Auto | C47: =SUM('3D NONAUTO MODEL'!$H$53:$H$57) -> 0 | D47: =PRODUCTIVITIES!$E$32 -> 1.0273269 | E47: ='WAGE RATES'!$C$6 -> 50.107175 | F47: =E47*100/D47 -> 4877.4324 | G47: =PIGGYBACKS!$B$10 -> 1.6305774 | H47: ='WAGE RATES'!$C$9 -> 0.97520312 | I47: =(H47-1)*F47 -> -120.94509 | J47: =F47*G47+I47 -> 7832.086 | K47: =C47*$J47/'3D NONAUTO MODEL'!$G$6 -> 0
B48: UFSM1000 Keying | C48: =SUM('3D NONAUTO MODEL'!$G$53:$G$57) -> 0 | D48: =PRODUCTIVITIES!$E$38 -> 1.0273269 | E48: ='WAGE RATES'!$C$6 -> 50.107175 | F48: =E48*100/D48 -> 4877.4324 | G48: =PIGGYBACKS!$B$10 -> 1.6305774 | H48: ='WAGE RATES'!$C$9 -> 0.97520312 | I48: =(H48-1)*F48 -> -120.94509 | J48: =F48*G48+I48 -> 7832.086 | K48: =C48*$J48/'3D NONAUTO MODEL'!$G$6 -> 0
B49: Manual | C49: =SUM('3D NONAUTO MODEL'!$M$53:$M$57) -> 39.87663 | D49: =PRODUCTIVITIES!$E$44 -> 692.96374 | E49: ='WAGE RATES'!$C$6 -> 50.107175 | F49: =E49*100/D49 -> 7.2308508 | G49: =PIGGYBACKS!$B$12 -> 1.3622907 | H49: ='WAGE RATES'!$C$9 -> 0.97520312 | I49: =(H49-1)*F49 -> -0.17930252 | J49: =F49*G49+I49 -> 9.6712185 | K49: =C49*$J49/'3D NONAUTO MODEL'!$G$6 -> 0.03856556
A51: Incoming SCF (Piece)
B52: AFSM100 Auto | C52: =SUM('3D NONAUTO MODEL'!$B$64:$B$68) -> 8760.2957 | D52: =PRODUCTIVITIES!$E$26*'COVERAGE FACTORS'!$E$24+PRODUCTIVITIES!$E$20*(1-'COVERAGE FACTORS'!$E$24) -> 2073.5492 | E52: ='WAGE RATES'!$C$6 -> 50.107175 | F52: =E52*100/D52 -> 2.4164932 | G52: =PIGGYBACKS!$B$8 -> 1.6305774 | H52: ='WAGE RATES'!$C$9 -> 0.97520312 | I52: =(H52-1)*F52 -> -0.059921485 | J52: =F52*G52+I52 -> 3.8803578 | K52: =C52*$J52/'3D NONAUTO MODEL'!$G$6 -> 3.3993082
B53: REC Keying | C53: =SUM('3D NONAUTO MODEL'!$A$64:$A$68) -> 2293.2824 | D53: =PRODUCTIVITIES!$E$16 -> 888.01171 | E53: ='WAGE RATES'!$C$5 -> 54.14236 | F53: =E53*100/D53 -> 6.0970322 | G53: =PIGGYBACKS!$B$9 -> 1.2615773 | H53: ='WAGE RATES'!$C$9 -> 0.97520312 | I53: =(H53-1)*F53 -> -0.15118736 | J53: =F53*G53+I53 -> 7.5406902 | K53: =C53*$J53/'3D NONAUTO MODEL'!$G$6 -> 1.7292932
B54: UFSM1000 Auto | C54: =SUM('3D NONAUTO MODEL'!$H$64:$H$68) -> 0 | D54: =PRODUCTIVITIES!$E$33 -> 1.0273269 | E54: ='WAGE RATES'!$C$6 -> 50.107175 | F54: =E54*100/D54 -> 4877.4324 | G54: =PIGGYBACKS!$B$10 -> 1.6305774 | H54: ='WAGE RATES'!$C$9 -> 0.97520312 | I54: =(H54-1)*F54 -> -120.94509 | J54: =F54*G54+I54 -> 7832.086 | K54: =C54*$J54/'3D NONAUTO MODEL'!$G$6 -> 0
B55: UFSM1000 Keying | C55: =SUM('3D NONAUTO MODEL'!$G$64:$G$68) -> 0 | D55: =PRODUCTIVITIES!$E$39 -> 1.0273269 | E55: ='WAGE RATES'!$C$6 -> 50.107175 | F55: =E55*100/D55 -> 4877.4324 | G55: =PIGGYBACKS!$B$10 -> 1.6305774 | H55: ='WAGE RATES'!$C$9 -> 0.97520312 | I55: =(H55-1)*F55 -> -120.94509 | J55: =F55*G55+I55 -> 7832.086 | K55: =C55*$J55/'3D NONAUTO MODEL'!$G$6 -> 0
B56: Manual | C56: =SUM('3D NONAUTO MODEL'!$M$64:$M$68) -> 620.47287 | D56: =PRODUCTIVITIES!$E$45 -> 600.65917 | E56: ='WAGE RATES'!$C$6 -> 50.107175 | F56: =E56*100/D56 -> 8.342031 | G56: =PIGGYBACKS!$B$12 -> 1.3622907 | H56: ='WAGE RATES'!$C$9 -> 0.97520312 | I56: =(H56-1)*F56 -> -0.20685632 | J56: =F56*G56+I56 -> 11.157415 | K56: =C56*$J56/'3D NONAUTO MODEL'!$G$6 -> 0.69228734
A58: Incoming Primary (Piece)
B59: AFSM100 Auto | C59: =SUM('3D NONAUTO MODEL'!$B$74:$B$78)+SUM('3D NONAUTO MODEL'!$B$108:$B$112) -> 197.95316 | D59: =PRODUCTIVITIES!$E$27*'COVERAGE FACTORS'!$E$24+PRODUCTIVITIES!$E$21*(1-'COVERAGE FACTORS'!$E$24) -> 1117.4154 | E59: ='WAGE RATES'!$C$6 -> 50.107175 | F59: =E59*100/D59 -> 4.484203 | G59: =PIGGYBACKS!$B$8 -> 1.6305774 | H59: ='WAGE RATES'!$C$9 -> 0.97520312 | I59: =(H59-1)*F59 -> -0.11119423 | J59: =F59*G59+I59 -> 7.2006459 | K59: =C59*$J59/'3D NONAUTO MODEL'!$G$6 -> 0.14253906
B60: REC Keying | C60: =SUM('3D NONAUTO MODEL'!$A$74:$A$78)+SUM('3D NONAUTO MODEL'!$A$108:$A$112) -> 12.134461 | D60: =PRODUCTIVITIES!$E$16 -> 888.01171 | E60: ='WAGE RATES'!$C$5 -> 54.14236 | F60: =E60*100/D60 -> 6.0970322 | G60: =PIGGYBACKS!$B$9 -> 1.2615773 | H60: ='WAGE RATES'!$C$9 -> 0.97520312 | I60: =(H60-1)*F60 -> -0.15118736 | J60: =F60*G60+I60 -> 7.5406902 | K60: =C60*$J60/'3D NONAUTO MODEL'!$G$6 -> 0.0091502213
B61: UFSM1000 Auto | C61: =SUM('3D NONAUTO MODEL'!$H$74:$H$78) -> 0 | D61: =PRODUCTIVITIES!$E$34 -> 1.0273269 | E61: ='WAGE RATES'!$C$6 -> 50.107175 | F61: =E61*100/D61 -> 4877.4324 | G61: =PIGGYBACKS!$B$10 -> 1.6305774 | H61: ='WAGE RATES'!$C$9 -> 0.97520312 | I61: =(H61-1)*F61 -> -120.94509 | J61: =F61*G61+I61 -> 7832.086 | K61: =C61*$J61/'3D NONAUTO MODEL'!$G$6 -> 0
B62: UFSM1000 Keying | C62: =SUM('3D NONAUTO MODEL'!$G$74:$G$78) -> 0 | D62: =PRODUCTIVITIES!$E$40 -> 1.0273269 | E62: ='WAGE RATES'!$C$6 -> 50.107175 | F62: =E62*100/D62 -> 4877.4324 | G62: =PIGGYBACKS!$B$10 -> 1.6305774 | H62: ='WAGE RATES'!$C$9 -> 0.97520312 | I62: =(H62-1)*F62 -> -120.94509 | J62: =F62*G62+I62 -> 7832.086 | K62: =C62*$J62/'3D NONAUTO MODEL'!$G$6 -> 0
B63: Manual | C63: =SUM('3D NONAUTO MODEL'!$M$74:$M$78) -> 28.70809 | D63: =PRODUCTIVITIES!$E$46 -> 753.40918 | E63: ='WAGE RATES'!$C$6 -> 50.107175 | F63: =E63*100/D63 -> 6.6507253 | G63: =PIGGYBACKS!$B$12 -> 1.3622907 | H63: ='WAGE RATES'!$C$9 -> 0.97520312 | I63: =(H63-1)*F63 -> -0.16491722 | J63: =F63*G63+I63 -> 8.8953042 | K63: =C63*$J63/'3D NONAUTO MODEL'!$G$6 -> 0.02553672
A65: Incoming Secondary (Piece)
B66: AFSM100 Auto | C66: =SUM('3D NONAUTO MODEL'!$B$83:$B$87)+SUM('3D NONAUTO MODEL'!$B$122:$B$126) -> 9027.0451 | D66: =PRODUCTIVITIES!$E$28*'COVERAGE FACTORS'!$E$24+PRODUCTIVITIES!$E$22*(1-'COVERAGE FACTORS'!$E$24) -> 1858.2572 | E66: ='WAGE RATES'!$C$6 -> 50.107175 | F66: =E66*100/D66 -> 2.6964606 | G66: =PIGGYBACKS!$B$8 -> 1.6305774 | H66: ='WAGE RATES'!$C$9 -> 0.97520312 | I66: =(H66-1)*F66 -> -0.066863803 | J66: =F66*G66+I66 -> 4.329924 | K66: =C66*$J66/'3D NONAUTO MODEL'!$G$6 -> 3.908642
B67: REC Keying | C67: =SUM('3D NONAUTO MODEL'!$A$83:$A$87)+SUM('3D NONAUTO MODEL'!$A$122:$A$126) -> 828.34657 | D67: =PRODUCTIVITIES!$E$16 -> 888.01171 | E67: ='WAGE RATES'!$C$5 -> 54.14236 | F67: =E67*100/D67 -> 6.0970322 | G67: =PIGGYBACKS!$B$9 -> 1.2615773 | H67: ='WAGE RATES'!$C$9 -> 0.97520312 | I67: =(H67-1)*F67 -> -0.15118736 | J67: =F67*G67+I67 -> 7.5406902 | K67: =C67*$J67/'3D NONAUTO MODEL'!$G$6 -> 0.62463049
B68: UFSM1000 Auto | C68: =SUM('3D NONAUTO MODEL'!$H$83:$H$87) -> 0 | D68: =PRODUCTIVITIES!$E$35 -> 1.0273269 | E68: ='WAGE RATES'!$C$6 -> 50.107175 | F68: =E68*100/D68 -> 4877.4324 | G68: =PIGGYBACKS!$B$10 -> 1.6305774 | H68: ='WAGE RATES'!$C$9 -> 0.97520312 | I68: =(H68-1)*F68 -> -120.94509 | J68: =F68*G68+I68 -> 7832.086 | K68: =C68*$J68/'3D NONAUTO MODEL'!$G$6 -> 0
B69: UFSM1000 Keying | C69: =SUM('3D NONAUTO MODEL'!$G$83:$G$87) -> 0 | D69: =PRODUCTIVITIES!$E$41 -> 1.0273269 | E69: ='WAGE RATES'!$C$6 -> 50.107175 | F69: =E69*100/D69 -> 4877.4324 | G69: =PIGGYBACKS!$B$10 -> 1.6305774 | H69: ='WAGE RATES'!$C$9 -> 0.97520312 | I69: =(H69-1)*F69 -> -120.94509 | J69: =F69*G69+I69 -> 7832.086 | K69: =C69*$J69/'3D NONAUTO MODEL'!$G$6 -> 0
B70: Manual | C70: =SUM('3D NONAUTO MODEL'!$M$83:$M$87) -> 1526.5208 | D70: =PRODUCTIVITIES!$E$47 -> 675.89316 | E70: ='WAGE RATES'!$C$6 -> 50.107175 | F70: =E70*100/D70 -> 7.4134756 | G70: =PIGGYBACKS!$B$12 -> 1.3622907 | H70: ='WAGE RATES'!$C$9 -> 0.97520312 | I70: =(H70-1)*F70 -> -0.18383104 | J70: =F70*G70+I70 -> 9.9154781 | K70: =C70*$J70/'3D NONAUTO MODEL'!$G$6 -> 1.5136184
A72: FSS
B73: FSS | C73: 0 | D73: 0 | E73: 0 | F73: 0 | G73: 0 | H73: 0 | I73: 0 | J73: 0 | K73: 0
B74: REC Keying | C74: =SUM('3D NONAUTO MODEL'!$A$95:$A$99) -> 0 | D74: =PRODUCTIVITIES!E16 -> 888.01171 | E74: ='WAGE RATES'!C5 -> 54.14236 | F74: =E74*100/D74 -> 6.0970322 | G74: =PIGGYBACKS!B9 -> 1.2615773 | H74: ='WAGE RATES'!$C$9 -> 0.97520312 | I74: =(H74-1)*F74 -> -0.15118736 | J74: =F74*G74+I74 -> 7.5406902 | K74: =C74*$J74/'3D NONAUTO MODEL'!$G$6 -> 0
B76: Bundle Prep | C76: =SUM('3D NONAUTO MODEL'!C65,'3D NONAUTO MODEL'!I65,'3D NONAUTO MODEL'!C75,'3D NONAUTO MODEL'!I75,'3D NONAUTO MODEL'!C84,'3D NONAUTO MODEL'!I84) -> 9516.4471 | D76: =PRODUCTIVITIES!$C$49*'FY VOLUME NONAUTO'!C63 -> 2455.4277 | E76: ='WAGE RATES'!$C$6 -> 50.107175 | F76: =E76*100/D76 -> 2.0406699 | G76: =PIGGYBACKS!$B$13 -> 1.6305774 | H76: ='WAGE RATES'!$C$9 -> 0.97520312 | I76: =(H76-1)*F76 -> -0.050602242 | J76: =F76*G76+I76 -> 3.2768681 | K76: =C76*$J76/'5D AUTO MODEL'!$G$6 -> 3.1184142
B77: Tub Prep | C77: =SUM(C31,C33,C34,C38,C40,C41,C45,C47,C48,C52,C54,C55,C59,C61,C62,C66,C68,C69)-C76 -> 8901.3591 | D77: =PRODUCTIVITIES!$C$50*PRODUCTIVITIES!$C$51 -> 2107.631 | E77: ='WAGE RATES'!$C$6 -> 50.107175 | F77: =E77*100/D77 -> 2.3774168 | G77: =PIGGYBACKS!$B$8 -> 1.6305774 | H77: ='WAGE RATES'!$C$9 -> 0.97520312 | I77: =(H77-1)*F77 -> -0.058952514 | J77: =F77*G77+I77 -> 3.8176097 | K77: =C77*$J77/'5D AUTO MODEL'!$G$6 -> 3.3981915
K78: ="(10)" -> (10)
J79: MODEL COST = | K79: =SUM(K11:K77) -> 20.739663
J80: FSM MODEL COST = | K80: =SUM(K31,K33,K34,K38,K40,K41,K45,K47,K48,K52,K54,K55,K59,K61,K62,K66,K68,K69,K76,K77) -> 14.188224
A83: ="(1)" -> (1) | B83: Values From Page 9 and 35 | F83: ="(6)" -> (6) | G83: Values From Page 32
A84: ="(2)" -> (2) | B84: Values From Page 31 | F84: ="(7)" -> (7) | G84: [ (6) - 1 ] * (4)
A85: ="(3)" -> (3) | B85: Values From Page 32 | F85: ="(8)" -> (8) | G85: (4) * (5) + (7)
A86: ="(4)" -> (4) | B86: [ (3) * (100 cents/dollar) ] / (2) | F86: ="(9)" -> (9) | G86: (1) * (8) / 10,000 Pieces
A87: ="(5)" -> (5) | B87: Values From Page 33 | F87: ="(10)" -> (10) | G87: Sum (9)

Sheet 3D NONAUTO MODEL
A1: ='3D NONAUTO COST'!A1 -> 3-DIGIT NONAUTO PRESORT
A2: MAIL FLOW MODEL
A6: PCS IN = | C6: =SUM(C11:C16)+SUM(G11:G16)+SUM(K11:K16)+SUM(O11:O16) -> 10000 | E6: PCS OUT = | G6: =D88+J88+O88+D100+D127 -> 10000
A10: PIECE ENTRY POINTS:
B11: BC Mach Out Prim | C11: 0 | F11: Non-BC Mach Out Prim | G11: ='ENTRY PROFILE'!K27 -> 5.7767541 | J11: BC Nonmach Out Prim | K11: 0 | N11: Non-BC Nonmach Out Prim | O11: 0
B12: BC Mach Out Sec | C12: 0 | F12: Non-BC Mach Out Sec | G12: 0 | J12: BC Nonmach Out Sec | K12: 0 | N12: Non-BC Nonmach Out Sec | O12: 0
B13: BC Mach Inc MMP | C13: 0 | F13: Non-BC Mach Inc MMP | G13: ='ENTRY PROFILE'!L27+'ENTRY PROFILE'!O27+'ENTRY PROFILE'!O28+'ENTRY PROFILE'!P27 -> 420.60887 | J13: BC Nonmach Inc MMP | K13: 0 | N13: Non-BC Nonmach Inc MMP | O13: 0
B14: BC Mach Inc SCF | C14: 0 | F14: Non-BC Mach Inc SCF | G14: ='ENTRY PROFILE'!P28+'ENTRY PROFILE'!S27+'ENTRY PROFILE'!S28+'ENTRY PROFILE'!S29+'ENTRY PROFILE'!S30+'ENTRY PROFILE'!T27+'ENTRY PROFILE'!T28+'ENTRY PROFILE'!T29 -> 8219.8618 | J14: BC Nonmach Inc SCF | K14: 0 | N14: Non-BC Nonmach Inc SCF | O14: 0
B15: BC Mach Inc Prim | C15: 0 | F15: Non-BC Mach Inc Prim | G15: 0 | J15: BC Nonmach Inc Prim | K15: 0 | N15: Non-BC Nonmach Inc Prim | O15: 0
B16: BC Mach Inc Sec | C16: 0 | F16: Non-BC Mach Inc sec | G16: ='ENTRY PROFILE'!T30+'ENTRY PROFILE'!W30+'ENTRY PROFILE'!X30 -> 1353.7526 | J16: BC Nonmach Inc Sec | K16: 0 | N16: Non-BC Nonmach Inc sec | O16: 0
C21: MACHINABLE OUTGOING | L21: NONMACHINABLE OUTGOING
D23: =SUM(A25:A29)*(1-'ACCEPT RATES'!G14)+SUM(B25:B29)*SUM('ACCEPT RATES'!I14:J14) -> 0.3581832 | E23: Rejects | J23: =SUM(G25:G29)*(1-'ACCEPT RATES'!E19) -> 0 | K23: Rejects
A24: REC | B24: Out Prim AFSM100 | E24: Out Prim | G24: Keyed | H24: Out Prim UFSM1000 | K24: Out Prim | M24: Out Prim Manual
A25: =B25*(1-'ACCEPT RATES'!C14) -> 0 | B25: =C25*(1+'ACCEPT RATES'!F14) -> 0 | C25: =C11*('COVERAGE FACTORS'!E14+'COVERAGE FACTORS'!E18) -> 0 | E25: Manual | G25: =H25*(1-'ACCEPT RATES'!C19) -> 0 | H25: =I25 -> 0 | I25: =C11*'COVERAGE FACTORS'!E16 -> 0 | K25: Manual | M25: =N25 -> 0 | N25: =C11*'COVERAGE FACTORS'!E20 -> 0
A26: =B26*(1-'ACCEPT RATES'!D14) -> 1.5399283 | B26: =C26*(1+'ACCEPT RATES'!F14) -> 5.8400471 | C26: =G11*('COVERAGE FACTORS'!E14+'COVERAGE FACTORS'!E18) -> 5.7667684 | G26: =H26*(1-'ACCEPT RATES'!D19) -> 0 | H26: =I26 -> 0 | I26: =G11*'COVERAGE FACTORS'!E16 -> 0 | M26: =N26 -> 0.0099856969 | N26: =G11*'COVERAGE FACTORS'!E20 -> 0.0099856969
G27: =H27*(1-'ACCEPT RATES'!C19) -> 0 | H27: =I27 -> 0 | I27: =K11*('COVERAGE FACTORS'!E16+'COVERAGE FACTORS'!E18) -> 0 | M27: =N27 -> 0 | N27: =K11*(1-('COVERAGE FACTORS'!E16+'COVERAGE FACTORS'!E18)) -> 0
G28: =H28*(1-'ACCEPT RATES'!D19) -> 0 | H28: =I28 -> 0 | I28: =O11*('COVERAGE FACTORS'!E16+'COVERAGE FACTORS'!E18) -> 0 | M28: =N28 -> 0 | N28: =O11*(1-('COVERAGE FACTORS'!E16+'COVERAGE FACTORS'!E18)) -> 0
M29: =N29 -> 0.3581832 | N29: =D23+J23 -> 0.3581832
D30: =(SUM(C25:C29)-D23)*'PIECE DENSITIES'!C6 -> 0.69257069 | E30: Out Sec Mach | J30: =(SUM(I25:I29)-J23)*'PIECE DENSITIES'!C11 -> 0 | K30: Out Sec Nonmach | O30: =SUM(N25:N29)*'PIECE DENSITIES'!C16 -> 0.032942917 | P30: Out Sec Manual
D31: =(SUM(C25:C29)-D23)*'PIECE DENSITIES'!D6 -> 2.8033191 | E31: Inc MMP Mach | J31: =(SUM(I25:I29)-J23)*'PIECE DENSITIES'!D11 -> 0 | K31: Inc MMP Nonmach | O31: =SUM(N25:N29)*'PIECE DENSITIES'!D16 -> 0.21377792 | P31: Inc MMP Manual
D32: =(SUM(C25:C29)-D23)*'PIECE DENSITIES'!E6 -> 1.5139915 | E32: Inc SCF Mach | J32: =(SUM(I25:I29)-J23)*'PIECE DENSITIES'!E11 -> 0 | K32: Inc SCF Nonmach | O32: =SUM(N25:N29)*'PIECE DENSITIES'!E16 -> 0.094180205 | P32: Inc SCF Manual
D33: =(SUM(C25:C29)-D23)*'PIECE DENSITIES'!F6 -> 0.39870396 | E33: Inc Prim Mach | J33: =(SUM(I25:I29)-J23)*'PIECE DENSITIES'!F11 -> 0 | K33: Inc Prim Nonmach | O33: =SUM(N25:N29)*'PIECE DENSITIES'!F16 -> 0.027267853 | P33: Inc Prim Manual
D34: =(SUM(C25:C29)-D23)*'PIECE DENSITIES'!G6 -> 0 | E34: Inc Sec Mach | J34: =(SUM(I25:I29)-J23)*'PIECE DENSITIES'!G11 -> 0 | K34: Inc Sec Nonmach | O34: =SUM(N25:N29)*'PIECE DENSITIES'!G16 -> 0 | P34: Inc Sec Manual
D36: =SUM(A38:A42)*(1-'ACCEPT RATES'!G15)+SUM(B38:B42)*SUM('ACCEPT RATES'!I15:J15) -> 0.065743962 | E36: Rejects | J36: =SUM(G38:G42)*(1-'ACCEPT RATES'!E20) -> 0 | K36: Rejects
A37: REC | B37: Out Sec AFSM100 | E37: Out Sec | G37: Keyed | H37: Out Sec UFSM1000 | K37: Out Sec | M37: Out Sec Manual
A38: =B38*(1-'ACCEPT RATES'!C15) -> 0 | B38: =C38*(1+'ACCEPT RATES'!F15+'PIECE DENSITIES'!C7) -> 0 | C38: =C12*('COVERAGE FACTORS'!E14+'COVERAGE FACTORS'!E18) -> 0 | E38: Manual | G38: =H38*(1-'ACCEPT RATES'!C20) -> 0 | H38: =I38*(1+'PIECE DENSITIES'!C12) -> 0 | I38: =C12*'COVERAGE FACTORS'!E16 -> 0 | K38: Manual | M38: =N38 -> 0 | N38: =C12*'COVERAGE FACTORS'!E20 -> 0
A39: =B39*(1-'ACCEPT RATES'!D15) -> 0 | B39: =C39*(1+'ACCEPT RATES'!F15+'PIECE DENSITIES'!C7) -> 0 | C39: =G12*('COVERAGE FACTORS'!E14+'COVERAGE FACTORS'!E18) -> 0 | G39: =H39*(1-'ACCEPT RATES'!D20) -> 0 | H39: =I39*(1+'PIECE DENSITIES'!C12) -> 0 | I39: =G12*'COVERAGE FACTORS'!E16 -> 0 | M39: =N39 -> 0 | N39: =G12*'COVERAGE FACTORS'!E20 -> 0
G40: =H40*(1-'ACCEPT RATES'!C20) -> 0 | H40: =I40*(1+'PIECE DENSITIES'!C12) -> 0 | I40: =K12*('COVERAGE FACTORS'!E16+'COVERAGE FACTORS'!E18) -> 0 | M40: =N40 -> 0 | N40: =K12*(1-('COVERAGE FACTORS'!E16+'COVERAGE FACTORS'!E18)) -> 0
G41: =H41*(1-'ACCEPT RATES'!D20) -> 0 | H41: =I41*(1+'PIECE DENSITIES'!C12) -> 0 | I41: =O12*('COVERAGE FACTORS'!E16+'COVERAGE FACTORS'!E18) -> 0 | M41: =N41 -> 0 | N41: =O12*(1-('COVERAGE FACTORS'!E16+'COVERAGE FACTORS'!E18)) -> 0
A42: =B42*(1-'ACCEPT RATES'!C15) -> 0.043477951 | B42: =C42*(1+'ACCEPT RATES'!F15+'PIECE DENSITIES'!C7) -> 0.70926906 | C42: =D30 -> 0.69257069 | G42: =IF(SUM(C11:C16)>0,H42*(1-'ACCEPT RATES'!C20),H42*(1-'ACCEPT RATES'!D20)) -> 0 | H42: =I42*(1+'PIECE DENSITIES'!C12) -> 0 | I42: =J30 -> 0 | M42: =N42 -> 0.098686879 | N42: =D36+J36+O30 -> 0.098686879
D43: =(SUM(C38:C42)-D36)*'PIECE DENSITIES'!D7 -> 0.51762955 | E43: Inc MMP Mach | J43: =(SUM(I38:I42)-J36)*'PIECE DENSITIES'!D12 -> 0 | K43: Inc MMP Nonmach | O43: =SUM(N38:N42)*'PIECE DENSITIES'!D17 -> 0.069854877 | P43: Inc MMP Manual
D44: =(SUM(C38:C42)-D36)*'PIECE DENSITIES'!E7 -> 0.043260684 | E44: Inc SCF Mach | J44: =(SUM(I38:I42)-J36)*'PIECE DENSITIES'!E12 -> 0 | K44: Inc SCF Nonmach | O44: =SUM(N38:N42)*'PIECE DENSITIES'!E17 -> 0.00030624884 | P44: Inc SCF Manual
D45: =(SUM(C38:C42)-D36)*'PIECE DENSITIES'!F7 -> 0.0046080523 | E45: Inc Prim Mach | J45: =(SUM(I38:I42)-J36)*'PIECE DENSITIES'!F12 -> 0 | K45: Inc Prim Nonmach | O45: =SUM(N38:N42)*'PIECE DENSITIES'!F17 -> 0.0019604748 | P45: Inc Prim Manual
D46: =(SUM(C38:C42)-D36)*'PIECE DENSITIES'!G7 -> 0.061328442 | E46: Inc Sec Mach | J46: =(SUM(I38:I42)-J36)*'PIECE DENSITIES'!G12 -> 0 | K46: Inc Sec Nonmach | O46: =SUM(N38:N42)*'PIECE DENSITIES'!G17 -> 0.026565278 | P46: Inc Sec Manual
C49: MACHINABLE INCOMING | L49: NONMACHINABLE INCOMING
D51: =SUM(A53:A57)*(1-'ACCEPT RATES'!G16)+SUM(B53:B57)*SUM('ACCEPT RATES'!I16:J16) -> 37.061571 | E51: Rejects | J51: =SUM(G53:G57)*(1-'ACCEPT RATES'!E21) -> 0 | K51: Rejects
A52: REC | B52: Inc MMP AFSM100 | E52: Inc MMP | G52: Keyed | H52: Inc MMP UFSM1000 | K52: Inc MMP | M52: Inc MMP Manual
A53: =B53*(1-'ACCEPT RATES'!C16) -> 0 | B53: =C53*(1+'ACCEPT RATES'!F16+'PIECE DENSITIES'!D8) -> 0 | C53: =C13*('COVERAGE FACTORS'!E38+'COVERAGE FACTORS'!E42) -> 0 | E53: Manual | G53: =H53*(1-'ACCEPT RATES'!C21) -> 0 | H53: =I53*(1+'PIECE DENSITIES'!D13) -> 0 | I53: =C13*'COVERAGE FACTORS'!E40 -> 0 | K53: Manual | M53: =N53 -> 0 | N53: =C13*'COVERAGE FACTORS'!E44 -> 0
A54: =B54*(1-'ACCEPT RATES'!D16) -> 111.43984 | B54: =C54*(1+'ACCEPT RATES'!F16+'PIECE DENSITIES'!D8) -> 422.62612 | C54: =G13*('COVERAGE FACTORS'!E38+'COVERAGE FACTORS'!E42) -> 418.09728 | G54: =H54*(1-'ACCEPT RATES'!D21) -> 0 | H54: =I54*(1+'PIECE DENSITIES'!D13) -> 0 | I54: =G13*'COVERAGE FACTORS'!E40 -> 0 | M54: =N54 -> 2.5115957 | N54: =G13*'COVERAGE FACTORS'!E44 -> 2.5115957
G55: =H55*(1-'ACCEPT RATES'!C21) -> 0 | H55: =I55*(1+'PIECE DENSITIES'!D13) -> 0 | I55: =K13*('COVERAGE FACTORS'!E40+'COVERAGE FACTORS'!E42) -> 0 | M55: =N55 -> 0 | N55: =K13*(1-('COVERAGE FACTORS'!E40+'COVERAGE FACTORS'!E42)) -> 0
G56: =H56*(1-'ACCEPT RATES'!D21) -> 0 | H56: =I56*(1+'PIECE DENSITIES'!D13) -> 0 | I56: =O13*('COVERAGE FACTORS'!E40+'COVERAGE FACTORS'!E42) -> 0 | M56: =N56 -> 0 | N56: =O13*(1-('COVERAGE FACTORS'!E40+'COVERAGE FACTORS'!E42)) -> 0
A57: =B57*(1-'ACCEPT RATES'!C16) -> 0.20454936 | B57: =C57*(1+'ACCEPT RATES'!F16+'PIECE DENSITIES'!D8) -> 3.336876 | C57: =(D31+D43)*('COVERAGE FACTORS'!E38+'COVERAGE FACTORS'!E42) -> 3.3011181 | G57: =IF(SUM(C11:C16)>0,H57*(1-'ACCEPT RATES'!C21),H57*(1-'ACCEPT RATES'!D21)) -> 0 | H57: =I57*(1+'PIECE DENSITIES'!D13) -> 0 | I57: =(D31+D43)*'COVERAGE FACTORS'!E40+(J31+J43)*('COVERAGE FACTORS'!E40+'COVERAGE FACTORS'!E42) -> 0 | M57: =N57 -> 37.365034 | N57: =D51+J51+O31+O43+(D31+D43)*'COVERAGE FACTORS'!E44+(J31+J43)*(1-('COVERAGE FACTORS'!E40+'COVERAGE FACTORS'!E42)) -> 37.365034
D58: =(SUM(C53:C57)-D51)*'PIECE DENSITIES'!E8 -> 76.460255 | E58: Inc SCF Mach | J58: =(SUM(I53:I57)-J51)*'PIECE DENSITIES'!E13 -> 0 | K58: Inc SCF Nonmach | O58: =SUM(N53:N57)*'PIECE DENSITIES'!E18 -> 10.537952 | P58: Inc SCF Manual
D59: =(SUM(C53:C57)-D51)*'PIECE DENSITIES'!F8 -> 24.823944 | E59: Inc Prim Mach | J59: =(SUM(I53:I57)-J51)*'PIECE DENSITIES'!F13 -> 0 | K59: Inc Prim Nonmach | O59: =SUM(N53:N57)*'PIECE DENSITIES'!F18 -> 1.6539527 | P59: Inc Prim Manual
D60: =(SUM(C53:C57)-D51)*'PIECE DENSITIES'!G8 -> 283.05262 | E60: Inc Sec Mach | J60: =(SUM(I53:I57)-J51)*'PIECE DENSITIES'!G13 -> 0 | K60: Inc Sec Nonmach | O60: =SUM(N53:N57)*'PIECE DENSITIES'!G18 -> 27.684725 | P60: Inc Sec Manual
D62: =SUM(A64:A68)*(1-'ACCEPT RATES'!G17)+SUM(B64:B68)*SUM('ACCEPT RATES'!I17:J17) -> 560.29102 | E62: Rejects | J62: =SUM(G64:G68)*(1-'ACCEPT RATES'!E22) -> 0 | K62: Rejects
A63: REC | B63: Inc SCF AFSM100 | E63: Inc SCF | G63: Keyed | H63: Inc SCF UFSM1000 | K63: Inc SCF | M63: Inc SCF Manual
A64: =B64*(1-'ACCEPT RATES'!C17) -> 0 | B64: =C64*(1+'ACCEPT RATES'!F17+'PIECE DENSITIES'!E9) -> 0 | C64: =C14*('COVERAGE FACTORS'!E38+'COVERAGE FACTORS'!E42) -> 0 | E64: Manual | G64: =H64*(1-'ACCEPT RATES'!C22) -> 0 | H64: =I64*(1+'PIECE DENSITIES'!E14) -> 0 | I64: =C14*'COVERAGE FACTORS'!E40 -> 0 | K64: Manual | M64: =N64 -> 0 | N64: =C14*'COVERAGE FACTORS'!E44 -> 0
A65: =B65*(1-'ACCEPT RATES'!D17) -> 2288.2334 | B65: =C65*(1+'ACCEPT RATES'!F17+'PIECE DENSITIES'!E9) -> 8677.9305 | C65: =G14*('COVERAGE FACTORS'!E38+'COVERAGE FACTORS'!E42) -> 8170.7783 | G65: =H65*(1-'ACCEPT RATES'!D22) -> 0 | H65: =I65*(1+'PIECE DENSITIES'!E14) -> 0 | I65: =G14*'COVERAGE FACTORS'!E40 -> 0 | M65: =N65 -> 49.083534 | N65: =G14*'COVERAGE FACTORS'!E44 -> 49.083534
G66: =H66*(1-'ACCEPT RATES'!C22) -> 0 | H66: =I66*(1+'PIECE DENSITIES'!E14) -> 0 | I66: =K14*('COVERAGE FACTORS'!E40+'COVERAGE FACTORS'!E42) -> 0 | M66: =N66 -> 0 | N66: =K14*(1-('COVERAGE FACTORS'!E40+'COVERAGE FACTORS'!E42)) -> 0
G67: =H67*(1-'ACCEPT RATES'!D22) -> 0 | H67: =I67*(1+'PIECE DENSITIES'!E14) -> 0 | I67: =O14*('COVERAGE FACTORS'!E40+'COVERAGE FACTORS'!E42) -> 0 | M67: =N67 -> 0 | N67: =O14*(1-('COVERAGE FACTORS'!E40+'COVERAGE FACTORS'!E42)) -> 0
A68: =B68*(1-'ACCEPT RATES'!C17) -> 5.0489581 | B68: =C68*(1+'ACCEPT RATES'!F17+'PIECE DENSITIES'!E9) -> 82.365192 | C68: =(D32+D44+D58)*('COVERAGE FACTORS'!E38+'COVERAGE FACTORS'!E42) -> 77.551638 | G68: =IF(SUM(C11:C16)>0, H68*(1-'ACCEPT RATES'!C22),H68*(1-'ACCEPT RATES'!D22)) -> 0 | H68: =I68*(1+'PIECE DENSITIES'!E14) -> 0 | I68: =(D32+D44+D58)*'COVERAGE FACTORS'!E40+(J32+J44+J58)*('COVERAGE FACTORS'!E40+'COVERAGE FACTORS'!E42) -> 0 | M68: =N68 -> 571.38933 | N68: =D62+J62+O32+O44+O58+(D32+D44+D58)*'COVERAGE FACTORS'!E44+(J32+J44+J58)*(1-('COVERAGE FACTORS'!E40+'COVERAGE FACTORS'!E42)) -> 571.38933
D69: =(SUM(C64:C68)-D62)*'PIECE DENSITIES'!F9 -> 171.99659 | E69: Inc Prim Mach | J69: =(SUM(I64:I68)-J62)*'PIECE DENSITIES'!F14 -> 0 | K69: Inc Prim Nonmach | O69: =SUM(N64:N68)*'PIECE DENSITIES'!F19 -> 16.050285 | P69: Inc Prim Manual
D70: =(SUM(C64:C68)-D62)*'PIECE DENSITIES'!G9 -> 7516.0423 | E70: Inc Sec Mach | J70: =(SUM(I64:I68)-J62)*'PIECE DENSITIES'!G14 -> 0 | K70: Inc Sec Nonmach | O70: =SUM(N64:N68)*'PIECE DENSITIES'!G19 -> 604.42258 | P70: Inc Sec Manual
D72: =SUM(A74:A78)*(1-'ACCEPT RATES'!G17)+SUM(B74:B78)*SUM('ACCEPT RATES'!I17:J17) -> 9.7969345 | E72: Rejects | J72: =SUM(G74:G78)*(1-'ACCEPT RATES'!E22) -> 0 | K72: Rejects
A73: REC | B73: Inc Prim AFSM100 | E73: Inc Prim | G73: Keyed | H73: Inc Prim UFSM1000 | K73: Inc Prim | M73: Inc Prim Manual
A74: =B74*(1-'ACCEPT RATES'!C17) -> 0 | B74: =C74*(1+'ACCEPT RATES'!F17) -> 0 | C74: =C15*('COVERAGE FACTORS'!E38+'COVERAGE FACTORS'!E42) -> 0 | E74: Manual | G74: =H74*(1-'ACCEPT RATES'!C22) -> 0 | H74: =I74 -> 0 | I74: =C15*'COVERAGE FACTORS'!E40 -> 0 | K74: Manual | M74: =N74 -> 0 | N74: =C15*'COVERAGE FACTORS'!E44 -> 0
A75: =B75*(1-'ACCEPT RATES'!D17) -> 0 | B75: =C75*(1+'ACCEPT RATES'!F17) -> 0 | C75: =G15*('COVERAGE FACTORS'!E38+'COVERAGE FACTORS'!E42) -> 0 | G75: =H75*(1-'ACCEPT RATES'!D22) -> 0 | H75: =I75 -> 0 | I75: =G15*'COVERAGE FACTORS'!E40 -> 0 | M75: =N75 -> 0 | N75: =G15*'COVERAGE FACTORS'!E44 -> 0
G76: =H76*(1-'ACCEPT RATES'!C22) -> 0 | H76: =I76 -> 0 | I76: =K15*('COVERAGE FACTORS'!E40+'COVERAGE FACTORS'!E42) -> 0 | M76: =N76 -> 0 | N76: =K15*(1-('COVERAGE FACTORS'!E40+'COVERAGE FACTORS'!E42)) -> 0
G77: =H77*(1-'ACCEPT RATES'!D22) -> 0 | H77: =I77 -> 0 | I77: =O15*('COVERAGE FACTORS'!E40+'COVERAGE FACTORS'!E42) -> 0 | M77: =N77 -> 0 | N77: =O15*(1-('COVERAGE FACTORS'!E40+'COVERAGE FACTORS'!E42)) -> 0
A78: =B78*(1-'ACCEPT RATES'!C17) -> 12.134461 | B78: =C78*(1+'ACCEPT RATES'!F17) -> 197.95316 | C78: =(D33+D45+D59+D69)*('COVERAGE FACTORS'!E38+'COVERAGE FACTORS'!E42) -> 196.04615 | G78: =IF(SUM(C11:C16)>0,H78*(1-'ACCEPT RATES'!C22),H78*(1-'ACCEPT RATES'!D22)) -> 0 | H78: =I78 -> 0 | I78: =(D33+D45+D59+D69)*'COVERAGE FACTORS'!E40+(J33+J45+J59+J69)*('COVERAGE FACTORS'!E40+'COVERAGE FACTORS'!E42) -> 0 | M78: =N78 -> 28.70809 | N78: =D72+J72+O33+O45+O59+O69+(D33+D45+D59+D69)*'COVERAGE FACTORS'!E44+(J33+J45+J59+J69)*(1-('COVERAGE FACTORS'!E40+'COVERAGE FACTORS'!E42))+D106 -> 28.70809
D79: =SUM(C74:C78)-D72 -> 186.24922 | E79: Inc Sec Mach | J79: =SUM(I74:I78)-J72 -> 0 | K79: Inc Sec Nonmach | O79: =SUM(N74:N78) -> 28.70809 | P79: Inc Sec Manual
D81: =SUM(A83:A87)*(1-'ACCEPT RATES'!G17)+SUM(B83:B87)*SUM('ACCEPT RATES'!I17:J17) -> 466.60256 | E81: Rejects | J81: =I85*(1-'ACCEPT RATES'!C22) -> 0 | K81: Rejects
A82: REC | B82: Inc Sec AFSM100 | E82: Inc Sec | G82: Keyed | H82: Inc Sec UFSM1000 | K82: Inc Sec | M82: Inc Sec Manual
A83: =B83*(1-'ACCEPT RATES'!C17) -> 0 | B83: =C83*(1+'ACCEPT RATES'!F17) -> 0 | C83: =C16*('COVERAGE FACTORS'!E54+'COVERAGE FACTORS'!E58) -> 0 | E83: Manual | G83: 0 | H83: =I83 -> 0 | I83: =C16*'COVERAGE FACTORS'!E56 -> 0 | K83: Manual | M83: =N83 -> 0 | N83: =C16*'COVERAGE FACTORS'!E60 -> 0
A84: =B84*(1-'ACCEPT RATES'!D17) -> 358.28323 | B84: =C84*(1+'ACCEPT RATES'!F17) -> 1358.7587 | C84: =G16*('COVERAGE FACTORS'!E54+'COVERAGE FACTORS'!E58+(1-'COVERAGE FACTORS'!B119)*'COVERAGE FACTORS'!E52) -> 1345.6689 | G84: 0 | H84: =I84 -> 0 | I84: =G16*'COVERAGE FACTORS'!E56 -> 0 | M84: =N84 -> 8.0837077 | N84: =G16*'COVERAGE FACTORS'!E60 -> 8.0837077
G85: 0 | H85: =I85 -> 0 | I85: =K16*('COVERAGE FACTORS'!E56+'COVERAGE FACTORS'!E58) -> 0 | M85: =N85 -> 0 | N85: =K16*(1-('COVERAGE FACTORS'!E56+'COVERAGE FACTORS'!E58+'COVERAGE FACTORS'!E52)) -> 0
G86: 0 | H86: =I86 -> 0 | I86: =O16*('COVERAGE FACTORS'!E56+'COVERAGE FACTORS'!E58) -> 0 | M86: =N86 -> 0 | N86: =O16*(1-('COVERAGE FACTORS'!E56+'COVERAGE FACTORS'!E58+'COVERAGE FACTORS'!E52)) -> 0
A87: =B87*(1-'ACCEPT RATES'!C17) -> 470.06334 | B87: =C87*(1+'ACCEPT RATES'!F17) -> 7668.2864 | C87: =(D34+D46+D60+D70+D79)*('COVERAGE FACTORS'!E54+'COVERAGE FACTORS'!E58+(1-'COVERAGE FACTORS'!B119)*'COVERAGE FACTORS'!E52)*'COVERAGE FACTORS'!E104 -> 7594.4129 | G87: 0 | H87: =I87 -> 0 | I87: =(D34+D46+D60+D70+D79)*'COVERAGE FACTORS'!E56*'COVERAGE FACTORS'!E104+(J34+J46+J60+J70+J79)*('COVERAGE FACTORS'!E56+'COVERAGE FACTORS'!E58)*'COVERAGE FACTORS'!E104 -> 0 | M87: =N87 -> 1518.4371 | N87: =D81+J81+(O34+O46+O60+O70+O79)+(D34+D46+D60+D70+D79)*'COVERAGE FACTORS'!E106+(J34+J46+J60+J70+J79)*(1-('COVERAGE FACTORS'!E56+'COVERAGE FACTORS'!E58)*'COVERAGE FACTORS'!E104)+D120 -> 1518.4371
D88: =SUM(C83:C87)-D81 -> 8473.4792 | J88: =SUM(I83:I87)-J81 -> 0 | O88: =SUM(N83:N87) -> 1526.5208
D89: Finalized to Carrier Route | J89: Finalized to Carrier Route | O89: Finalized to Carrier Route
D91: Rejects
D92: IS | E92: IP
D93: =SUM(A95:A99)*(1-'ACCEPT RATES'!G24)+SUM(B95:B99)*'ACCEPT RATES'!J24 -> 0 | E93: =SUM(B95:B99)*'ACCEPT RATES'!I24 -> 0
A94: REC | B94: FSS
A95: =B95*(1-'ACCEPT RATES'!C24) -> 0 | B95: =C95*(1+'ACCEPT RATES'!F17) -> 0 | C95: =C16*'COVERAGE FACTORS'!E52 -> 0
A96: =B96*(1-'ACCEPT RATES'!D24) -> 0 | B96: =C96*(1+'ACCEPT RATES'!F17) -> 0 | C96: =G16*'COVERAGE FACTORS'!E52*'COVERAGE FACTORS'!B119 -> 0
A97: =B97*(1-'ACCEPT RATES'!C24) -> 0 | B97: =C97*(1+'ACCEPT RATES'!F17) -> 0 | C97: =K16*'COVERAGE FACTORS'!E52 -> 0
A98: =B98*(1-'ACCEPT RATES'!D24) -> 0 | B98: =C98*(1+'ACCEPT RATES'!F17) -> 0 | C98: =O16*'COVERAGE FACTORS'!E52 -> 0
A99: =B99*(1-'ACCEPT RATES'!C24) -> 0 | B99: =C99*(1+'ACCEPT RATES'!F17) -> 0 | C99: =(D16+D34+D46+D60+D70+D79)*'COVERAGE FACTORS'!E52*'COVERAGE FACTORS'!B119*'COVERAGE FACTORS'!E104+D114 -> 0
D100: =SUM(C95:C99)-D93-E93 -> 0
D101: Finalized to DPS
D106: =A112*(1-'ACCEPT RATES'!G17)+B112*('ACCEPT RATES'!I17+'ACCEPT RATES'!J17) -> 0 | E106: Rejects | G106: This section of the model requires the iterative calculation function within Excel to be enabled. An iterative process is used to account for the flow of FSS out-of-scheme rejects. FSS out-of-scheme rejects flow upstream to Incoming Primary (IP) operations where they are sorted to the correct scheme. If the correct scheme is worked on the FSS the piece will flow downstream to the FSS operation, this creates the iterative flow within the model.
A107: REC | B107: Inc Prim AFSM100 - FSS Reject | E107: Inc Prim
E108: Manual
A112: =B112*(1-'ACCEPT RATES'!$C$17) -> 0 | B112: =C112*(1+'ACCEPT RATES'!$F$17) -> 0 | C112: =E93 -> 0
D113: =($C$112-$D$106)*(1-'COVERAGE FACTORS'!$E$80) -> 0 | E113: Inc Sec Mach
D114: =($C$112-$D$106)*'COVERAGE FACTORS'!$E$80 -> 0 | E114: FSS
D120: =A126*'ACCEPT RATES'!H17+B126*('ACCEPT RATES'!I17+'ACCEPT RATES'!J17) -> 0 | E120: Rejects
A121: REC | B121: Inc Sec AFSM100 - FSS Reject | E121: Inc Sec
E122: Manual
A126: =B126*(1-'ACCEPT RATES'!$C$17) -> 0 | B126: =C126*(1+'ACCEPT RATES'!$F$17) -> 0 | C126: =$D$93+$D$113 -> 0
D127: =C126-D120 -> 0
D128: Finalized to Carrier Route

Sheet 3D NONAUTO COST FSS
A1: 3-DIGIT NONAUTO PRESORT FSS
A2: COST SHEET
C4: ="(1)" -> (1) | D4: ="(2)" -> (2) | E4: (3) | F4: ="(4)" -> (4) | G4: ="(5)" -> (5) | H4: ="(6)" -> (6) | I4: ="(7)" -> (7) | J4: ="(8)" -> (8) | K4: ="(9)" -> (9)
D6: Bundles | F6: Direct | H6: Premium | I6: Premium | J6: Total | K6: Weighted
D7: or Pieces | E7: Wage | F7: Cents | G7: Piggyback | H7: Pay | I7: Pay | J7: Cents | K7: Cents
A8: Operation | C8: Volume | D8: Per Hour | E8: Rate | F8: Per Piece | G8: Factor | H8: Factor | I8: Adjust | J8: Per Piece | K8: Per Piece
A10: Outgoing Primary (Bundles)
B11: APPS | C11: ='BUNDLE SORT'!$I$31*('COVERAGE FACTORS'!$E$6/('COVERAGE FACTORS'!$E$6+'COVERAGE FACTORS'!$E$8)) -> 0 | D11: =PRODUCTIVITIES!$E$8 -> 206.82029 | E11: ='WAGE RATES'!$C$6 -> 50.107175 | F11: =E11*100/D11 -> 24.227398 | G11: =PIGGYBACKS!$B$5 -> 1.8052502 | H11: ='WAGE RATES'!$C$9 -> 0.97520312 | I11: =(H11-1)*F11 -> -0.60076381 | J11: =F11*G11+I11 -> 43.135752 | K11: =C11*$J11/'3D NONAUTO MODEL FSS'!$G$6 -> 0
B12: APBS / LIPS | C12: ='BUNDLE SORT'!$I$31*('COVERAGE FACTORS'!$E$8/('COVERAGE FACTORS'!$E$6+'COVERAGE FACTORS'!$E$8)) -> 0 | D12: =PRODUCTIVITIES!$E$10 -> 218.50114 | E12: ='WAGE RATES'!$C$6 -> 50.107175 | F12: =E12*100/D12 -> 22.932226 | G12: =PIGGYBACKS!$B$6 -> 1.6056413 | H12: ='WAGE RATES'!$C$9 -> 0.97520312 | I12: =(H12-1)*F12 -> -0.56864758 | J12: =F12*G12+I12 -> 36.25228 | K12: =C12*$J12/'3D NONAUTO MODEL FSS'!$G$6 -> 0
B13: Manual | C13: ='BUNDLE SORT'!$J$31 -> 43.487454 | D13: =PRODUCTIVITIES!$E$12 -> 388.77899 | E13: ='WAGE RATES'!$C$6 -> 50.107175 | F13: =E13*100/D13 -> 12.888344 | G13: =PIGGYBACKS!$B$7 -> 1.5985379 | H13: ='WAGE RATES'!$C$9 -> 0.97520312 | I13: =(H13-1)*F13 -> -0.31959069 | J13: =F13*G13+I13 -> 20.282916 | K13: =C13*$J13/'3D NONAUTO MODEL FSS'!$G$6 -> 0.088205237
A15: Incoming MMP (Bundles)
B16: APPS | C16: ='BUNDLE SORT'!$M$31*('COVERAGE FACTORS'!$E$30/('COVERAGE FACTORS'!$E$30+'COVERAGE FACTORS'!$E$32)) -> 36.080739 | D16: =PRODUCTIVITIES!$E$9 -> 236.2304 | E16: ='WAGE RATES'!$C$6 -> 50.107175 | F16: =E16*100/D16 -> 21.211146 | G16: =PIGGYBACKS!$B$5 -> 1.8052502 | H16: ='WAGE RATES'!$C$9 -> 0.97520312 | I16: =(H16-1)*F16 -> -0.52597017 | J16: =F16*G16+I16 -> 37.765456 | K16: =C16*$J16/'3D NONAUTO MODEL FSS'!$G$6 -> 0.13626056
B17: APBS / LIPS | C17: ='BUNDLE SORT'!$M$31*('COVERAGE FACTORS'!$E$32/('COVERAGE FACTORS'!$E$30+'COVERAGE FACTORS'!$E$32)) -> 43.615734 | D17: =PRODUCTIVITIES!$E$11 -> 181.33504 | E17: ='WAGE RATES'!$C$6 -> 50.107175 | F17: =E17*100/D17 -> 27.632373 | G17: =PIGGYBACKS!$B$6 -> 1.6056413 | H17: ='WAGE RATES'!$C$9 -> 0.97520312 | I17: =(H17-1)*F17 -> -0.68519655 | J17: =F17*G17+I17 -> 43.682481 | K17: =C17*$J17/'3D NONAUTO MODEL FSS'!$G$6 -> 0.19052435
B18: Manual | C18: ='BUNDLE SORT'!$N$31 -> 0 | D18: =PRODUCTIVITIES!$E$13 -> 388.77899 | E18: ='WAGE RATES'!$C$6 -> 50.107175 | F18: =E18*100/D18 -> 12.888344 | G18: =PIGGYBACKS!$B$7 -> 1.5985379 | H18: ='WAGE RATES'!$C$9 -> 0.97520312 | I18: =(H18-1)*F18 -> -0.31959069 | J18: =F18*G18+I18 -> 20.282916 | K18: =C18*$J18/'3D NONAUTO MODEL FSS'!$G$6 -> 0
A20: Incoming Primary (Bundles)
B21: APPS | C21: ='BUNDLE SORT'!$Q$31*('COVERAGE FACTORS'!$E$30/('COVERAGE FACTORS'!$E$30+'COVERAGE FACTORS'!$E$32)) -> 154.19594 | D21: =PRODUCTIVITIES!$E$9 -> 236.2304 | E21: ='WAGE RATES'!$C$6 -> 50.107175 | F21: =E21*100/D21 -> 21.211146 | G21: =PIGGYBACKS!$B$5 -> 1.8052502 | H21: ='WAGE RATES'!$C$9 -> 0.97520312 | I21: =(H21-1)*F21 -> -0.52597017 | J21: =F21*G21+I21 -> 37.765456 | K21: =C21*$J21/'3D NONAUTO MODEL FSS'!$G$6 -> 0.582328
B22: APBS / LIPS | C22: ='BUNDLE SORT'!$Q$31*('COVERAGE FACTORS'!$E$32/('COVERAGE FACTORS'!$E$30+'COVERAGE FACTORS'!$E$32)) -> 186.39776 | D22: =PRODUCTIVITIES!$E$11 -> 181.33504 | E22: ='WAGE RATES'!$C$6 -> 50.107175 | F22: =E22*100/D22 -> 27.632373 | G22: =PIGGYBACKS!$B$6 -> 1.6056413 | H22: ='WAGE RATES'!$C$9 -> 0.97520312 | I22: =(H22-1)*F22 -> -0.68519655 | J22: =F22*G22+I22 -> 43.682481 | K22: =C22*$J22/'3D NONAUTO MODEL FSS'!$G$6 -> 0.81423168
B23: Manual | C23: ='BUNDLE SORT'!$R$31 -> 9.8223347 | D23: =PRODUCTIVITIES!$E$14 -> 388.77899 | E23: ='WAGE RATES'!$C$6 -> 50.107175 | F23: =E23*100/D23 -> 12.888344 | G23: =PIGGYBACKS!$B$7 -> 1.5985379 | H23: ='WAGE RATES'!$C$9 -> 0.97520312 | I23: =(H23-1)*F23 -> -0.31959069 | J23: =F23*G23+I23 -> 20.282916 | K23: =C23*$J23/'3D NONAUTO MODEL FSS'!$G$6 -> 0.019922559
A25: Incoming Secondary (Bundles)
B26: APPS | C26: ='BUNDLE SORT'!$U$31*('COVERAGE FACTORS'!$E$30/('COVERAGE FACTORS'!$E$30+'COVERAGE FACTORS'!$E$32)) -> 0.0015488765 | D26: =PRODUCTIVITIES!$E$9 -> 236.2304 | E26: ='WAGE RATES'!$C$6 -> 50.107175 | F26: =E26*100/D26 -> 21.211146 | G26: =PIGGYBACKS!$B$5 -> 1.8052502 | H26: ='WAGE RATES'!$C$9 -> 0.97520312 | I26: =(H26-1)*F26 -> -0.52597017 | J26: =F26*G26+I26 -> 37.765456 | K26: =C26*$J26/'3D NONAUTO MODEL FSS'!$G$6 -> 5.8494029e-06
B27: APBS / LIPS | C27: ='BUNDLE SORT'!$U$31*('COVERAGE FACTORS'!$E$32/('COVERAGE FACTORS'!$E$30+'COVERAGE FACTORS'!$E$32)) -> 0.0018723393 | D27: =PRODUCTIVITIES!$E$11 -> 181.33504 | E27: ='WAGE RATES'!$C$6 -> 50.107175 | F27: =E27*100/D27 -> 27.632373 | G27: =PIGGYBACKS!$B$6 -> 1.6056413 | H27: ='WAGE RATES'!$C$9 -> 0.97520312 | I27: =(H27-1)*F27 -> -0.68519655 | J27: =F27*G27+I27 -> 43.682481 | K27: =C27*$J27/'3D NONAUTO MODEL FSS'!$G$6 -> 8.1788427e-06
B28: Manual | C28: ='BUNDLE SORT'!$V$31 -> 0.33870037 | D28: =PRODUCTIVITIES!E15 -> 279.1383 | E28: ='WAGE RATES'!$C$6 -> 50.107175 | F28: =E28*100/D28 -> 17.950663 | G28: =PIGGYBACKS!$B$7 -> 1.5985379 | H28: ='WAGE RATES'!$C$9 -> 0.97520312 | I28: =(H28-1)*F28 -> -0.44512037 | J28: =F28*G28+I28 -> 28.249693 | K28: =C28*$J28/'3D NONAUTO MODEL FSS'!$G$6 -> 0.00095681816
A30: Outgoing Primary (Piece)
B31: AFSM100 Auto | C31: =SUM('3D NONAUTO MODEL FSS'!$B$25:$B$29) -> 5.8400471 | D31: =PRODUCTIVITIES!$E$23*'COVERAGE FACTORS'!$E$24+PRODUCTIVITIES!$E$17*(1-'COVERAGE FACTORS'!$E$24) -> 1572.5271 | E31: ='WAGE RATES'!$C$6 -> 50.107175 | F31: =E31*100/D31 -> 3.1864109 | G31: =PIGGYBACKS!$B$8 -> 1.6305774 | H31: ='WAGE RATES'!$C$9 -> 0.97520312 | I31: =(H31-1)*F31 -> -0.07901304 | J31: =F31*G31+I31 -> 5.1166766 | K31: =C31*$J31/'3D NONAUTO MODEL FSS'!$G$6 -> 0.0029881633
B32: REC Keying | C32: =SUM('3D NONAUTO MODEL FSS'!$A$25:$A$29) -> 1.5399283 | D32: =PRODUCTIVITIES!$E$16 -> 888.01171 | E32: ='WAGE RATES'!$C$5 -> 54.14236 | F32: =E32*100/D32 -> 6.0970322 | G32: =PIGGYBACKS!$B$9 -> 1.2615773 | H32: ='WAGE RATES'!$C$9 -> 0.97520312 | I32: =(H32-1)*F32 -> -0.15118736 | J32: =F32*G32+I32 -> 7.5406902 | K32: =C32*$J32/'3D NONAUTO MODEL FSS'!$G$6 -> 0.0011612123
B33: UFSM1000 Auto | C33: =SUM('3D NONAUTO MODEL FSS'!$H$25:$H$29) -> 0 | D33: =PRODUCTIVITIES!$E$30 -> 1.0273269 | E33: ='WAGE RATES'!$C$6 -> 50.107175 | F33: =E33*100/D33 -> 4877.4324 | G33: =PIGGYBACKS!$B$10 -> 1.6305774 | H33: ='WAGE RATES'!$C$9 -> 0.97520312 | I33: =(H33-1)*F33 -> -120.94509 | J33: =F33*G33+I33 -> 7832.086 | K33: =C33*$J33/'3D NONAUTO MODEL FSS'!$G$6 -> 0
B34: UFSM1000 Keying | C34: =SUM('3D NONAUTO MODEL FSS'!$G$25:$G$29) -> 0 | D34: =PRODUCTIVITIES!$E$36 -> 1.0273269 | E34: ='WAGE RATES'!$C$6 -> 50.107175 | F34: =E34*100/D34 -> 4877.4324 | G34: =PIGGYBACKS!$B$10 -> 1.6305774 | H34: ='WAGE RATES'!$C$9 -> 0.97520312 | I34: =(H34-1)*F34 -> -120.94509 | J34: =F34*G34+I34 -> 7832.086 | K34: =C34*$J34/'3D NONAUTO MODEL FSS'!$G$6 -> 0
B35: Manual | C35: =SUM('3D NONAUTO MODEL FSS'!$M$25:$M$29) -> 0.36816889 | D35: =PRODUCTIVITIES!$E$42 -> 620.26372 | E35: ='WAGE RATES'!$C$6 -> 50.107175 | F35: =E35*100/D35 -> 8.0783662 | G35: =PIGGYBACKS!$B$12 -> 1.3622907 | H35: ='WAGE RATES'!$C$9 -> 0.97520312 | I35: =(H35-1)*F35 -> -0.20031825 | J35: =F35*G35+I35 -> 10.804765 | K35: =C35*$J35/'3D NONAUTO MODEL FSS'!$G$6 -> 0.00039779784
A37: Outgoing Secondary (Piece)
B38: AFSM100 Auto | C38: =SUM('3D NONAUTO MODEL FSS'!$B$38:$B$42) -> 0.70926906 | D38: =PRODUCTIVITIES!$E$24*'COVERAGE FACTORS'!$E$24+PRODUCTIVITIES!$E$18*(1-'COVERAGE FACTORS'!$E$24) -> 2267.7698 | E38: ='WAGE RATES'!$C$6 -> 50.107175 | F38: =E38*100/D38 -> 2.2095353 | G38: =PIGGYBACKS!$B$8 -> 1.6305774 | H38: ='WAGE RATES'!$C$9 -> 0.97520312 | I38: =(H38-1)*F38 -> -0.054789575 | J38: =F38*G38+I38 -> 3.5480288 | K38: =C38*$J38/'3D NONAUTO MODEL FSS'!$G$6 -> 0.0002516507
B39: REC Keying | C39: =SUM('3D NONAUTO MODEL FSS'!$A$38:$A$42) -> 0.043477951 | D39: =PRODUCTIVITIES!$E$16 -> 888.01171 | E39: ='WAGE RATES'!$C$5 -> 54.14236 | F39: =E39*100/D39 -> 6.0970322 | G39: =PIGGYBACKS!$B$9 -> 1.2615773 | H39: ='WAGE RATES'!$C$9 -> 0.97520312 | I39: =(H39-1)*F39 -> -0.15118736 | J39: =F39*G39+I39 -> 7.5406902 | K39: =C39*$J39/'3D NONAUTO MODEL FSS'!$G$6 -> 3.2785376e-05
B40: UFSM1000 Auto | C40: =SUM('3D NONAUTO MODEL FSS'!$H$38:$H$42) -> 0 | D40: =PRODUCTIVITIES!$E$31 -> 1.0273269 | E40: ='WAGE RATES'!$C$6 -> 50.107175 | F40: =E40*100/D40 -> 4877.4324 | G40: =PIGGYBACKS!$B$10 -> 1.6305774 | H40: ='WAGE RATES'!$C$9 -> 0.97520312 | I40: =(H40-1)*F40 -> -120.94509 | J40: =F40*G40+I40 -> 7832.086 | K40: =C40*$J40/'3D NONAUTO MODEL FSS'!$G$6 -> 0
B41: UFSM1000 Keying | C41: =SUM('3D NONAUTO MODEL FSS'!$G$38:$G$42) -> 0 | D41: =PRODUCTIVITIES!$E$37 -> 1.0273269 | E41: ='WAGE RATES'!$C$6 -> 50.107175 | F41: =E41*100/D41 -> 4877.4324 | G41: =PIGGYBACKS!$B$10 -> 1.6305774 | H41: ='WAGE RATES'!$C$9 -> 0.97520312 | I41: =(H41-1)*F41 -> -120.94509 | J41: =F41*G41+I41 -> 7832.086 | K41: =C41*$J41/'3D NONAUTO MODEL FSS'!$G$6 -> 0
B42: Manual | C42: =SUM('3D NONAUTO MODEL FSS'!$M$38:$M$42) -> 0.098686879 | D42: =PRODUCTIVITIES!$E$43 -> 490.62129 | E42: ='WAGE RATES'!$C$6 -> 50.107175 | F42: =E42*100/D42 -> 10.213005 | G42: =PIGGYBACKS!$B$12 -> 1.3622907 | H42: ='WAGE RATES'!$C$9 -> 0.97520312 | I42: =(H42-1)*F42 -> -0.25325062 | J42: =F42*G42+I42 -> 13.659831 | K42: =C42*$J42/'3D NONAUTO MODEL FSS'!$G$6 -> 0.00013480461
A44: Incoming MMP (Piece)
B45: AFSM100 Auto | C45: =SUM('3D NONAUTO MODEL FSS'!$B$53:$B$57) -> 425.96299 | D45: =PRODUCTIVITIES!$E$25*'COVERAGE FACTORS'!$E$24+PRODUCTIVITIES!$E$19*(1-'COVERAGE FACTORS'!$E$24) -> 1572.9754 | E45: ='WAGE RATES'!$C$6 -> 50.107175 | F45: =E45*100/D45 -> 3.1855028 | G45: =PIGGYBACKS!$B$8 -> 1.6305774 | H45: ='WAGE RATES'!$C$9 -> 0.97520312 | I45: =(H45-1)*F45 -> -0.078990522 | J45: =F45*G45+I45 -> 5.1152184 | K45: =C45*$J45/'3D NONAUTO MODEL FSS'!$G$6 -> 0.21788938
B46: REC Keying | C46: =SUM('3D NONAUTO MODEL FSS'!$A$53:$A$57) -> 111.64439 | D46: =PRODUCTIVITIES!$E$16 -> 888.01171 | E46: ='WAGE RATES'!$C$5 -> 54.14236 | F46: =E46*100/D46 -> 6.0970322 | G46: =PIGGYBACKS!$B$9 -> 1.2615773 | H46: ='WAGE RATES'!$C$9 -> 0.97520312 | I46: =(H46-1)*F46 -> -0.15118736 | J46: =F46*G46+I46 -> 7.5406902 | K46: =C46*$J46/'3D NONAUTO MODEL FSS'!$G$6 -> 0.084187578
B47: UFSM1000 Auto | C47: =SUM('3D NONAUTO MODEL FSS'!$H$53:$H$57) -> 0 | D47: =PRODUCTIVITIES!$E$32 -> 1.0273269 | E47: ='WAGE RATES'!$C$6 -> 50.107175 | F47: =E47*100/D47 -> 4877.4324 | G47: =PIGGYBACKS!$B$10 -> 1.6305774 | H47: ='WAGE RATES'!$C$9 -> 0.97520312 | I47: =(H47-1)*F47 -> -120.94509 | J47: =F47*G47+I47 -> 7832.086 | K47: =C47*$J47/'3D NONAUTO MODEL FSS'!$G$6 -> 0
B48: UFSM1000 Keying | C48: =SUM('3D NONAUTO MODEL FSS'!$G$53:$G$57) -> 0 | D48: =PRODUCTIVITIES!$E$38 -> 1.0273269 | E48: ='WAGE RATES'!$C$6 -> 50.107175 | F48: =E48*100/D48 -> 4877.4324 | G48: =PIGGYBACKS!$B$10 -> 1.6305774 | H48: ='WAGE RATES'!$C$9 -> 0.97520312 | I48: =(H48-1)*F48 -> -120.94509 | J48: =F48*G48+I48 -> 7832.086 | K48: =C48*$J48/'3D NONAUTO MODEL FSS'!$G$6 -> 0
B49: Manual | C49: =SUM('3D NONAUTO MODEL FSS'!$M$53:$M$57) -> 39.87663 | D49: =PRODUCTIVITIES!$E$44 -> 692.96374 | E49: ='WAGE RATES'!$C$6 -> 50.107175 | F49: =E49*100/D49 -> 7.2308508 | G49: =PIGGYBACKS!$B$12 -> 1.3622907 | H49: ='WAGE RATES'!$C$9 -> 0.97520312 | I49: =(H49-1)*F49 -> -0.17930252 | J49: =F49*G49+I49 -> 9.6712185 | K49: =C49*$J49/'3D NONAUTO MODEL FSS'!$G$6 -> 0.03856556
A51: Incoming SCF (Piece)
B52: AFSM100 Auto | C52: =SUM('3D NONAUTO MODEL FSS'!$B$64:$B$68) -> 8760.2957 | D52: =PRODUCTIVITIES!$E$26*'COVERAGE FACTORS'!$E$24+PRODUCTIVITIES!$E$20*(1-'COVERAGE FACTORS'!$E$24) -> 2073.5492 | E52: ='WAGE RATES'!$C$6 -> 50.107175 | F52: =E52*100/D52 -> 2.4164932 | G52: =PIGGYBACKS!$B$8 -> 1.6305774 | H52: ='WAGE RATES'!$C$9 -> 0.97520312 | I52: =(H52-1)*F52 -> -0.059921485 | J52: =F52*G52+I52 -> 3.8803578 | K52: =C52*$J52/'3D NONAUTO MODEL FSS'!$G$6 -> 3.3993082
B53: REC Keying | C53: =SUM('3D NONAUTO MODEL FSS'!$A$64:$A$68) -> 2293.2824 | D53: =PRODUCTIVITIES!$E$16 -> 888.01171 | E53: ='WAGE RATES'!$C$5 -> 54.14236 | F53: =E53*100/D53 -> 6.0970322 | G53: =PIGGYBACKS!$B$9 -> 1.2615773 | H53: ='WAGE RATES'!$C$9 -> 0.97520312 | I53: =(H53-1)*F53 -> -0.15118736 | J53: =F53*G53+I53 -> 7.5406902 | K53: =C53*$J53/'3D NONAUTO MODEL FSS'!$G$6 -> 1.7292932
B54: UFSM1000 Auto | C54: =SUM('3D NONAUTO MODEL FSS'!$H$64:$H$68) -> 0 | D54: =PRODUCTIVITIES!$E$33 -> 1.0273269 | E54: ='WAGE RATES'!$C$6 -> 50.107175 | F54: =E54*100/D54 -> 4877.4324 | G54: =PIGGYBACKS!$B$10 -> 1.6305774 | H54: ='WAGE RATES'!$C$9 -> 0.97520312 | I54: =(H54-1)*F54 -> -120.94509 | J54: =F54*G54+I54 -> 7832.086 | K54: =C54*$J54/'3D NONAUTO MODEL FSS'!$G$6 -> 0
B55: UFSM1000 Keying | C55: =SUM('3D NONAUTO MODEL FSS'!$G$64:$G$68) -> 0 | D55: =PRODUCTIVITIES!$E$39 -> 1.0273269 | E55: ='WAGE RATES'!$C$6 -> 50.107175 | F55: =E55*100/D55 -> 4877.4324 | G55: =PIGGYBACKS!$B$10 -> 1.6305774 | H55: ='WAGE RATES'!$C$9 -> 0.97520312 | I55: =(H55-1)*F55 -> -120.94509 | J55: =F55*G55+I55 -> 7832.086 | K55: =C55*$J55/'3D NONAUTO MODEL FSS'!$G$6 -> 0
B56: Manual | C56: =SUM('3D NONAUTO MODEL FSS'!$M$64:$M$68) -> 620.47287 | D56: =PRODUCTIVITIES!$E$45 -> 600.65917 | E56: ='WAGE RATES'!$C$6 -> 50.107175 | F56: =E56*100/D56 -> 8.342031 | G56: =PIGGYBACKS!$B$12 -> 1.3622907 | H56: ='WAGE RATES'!$C$9 -> 0.97520312 | I56: =(H56-1)*F56 -> -0.20685632 | J56: =F56*G56+I56 -> 11.157415 | K56: =C56*$J56/'3D NONAUTO MODEL FSS'!$G$6 -> 0.69228734
A58: Incoming Primary (Piece)
B59: AFSM100 Auto | C59: =SUM('3D NONAUTO MODEL FSS'!$B$74:$B$78)+SUM('3D NONAUTO MODEL FSS'!$B$108:$B$112) -> 197.95316 | D59: =PRODUCTIVITIES!$E$27*'COVERAGE FACTORS'!$E$24+PRODUCTIVITIES!$E$21*(1-'COVERAGE FACTORS'!$E$24) -> 1117.4154 | E59: ='WAGE RATES'!$C$6 -> 50.107175 | F59: =E59*100/D59 -> 4.484203 | G59: =PIGGYBACKS!$B$8 -> 1.6305774 | H59: ='WAGE RATES'!$C$9 -> 0.97520312 | I59: =(H59-1)*F59 -> -0.11119423 | J59: =F59*G59+I59 -> 7.2006459 | K59: =C59*$J59/'3D NONAUTO MODEL FSS'!$G$6 -> 0.14253906
B60: REC Keying | C60: =SUM('3D NONAUTO MODEL FSS'!$A$74:$A$78)+SUM('3D NONAUTO MODEL FSS'!$A$108:$A$112) -> 12.134461 | D60: =PRODUCTIVITIES!$E$16 -> 888.01171 | E60: ='WAGE RATES'!$C$5 -> 54.14236 | F60: =E60*100/D60 -> 6.0970322 | G60: =PIGGYBACKS!$B$9 -> 1.2615773 | H60: ='WAGE RATES'!$C$9 -> 0.97520312 | I60: =(H60-1)*F60 -> -0.15118736 | J60: =F60*G60+I60 -> 7.5406902 | K60: =C60*$J60/'3D NONAUTO MODEL FSS'!$G$6 -> 0.0091502213
B61: UFSM1000 Auto | C61: =SUM('3D NONAUTO MODEL FSS'!$H$74:$H$78) -> 0 | D61: =PRODUCTIVITIES!$E$34 -> 1.0273269 | E61: ='WAGE RATES'!$C$6 -> 50.107175 | F61: =E61*100/D61 -> 4877.4324 | G61: =PIGGYBACKS!$B$10 -> 1.6305774 | H61: ='WAGE RATES'!$C$9 -> 0.97520312 | I61: =(H61-1)*F61 -> -120.94509 | J61: =F61*G61+I61 -> 7832.086 | K61: =C61*$J61/'3D NONAUTO MODEL FSS'!$G$6 -> 0
B62: UFSM1000 Keying | C62: =SUM('3D NONAUTO MODEL FSS'!$G$74:$G$78) -> 0 | D62: =PRODUCTIVITIES!$E$40 -> 1.0273269 | E62: ='WAGE RATES'!$C$6 -> 50.107175 | F62: =E62*100/D62 -> 4877.4324 | G62: =PIGGYBACKS!$B$10 -> 1.6305774 | H62: ='WAGE RATES'!$C$9 -> 0.97520312 | I62: =(H62-1)*F62 -> -120.94509 | J62: =F62*G62+I62 -> 7832.086 | K62: =C62*$J62/'3D NONAUTO MODEL FSS'!$G$6 -> 0
B63: Manual | C63: =SUM('3D NONAUTO MODEL FSS'!$M$74:$M$78) -> 28.70809 | D63: =PRODUCTIVITIES!$E$46 -> 753.40918 | E63: ='WAGE RATES'!$C$6 -> 50.107175 | F63: =E63*100/D63 -> 6.6507253 | G63: =PIGGYBACKS!$B$12 -> 1.3622907 | H63: ='WAGE RATES'!$C$9 -> 0.97520312 | I63: =(H63-1)*F63 -> -0.16491722 | J63: =F63*G63+I63 -> 8.8953042 | K63: =C63*$J63/'3D NONAUTO MODEL FSS'!$G$6 -> 0.02553672
A65: Incoming Secondary (Piece)
B66: AFSM100 Auto | C66: =SUM('3D NONAUTO MODEL FSS'!$B$83:$B$87)+SUM('3D NONAUTO MODEL FSS'!$B$122:$B$126) -> 9022.1526 | D66: =PRODUCTIVITIES!$E$28*'COVERAGE FACTORS'!$E$24+PRODUCTIVITIES!$E$22*(1-'COVERAGE FACTORS'!$E$24) -> 1858.2572 | E66: ='WAGE RATES'!$C$6 -> 50.107175 | F66: =E66*100/D66 -> 2.6964606 | G66: =PIGGYBACKS!$B$8 -> 1.6305774 | H66: ='WAGE RATES'!$C$9 -> 0.97520312 | I66: =(H66-1)*F66 -> -0.066863803 | J66: =F66*G66+I66 -> 4.329924 | K66: =C66*$J66/'3D NONAUTO MODEL FSS'!$G$6 -> 3.9065235
B67: REC Keying | C67: =SUM('3D NONAUTO MODEL FSS'!$A$83:$A$87)+SUM('3D NONAUTO MODEL FSS'!$A$122:$A$126) -> 817.73366 | D67: =PRODUCTIVITIES!$E$16 -> 888.01171 | E67: ='WAGE RATES'!$C$5 -> 54.14236 | F67: =E67*100/D67 -> 6.0970322 | G67: =PIGGYBACKS!$B$9 -> 1.2615773 | H67: ='WAGE RATES'!$C$9 -> 0.97520312 | I67: =(H67-1)*F67 -> -0.15118736 | J67: =F67*G67+I67 -> 7.5406902 | K67: =C67*$J67/'3D NONAUTO MODEL FSS'!$G$6 -> 0.61662762
B68: UFSM1000 Auto | C68: =SUM('3D NONAUTO MODEL FSS'!$H$83:$H$87) -> 0 | D68: =PRODUCTIVITIES!$E$35 -> 1.0273269 | E68: ='WAGE RATES'!$C$6 -> 50.107175 | F68: =E68*100/D68 -> 4877.4324 | G68: =PIGGYBACKS!$B$10 -> 1.6305774 | H68: ='WAGE RATES'!$C$9 -> 0.97520312 | I68: =(H68-1)*F68 -> -120.94509 | J68: =F68*G68+I68 -> 7832.086 | K68: =C68*$J68/'3D NONAUTO MODEL FSS'!$G$6 -> 0
B69: UFSM1000 Keying | C69: =SUM('3D NONAUTO MODEL FSS'!$G$83:$G$87) -> 0 | D69: =PRODUCTIVITIES!$E$41 -> 1.0273269 | E69: ='WAGE RATES'!$C$6 -> 50.107175 | F69: =E69*100/D69 -> 4877.4324 | G69: =PIGGYBACKS!$B$10 -> 1.6305774 | H69: ='WAGE RATES'!$C$9 -> 0.97520312 | I69: =(H69-1)*F69 -> -120.94509 | J69: =F69*G69+I69 -> 7832.086 | K69: =C69*$J69/'3D NONAUTO MODEL FSS'!$G$6 -> 0
B70: Manual | C70: =SUM('3D NONAUTO MODEL FSS'!$M$83:$M$87) -> 1530.3798 | D70: =PRODUCTIVITIES!$E$47 -> 675.89316 | E70: ='WAGE RATES'!$C$6 -> 50.107175 | F70: =E70*100/D70 -> 7.4134756 | G70: =PIGGYBACKS!$B$12 -> 1.3622907 | H70: ='WAGE RATES'!$C$9 -> 0.97520312 | I70: =(H70-1)*F70 -> -0.18383104 | J70: =F70*G70+I70 -> 9.9154781 | K70: =C70*$J70/'3D NONAUTO MODEL FSS'!$G$6 -> 1.5174448
A72: FSS
B73: FSS | C73: 0 | D73: 0 | E73: 0 | F73: 0 | G73: 0 | H73: 0 | I73: 0 | J73: 0 | K73: 0
B74: REC Keying | C74: =SUM('3D NONAUTO MODEL FSS'!$A$95:$A$99) -> 0 | D74: =PRODUCTIVITIES!E16 -> 888.01171 | E74: ='WAGE RATES'!C5 -> 54.14236 | F74: =E74*100/D74 -> 6.0970322 | G74: =PIGGYBACKS!B9 -> 1.2615773 | H74: ='WAGE RATES'!$C$9 -> 0.97520312 | I74: =(H74-1)*F74 -> -0.15118736 | J74: =F74*G74+I74 -> 7.5406902 | K74: =C74*$J74/'3D NONAUTO MODEL FSS'!$G$6 -> 0
B76: Bundle Prep | C76: =SUM('3D NONAUTO MODEL FSS'!C65,'3D NONAUTO MODEL FSS'!I65,'3D NONAUTO MODEL FSS'!C75,'3D NONAUTO MODEL FSS'!I75,'3D NONAUTO MODEL FSS'!C84,'3D NONAUTO MODEL FSS'!I84) -> 9465.9806 | D76: =PRODUCTIVITIES!$C$49*'FY VOLUME NONAUTO'!C63 -> 2455.4277 | E76: ='WAGE RATES'!$C$6 -> 50.107175 | F76: =E76*100/D76 -> 2.0406699 | G76: =PIGGYBACKS!$B$13 -> 1.6305774 | H76: ='WAGE RATES'!$C$9 -> 0.97520312 | I76: =(H76-1)*F76 -> -0.050602242 | J76: =F76*G76+I76 -> 3.2768681 | K76: =C76*$J76/'3D AUTO MODEL FSS'!$G$6 -> 3.101877
B77: Tub Prep | C77: =SUM(C31,C33,C34,C38,C40,C41,C45,C47,C48,C52,C54,C55,C59,C61,C62,C66,C68,C69)-C76 -> 8946.9332 | D77: =PRODUCTIVITIES!$C$50*PRODUCTIVITIES!$C$51 -> 2107.631 | E77: ='WAGE RATES'!$C$6 -> 50.107175 | F77: =E77*100/D77 -> 2.3774168 | G77: =PIGGYBACKS!$B$8 -> 1.6305774 | H77: ='WAGE RATES'!$C$9 -> 0.97520312 | I77: =(H77-1)*F77 -> -0.058952514 | J77: =F77*G77+I77 -> 3.8176097 | K77: =C77*$J77/'3D AUTO MODEL FSS'!$G$6 -> 3.4155899
K78: ="(10)" -> (10)
J79: MODEL FSS COST = | K79: =SUM(K11:K77) -> 20.73423
J80: FSM MODEL FSS COST = | K80: =SUM(K31,K33,K34,K38,K40,K41,K45,K47,K48,K52,K54,K55,K59,K61,K62,K66,K68,K69,K76,K77) -> 14.186967
A83: ="(1)" -> (1) | B83: Values From Page 9 and 35 | F83: ="(6)" -> (6) | G83: Values From Page 32
A84: ="(2)" -> (2) | B84: Values From Page 31 | F84: ="(7)" -> (7) | G84: [ (6) - 1 ] * (4)
A85: ="(3)" -> (3) | B85: Values From Page 32 | F85: ="(8)" -> (8) | G85: (4) * (5) + (7)
A86: ="(4)" -> (4) | B86: [ (3) * (100 cents/dollar) ] / (2) | F86: ="(9)" -> (9) | G86: (1) * (8) / 10,000 Pieces
A87: ="(5)" -> (5) | B87: Values From Page 33 | F87: ="(10)" -> (10) | G87: Sum (9)

Sheet 3D NONAUTO MODEL FSS
A1: ='3D NONAUTO COST FSS'!A1 -> 3-DIGIT NONAUTO PRESORT FSS
A2: MAIL FLOW MODEL
A6: PCS IN = | C6: =SUM(C11:C16)+SUM(G11:G16)+SUM(K11:K16)+SUM(O11:O16) -> 10000 | E6: PCS OUT = | G6: =D88+J88+O88+D100+D127 -> 10000
A10: PIECE ENTRY POINTS:
B11: BC Mach Out Prim | C11: 0 | F11: Non-BC Mach Out Prim | G11: ='ENTRY PROFILE'!K27 -> 5.7767541 | J11: BC Nonmach Out Prim | K11: 0 | N11: Non-BC Nonmach Out Prim | O11: 0
B12: BC Mach Out Sec | C12: 0 | F12: Non-BC Mach Out Sec | G12: 0 | J12: BC Nonmach Out Sec | K12: 0 | N12: Non-BC Nonmach Out Sec | O12: 0
B13: BC Mach Inc MMP | C13: 0 | F13: Non-BC Mach Inc MMP | G13: ='ENTRY PROFILE'!L27+'ENTRY PROFILE'!O27+'ENTRY PROFILE'!O28+'ENTRY PROFILE'!P27 -> 420.60887 | J13: BC Nonmach Inc MMP | K13: 0 | N13: Non-BC Nonmach Inc MMP | O13: 0
B14: BC Mach Inc SCF | C14: 0 | F14: Non-BC Mach Inc SCF | G14: ='ENTRY PROFILE'!P28+'ENTRY PROFILE'!S27+'ENTRY PROFILE'!S28+'ENTRY PROFILE'!S29+'ENTRY PROFILE'!S30+'ENTRY PROFILE'!T27+'ENTRY PROFILE'!T28+'ENTRY PROFILE'!T29 -> 8219.8618 | J14: BC Nonmach Inc SCF | K14: 0 | N14: Non-BC Nonmach Inc SCF | O14: 0
B15: BC Mach Inc Prim | C15: 0 | F15: Non-BC Mach Inc Prim | G15: 0 | J15: BC Nonmach Inc Prim | K15: 0 | N15: Non-BC Nonmach Inc Prim | O15: 0
B16: BC Mach Inc Sec | C16: 0 | F16: Non-BC Mach Inc sec | G16: ='ENTRY PROFILE'!T30+'ENTRY PROFILE'!W30+'ENTRY PROFILE'!X30 -> 1353.7526 | J16: BC Nonmach Inc Sec | K16: 0 | N16: Non-BC Nonmach Inc sec | O16: 0
C21: MACHINABLE OUTGOING | L21: NONMACHINABLE OUTGOING
D23: =SUM(A25:A29)*(1-'ACCEPT RATES'!G14)+SUM(B25:B29)*SUM('ACCEPT RATES'!I14:J14) -> 0.3581832 | E23: Rejects | J23: =SUM(G25:G29)*(1-'ACCEPT RATES'!E19) -> 0 | K23: Rejects
A24: REC | B24: Out Prim AFSM100 | E24: Out Prim | G24: Keyed | H24: Out Prim UFSM1000 | K24: Out Prim | M24: Out Prim Manual
A25: =B25*(1-'ACCEPT RATES'!C14) -> 0 | B25: =C25*(1+'ACCEPT RATES'!F14) -> 0 | C25: =C11*('COVERAGE FACTORS'!E14+'COVERAGE FACTORS'!E18) -> 0 | E25: Manual | G25: =H25*(1-'ACCEPT RATES'!C19) -> 0 | H25: =I25 -> 0 | I25: =C11*'COVERAGE FACTORS'!E16 -> 0 | K25: Manual | M25: =N25 -> 0 | N25: =C11*'COVERAGE FACTORS'!E20 -> 0
A26: =B26*(1-'ACCEPT RATES'!D14) -> 1.5399283 | B26: =C26*(1+'ACCEPT RATES'!F14) -> 5.8400471 | C26: =G11*('COVERAGE FACTORS'!E14+'COVERAGE FACTORS'!E18) -> 5.7667684 | G26: =H26*(1-'ACCEPT RATES'!D19) -> 0 | H26: =I26 -> 0 | I26: =G11*'COVERAGE FACTORS'!E16 -> 0 | M26: =N26 -> 0.0099856969 | N26: =G11*'COVERAGE FACTORS'!E20 -> 0.0099856969
G27: =H27*(1-'ACCEPT RATES'!C19) -> 0 | H27: =I27 -> 0 | I27: =K11*('COVERAGE FACTORS'!E16+'COVERAGE FACTORS'!E18) -> 0 | M27: =N27 -> 0 | N27: =K11*(1-('COVERAGE FACTORS'!E16+'COVERAGE FACTORS'!E18)) -> 0
G28: =H28*(1-'ACCEPT RATES'!D19) -> 0 | H28: =I28 -> 0 | I28: =O11*('COVERAGE FACTORS'!E16+'COVERAGE FACTORS'!E18) -> 0 | M28: =N28 -> 0 | N28: =O11*(1-('COVERAGE FACTORS'!E16+'COVERAGE FACTORS'!E18)) -> 0
M29: =N29 -> 0.3581832 | N29: =D23+J23 -> 0.3581832
D30: =(SUM(C25:C29)-D23)*'PIECE DENSITIES'!C6 -> 0.69257069 | E30: Out Sec Mach | J30: =(SUM(I25:I29)-J23)*'PIECE DENSITIES'!C11 -> 0 | K30: Out Sec Nonmach | O30: =SUM(N25:N29)*'PIECE DENSITIES'!C16 -> 0.032942917 | P30: Out Sec Manual
D31: =(SUM(C25:C29)-D23)*'PIECE DENSITIES'!D6 -> 2.8033191 | E31: Inc MMP Mach | J31: =(SUM(I25:I29)-J23)*'PIECE DENSITIES'!D11 -> 0 | K31: Inc MMP Nonmach | O31: =SUM(N25:N29)*'PIECE DENSITIES'!D16 -> 0.21377792 | P31: Inc MMP Manual
D32: =(SUM(C25:C29)-D23)*'PIECE DENSITIES'!E6 -> 1.5139915 | E32: Inc SCF Mach | J32: =(SUM(I25:I29)-J23)*'PIECE DENSITIES'!E11 -> 0 | K32: Inc SCF Nonmach | O32: =SUM(N25:N29)*'PIECE DENSITIES'!E16 -> 0.094180205 | P32: Inc SCF Manual
D33: =(SUM(C25:C29)-D23)*'PIECE DENSITIES'!F6 -> 0.39870396 | E33: Inc Prim Mach | J33: =(SUM(I25:I29)-J23)*'PIECE DENSITIES'!F11 -> 0 | K33: Inc Prim Nonmach | O33: =SUM(N25:N29)*'PIECE DENSITIES'!F16 -> 0.027267853 | P33: Inc Prim Manual
D34: =(SUM(C25:C29)-D23)*'PIECE DENSITIES'!G6 -> 0 | E34: Inc Sec Mach | J34: =(SUM(I25:I29)-J23)*'PIECE DENSITIES'!G11 -> 0 | K34: Inc Sec Nonmach | O34: =SUM(N25:N29)*'PIECE DENSITIES'!G16 -> 0 | P34: Inc Sec Manual
D36: =SUM(A38:A42)*(1-'ACCEPT RATES'!G15)+SUM(B38:B42)*SUM('ACCEPT RATES'!I15:J15) -> 0.065743962 | E36: Rejects | J36: =SUM(G38:G42)*(1-'ACCEPT RATES'!E20) -> 0 | K36: Rejects
A37: REC | B37: Out Sec AFSM100 | E37: Out Sec | G37: Keyed | H37: Out Sec UFSM1000 | K37: Out Sec | M37: Out Sec Manual
A38: =B38*(1-'ACCEPT RATES'!C15) -> 0 | B38: =C38*(1+'ACCEPT RATES'!F15+'PIECE DENSITIES'!C7) -> 0 | C38: =C12*('COVERAGE FACTORS'!E14+'COVERAGE FACTORS'!E18) -> 0 | E38: Manual | G38: =H38*(1-'ACCEPT RATES'!C20) -> 0 | H38: =I38*(1+'PIECE DENSITIES'!C12) -> 0 | I38: =C12*'COVERAGE FACTORS'!E16 -> 0 | K38: Manual | M38: =N38 -> 0 | N38: =C12*'COVERAGE FACTORS'!E20 -> 0
A39: =B39*(1-'ACCEPT RATES'!D15) -> 0 | B39: =C39*(1+'ACCEPT RATES'!F15+'PIECE DENSITIES'!C7) -> 0 | C39: =G12*('COVERAGE FACTORS'!E14+'COVERAGE FACTORS'!E18) -> 0 | G39: =H39*(1-'ACCEPT RATES'!D20) -> 0 | H39: =I39*(1+'PIECE DENSITIES'!C12) -> 0 | I39: =G12*'COVERAGE FACTORS'!E16 -> 0 | M39: =N39 -> 0 | N39: =G12*'COVERAGE FACTORS'!E20 -> 0
G40: =H40*(1-'ACCEPT RATES'!C20) -> 0 | H40: =I40*(1+'PIECE DENSITIES'!C12) -> 0 | I40: =K12*('COVERAGE FACTORS'!E16+'COVERAGE FACTORS'!E18) -> 0 | M40: =N40 -> 0 | N40: =K12*(1-('COVERAGE FACTORS'!E16+'COVERAGE FACTORS'!E18)) -> 0
G41: =H41*(1-'ACCEPT RATES'!D20) -> 0 | H41: =I41*(1+'PIECE DENSITIES'!C12) -> 0 | I41: =O12*('COVERAGE FACTORS'!E16+'COVERAGE FACTORS'!E18) -> 0 | M41: =N41 -> 0 | N41: =O12*(1-('COVERAGE FACTORS'!E16+'COVERAGE FACTORS'!E18)) -> 0
A42: =B42*(1-'ACCEPT RATES'!C15) -> 0.043477951 | B42: =C42*(1+'ACCEPT RATES'!F15+'PIECE DENSITIES'!C7) -> 0.70926906 | C42: =D30 -> 0.69257069 | G42: =IF(SUM(C11:C16)>0,H42*(1-'ACCEPT RATES'!C20),H42*(1-'ACCEPT RATES'!D20)) -> 0 | H42: =I42*(1+'PIECE DENSITIES'!C12) -> 0 | I42: =J30 -> 0 | M42: =N42 -> 0.098686879 | N42: =D36+J36+O30 -> 0.098686879
D43: =(SUM(C38:C42)-D36)*'PIECE DENSITIES'!D7 -> 0.51762955 | E43: Inc MMP Mach | J43: =(SUM(I38:I42)-J36)*'PIECE DENSITIES'!D12 -> 0 | K43: Inc MMP Nonmach | O43: =SUM(N38:N42)*'PIECE DENSITIES'!D17 -> 0.069854877 | P43: Inc MMP Manual
D44: =(SUM(C38:C42)-D36)*'PIECE DENSITIES'!E7 -> 0.043260684 | E44: Inc SCF Mach | J44: =(SUM(I38:I42)-J36)*'PIECE DENSITIES'!E12 -> 0 | K44: Inc SCF Nonmach | O44: =SUM(N38:N42)*'PIECE DENSITIES'!E17 -> 0.00030624884 | P44: Inc SCF Manual
D45: =(SUM(C38:C42)-D36)*'PIECE DENSITIES'!F7 -> 0.0046080523 | E45: Inc Prim Mach | J45: =(SUM(I38:I42)-J36)*'PIECE DENSITIES'!F12 -> 0 | K45: Inc Prim Nonmach | O45: =SUM(N38:N42)*'PIECE DENSITIES'!F17 -> 0.0019604748 | P45: Inc Prim Manual
D46: =(SUM(C38:C42)-D36)*'PIECE DENSITIES'!G7 -> 0.061328442 | E46: Inc Sec Mach | J46: =(SUM(I38:I42)-J36)*'PIECE DENSITIES'!G12 -> 0 | K46: Inc Sec Nonmach | O46: =SUM(N38:N42)*'PIECE DENSITIES'!G17 -> 0.026565278 | P46: Inc Sec Manual
C49: MACHINABLE INCOMING | L49: NONMACHINABLE INCOMING
D51: =SUM(A53:A57)*(1-'ACCEPT RATES'!G16)+SUM(B53:B57)*SUM('ACCEPT RATES'!I16:J16) -> 37.061571 | E51: Rejects | J51: =SUM(G53:G57)*(1-'ACCEPT RATES'!E21) -> 0 | K51: Rejects
A52: REC | B52: Inc MMP AFSM100 | E52: Inc MMP | G52: Keyed | H52: Inc MMP UFSM1000 | K52: Inc MMP | M52: Inc MMP Manual
A53: =B53*(1-'ACCEPT RATES'!C16) -> 0 | B53: =C53*(1+'ACCEPT RATES'!F16+'PIECE DENSITIES'!D8) -> 0 | C53: =C13*('COVERAGE FACTORS'!E38+'COVERAGE FACTORS'!E42) -> 0 | E53: Manual | G53: =H53*(1-'ACCEPT RATES'!C21) -> 0 | H53: =I53*(1+'PIECE DENSITIES'!D13) -> 0 | I53: =C13*'COVERAGE FACTORS'!E40 -> 0 | K53: Manual | M53: =N53 -> 0 | N53: =C13*'COVERAGE FACTORS'!E44 -> 0
A54: =B54*(1-'ACCEPT RATES'!D16) -> 111.43984 | B54: =C54*(1+'ACCEPT RATES'!F16+'PIECE DENSITIES'!D8) -> 422.62612 | C54: =G13*('COVERAGE FACTORS'!E38+'COVERAGE FACTORS'!E42) -> 418.09728 | G54: =H54*(1-'ACCEPT RATES'!D21) -> 0 | H54: =I54*(1+'PIECE DENSITIES'!D13) -> 0 | I54: =G13*'COVERAGE FACTORS'!E40 -> 0 | M54: =N54 -> 2.5115957 | N54: =G13*'COVERAGE FACTORS'!E44 -> 2.5115957
G55: =H55*(1-'ACCEPT RATES'!C21) -> 0 | H55: =I55*(1+'PIECE DENSITIES'!D13) -> 0 | I55: =K13*('COVERAGE FACTORS'!E40+'COVERAGE FACTORS'!E42) -> 0 | M55: =N55 -> 0 | N55: =K13*(1-('COVERAGE FACTORS'!E40+'COVERAGE FACTORS'!E42)) -> 0
G56: =H56*(1-'ACCEPT RATES'!D21) -> 0 | H56: =I56*(1+'PIECE DENSITIES'!D13) -> 0 | I56: =O13*('COVERAGE FACTORS'!E40+'COVERAGE FACTORS'!E42) -> 0 | M56: =N56 -> 0 | N56: =O13*(1-('COVERAGE FACTORS'!E40+'COVERAGE FACTORS'!E42)) -> 0
A57: =B57*(1-'ACCEPT RATES'!C16) -> 0.20454936 | B57: =C57*(1+'ACCEPT RATES'!F16+'PIECE DENSITIES'!D8) -> 3.336876 | C57: =(D31+D43)*('COVERAGE FACTORS'!E38+'COVERAGE FACTORS'!E42) -> 3.3011181 | G57: =IF(SUM(C11:C16)>0,H57*(1-'ACCEPT RATES'!C21),H57*(1-'ACCEPT RATES'!D21)) -> 0 | H57: =I57*(1+'PIECE DENSITIES'!D13) -> 0 | I57: =(D31+D43)*'COVERAGE FACTORS'!E40+(J31+J43)*('COVERAGE FACTORS'!E40+'COVERAGE FACTORS'!E42) -> 0 | M57: =N57 -> 37.365034 | N57: =D51+J51+O31+O43+(D31+D43)*'COVERAGE FACTORS'!E44+(J31+J43)*(1-('COVERAGE FACTORS'!E40+'COVERAGE FACTORS'!E42)) -> 37.365034
D58: =(SUM(C53:C57)-D51)*'PIECE DENSITIES'!E8 -> 76.460255 | E58: Inc SCF Mach | J58: =(SUM(I53:I57)-J51)*'PIECE DENSITIES'!E13 -> 0 | K58: Inc SCF Nonmach | O58: =SUM(N53:N57)*'PIECE DENSITIES'!E18 -> 10.537952 | P58: Inc SCF Manual
D59: =(SUM(C53:C57)-D51)*'PIECE DENSITIES'!F8 -> 24.823944 | E59: Inc Prim Mach | J59: =(SUM(I53:I57)-J51)*'PIECE DENSITIES'!F13 -> 0 | K59: Inc Prim Nonmach | O59: =SUM(N53:N57)*'PIECE DENSITIES'!F18 -> 1.6539527 | P59: Inc Prim Manual
D60: =(SUM(C53:C57)-D51)*'PIECE DENSITIES'!G8 -> 283.05262 | E60: Inc Sec Mach | J60: =(SUM(I53:I57)-J51)*'PIECE DENSITIES'!G13 -> 0 | K60: Inc Sec Nonmach | O60: =SUM(N53:N57)*'PIECE DENSITIES'!G18 -> 27.684725 | P60: Inc Sec Manual
D62: =SUM(A64:A68)*(1-'ACCEPT RATES'!G17)+SUM(B64:B68)*SUM('ACCEPT RATES'!I17:J17) -> 560.29102 | E62: Rejects | J62: =SUM(G64:G68)*(1-'ACCEPT RATES'!E22) -> 0 | K62: Rejects
A63: REC | B63: Inc SCF AFSM100 | E63: Inc SCF | G63: Keyed | H63: Inc SCF UFSM1000 | K63: Inc SCF | M63: Inc SCF Manual
A64: =B64*(1-'ACCEPT RATES'!C17) -> 0 | B64: =C64*(1+'ACCEPT RATES'!F17+'PIECE DENSITIES'!E9) -> 0 | C64: =C14*('COVERAGE FACTORS'!E38+'COVERAGE FACTORS'!E42) -> 0 | E64: Manual | G64: =H64*(1-'ACCEPT RATES'!C22) -> 0 | H64: =I64*(1+'PIECE DENSITIES'!E14) -> 0 | I64: =C14*'COVERAGE FACTORS'!E40 -> 0 | K64: Manual | M64: =N64 -> 0 | N64: =C14*'COVERAGE FACTORS'!E44 -> 0
A65: =B65*(1-'ACCEPT RATES'!D17) -> 2288.2334 | B65: =C65*(1+'ACCEPT RATES'!F17+'PIECE DENSITIES'!E9) -> 8677.9305 | C65: =G14*('COVERAGE FACTORS'!E38+'COVERAGE FACTORS'!E42) -> 8170.7783 | G65: =H65*(1-'ACCEPT RATES'!D22) -> 0 | H65: =I65*(1+'PIECE DENSITIES'!E14) -> 0 | I65: =G14*'COVERAGE FACTORS'!E40 -> 0 | M65: =N65 -> 49.083534 | N65: =G14*'COVERAGE FACTORS'!E44 -> 49.083534
G66: =H66*(1-'ACCEPT RATES'!C22) -> 0 | H66: =I66*(1+'PIECE DENSITIES'!E14) -> 0 | I66: =K14*('COVERAGE FACTORS'!E40+'COVERAGE FACTORS'!E42) -> 0 | M66: =N66 -> 0 | N66: =K14*(1-('COVERAGE FACTORS'!E40+'COVERAGE FACTORS'!E42)) -> 0
G67: =H67*(1-'ACCEPT RATES'!D22) -> 0 | H67: =I67*(1+'PIECE DENSITIES'!E14) -> 0 | I67: =O14*('COVERAGE FACTORS'!E40+'COVERAGE FACTORS'!E42) -> 0 | M67: =N67 -> 0 | N67: =O14*(1-('COVERAGE FACTORS'!E40+'COVERAGE FACTORS'!E42)) -> 0
A68: =B68*(1-'ACCEPT RATES'!C17) -> 5.0489581 | B68: =C68*(1+'ACCEPT RATES'!F17+'PIECE DENSITIES'!E9) -> 82.365192 | C68: =(D32+D44+D58)*('COVERAGE FACTORS'!E38+'COVERAGE FACTORS'!E42) -> 77.551638 | G68: =IF(SUM(C11:C16)>0, H68*(1-'ACCEPT RATES'!C22),H68*(1-'ACCEPT RATES'!D22)) -> 0 | H68: =I68*(1+'PIECE DENSITIES'!E14) -> 0 | I68: =(D32+D44+D58)*'COVERAGE FACTORS'!E40+(J32+J44+J58)*('COVERAGE FACTORS'!E40+'COVERAGE FACTORS'!E42) -> 0 | M68: =N68 -> 571.38933 | N68: =D62+J62+O32+O44+O58+(D32+D44+D58)*'COVERAGE FACTORS'!E44+(J32+J44+J58)*(1-('COVERAGE FACTORS'!E40+'COVERAGE FACTORS'!E42)) -> 571.38933
D69: =(SUM(C64:C68)-D62)*'PIECE DENSITIES'!F9 -> 171.99659 | E69: Inc Prim Mach | J69: =(SUM(I64:I68)-J62)*'PIECE DENSITIES'!F14 -> 0 | K69: Inc Prim Nonmach | O69: =SUM(N64:N68)*'PIECE DENSITIES'!F19 -> 16.050285 | P69: Inc Prim Manual
D70: =(SUM(C64:C68)-D62)*'PIECE DENSITIES'!G9 -> 7516.0423 | E70: Inc Sec Mach | J70: =(SUM(I64:I68)-J62)*'PIECE DENSITIES'!G14 -> 0 | K70: Inc Sec Nonmach | O70: =SUM(N64:N68)*'PIECE DENSITIES'!G19 -> 604.42258 | P70: Inc Sec Manual
D72: =SUM(A74:A78)*(1-'ACCEPT RATES'!G17)+SUM(B74:B78)*SUM('ACCEPT RATES'!I17:J17) -> 9.7969345 | E72: Rejects | J72: =SUM(G74:G78)*(1-'ACCEPT RATES'!E22) -> 0 | K72: Rejects
A73: REC | B73: Inc Prim AFSM100 | E73: Inc Prim | G73: Keyed | H73: Inc Prim UFSM1000 | K73: Inc Prim | M73: Inc Prim Manual
A74: =B74*(1-'ACCEPT RATES'!C17) -> 0 | B74: =C74*(1+'ACCEPT RATES'!F17) -> 0 | C74: =C15*('COVERAGE FACTORS'!E38+'COVERAGE FACTORS'!E42) -> 0 | E74: Manual | G74: =H74*(1-'ACCEPT RATES'!C22) -> 0 | H74: =I74 -> 0 | I74: =C15*'COVERAGE FACTORS'!E40 -> 0 | K74: Manual | M74: =N74 -> 0 | N74: =C15*'COVERAGE FACTORS'!E44 -> 0
A75: =B75*(1-'ACCEPT RATES'!D17) -> 0 | B75: =C75*(1+'ACCEPT RATES'!F17) -> 0 | C75: =G15*('COVERAGE FACTORS'!E38+'COVERAGE FACTORS'!E42) -> 0 | G75: =H75*(1-'ACCEPT RATES'!D22) -> 0 | H75: =I75 -> 0 | I75: =G15*'COVERAGE FACTORS'!E40 -> 0 | M75: =N75 -> 0 | N75: =G15*'COVERAGE FACTORS'!E44 -> 0
G76: =H76*(1-'ACCEPT RATES'!C22) -> 0 | H76: =I76 -> 0 | I76: =K15*('COVERAGE FACTORS'!E40+'COVERAGE FACTORS'!E42) -> 0 | M76: =N76 -> 0 | N76: =K15*(1-('COVERAGE FACTORS'!E40+'COVERAGE FACTORS'!E42)) -> 0
G77: =H77*(1-'ACCEPT RATES'!D22) -> 0 | H77: =I77 -> 0 | I77: =O15*('COVERAGE FACTORS'!E40+'COVERAGE FACTORS'!E42) -> 0 | M77: =N77 -> 0 | N77: =O15*(1-('COVERAGE FACTORS'!E40+'COVERAGE FACTORS'!E42)) -> 0
A78: =B78*(1-'ACCEPT RATES'!C17) -> 12.134461 | B78: =C78*(1+'ACCEPT RATES'!F17) -> 197.95316 | C78: =(D33+D45+D59+D69)*('COVERAGE FACTORS'!E38+'COVERAGE FACTORS'!E42) -> 196.04615 | G78: =IF(SUM(C11:C16)>0,H78*(1-'ACCEPT RATES'!C22),H78*(1-'ACCEPT RATES'!D22)) -> 0 | H78: =I78 -> 0 | I78: =(D33+D45+D59+D69)*'COVERAGE FACTORS'!E40+(J33+J45+J59+J69)*('COVERAGE FACTORS'!E40+'COVERAGE FACTORS'!E42) -> 0 | M78: =N78 -> 28.70809 | N78: =D72+J72+O33+O45+O59+O69+(D33+D45+D59+D69)*'COVERAGE FACTORS'!E44+(J33+J45+J59+J69)*(1-('COVERAGE FACTORS'!E40+'COVERAGE FACTORS'!E42))+D106 -> 28.70809
D79: =SUM(C74:C78)-D72 -> 186.24922 | E79: Inc Sec Mach | J79: =SUM(I74:I78)-J72 -> 0 | K79: Inc Sec Nonmach | O79: =SUM(N74:N78) -> 28.70809 | P79: Inc Sec Manual
D81: =SUM(A83:A87)*(1-'ACCEPT RATES'!G17)+SUM(B83:B87)*SUM('ACCEPT RATES'!I17:J17) -> 465.61624 | E81: Rejects | J81: =I85*(1-'ACCEPT RATES'!C22) -> 0 | K81: Rejects
A82: REC | B82: Inc Sec AFSM100 | E82: Inc Sec | G82: Keyed | H82: Inc Sec UFSM1000 | K82: Inc Sec | M82: Inc Sec Manual
A83: =B83*(1-'ACCEPT RATES'!C17) -> 0 | B83: =C83*(1+'ACCEPT RATES'!F17) -> 0 | C83: =C16*('COVERAGE FACTORS'!E54+'COVERAGE FACTORS'!E58) -> 0 | E83: Manual | G83: 0 | H83: =I83 -> 0 | I83: =C16*'COVERAGE FACTORS'!E56 -> 0 | K83: Manual | M83: =N83 -> 0 | N83: =C16*'COVERAGE FACTORS'!E60 -> 0
A84: =B84*(1-'ACCEPT RATES'!D17) -> 344.84656 | B84: =C84*(1+'ACCEPT RATES'!F17) -> 1307.8012 | C84: =G16*(1-'COVERAGE FACTORS'!B119)*'COVERAGE FACTORS'!E104 -> 1295.2023 | G84: 0 | H84: =I84 -> 0 | I84: 0 | M84: =N84 -> 58.550242 | N84: =G16*(1-'COVERAGE FACTORS'!E104) -> 58.550242
G85: 0 | H85: =I85 -> 0 | I85: =K16*('COVERAGE FACTORS'!E56+'COVERAGE FACTORS'!E58) -> 0 | M85: =N85 -> 0 | N85: =K16*(1-('COVERAGE FACTORS'!E56+'COVERAGE FACTORS'!E58+'COVERAGE FACTORS'!E52)) -> 0
G86: 0 | H86: =I86 -> 0 | I86: =O16*('COVERAGE FACTORS'!E56+'COVERAGE FACTORS'!E58) -> 0 | M86: =N86 -> 0 | N86: =O16*(1-('COVERAGE FACTORS'!E56+'COVERAGE FACTORS'!E58+'COVERAGE FACTORS'!E52)) -> 0
A87: =B87*(1-'ACCEPT RATES'!C17) -> 472.8871 | B87: =C87*(1+'ACCEPT RATES'!F17) -> 7714.3514 | C87: =(D34+D46+D60+D70+D79)*((1-'COVERAGE FACTORS'!B119))*'COVERAGE FACTORS'!E104 -> 7640.0341 | G87: 0 | H87: =I87 -> 0 | I87: =+(J34+J46+J60+J70+J79)*'COVERAGE FACTORS'!E104 -> 0 | M87: =N87 -> 1471.8296 | N87: =D81+J81+(O34+O46+O60+O70+O79)+(D34+D46+D60+D70+D79)*(1-'COVERAGE FACTORS'!E104)+(J34+J46+J60+J70+J79)*(1-'COVERAGE FACTORS'!E104)+D120 -> 1471.8296
D88: =SUM(C83:C87)-D81 -> 8469.6202 | J88: =SUM(I83:I87)-J81 -> 0 | O88: =SUM(N83:N87) -> 1530.3798
D89: Finalized to Carrier Route | J89: Finalized to Carrier Route | O89: Finalized to Carrier Route
D91: Rejects
D92: IS | E92: IP
D93: =SUM(A95:A99)*(1-'ACCEPT RATES'!G24)+SUM(B95:B99)*'ACCEPT RATES'!J24 -> 0 | E93: =SUM(B95:B99)*'ACCEPT RATES'!I24 -> 0
A94: REC | B94: FSS
A95: =B95*(1-'ACCEPT RATES'!C24) -> 0 | B95: =C95*(1+'ACCEPT RATES'!F17) -> 0 | C95: =C16*'COVERAGE FACTORS'!E52 -> 0
A96: =B96*(1-'ACCEPT RATES'!D24) -> 0 | B96: =C96*(1+'ACCEPT RATES'!F17) -> 0 | C96: =G16*'COVERAGE FACTORS'!B119*'COVERAGE FACTORS'!E104 -> 0
A97: =B97*(1-'ACCEPT RATES'!C24) -> 0 | B97: =C97*(1+'ACCEPT RATES'!F17) -> 0 | C97: =K16*'COVERAGE FACTORS'!E52 -> 0
A98: =B98*(1-'ACCEPT RATES'!D24) -> 0 | B98: =C98*(1+'ACCEPT RATES'!F17) -> 0 | C98: =O16*'COVERAGE FACTORS'!E52 -> 0
A99: =B99*(1-'ACCEPT RATES'!C24) -> 0 | B99: =C99*(1+'ACCEPT RATES'!F17) -> 0 | C99: =(D16+D34+D46+D60+D70+D79)*'COVERAGE FACTORS'!B119*'COVERAGE FACTORS'!E104+D114 -> 0
D100: =SUM(C95:C99)-D93-E93 -> 0
D101: Finalized to DPS
D106: =A112*(1-'ACCEPT RATES'!G17)+B112*('ACCEPT RATES'!I17+'ACCEPT RATES'!J17) -> 0 | E106: Rejects | G106: This section of the model requires the iterative calculation function within Excel to be enabled. An iterative process is used to account for the flow of FSS out-of-scheme rejects. FSS out-of-scheme rejects flow upstream to Incoming Primary (IP) operations where they are sorted to the correct scheme. If the correct scheme is worked on the FSS the piece will flow downstream to the FSS operation, this creates the iterative flow within the model.
A107: REC | B107: Inc Prim AFSM100 - FSS Reject | E107: Inc Prim
E108: Manual
A112: =B112*(1-'ACCEPT RATES'!$C$17) -> 0 | B112: =C112*(1+'ACCEPT RATES'!$F$17) -> 0 | C112: =E93 -> 0
D113: =($C$112-$D$106)*(1-'COVERAGE FACTORS'!$E$80) -> 0 | E113: Inc Sec Mach
D114: =($C$112-$D$106)*'COVERAGE FACTORS'!$E$80 -> 0 | E114: FSS
D120: =A126*'ACCEPT RATES'!H17+B126*('ACCEPT RATES'!I17+'ACCEPT RATES'!J17) -> 0 | E120: Rejects
A121: REC | B121: Inc Sec AFSM100 - FSS Reject | E121: Inc Sec
E122: Manual
A126: =B126*(1-'ACCEPT RATES'!$C$17) -> 0 | B126: =C126*(1+'ACCEPT RATES'!$F$17) -> 0 | C126: =$D$93+$D$113 -> 0
D127: =C126-D120 -> 0
D128: Finalized to Carrier Route

Sheet 3D NONAUTO COST NONFSS
A1: 3-DIGIT NONAUTO PRESORT NON-FSS
A2: COST SHEET
C4: ="(1)" -> (1) | D4: ="(2)" -> (2) | E4: (3) | F4: ="(4)" -> (4) | G4: ="(5)" -> (5) | H4: ="(6)" -> (6) | I4: ="(7)" -> (7) | J4: ="(8)" -> (8) | K4: ="(9)" -> (9)
D6: Bundles | F6: Direct | H6: Premium | I6: Premium | J6: Total | K6: Weighted
D7: or Pieces | E7: Wage | F7: Cents | G7: Piggyback | H7: Pay | I7: Pay | J7: Cents | K7: Cents
A8: Operation | C8: Volume | D8: Per Hour | E8: Rate | F8: Per Piece | G8: Factor | H8: Factor | I8: Adjust | J8: Per Piece | K8: Per Piece
A10: Outgoing Primary (Bundles)
B11: APPS | C11: ='BUNDLE SORT'!$I$31*('COVERAGE FACTORS'!$E$6/('COVERAGE FACTORS'!$E$6+'COVERAGE FACTORS'!$E$8)) -> 0 | D11: =PRODUCTIVITIES!$E$8 -> 206.82029 | E11: ='WAGE RATES'!$C$6 -> 50.107175 | F11: =E11*100/D11 -> 24.227398 | G11: =PIGGYBACKS!$B$5 -> 1.8052502 | H11: ='WAGE RATES'!$C$9 -> 0.97520312 | I11: =(H11-1)*F11 -> -0.60076381 | J11: =F11*G11+I11 -> 43.135752 | K11: =C11*$J11/'3D NONAUTO MODEL NONFSS'!$G$6 -> 0
B12: APBS / LIPS | C12: ='BUNDLE SORT'!$I$31*('COVERAGE FACTORS'!$E$8/('COVERAGE FACTORS'!$E$6+'COVERAGE FACTORS'!$E$8)) -> 0 | D12: =PRODUCTIVITIES!$E$10 -> 218.50114 | E12: ='WAGE RATES'!$C$6 -> 50.107175 | F12: =E12*100/D12 -> 22.932226 | G12: =PIGGYBACKS!$B$6 -> 1.6056413 | H12: ='WAGE RATES'!$C$9 -> 0.97520312 | I12: =(H12-1)*F12 -> -0.56864758 | J12: =F12*G12+I12 -> 36.25228 | K12: =C12*$J12/'3D NONAUTO MODEL NONFSS'!$G$6 -> 0
B13: Manual | C13: ='BUNDLE SORT'!$J$31 -> 43.487454 | D13: =PRODUCTIVITIES!$E$12 -> 388.77899 | E13: ='WAGE RATES'!$C$6 -> 50.107175 | F13: =E13*100/D13 -> 12.888344 | G13: =PIGGYBACKS!$B$7 -> 1.5985379 | H13: ='WAGE RATES'!$C$9 -> 0.97520312 | I13: =(H13-1)*F13 -> -0.31959069 | J13: =F13*G13+I13 -> 20.282916 | K13: =C13*$J13/'3D NONAUTO MODEL NONFSS'!$G$6 -> 0.088205237
A15: Incoming MMP (Bundles)
B16: APPS | C16: ='BUNDLE SORT'!$M$31*('COVERAGE FACTORS'!$E$30/('COVERAGE FACTORS'!$E$30+'COVERAGE FACTORS'!$E$32)) -> 36.080739 | D16: =PRODUCTIVITIES!$E$9 -> 236.2304 | E16: ='WAGE RATES'!$C$6 -> 50.107175 | F16: =E16*100/D16 -> 21.211146 | G16: =PIGGYBACKS!$B$5 -> 1.8052502 | H16: ='WAGE RATES'!$C$9 -> 0.97520312 | I16: =(H16-1)*F16 -> -0.52597017 | J16: =F16*G16+I16 -> 37.765456 | K16: =C16*$J16/'3D NONAUTO MODEL NONFSS'!$G$6 -> 0.13626056
B17: APBS / LIPS | C17: ='BUNDLE SORT'!$M$31*('COVERAGE FACTORS'!$E$32/('COVERAGE FACTORS'!$E$30+'COVERAGE FACTORS'!$E$32)) -> 43.615734 | D17: =PRODUCTIVITIES!$E$11 -> 181.33504 | E17: ='WAGE RATES'!$C$6 -> 50.107175 | F17: =E17*100/D17 -> 27.632373 | G17: =PIGGYBACKS!$B$6 -> 1.6056413 | H17: ='WAGE RATES'!$C$9 -> 0.97520312 | I17: =(H17-1)*F17 -> -0.68519655 | J17: =F17*G17+I17 -> 43.682481 | K17: =C17*$J17/'3D NONAUTO MODEL NONFSS'!$G$6 -> 0.19052435
B18: Manual | C18: ='BUNDLE SORT'!$N$31 -> 0 | D18: =PRODUCTIVITIES!$E$13 -> 388.77899 | E18: ='WAGE RATES'!$C$6 -> 50.107175 | F18: =E18*100/D18 -> 12.888344 | G18: =PIGGYBACKS!$B$7 -> 1.5985379 | H18: ='WAGE RATES'!$C$9 -> 0.97520312 | I18: =(H18-1)*F18 -> -0.31959069 | J18: =F18*G18+I18 -> 20.282916 | K18: =C18*$J18/'3D NONAUTO MODEL NONFSS'!$G$6 -> 0
A20: Incoming Primary (Bundles)
B21: APPS | C21: ='BUNDLE SORT'!$Q$31*('COVERAGE FACTORS'!$E$30/('COVERAGE FACTORS'!$E$30+'COVERAGE FACTORS'!$E$32)) -> 154.19594 | D21: =PRODUCTIVITIES!$E$9 -> 236.2304 | E21: ='WAGE RATES'!$C$6 -> 50.107175 | F21: =E21*100/D21 -> 21.211146 | G21: =PIGGYBACKS!$B$5 -> 1.8052502 | H21: ='WAGE RATES'!$C$9 -> 0.97520312 | I21: =(H21-1)*F21 -> -0.52597017 | J21: =F21*G21+I21 -> 37.765456 | K21: =C21*$J21/'3D NONAUTO MODEL NONFSS'!$G$6 -> 0.582328
B22: APBS / LIPS | C22: ='BUNDLE SORT'!$Q$31*('COVERAGE FACTORS'!$E$32/('COVERAGE FACTORS'!$E$30+'COVERAGE FACTORS'!$E$32)) -> 186.39776 | D22: =PRODUCTIVITIES!$E$11 -> 181.33504 | E22: ='WAGE RATES'!$C$6 -> 50.107175 | F22: =E22*100/D22 -> 27.632373 | G22: =PIGGYBACKS!$B$6 -> 1.6056413 | H22: ='WAGE RATES'!$C$9 -> 0.97520312 | I22: =(H22-1)*F22 -> -0.68519655 | J22: =F22*G22+I22 -> 43.682481 | K22: =C22*$J22/'3D NONAUTO MODEL NONFSS'!$G$6 -> 0.81423168
B23: Manual | C23: ='BUNDLE SORT'!$R$31 -> 9.8223347 | D23: =PRODUCTIVITIES!$E$14 -> 388.77899 | E23: ='WAGE RATES'!$C$6 -> 50.107175 | F23: =E23*100/D23 -> 12.888344 | G23: =PIGGYBACKS!$B$7 -> 1.5985379 | H23: ='WAGE RATES'!$C$9 -> 0.97520312 | I23: =(H23-1)*F23 -> -0.31959069 | J23: =F23*G23+I23 -> 20.282916 | K23: =C23*$J23/'3D NONAUTO MODEL NONFSS'!$G$6 -> 0.019922559
A25: Incoming Secondary (Bundles)
B26: APPS | C26: ='BUNDLE SORT'!$U$31*('COVERAGE FACTORS'!$E$30/('COVERAGE FACTORS'!$E$30+'COVERAGE FACTORS'!$E$32)) -> 0.0015488765 | D26: =PRODUCTIVITIES!$E$9 -> 236.2304 | E26: ='WAGE RATES'!$C$6 -> 50.107175 | F26: =E26*100/D26 -> 21.211146 | G26: =PIGGYBACKS!$B$5 -> 1.8052502 | H26: ='WAGE RATES'!$C$9 -> 0.97520312 | I26: =(H26-1)*F26 -> -0.52597017 | J26: =F26*G26+I26 -> 37.765456 | K26: =C26*$J26/'3D NONAUTO MODEL NONFSS'!$G$6 -> 5.8494029e-06
B27: APBS / LIPS | C27: ='BUNDLE SORT'!$U$31*('COVERAGE FACTORS'!$E$32/('COVERAGE FACTORS'!$E$30+'COVERAGE FACTORS'!$E$32)) -> 0.0018723393 | D27: =PRODUCTIVITIES!$E$11 -> 181.33504 | E27: ='WAGE RATES'!$C$6 -> 50.107175 | F27: =E27*100/D27 -> 27.632373 | G27: =PIGGYBACKS!$B$6 -> 1.6056413 | H27: ='WAGE RATES'!$C$9 -> 0.97520312 | I27: =(H27-1)*F27 -> -0.68519655 | J27: =F27*G27+I27 -> 43.682481 | K27: =C27*$J27/'3D NONAUTO MODEL NONFSS'!$G$6 -> 8.1788427e-06
B28: Manual | C28: ='BUNDLE SORT'!$V$31 -> 0.33870037 | D28: =PRODUCTIVITIES!E15 -> 279.1383 | E28: ='WAGE RATES'!$C$6 -> 50.107175 | F28: =E28*100/D28 -> 17.950663 | G28: =PIGGYBACKS!$B$7 -> 1.5985379 | H28: ='WAGE RATES'!$C$9 -> 0.97520312 | I28: =(H28-1)*F28 -> -0.44512037 | J28: =F28*G28+I28 -> 28.249693 | K28: =C28*$J28/'3D NONAUTO MODEL NONFSS'!$G$6 -> 0.00095681816
A30: Outgoing Primary (Piece)
B31: AFSM100 Auto | C31: =SUM('3D NONAUTO MODEL NONFSS'!$B$25:$B$29) -> 5.8400471 | D31: =PRODUCTIVITIES!$E$23*'COVERAGE FACTORS'!$E$24+PRODUCTIVITIES!$E$17*(1-'COVERAGE FACTORS'!$E$24) -> 1572.5271 | E31: ='WAGE RATES'!$C$6 -> 50.107175 | F31: =E31*100/D31 -> 3.1864109 | G31: =PIGGYBACKS!$B$8 -> 1.6305774 | H31: ='WAGE RATES'!$C$9 -> 0.97520312 | I31: =(H31-1)*F31 -> -0.07901304 | J31: =F31*G31+I31 -> 5.1166766 | K31: =C31*$J31/'3D NONAUTO MODEL NONFSS'!$G$6 -> 0.0029881633
B32: REC Keying | C32: =SUM('3D NONAUTO MODEL NONFSS'!$A$25:$A$29) -> 1.5399283 | D32: =PRODUCTIVITIES!$E$16 -> 888.01171 | E32: ='WAGE RATES'!$C$5 -> 54.14236 | F32: =E32*100/D32 -> 6.0970322 | G32: =PIGGYBACKS!$B$9 -> 1.2615773 | H32: ='WAGE RATES'!$C$9 -> 0.97520312 | I32: =(H32-1)*F32 -> -0.15118736 | J32: =F32*G32+I32 -> 7.5406902 | K32: =C32*$J32/'3D NONAUTO MODEL NONFSS'!$G$6 -> 0.0011612123
B33: UFSM1000 Auto | C33: =SUM('3D NONAUTO MODEL NONFSS'!$H$25:$H$29) -> 0 | D33: =PRODUCTIVITIES!$E$30 -> 1.0273269 | E33: ='WAGE RATES'!$C$6 -> 50.107175 | F33: =E33*100/D33 -> 4877.4324 | G33: =PIGGYBACKS!$B$10 -> 1.6305774 | H33: ='WAGE RATES'!$C$9 -> 0.97520312 | I33: =(H33-1)*F33 -> -120.94509 | J33: =F33*G33+I33 -> 7832.086 | K33: =C33*$J33/'3D NONAUTO MODEL NONFSS'!$G$6 -> 0
B34: UFSM1000 Keying | C34: =SUM('3D NONAUTO MODEL NONFSS'!$G$25:$G$29) -> 0 | D34: =PRODUCTIVITIES!$E$36 -> 1.0273269 | E34: ='WAGE RATES'!$C$6 -> 50.107175 | F34: =E34*100/D34 -> 4877.4324 | G34: =PIGGYBACKS!$B$10 -> 1.6305774 | H34: ='WAGE RATES'!$C$9 -> 0.97520312 | I34: =(H34-1)*F34 -> -120.94509 | J34: =F34*G34+I34 -> 7832.086 | K34: =C34*$J34/'3D NONAUTO MODEL NONFSS'!$G$6 -> 0
B35: Manual | C35: =SUM('3D NONAUTO MODEL NONFSS'!$M$25:$M$29) -> 0.36816889 | D35: =PRODUCTIVITIES!$E$42 -> 620.26372 | E35: ='WAGE RATES'!$C$6 -> 50.107175 | F35: =E35*100/D35 -> 8.0783662 | G35: =PIGGYBACKS!$B$12 -> 1.3622907 | H35: ='WAGE RATES'!$C$9 -> 0.97520312 | I35: =(H35-1)*F35 -> -0.20031825 | J35: =F35*G35+I35 -> 10.804765 | K35: =C35*$J35/'3D NONAUTO MODEL NONFSS'!$G$6 -> 0.00039779784
A37: Outgoing Secondary (Piece)
