Workbook
Name factor: #REF!
Name wfact: #REF!

Sheet Summary
A1: USPS MARKETING MAIL DESTINATION ENTRY
A2: COST AVOIDANCE SUMMARY
D5: [1] | E5: [2] | F5: [3] | G5: [4]
D6: Letter | E6: Flat | F6: Parcel | G6: Total
A7: Cost Element | D7: Cost Per Pound | E7: Cost Per Pound | F7: Cost Per Pound | G7: Cost Per Pound
A10: Transportation
B11: DDU | D11: ='Results Trans'!$C$39 -> 0.57444248 | E11: ='Results Trans'!$E$39 -> 0.50166223 | F11: ='Results Trans'!$G$39 -> 0.62960288 | G11: =D11*('CS Data By Shape'!$B$7/'CS Data By Shape'!$E$7)+E11*('CS Data By Shape'!$C$7/'CS Data By Shape'!$E$7)+F11*('CS Data By Shape'!$D$7/'CS Data By Shape'!$E$7) -> 0.53868426
B12: DSCF | D12: ='Results Trans'!$C$40 -> 0.50461148 | E12: ='Results Trans'!$E$40 -> 0.42055949 | F12: ='Results Trans'!$G$40 -> 0.51091495 | G12: =D12*('CS Data By Shape'!$B$7/'CS Data By Shape'!$E$7)+E12*('CS Data By Shape'!$C$7/'CS Data By Shape'!$E$7)+F12*('CS Data By Shape'!$D$7/'CS Data By Shape'!$E$7) -> 0.46324428
B13: DNDC | D13: ='Results Trans'!$C$41 -> 0.50359296 | E13: ='Results Trans'!$E$41 -> 0.42012477 | F13: ='Results Trans'!$G$41 -> 0.51164627 | G13: =D13*('CS Data By Shape'!$B$7/'CS Data By Shape'!$E$7)+E13*('CS Data By Shape'!$C$7/'CS Data By Shape'!$E$7)+F13*('CS Data By Shape'!$D$7/'CS Data By Shape'!$E$7) -> 0.4625153
A16: Non-Transportation
B17: DDU | D17: ='Results NonTrans'!$C$39 -> 0.030234896 | E17: ='Results NonTrans'!$E$39 -> 0.013404121 | F17: ='Results NonTrans'!$G$39 -> 0.072668501 | G17: =D17*('CS Data By Shape'!$B$7/'CS Data By Shape'!$E$7)+E17*('CS Data By Shape'!$C$7/'CS Data By Shape'!$E$7)+F17*('CS Data By Shape'!$D$7/'CS Data By Shape'!$E$7) -> 0.022002341
B18: DSCF | D18: ='Results NonTrans'!$C$40 -> 0.019033424 | E18: ='Results NonTrans'!$E$40 -> 0.007419257 | F18: ='Results NonTrans'!$G$40 -> 0.01065229 | G18: =D18*('CS Data By Shape'!$B$7/'CS Data By Shape'!$E$7)+E18*('CS Data By Shape'!$C$7/'CS Data By Shape'!$E$7)+F18*('CS Data By Shape'!$D$7/'CS Data By Shape'!$E$7) -> 0.01330593
B19: DNDC | D19: ='Results NonTrans'!$C$41 -> 0.011113123 | E19: ='Results NonTrans'!$E$41 -> 0.0049799662 | F19: ='Results NonTrans'!$G$41 -> 0.006621564 | G19: =D19*('CS Data By Shape'!$B$7/'CS Data By Shape'!$E$7)+E19*('CS Data By Shape'!$C$7/'CS Data By Shape'!$E$7)+F19*('CS Data By Shape'!$D$7/'CS Data By Shape'!$E$7) -> 0.0080884924
A22: Total
B23: DDU | D23: =D11+D17 -> 0.60467737 | E23: =E11+E17 -> 0.51506635 | F23: =F11+F17 -> 0.70227138 | G23: =G11+G17 -> 0.56068661
B24: DSCF | D24: =D12+D18 -> 0.5236449 | E24: =E12+E18 -> 0.42797875 | F24: =F12+F18 -> 0.52156724 | G24: =G12+G18 -> 0.47655021
B25: DNDC | D25: =D13+D19 -> 0.51470608 | E25: =E13+E19 -> 0.42510473 | F25: =F13+F19 -> 0.51826784 | G25: =G13+G19 -> 0.47060379
D29: [5] | E29: [6] | F29: [7] | G29: [8] | I29: [9] | J29: [10] | K29: [11] | L29: [12]
D30: Letter | E30: Flat | F30: Parcel | G30: Total | I30: Flat | J30: Flat | K30: Parcel | L30: Parcel
A31: Cost Element | D31: Cost Per Piece | E31: Cost Per Piece | F31: Cost Per Piece | G31: Cost Per Piece | I31: Cost Per Piece | J31: Cost Per Piece | K31: Cost Per Piece | L31: Cost Per Piece
I32: <= 4 oz | J32: > 4 oz | K32: <= 3.3 oz | L32: > 3.3 oz
A34: Transportation
B35: DDU | D35: =D11*('CS Data By Shape'!$B$7/'CS Data By Shape'!$B$6) -> 0.026460205 | E35: =E11*('CS Data By Shape'!$C$7/'CS Data By Shape'!$C$6) -> 0.080384047 | F35: =F11*('CS Data By Shape'!$D$7/'CS Data By Shape'!$D$6) -> 0.2657601 | G35: =G11*('CS Data By Shape'!$E$7/'CS Data By Shape'!$E$6) -> 0.038282918 | I35: =E11*('CS Data By Shape'!$C$17/'CS Data By Shape'!$C$9) -> 0.056481372 | J35: =E11*('CS Data By Shape'!$C$18/'CS Data By Shape'!$C$10) -> 0.20887159 | K35: =F11*('CS Data By Shape'!$D$19/'CS Data By Shape'!$D$11) -> 0.087536967 | L35: =F11*('CS Data By Shape'!$D$20/'CS Data By Shape'!$D$12) -> 0.31797125
B36: DSCF | D36: =D12*('CS Data By Shape'!$B$7/'CS Data By Shape'!$B$6) -> 0.02324362 | E36: =E12*('CS Data By Shape'!$C$7/'CS Data By Shape'!$C$6) -> 0.067388517 | F36: =F12*('CS Data By Shape'!$D$7/'CS Data By Shape'!$D$6) -> 0.21566103 | G36: =G12*('CS Data By Shape'!$E$7/'CS Data By Shape'!$E$6) -> 0.03292159 | I36: =E12*('CS Data By Shape'!$C$17/'CS Data By Shape'!$C$9) -> 0.04735014 | J36: =E12*('CS Data By Shape'!$C$18/'CS Data By Shape'!$C$10) -> 0.17510374 | K36: =F12*('CS Data By Shape'!$D$19/'CS Data By Shape'!$D$11) -> 0.071035165 | L36: =F12*('CS Data By Shape'!$D$20/'CS Data By Shape'!$D$12) -> 0.25802973
B37: DNDC | D37: =D13*('CS Data By Shape'!$B$7/'CS Data By Shape'!$B$6) -> 0.023196705 | E37: =E13*('CS Data By Shape'!$C$7/'CS Data By Shape'!$C$6) -> 0.067318859 | F37: =F13*('CS Data By Shape'!$D$7/'CS Data By Shape'!$D$6) -> 0.21596973 | G37: =G13*('CS Data By Shape'!$E$7/'CS Data By Shape'!$E$6) -> 0.032869783 | I37: =E13*('CS Data By Shape'!$C$17/'CS Data By Shape'!$C$9) -> 0.047301195 | J37: =E13*('CS Data By Shape'!$C$18/'CS Data By Shape'!$C$10) -> 0.17492273 | K37: =F13*('CS Data By Shape'!$D$19/'CS Data By Shape'!$D$11) -> 0.071136846 | L37: =F13*('CS Data By Shape'!$D$20/'CS Data By Shape'!$D$12) -> 0.25839908
A40: Non-Transportation
B41: DDU | D41: =D17*('CS Data By Shape'!$B$7/'CS Data By Shape'!$B$6) -> 0.0013926921 | E41: =E17*('CS Data By Shape'!$C$7/'CS Data By Shape'!$C$6) -> 0.0021478146 | F41: =F17*('CS Data By Shape'!$D$7/'CS Data By Shape'!$D$6) -> 0.030673919 | G41: =G17*('CS Data By Shape'!$E$7/'CS Data By Shape'!$E$6) -> 0.0015636503 | I41: =E17*('CS Data By Shape'!$C$17/'CS Data By Shape'!$C$9) -> 0.0015091492 | J41: =E17*('CS Data By Shape'!$C$18/'CS Data By Shape'!$C$10) -> 0.0055809266 | K41: =F17*('CS Data By Shape'!$D$19/'CS Data By Shape'!$D$11) -> 0.01010348 | L41: =F17*('CS Data By Shape'!$D$20/'CS Data By Shape'!$D$12) -> 0.036700109
B42: DSCF | D42: =D18*('CS Data By Shape'!$B$7/'CS Data By Shape'!$B$6) -> 0.00087672535 | E42: =E18*('CS Data By Shape'!$C$7/'CS Data By Shape'!$C$6) -> 0.0011888276 | F42: =F18*('CS Data By Shape'!$D$7/'CS Data By Shape'!$D$6) -> 0.0044964115 | G42: =G18*('CS Data By Shape'!$E$7/'CS Data By Shape'!$E$6) -> 0.00094561852 | I42: =E18*('CS Data By Shape'!$C$17/'CS Data By Shape'!$C$9) -> 0.00083532263 | J42: =E18*('CS Data By Shape'!$C$18/'CS Data By Shape'!$C$10) -> 0.0030890745 | K42: =F18*('CS Data By Shape'!$D$19/'CS Data By Shape'!$D$11) -> 0.0014810434 | L42: =F18*('CS Data By Shape'!$D$20/'CS Data By Shape'!$D$12) -> 0.0053797752
B43: DNDC | D43: =D19*('CS Data By Shape'!$B$7/'CS Data By Shape'!$B$6) -> 0.0005118972 | E43: =E19*('CS Data By Shape'!$C$7/'CS Data By Shape'!$C$6) -> 0.00079796686 | F43: =F19*('CS Data By Shape'!$D$7/'CS Data By Shape'!$D$6) -> 0.0027950118 | G43: =G19*('CS Data By Shape'!$E$7/'CS Data By Shape'!$E$6) -> 0.00057482854 | I43: =E19*('CS Data By Shape'!$C$17/'CS Data By Shape'!$C$9) -> 0.00056068666 | J43: =E19*('CS Data By Shape'!$C$18/'CS Data By Shape'!$C$10) -> 0.0020734538 | K43: =F19*('CS Data By Shape'!$D$19/'CS Data By Shape'!$D$11) -> 0.00092063052 | L43: =F19*('CS Data By Shape'!$D$20/'CS Data By Shape'!$D$12) -> 0.003344119
A46: Total
B47: DDU | D47: =D35+D41 -> 0.027852897 | E47: =E35+E41 -> 0.082531862 | F47: =F35+F41 -> 0.29643401 | G47: =G35+G41 -> 0.039846568 | I47: =I35+I41 -> 0.057990521 | J47: =J35+J41 -> 0.21445252 | K47: =K35+K41 -> 0.097640447 | L47: =L35+L41 -> 0.35467136
B48: DSCF | D48: =D36+D42 -> 0.024120346 | E48: =E36+E42 -> 0.068577345 | F48: =F36+F42 -> 0.22015744 | G48: =G36+G42 -> 0.033867209 | I48: =I36+I42 -> 0.048185463 | J48: =J36+J42 -> 0.17819281 | K48: =K36+K42 -> 0.072516209 | L48: =L36+L42 -> 0.26340951
B49: DNDC | D49: =D37+D43 -> 0.023708602 | E49: =E37+E43 -> 0.068116826 | F49: =F37+F43 -> 0.21876474 | G49: =G37+G43 -> 0.033444612 | I49: =I37+I43 -> 0.047861882 | J49: =J37+J43 -> 0.17699619 | K49: =K37+K43 -> 0.072057476 | L49: =L37+L43 -> 0.2617432
A52: Sources:
A53: [1]: Pages 2 (transportation) and 8 (non-transportation)
A54: [2]: Pages 2 (transportation) and 8 (non-transportation)
A55: [3]: Pages 2 (transportation) and 8 (non-transportation)
A56: [4]: Weighted Average of [1], [2], and [3] using weight and volume data from Page 37
A57: [5]: [1] * [ Letter Pounds (Page 37) / Letter Pieces (Page 37) ]
A58: [6]: [2] * [ Flat Pounds (Page 37) / Flat Pieces (Page 37) ]
A59: [7]: [3] * [ Parcel Pounds (Page 37) / Parcel Pieces (Page 37) ]
A60: [8]: [4] * [ Total Pounds (Page 37) / Total Pieces (Page 37) ]
A61: [9]: [2] * [ Total Pounds <= 4 oz (Page 37) / Total Pieces <= 4 oz (Page 37) ]
A62: [10]: [2] * [ Total Pounds > 4 oz (Page 37) / Total Pieces > 4 oz (Page 37) ]
A63: [11]: [3] * [ Total Pounds <= 3.3 oz (Page 37) / Total Pieces <= 3.3 oz (Page 37) ]
A64: [12]: [3] * [ Total Pounds > 3.3 oz (Page 37) / Total Pieces > 3.3 oz (Page 37) ]

Sheet Results Trans
A1: USPS MARKETING MAIL TRANSPORTATION EQUATION AND RESULTS
A6: Transportation Equation: | D6: (Yorigin * Xorigin) + (YDNDC * XDNDC) + (YDSCF * XDSCF) = ZT | J6: 1/
B8: Yorigin: | C8: Percentage of mail that is dropshipped to non-destination facilities or plantloaded to all facilities
B9: Xorigin: | C9: Cost per pound to the Postal Service of transporting Yorigin to the destination delivery unit
B11: YDNDC: | C11: Percentage of mail that is dropshipped to a destination NDC
B12: XDNDC: | C12: Cost per pound to the Postal Service of transporting YDNDC to the destination delivery unit
B14: YDSCF: | C14: Percentage of mail that is dropshipped to a destination SCF
B15: XDSCF: | C15: Cost per pound to the Postal Service of transporting YDSCF to the destination delivery unit
B17: ZT: | C17: Cost per pound to the Postal Service of transporting all USPS Marketing Mail to the destination delivery unit
A19: Solving the Equation:
C21: Letter | E21: Flat | G21: Parcel
B23: Yorigin: | C23: ='Entry Profile L&F'!$G$8+'Entry Profile L&F'!$G$9+'Entry Profile L&F'!$G$10 -> 0.16020909 | E23: ='Entry Profile L&F'!$I$8+'Entry Profile L&F'!$I$9+'Entry Profile L&F'!$I$10 -> 0.12675166 | G23: ='Entry Profile P'!$G$23+'Entry Profile P'!$G$24+'Entry Profile P'!$G$25 -> 0.4950719 | J23: 2/
B24: Xorigin: | C24: Solve For X | E24: Solve For X | G24: Solve For X | J24: 3/
B26: YDNDC: | C26: ='Entry Profile L&F'!$G$11 -> 0.067539307 | E26: ='Entry Profile L&F'!$I$11 -> 0.050900412 | G26: ='Entry Profile P'!$G$26 -> 0.24782196 | J26: 4/
B27: XDNDC: | C27: ='Flow Trans CPP'!$D$10+('Flow Proportions'!$E$48*'Flow Trans CPP'!$D$11) -> 0.070849521 | E27: ='Flow Trans CPP'!$D$16+('Flow Proportions'!$E$48*'Flow Trans CPP'!$D$17) -> 0.081537466 | G27: ='Flow Trans CPP'!$D$22+('Flow Proportions'!$E$48*'Flow Trans CPP'!$D$23) -> 0.1179566 | J27: 5/
B29: YDSCF: | C29: ='Entry Profile L&F'!$G$12 -> 0.75042884 | E29: ='Entry Profile L&F'!$I$12 -> 0.55529926 | G29: ='Entry Profile P'!$G$27 -> 0.23124214 | J29: 6/
B30: XDSCF: | C30: ='Flow Trans CPP'!$D$11 -> 0.069831 | E30: ='Flow Trans CPP'!$D$17 -> 0.081102739 | G30: ='Flow Trans CPP'!$D$23 -> 0.11868793 | J30: 7/
B32: ZT: | C32: ='Trans CPP'!$C$19 -> 0.14921923 | E32: ='Trans CPP'!$E$19 -> 0.1127731 | G32: ='Trans CPP'!$G$19 -> 0.36837658 | J32: 8/
B34: Xorigin: | C34: =(C32-(C26*C27)-(C29*C30))/C23 -> 0.57444248 | E34: =(E32-(E26*E27)-(E29*E30))/E23 -> 0.50166223 | G34: =(G32-(G26*G27)-(G29*G30))/G23 -> 0.62960288 | J34: 9/
A37: Cost Avoidances:
B39: DDU | C39: =C34 -> 0.57444248 | E39: =E34 -> 0.50166223 | G39: =G34 -> 0.62960288 | J39: 10/
B40: DSCF | C40: =C34-C30 -> 0.50461148 | E40: =E34-E30 -> 0.42055949 | G40: =G34-G30 -> 0.51091495 | J40: 11/
B41: DNDC | C41: =C34-C27 -> 0.50359296 | E41: =E34-E27 -> 0.42012477 | G41: =G34-G27 -> 0.51164627 | J41: 12/
A44: Sources:
A45: 1/: | B45: Docket No. MC95-1, USPS-T-9, page 3
A46: 2/: | B46: Pages 35 and 36
A47: 3/: | B47: This variable is unknown and the equation will be solved to find Xorigin
A48: 4/: | B48: Pages 35 and 36
A49: 5/: | B49: Intra-NDC cost per pound (page 4) + Flow Proportion (page 33) * Intra-SCF cost per pound (page 4)
A50: 6/: | B50: Pages 35 and 36
A51: 7/: | B51: Intra-SCF cost per pound (page 4)
A52: 8/: | B52: Cost per pound for transporting mail to DDU (page 3)
A53: 9/: | B53: ( Row 8 - ( Row 4 * Row 5) - (Row 6 * Row 7) ) / Row 2
A54: 10/: | B54: Row 9
A55: 11/: | B55: Row 9 - Row 7
A56: 12/: | B56: Row 9 - Row 5

Sheet Trans CPP
A1: AVERAGE USPS MARKETING MAIL TRANSPORTATION COST PER POUND
A4: Transportation Costs
C6: Letter | E6: Flat | G6: Parcel
B8: Other | C8: ='Trans Costs'!$I$45 -> 162765.91 | E8: ='Trans Costs'!$L$45 -> 104237.73 | G8: ='Trans Costs'!$O$45 -> 1161.6935 | I8: 1/
B9: Intra-NDC | C9: ='Trans Costs'!$G$45 -> 1998.3001 | E9: ='Trans Costs'!$J$45 -> 1404.3953 | G9: ='Trans Costs'!$M$45 -> 11.551305 | I9: 2/
B10: Intra-SCF | C10: ='Trans Costs'!$H$45 -> 137232.23 | E10: ='Trans Costs'!$K$45 -> 116170.25 | G10: ='Trans Costs'!$N$45 -> 646.97976 | I10: 3/
B11: Total | C11: =SUM(C8:C10) -> 301996.44 | E11: =SUM(E8:E10) -> 221812.37 | G11: =SUM(G8:G10) -> 1820.2246 | I11: 4/
A13: Pieces per Pound
B15: Pieces | C15: ='CS Data By Shape'!$B$6 -> 43936998 | E15: ='CS Data By Shape'!$C$6 -> 12275007 | G15: ='CS Data By Shape'!$D$6 -> 11706.037 | I15: 5/
B16: Pounds | C16: ='CS Data By Shape'!$B$7 -> 2023844 | E16: ='CS Data By Shape'!$C$7 -> 1966890.7 | G16: ='CS Data By Shape'!$D$7 -> 4941.206 | I16: 6/
B17: Pieces Per Pound | C17: =C15/C16 -> 21.709676 | E17: =E15/E16 -> 6.2408183 | G17: =G15/G16 -> 2.3690648 | I17: 7/
A19: Cost per Pound | C19: =C11/C16 -> 0.14921923 | E19: =E11/E16 -> 0.1127731 | G19: =G11/G16 -> 0.36837658 | I19: 8/
A21: Sources:
A22: 1/: | B22: Page 6
A23: 2/: | B23: Page 6
A24: 3/: | B24: Page 6
A25: 4/: | B25: Row 1 + Row 2 + Row 3
A26: 5/: | B26: Page 37
A27: 6/: | B27: Page 37
A28: 7/: | B28: Row 5 / Row 6
A29: 8/: | B29: Row 4 / Row 6

Sheet Flow Trans CPP
A1: USPS MARKETING MAIL COST PER POUND BY TRANSPORTATION CATEGORY
B5: [1] | C5: [2] | D5: [3]
A7: Letter
A8: Inter-Facility Transportation Category | B8: Total Pounds (000) | C8: Total Costs (000) | D8: Cost/Pound
A9: Other | B9: ='Flow Pounds'!$C$9 -> 223839.3 | C9: ='Trans Costs'!$I$45 -> 162765.91 | D9: =C9/B9 -> 0.72715518
A10: Intra-NDC | B10: ='Flow Pounds'!$C$8 -> 622287.97 | C10: ='Trans Costs'!$G$45 -> 1998.3001 | D10: =C10/B10 -> 0.0032112144
A11: Intra-SCF | B11: ='Flow Pounds'!$C$7 -> 1965205 | C11: ='Trans Costs'!$H$45 -> 137232.23 | D11: =C11/B11 -> 0.069831
A13: Flat
A14: Inter-Facility Transportation Category | B14: Total Pounds (000) | C14: Total Costs (000) | D14: Cost/Pound
A15: Other | B15: ='Flow Pounds'!$C$14 -> 172216.95 | C15: ='Trans Costs'!$L$45 -> 104237.73 | D15: =C15/B15 -> 0.60526984
A16: Intra-NDC | B16: ='Flow Pounds'!$C$13 -> 471059.81 | C16: ='Trans Costs'!$J$45 -> 1404.3953 | D16: =C16/B16 -> 0.0029813523
A17: Intra-SCF | B17: ='Flow Pounds'!$C$12 -> 1432383.7 | C17: ='Trans Costs'!$K$45 -> 116170.25 | D17: =C17/B17 -> 0.081102739
A19: Parcel
A20: Inter-Facility Transportation Category | B20: Total Pounds (000) | C20: Total Costs (000) | D20: Cost/Pound
A21: Other | B21: ='Flow Pounds'!$C$19 -> 1715.2475 | C21: ='Trans Costs'!$O$45 -> 1161.6935 | D21: =C21/B21 -> 0.67727457
A22: Intra-NDC | B22: ='Flow Pounds'!$C$18 -> 3856.2554 | C22: ='Trans Costs'!$M$45 -> 11.551305 | D22: =C22/B22 -> 0.0029954719
A23: Intra-SCF | B23: ='Flow Pounds'!$C$17 -> 5451.0998 | C23: ='Trans Costs'!$N$45 -> 646.97976 | D23: =C23/B23 -> 0.11868793
A26: Sources:
A27: [1]: Page 5
A28: [2]: Page 6
A29: [3]: Column 2 / Column 1

Sheet Flow Pounds
A1: SUMMARY OF TOTAL USPS MARKETING MAIL POUNDS BY TRANSPORTATION CATEGORIES
A4: Total Pounds per Transportation Category
B6: Inter-Facility Transportation Category | C6: Total Pounds in Each Category
A7: Letter | B7: Intra-SCF | C7: =SUM('Handling Costs'!$J$12:$J$14,'Handling Costs'!$J$24) -> 1965205 | D7: 1/
B8: Intra-NDC | C8: =SUM('Handling Costs'!$J$15:$J$18,'Handling Costs'!$J$22:$J$23) -> 622287.97 | D8: 2/
B9: Other | C9: =SUM('Handling Costs'!$J$19:$J$21) -> 223839.3 | D9: 3/
B10: Total | C10: =SUM(C7:C9) -> 2811332.3 | D10: 4/
A12: Flat | B12: Intra-SCF | C12: =SUM('Handling Costs'!$J$29:$J$31,'Handling Costs'!$J$41) -> 1432383.7 | D12: 1/
B13: Intra-NDC | C13: =SUM('Handling Costs'!$J$32:$J$35,'Handling Costs'!$J$39:$J$40) -> 471059.81 | D13: 2/
B14: Other | C14: =SUM('Handling Costs'!$J$36:$J$38) -> 172216.95 | D14: 3/
B15: Total | C15: =SUM(C12:C14) -> 2075660.5 | D15: 4/
A17: Parcel | B17: Intra-SCF | C17: =SUM('Handling Costs'!$J$47:$J$49,'Handling Costs'!$J$59) -> 5451.0998 | D17: 1/
B18: Intra-NDC | C18: =SUM('Handling Costs'!$J$50:$J$53,'Handling Costs'!$J$57:$J$58) -> 3856.2554 | D18: 2/
B19: Other | C19: =SUM('Handling Costs'!$J$54:$J$56) -> 1715.2475 | D19: 3/
B20: Total | C20: =SUM(C17:C19) -> 11022.603 | D20: 4/
A23: Sources:
A24: 1/: Sum of Flows 1-3 and Flow 13 on page 10
A25: 2/: Sum of Flows 4-7 and Flows 11-12 on page 10
A26: 3/: Sum of Flows 8-10 on page 10
A27: 4/: 1/ + 2/ + 3/

Sheet Trans Costs
A1: DIVISION OF USPS MARKETING MAIL ADJUSTED TRANSPORTATION COSTS INTO INTER-FACILITY TRANSPORTATION CATEGORIES
H5: Letter | K5: Flat | N5: Parcel
C7: [1] | D7: [2] | E7: [3] | G7: [4] | H7: [5] | I7: [6] | J7: [7] | K7: [8] | L7: [9] | M7: [10] | N7: [11] | O7: [12]
C8: Letter Costs | D8: Flat Costs | E8: Parcel Costs | G8: Intra-NDC | H8: Intra-SCF | I8: Other | J8: Intra-NDC | K8: Intra-SCF | L8: Other | M8: Intra-NDC | N8: Intra-SCF | O8: Other
A9: Domestic Airmail
B10: Passenger Air | C10: ='CS Data By Shape'!$B$26 -> 457.9562 | D10: ='CS Data By Shape'!$C$26 -> 264.2566 | E10: ='CS Data By Shape'!$D$26 -> 73.8668 | I10: =C10 -> 457.9562 | L10: =D10 -> 264.2566 | O10: =E10 -> 73.8668
B11: Intra-Alaska Preferential | C11: ='CS Data By Shape'!$B$27 -> 3390.7984 | D11: ='CS Data By Shape'!$C$27 -> 1836.4826 | E11: ='CS Data By Shape'!$D$27 -> 26.377623 | I11: =C11 -> 3390.7984 | L11: =D11 -> 1836.4826 | O11: =E11 -> 26.377623
B12: Intra-Alaska Non-preferential | C12: ='CS Data By Shape'!$B$28 -> 165.72064 | D12: ='CS Data By Shape'!$C$28 -> 95.518756 | E12: ='CS Data By Shape'!$D$28 -> 1.4672117 | I12: =C12 -> 165.72064 | L12: =D12 -> 95.518756 | O12: =E12 -> 1.4672117
B13: Intra-Hawaii | C13: ='CS Data By Shape'!$B$29 -> 4392.1077 | D13: ='CS Data By Shape'!$C$29 -> 2487.968 | E13: ='CS Data By Shape'!$D$29 -> 41.596637 | I13: =C13 -> 4392.1077 | L13: =D13 -> 2487.968 | O13: =E13 -> 41.596637
B14: FedEx | C14: ='CS Data By Shape'!$B$30 -> 145.44923 | D14: ='CS Data By Shape'!$C$30 -> 57.300423 | E14: ='CS Data By Shape'!$D$30 -> 0.12392772 | I14: =C14 -> 145.44923 | L14: =D14 -> 57.300423 | O14: =E14 -> 0.12392772
B15: UPS | C15: ='CS Data By Shape'!$B$31 -> 24259.307 | D15: ='CS Data By Shape'!$C$31 -> 11815.886 | E15: ='CS Data By Shape'!$D$31 -> 243.78595 | I15: =C15 -> 24259.307 | L15: =D15 -> 11815.886 | O15: =E15 -> 243.78595
B16: Peak | C16: ='CS Data By Shape'!$B$32 -> 6.6269096 | D16: ='CS Data By Shape'!$C$32 -> 4.2392403 | E16: ='CS Data By Shape'!$D$32 -> 0.2707993 | I16: =C16 -> 6.6269096 | L16: =D16 -> 4.2392403 | O16: =E16 -> 0.2707993
B17: Air Taxi | C17: ='CS Data By Shape'!$B$33 -> 2752.5921 | D17: ='CS Data By Shape'!$C$33 -> 1535.6748 | E17: ='CS Data By Shape'!$D$33 -> 23.375591 | I17: =C17 -> 2752.5921 | L17: =D17 -> 1535.6748 | O17: =E17 -> 23.375591
A18: Total Domestic Airmail | C18: =SUM(C10:C17) -> 35570.559 | D18: =SUM(D10:D17) -> 18097.327 | E18: =SUM(E10:E17) -> 410.86454 | G18: =SUM(G10:G17) -> 0 | H18: =SUM(H10:H17) -> 0 | I18: =SUM(I10:I17) -> 35570.559 | J18: =SUM(J10:J17) -> 0 | K18: =SUM(K10:K17) -> 0 | L18: =SUM(L10:L17) -> 18097.327 | M18: =SUM(M10:M17) -> 0 | N18: =SUM(N10:N17) -> 0 | O18: =SUM(O10:O17) -> 410.86454
A21: Highway Service
B22: Intra-SCF | C22: ='Trans Cost Adj'!$E$7 -> 75834.194 | D22: ='Trans Cost Adj'!$E$10 -> 56104.879 | E22: ='Trans Cost Adj'!$E$13 -> 424.81037 | F22: 1/ | H22: =C22 -> 75834.194 | K22: =D22 -> 56104.879 | N22: =E22 -> 424.81037
B23: Intra-NDC | C23: ='CS Data By Shape'!$B$37 -> 0 | D23: ='CS Data By Shape'!$C$37 -> 0 | E23: ='CS Data By Shape'!$D$37 -> 0 | G23: =C23 -> 0 | J23: =D23 -> 0 | M23: =E23 -> 0
B24: Inter-SCF | C24: ='CS Data By Shape'!$B$38 -> 119082.17 | D24: ='CS Data By Shape'!$C$38 -> 79354.664 | E24: ='CS Data By Shape'!$D$38 -> 724.05242 | I24: =C24 -> 119082.17 | L24: =D24 -> 79354.664 | O24: =E24 -> 724.05242
B25: Inter-NDC | C25: ='CS Data By Shape'!$B$39 -> 0 | D25: ='CS Data By Shape'!$C$39 -> 0 | E25: ='CS Data By Shape'!$D$39 -> 0 | I25: =C25 -> 0 | L25: =D25 -> 0 | O25: =E25 -> 0
B26: Postal-Owned Vehicle Costs | C26: ='Trans Cost Adj'!$E$8 -> 58917.942 | D26: ='Trans Cost Adj'!$E$11 -> 57708.316 | E26: ='Trans Cost Adj'!$E$14 -> 216.06331 | F26: 2/ | H26: =C26 -> 58917.942 | K26: =D26 -> 57708.316 | N26: =E26 -> 216.06331
B27: Plant-loaded | C27: ='CS Data By Shape'!$B$40 -> 1374.9472 | D27: ='CS Data By Shape'!$C$40 -> 958.30325 | E27: ='CS Data By Shape'!$D$40 -> 9.4044653 | I27: =C27 -> 1374.9472 | L27: =D27 -> 958.30325 | O27: =E27 -> 9.4044653
B28: Alaskan Highway Service | C28: ='CS Data By Shape'!$B$43 -> 0 | D28: ='CS Data By Shape'!$C$43 -> 0 | E28: ='CS Data By Shape'!$D$43 -> 0 | G28: =C28 -> 0 | J28: =D28 -> 0 | M28: =E28 -> 0
B29: Contract Terminal and Van Damage | C29: ='CS Data By Shape'!$B$41 -> 174.26447 | D29: ='CS Data By Shape'!$C$41 -> 121.18593 | E29: ='CS Data By Shape'!$D$41 -> 0.9983421 | G29: =$C$29*G32 -> 0 | H29: =$C$29*H32 -> 67.324457 | I29: =C29*I32 -> 106.94001 | J29: =$D$29*J32 -> 0 | K29: =$D$29*K32 -> 49.840414 | L29: =D29*L32 -> 71.345516 | M29: =$E$29*M32 -> 0 | N29: =$E$29*N32 -> 0.36615563 | O29: =E29*O32 -> 0.63218647
B30: Empty Equipment | C30: ='CS Data By Shape'!$B$42 -> 6245.2786 | D30: ='CS Data By Shape'!$C$42 -> 5609.9328 | E30: ='CS Data By Shape'!$D$42 -> 15.650177 | G30: =$C$30*G33 -> 0 | H30: =$C$30*H33 -> 2412.7695 | I30: =C30*I33 -> 3832.5092 | J30: =$D$30*J33 -> 0 | K30: =$D$30*K33 -> 2307.2099 | L30: =D30*L33 -> 3302.7229 | M30: =$E$30*M33 -> 0 | N30: =$E$30*N33 -> 5.7399166 | O30: =E30*O33 -> 9.9102602
A31: Total Highway Service | C31: =SUM(C22:C30) -> 261628.79 | D31: =SUM(D22:D30) -> 199857.28 | E31: =SUM(E22:E30) -> 1390.9791 | G31: =SUM(G22:G30) -> 0 | H31: =SUM(H22:H30) -> 137232.23 | I31: =SUM(I22:I30) -> 124396.56 | J31: =SUM(J22:J30) -> 0 | K31: =SUM(K22:K30) -> 116170.25 | L31: =SUM(L22:L30) -> 83687.036 | M31: =SUM(M22:M30) -> 0 | N31: =SUM(N22:N30) -> 646.97976 | O31: =SUM(O22:O30) -> 743.99933
A32: Contract Terminal and Van Damage | C32: =SUM(C22:C25)+C27 -> 196291.31 | D32: =SUM(D22:D25)+D27 -> 136417.85 | E32: =SUM(E22:E25)+E27 -> 1158.2673 | G32: =G23/SUM(C22:C25,C27) -> 0 | H32: =H22/SUM(C22:C25,C27) -> 0.38633496 | I32: =SUM(I24,I25,I27)/SUM(C22:C25,C27) -> 0.61366504 | J32: =J23/SUM(D22:D25,D27) -> 0 | K32: =K22/SUM(D22:D25,D27) -> 0.41127228 | L32: =SUM(L24,L25,L27)/SUM(D22:D25,D27) -> 0.58872772 | M32: =M23/SUM(E22:E25,E27) -> 0 | N32: =N22/SUM(E22:E25,E27) -> 0.36676369 | O32: =SUM(O24,O25,O27)/SUM(E22:E25,E27) -> 0.63323631
A33: Empty Equipment | C33: =SUM(C22:C25)+C27+C28+C29 -> 196465.57 | D33: =SUM(D22:D25)+D27+D28+D29 -> 136539.03 | E33: =SUM(E22:E25)+E27+E28+E29 -> 1159.2656 | G33: =SUM(G23,G28,G29)/SUM(C22:C25,C27:C29) -> 0 | H33: =SUM(H22,H29)/SUM(C22:C25,C27:C29) -> 0.38633496 | I33: =SUM(I24,I25,I27,I29)/SUM(C22:C25,C27:C29) -> 0.61366504 | J33: =SUM(J23,J28,J29)/SUM(D22:D25,D27:D29) -> 0 | K33: =SUM(K22,K29)/SUM(D22:D25,D27:D29) -> 0.41127228 | L33: =SUM(L24,L25,L27,L29)/SUM(D22:D25,D27:D29) -> 0.58872772 | M33: =SUM(M23,M28,M29)/SUM(E22:E25,E27:E29) -> 0 | N33: =SUM(N22,N29)/SUM(E22:E25,E27:E29) -> 0.36676369 | O33: =SUM(O24,O25,O27,O29)/SUM(E22:E25,E27:E29) -> 0.63323631
A34: Railroad Service
B35: Freight Rail | C35: ='CS Data By Shape'!$B$46 -> 0 | D35: ='CS Data By Shape'!$C$46 -> 0 | E35: ='CS Data By Shape'!$D$46 -> 0 | I35: =C35 -> 0 | L35: =D35 -> 0 | O35: =E35 -> 0
B36: Plant-loaded | C36: ='CS Data By Shape'!$B$47 -> -5.3060918 | D36: ='CS Data By Shape'!$C$47 -> -3.9719136 | E36: ='CS Data By Shape'!$D$47 -> -0.026659642 | I36: =C36 -> -5.3060918 | L36: =D36 -> -3.9719136 | O36: =E36 -> -0.026659642
B37: Damage and Empty Equipment | C37: ='CS Data By Shape'!$B$48 -> 2804.0932 | D37: ='CS Data By Shape'!$C$48 -> 2457.3347 | E37: ='CS Data By Shape'!$D$48 -> 6.8562965 | I37: =C37 -> 2804.0932 | L37: =D37 -> 2457.3347 | O37: =E37 -> 6.8562965
A38: Total Railroad Service | C38: =SUM(C35:C37) -> 2798.7871 | D38: =SUM(D35:D37) -> 2453.3628 | E38: =SUM(E35:E37) -> 6.8296369 | G38: =SUM(G35:G37) -> 0 | H38: =SUM(H35:H37) -> 0 | I38: =SUM(I35:I37) -> 2798.7871 | J38: =SUM(J35:J37) -> 0 | K38: =SUM(K35:K37) -> 0 | L38: =SUM(L35:L37) -> 2453.3628 | M38: =SUM(M35:M37) -> 0 | N38: =SUM(N35:N37) -> 0 | O38: =SUM(O35:O37) -> 6.8296369
A40: Domestic Water
B41: Inland | C41: ='CS Data By Shape'!$B$51 -> 155.31331 | D41: ='CS Data By Shape'!$C$51 -> 113.83861 | E41: ='CS Data By Shape'!$D$51 -> 0.85073634 | G41: =C41 -> 155.31331 | J41: =D41 -> 113.83861 | M41: =E41 -> 0.85073634
B42: Offshore | C42: ='CS Data By Shape'!$B$52 -> 1842.9868 | D42: ='CS Data By Shape'!$C$52 -> 1290.5567 | E42: ='CS Data By Shape'!$D$52 -> 10.700568 | G42: =C42 -> 1842.9868 | J42: =D42 -> 1290.5567 | M42: =E42 -> 10.700568
A43: Total Domestic Water | C43: =+C42+C41 -> 1998.3001 | D43: =+D42+D41 -> 1404.3953 | E43: =+E42+E41 -> 11.551305 | G43: =+G42+G41 -> 1998.3001 | H43: =SUM(H42:H42) -> 0 | I43: =SUM(I42:I42) -> 0 | J43: =+J42+J41 -> 1404.3953 | K43: =SUM(K42:K42) -> 0 | L43: =SUM(L42:L42) -> 0 | M43: =+M42+M41 -> 11.551305 | N43: =SUM(N42:N42) -> 0 | O43: =SUM(O42:O42) -> 0
A45: Total - All Modes | C45: =C43+C38+C31+C18 -> 301996.44 | D45: =D43+D38+D31+D18 -> 221812.37 | E45: =E43+E38+E31+E18 -> 1820.2246 | G45: =G43+G38+G31+G18 -> 1998.3001 | H45: =H43+H38+H31+H18 -> 137232.23 | I45: =I43+I38+I31+I18 -> 162765.91 | J45: =J43+J38+J31+J18 -> 1404.3953 | K45: =K43+K38+K31+K18 -> 116170.25 | L45: =L43+L38+L31+L18 -> 104237.73 | M45: =M43+M38+M31+M18 -> 11.551305 | N45: =N43+N38+N31+N18 -> 646.97976 | O45: =O43+O38+O31+O18 -> 1161.6935
A48: Sources:
A49: 1/: | B49: Page 7
A50: 2/: | B50: Page 7
A51: [1]: | B51: Page 37
A52: [2]: | B52: Page 37
A53: [3]: | B53: Page 37
A54: [4]: | B54: Costs from Column [1] that qualify as Intra-NDC transportation
A55: [5]: | B55: Costs from Column [1] that qualify as Intra-SCF transportation
A56: [6]: | B56: Costs from Column [1] that qualify as Inter-NDC or Inter-SCF transportation
A57: [7]: | B57: Costs from Column [2] that qualify as Intra-NDC transportation
A58: [8]: | B58: Costs from Column [2] that qualify as Intra-SCF transportation
A59: [9]: | B59: Costs from Column [2] that qualify as Inter-NDC or Inter-SCF transportation
A60: [10]: | B60: Costs from Column [3] that qualify as Intra-NDC transportation
... A62: [12]: | B62: Costs from Column [3] that qualify as Inter-NDC or Inter-SCF transportation

Sheet Trans Cost Adj
A1: USPS MARKETING MAIL INTRA-SCF and POV HIGHWAY TRANSPORTATION COST ADJUSTMENTS
C4: [1] | D4: [2] | E4: [3]
C5: Costs (000) | D5: Adjustment Factor | E5: Adjusted Costs (000s)
A7: Letter | B7: Intra-SCF | C7: ='CS Data By Shape'!$B$36 -> 90743.322 | D7: ='Other Inputs'!$G$22 -> 0.8357 | E7: =C7*D7 -> 75834.194
B8: POV | C8: ='CS Data By Shape'!$B$55*'Piggyback Factors'!$D$63 -> 70501.306 | D8: ='Other Inputs'!$G$22 -> 0.8357 | E8: =C8*D8 -> 58917.942
A10: Flat | B10: Intra-SCF | C10: ='CS Data By Shape'!$C$36 -> 67135.191 | D10: ='Other Inputs'!$G$22 -> 0.8357 | E10: =C10*D10 -> 56104.879
B11: POV | C11: ='CS Data By Shape'!$C$55*'Piggyback Factors'!$D$63 -> 69053.866 | D11: ='Other Inputs'!$G$22 -> 0.8357 | E11: =C11*D11 -> 57708.316
A13: Parcel | B13: Intra-SCF | C13: ='CS Data By Shape'!$D$36 -> 508.32879 | D13: ='Other Inputs'!$G$22 -> 0.8357 | E13: =C13*D13 -> 424.81037
B14: POV | C14: ='CS Data By Shape'!$D$55*'Piggyback Factors'!$D$63 -> 258.54172 | D14: ='Other Inputs'!$G$22 -> 0.8357 | E14: =C14*D14 -> 216.06331
A16: Total | B16: Intra-SCF | C16: =C7+C10+C13 -> 158386.84
B17: POV | C17: =C8+C11+C14 -> 139813.71
A20: Sources:
A21: [1]: Intra-SCF costs (page 37)
A22: POV costs (page 37) * piggyback factor (page 40)
A23: [2]: Page 42
A24: [3]: [1] * [2]

Sheet NonTrans CPP
A1: USPS MARKETING MAIL NON-TRANSPORTATION UNIT COSTS
A4: Letter
A6: Pounds | F6: ='CS Data By Shape'!$B$7 -> 2023844 | G6: 1/
A8: Handling Costs | F8: ='Handling Costs'!$L$26 -> 29429.29 | G8: 2/
A10: Average Non-Transportation Cost per Pound | F10: =F8/F6 -> 0.014541284 | G10: 3/
A12: Flat
A14: Pounds | F14: ='CS Data By Shape'!$C$7 -> 1966890.7 | G14: 1/
A16: Handling Costs | F16: ='Handling Costs'!$L$43 -> 10721.871 | G16: 2/
A18: Average Non-Transportation Cost per Pound | F18: =F16/F14 -> 0.0054511781 | G18: 3/
A20: Parcel
A22: Pounds | F22: ='CS Data By Shape'!$D$7 -> 4941.206 | G22: 1/
A24: Handling Costs | F24: ='Handling Costs'!$L$61 -> 329.50321 | G24: 2/
A26: Average Non-Transportation Cost per Pound | F26: =F24/F22 -> 0.066684775 | G26: 3/
A29: Sources:
A30: 1/: Page 37
A31: 2/: Page 10
A32: 3/: Row 2 / Row 1

Sheet Results NonTrans
A1: USPS MARKETING MAIL NON-TRANSPORTATION EQUATION AND RESULTS
A6: Non-transportation Equation: | D6: (Yorigin * Xorigin) + (YDNDC * XDNDC) + (YDSCF * XDSCF) = ZT | K6: 1/
B8: Yorigin: | C8: Percentage of mail that is dropshipped or plantloaded to non-destination facilities
B9: Xorigin: | C9: Cost per pound to the Postal Service of crossdocking Yorigin before it reaches the destination delivery unit
B11: YDNDC: | C11: Percentage of mail that is dropshipped or plantloaded to a destination NDC
B12: XDNDC: | C12: Cost per pound to the Postal Service of crossdocking YDNDC before it reaches the destination delivery unit
B14: YDSCF: | C14: Percentage of mail that is dropshipped or plantloaded to a destination SCF
B15: XDSCF: | C15: Cost per pound to the Postal Service of crossdocking YDSCF before it reaches the destination delivery unit
B17: ZT: | C17: Cost per pound to the Postal Service of crossdocking all USPS Marketing Mail before it reaches the destination delivery unit
A19: Solving the Equation:
C21: Letter | E21: Flat | G21: Parcel
B23: Yorigin: | C23: ='Entry Profile L&F'!$G$8+'Entry Profile L&F'!$G$9+'Entry Profile L&F'!$G$10 -> 0.16020909 | E23: ='Entry Profile L&F'!$I$8+'Entry Profile L&F'!$I$9+'Entry Profile L&F'!$I$10 -> 0.12675166 | G23: ='Entry Profile P'!$G$23+'Entry Profile P'!$G$24+'Entry Profile P'!$G$25 -> 0.4950719 | K23: 2/
B24: Xorigin: | C24: Solve For X | E24: Solve For X | G24: Solve For X | K24: 3/
B26: YDNDC: | C26: ='Entry Profile L&F'!$G$11 -> 0.067539307 | E26: ='Entry Profile L&F'!$I$11 -> 0.050900412 | G26: ='Entry Profile P'!$G$26 -> 0.24782196 | K26: 4/
B27: XDNDC: | C27: ='Facility NonTrans CPP'!$B$40+'Flow Proportions'!$E$48*'Facility NonTrans CPP'!$B$49 -> 0.019121773 | E27: ='Facility NonTrans CPP'!$F$40+'Flow Proportions'!$E$48*'Facility NonTrans CPP'!$F$49 -> 0.0084241547 | G27: ='Facility NonTrans CPP'!$J$40+'Flow Proportions'!$E$48*'Facility NonTrans CPP'!$J$49 -> 0.066046937 | K27: 5/
B29: YDSCF: | C29: ='Entry Profile L&F'!$G$12 -> 0.75042884 | E29: ='Entry Profile L&F'!$I$12 -> 0.55529926 | G29: ='Entry Profile P'!$G$27 -> 0.23124214 | K29: 6/
B30: XDSCF: | C30: ='Facility NonTrans CPP'!$B$49 -> 0.011201472 | E30: ='Facility NonTrans CPP'!$F$49 -> 0.005984864 | G30: ='Facility NonTrans CPP'!$J$49 -> 0.062016211 | K30: 7/
B32: ZT: | C32: ='NonTrans CPP'!$F$10 -> 0.014541284 | E32: ='NonTrans CPP'!$F$18 -> 0.0054511781 | G32: ='NonTrans CPP'!$F$26 -> 0.066684775 | K32: 8/
B34: Xorigin: | C34: =(C32-(C26*C27)-(C29*C30))/C23 -> 0.030234896 | E34: =(E32-(E26*E27)-(E29*E30))/E23 -> 0.013404121 | G34: =(G32-(G26*G27)-(G29*G30))/G23 -> 0.072668501 | K34: 9/
A37: Cost Avoidances:
B39: DDU | C39: =C34 -> 0.030234896 | E39: =E34 -> 0.013404121 | G39: =G34 -> 0.072668501 | K39: 10/
B40: DSCF | C40: =C34-C30 -> 0.019033424 | E40: =E34-E30 -> 0.007419257 | G40: =G34-G30 -> 0.01065229 | K40: 11/
B41: DNDC | C41: =C34-C27 -> 0.011113123 | E41: =E34-E27 -> 0.0049799662 | G41: =G34-G27 -> 0.006621564 | K41: 12/
A44: Sources:
A45: 1/: | B45: Docket No. MC95-1, USPS-T-9
A46: 2/: | B46: Pages 35 and 36
A47: 3/: | B47: This variable is unknown and the equation will be solved to find Xorigin
A48: 4/: | B48: Pages 35 and 36
A49: 5/: | B49: DNDC cost per pound (page 11) + Flow Proportion (page 33) * DSCF cost per pound (page 11)
A50: 6/: | B50: Page 35 and 36
A51: 7/: | B51: DSCF cost per pound (page 11)
A52: 8/: | B52: Cost per pound for handling mail to DDU (page 9)
A53: 9/: | B53: ( Row 8 - ( Row 4 * Row 5 ) - ( Row 6 * Row 7 ) ) / Row 2
A54: 10/: | B54: Row 9
A55: 11/: | B55: Row 9 - Row 7
A56: 12/: | B56: Row 9 - Row 5

Sheet Handling Costs
A1: HANDLING COSTS BY MAIL FLOW
C3: [1]
A4: Total Pounds | C4: ='CS Data By Shape'!$E$7 -> 3995675.9
A5: Letter Pounds | C5: ='CS Data By Shape'!$B$7 -> 2023844
A6: Flat Pounds | C6: ='CS Data By Shape'!$C$7 -> 1966890.7
A7: Parcel Pounds | C7: ='CS Data By Shape'!$D$7 -> 4941.206
C9: [2] | D9: [3] | E9: [4] | G9: [5] | I9: [6] | J9: [7] | K9: [8] | L9: [9]
A10: Letter
A11: Flow Number | B11: Origin | C11: Percent of Volume Entered at Origin | D11: Pounds Entered at Origin | E11: Additional Pounds from Combining Flows | G11: Pounds Processed | H11: Type of Transportation | I11: Proportion of Volume from the Origin | J11: Total Pounds Transported on Each Flow | K11: Weighted Avg Cost of Crossdocking | L11: Total Handling Costs (000s)
A12: 1 | B12: ODU | C12: ='Entry Profile L&F'!$G$8 -> 0 | D12: =C12*$C$5 -> 0 | E12: 0 | G12: =D12+E12 -> 0 | H12: Intra-SCF | I12: ='Flow Proportions'!$E$30 -> 0.0158256 | J12: =I12*G12 -> 0 | K12: ='Facility NonTrans CPP'!$B$13 -> 0 | L12: =J12*K12 -> 0
A13: 2 | B13: ODU | C13: ='Entry Profile L&F'!$G$8 -> 0 | D13: =C13*$C$5 -> 0 | E13: 0 | G13: =D13+E13 -> 0 | H13: Intra-SCF | I13: ='Flow Proportions'!$E$31 -> 0.4881744 | J13: =I13*G13 -> 0 | K13: ='Facility NonTrans CPP'!$B$13 -> 0 | L13: =J13*K13 -> 0
A14: 3 | B14: ODU | C14: ='Entry Profile L&F'!$G$8 -> 0 | D14: =C14*$C$5 -> 0 | E14: 0 | G14: =D14+E14 -> 0 | H14: Intra-SCF | I14: ='Flow Proportions'!$E$32 -> 0.496 | J14: =I14*G14 -> 0 | K14: ='Facility NonTrans CPP'!$B$13 -> 0 | L14: =J14*K14 -> 0
A15: 4 | B15: ODU | C15: ='Entry Profile L&F'!$G$8 -> 0 | D15: =C15*$C$5 -> 0 | E15: 0 | G15: =D15+E15 -> 0 | H15: Intra-NDC | I15: ='Flow Proportions'!$E$33 -> 0 | J15: =I15*G15 -> 0 | K15: ='Facility NonTrans CPP'!$B$13 -> 0 | L15: =J15*K15 -> 0
A16: 5 | B16: ODU | C16: ='Entry Profile L&F'!$G$8 -> 0 | D16: =C16*$C$5 -> 0 | E16: 0 | G16: =D16+E16 -> 0 | H16: Intra-NDC | I16: ='Flow Proportions'!$E$34 -> 0 | J16: =I16*G16 -> 0 | K16: ='Facility NonTrans CPP'!$B$13 -> 0 | L16: =J16*K16 -> 0
A17: 6 | B17: OSCF | C17: ='Entry Profile L&F'!$G$9 -> 0.15268066 | D17: =C17*$C$5 -> 309001.83 | E17: =J14 -> 0 | G17: =D17+E17 -> 309001.83 | H17: Intra-NDC | I17: ='Flow Proportions'!$E$38 -> 0.32491359 | J17: =I17*G17 -> 100398.89 | K17: ='Facility NonTrans CPP'!$B$22 -> 0.0095770432 | L17: =J17*K17 -> 961.52455
A18: 7 | B18: OSCF | C18: ='Entry Profile L&F'!$G$9 -> 0.15268066 | D18: =C18*$C$5 -> 309001.83 | E18: =J14 -> 0 | G18: =D18+E18 -> 309001.83 | H18: Intra-NDC | I18: ='Flow Proportions'!$E$39 -> 0.43618641 | J18: =I18*G18 -> 134782.4 | K18: ='Facility NonTrans CPP'!$B$22 -> 0.0095770432 | L18: =J18*K18 -> 1290.8169
A19: 8 | B19: OSCF | C19: ='Entry Profile L&F'!$G$9 -> 0.15268066 | D19: =C19*$C$5 -> 309001.83 | E19: =J14 -> 0 | G19: =D19+E19 -> 309001.83 | H19: Inter-SCF | I19: ='Flow Proportions'!$E$40 -> 0.23139854 | J19: =I19*G19 -> 71502.573 | K19: ='Facility NonTrans CPP'!$B$22 -> 0.0095770432 | L19: =J19*K19 -> 684.78323
A20: 9 | B20: OSCF | C20: ='Entry Profile L&F'!$G$9 -> 0.15268066 | D20: =C20*$C$5 -> 309001.83 | E20: =J14 -> 0 | G20: =D20+E20 -> 309001.83 | H20: Inter-SCF | I20: ='Flow Proportions'!$E$41 -> 0.00750146 | J20: =I20*G20 -> 2317.9649 | K20: ='Facility NonTrans CPP'!$B$22 -> 0.0095770432 | L20: =J20*K20 -> 22.19925
A21: 10 | B21: ONDC | C21: ='Entry Profile L&F'!$G$10 -> 0.0075284272 | D21: =C21*$C$5 -> 15236.362 | E21: =J15+J18 -> 134782.4 | G21: =D21+E21 -> 150018.76 | H21: Inter-NDC | I21: ='Flow Proportions'!$E$45 -> 1 | J21: =I21*G21 -> 150018.76 | K21: ='Facility NonTrans CPP'!$B$31 -> 0.0083630901 | L21: =J21*K21 -> 1254.6204
A22: 11 | B22: DNDC | C22: ='Entry Profile L&F'!$G$11 -> 0.067539307 | D22: =C22*$C$5 -> 136689.02 | E22: =J16+J17+J21 -> 250417.66 | G22: =D22+E22 -> 387106.68 | H22: Intra-NDC | I22: ='Flow Proportions'!$E$48 -> 0.9686 | J22: =I22*G22 -> 374951.53 | K22: ='Facility NonTrans CPP'!$B$40 -> 0.0082720274 | L22: =J22*K22 -> 3101.6093
A23: 12 | B23: DNDC | C23: ='Entry Profile L&F'!$G$11 -> 0.067539307 | D23: =C23*$C$5 -> 136689.02 | E23: =J16+J17+J21 -> 250417.66 | G23: =D23+E23 -> 387106.68 | H23: Intra-NDC | I23: ='Flow Proportions'!$E$49 -> 0.0314 | J23: =I23*G23 -> 12155.15 | K23: ='Facility NonTrans CPP'!$B$40 -> 0.0082720274 | L23: =J23*K23 -> 100.54773
A24: 13 | B24: DSCF | C24: ='Entry Profile L&F'!$G$12 -> 0.75042884 | D24: =C24*$C$5 -> 1518750.9 | E24: =J13+J19+J22 -> 446454.1 | G24: =D24+E24 -> 1965205 | H24: Intra-SCF | I24: ='Flow Proportions'!$E$53 -> 1 | J24: =I24*G24 -> 1965205 | K24: ='Facility NonTrans CPP'!$B$49 -> 0.011201472 | L24: =J24*K24 -> 22013.188
L26: =SUM(L12:L24) -> 29429.29
A27: Flat
A28: Flow Number | B28: Origin | C28: Percent of Volume Entered at Origin | D28: Pounds Entered at Origin | E28: Additional Pounds from Combining Flows | G28: Pounds Processed | H28: Type of Transportation | I28: Proportion of Volume from the Origin | J28: Total Pounds Transported on Each Flow | K28: Weighted Avg Cost of Crossdocking | L28: Total Handling Costs (000s)
A29: 1 | B29: ODU | C29: ='Entry Profile L&F'!$I$8 -> 0.00087470934 | D29: =C29*$C$6 -> 1720.4577 | E29: 0 | G29: =D29+E29 -> 1720.4577 | H29: Intra-SCF | I29: ='Flow Proportions'!$E$30 -> 0.0158256 | J29: =I29*G29 -> 27.227275 | K29: ='Facility NonTrans CPP'!$F$13 -> 0 | L29: =J29*K29 -> 0
A30: 2 | B30: ODU | C30: ='Entry Profile L&F'!$I$8 -> 0.00087470934 | D30: =C30*$C$6 -> 1720.4577 | E30: 0 | G30: =D30+E30 -> 1720.4577 | H30: Intra-SCF | I30: ='Flow Proportions'!$E$31 -> 0.4881744 | J30: =I30*G30 -> 839.88338 | K30: ='Facility NonTrans CPP'!$F$13 -> 0 | L30: =J30*K30 -> 0
A31: 3 | B31: ODU | C31: ='Entry Profile L&F'!$I$8 -> 0.00087470934 | D31: =C31*$C$6 -> 1720.4577 | E31: 0 | G31: =D31+E31 -> 1720.4577 | H31: Intra-SCF | I31: ='Flow Proportions'!$E$32 -> 0.496 | J31: =I31*G31 -> 853.347 | K31: ='Facility NonTrans CPP'!$F$13 -> 0 | L31: =J31*K31 -> 0
A32: 4 | B32: ODU | C32: ='Entry Profile L&F'!$I$8 -> 0.00087470934 | D32: =C32*$C$6 -> 1720.4577 | E32: 0 | G32: =D32+E32 -> 1720.4577 | H32: Intra-NDC | I32: ='Flow Proportions'!$E$33 -> 0 | J32: =I32*G32 -> 0 | K32: ='Facility NonTrans CPP'!$F$13 -> 0 | L32: =J32*K32 -> 0
A33: 5 | B33: ODU | C33: ='Entry Profile L&F'!$I$8 -> 0.00087470934 | D33: =C33*$C$6 -> 1720.4577 | E33: 0 | G33: =D33+E33 -> 1720.4577 | H33: Intra-NDC | I33: ='Flow Proportions'!$E$34 -> 0 | J33: =I33*G33 -> 0 | K33: ='Facility NonTrans CPP'!$F$13 -> 0 | L33: =J33*K33 -> 0
A34: 6 | B34: OSCF | C34: ='Entry Profile L&F'!$I$9 -> 0.11883737 | D34: =C34*$C$6 -> 233740.12 | E34: =J31 -> 853.347 | G34: =D34+E34 -> 234593.47 | H34: Intra-NDC | I34: ='Flow Proportions'!$E$38 -> 0.32491359 | J34: =I34*G34 -> 76222.605 | K34: ='Facility NonTrans CPP'!$F$22 -> 0.004115173 | L34: =J34*K34 -> 313.66921
A35: 7 | B35: OSCF | C35: ='Entry Profile L&F'!$I$9 -> 0.11883737 | D35: =C35*$C$6 -> 233740.12 | E35: =J31 -> 853.347 | G35: =D35+E35 -> 234593.47 | H35: Intra-NDC | I35: ='Flow Proportions'!$E$39 -> 0.43618641 | J35: =I35*G35 -> 102326.48 | K35: ='Facility NonTrans CPP'!$F$22 -> 0.004115173 | L35: =J35*K35 -> 421.09118
A36: 8 | B36: OSCF | C36: ='Entry Profile L&F'!$I$9 -> 0.11883737 | D36: =C36*$C$6 -> 233740.12 | E36: =J31 -> 853.347 | G36: =D36+E36 -> 234593.47 | H36: Inter-SCF | I36: ='Flow Proportions'!$E$40 -> 0.23139854 | J36: =I36*G36 -> 54284.586 | K36: ='Facility NonTrans CPP'!$F$22 -> 0.004115173 | L36: =J36*K36 -> 223.39046
A37: 9 | B37: OSCF | C37: ='Entry Profile L&F'!$I$9 -> 0.11883737 | D37: =C37*$C$6 -> 233740.12 | E37: =J31 -> 853.347 | G37: =D37+E37 -> 234593.47 | H37: Inter-SCF | I37: ='Flow Proportions'!$E$41 -> 0.00750146 | J37: =I37*G37 -> 1759.7935 | K37: ='Facility NonTrans CPP'!$F$22 -> 0.004115173 | L37: =J37*K37 -> 7.2418547
A38: 10 | B38: ONDC | C38: ='Entry Profile L&F'!$I$10 -> 0.0070395814 | D38: =C38*$C$6 -> 13846.087 | E38: =J32+J35 -> 102326.48 | G38: =D38+E38 -> 116172.57 | H38: Inter-NDC | I38: ='Flow Proportions'!$E$45 -> 1 | J38: =I38*G38 -> 116172.57 | K38: ='Facility NonTrans CPP'!$F$31 -> 0.0036640733 | L38: =J38*K38 -> 425.66481
A39: 11 | B39: DNDC | C39: ='Entry Profile L&F'!$I$11 -> 0.050900412 | D39: =C39*$C$6 -> 100115.55 | E39: =J33+J34+J38 -> 192395.17 | G39: =D39+E39 -> 292510.72 | H39: Intra-NDC | I39: ='Flow Proportions'!$E$48 -> 0.9686 | J39: =I39*G39 -> 283325.88 | K39: ='Facility NonTrans CPP'!$F$40 -> 0.0026272155 | L39: =J39*K39 -> 744.35816
A40: 12 | B40: DNDC | C40: ='Entry Profile L&F'!$I$11 -> 0.050900412 | D40: =C40*$C$6 -> 100115.55 | E40: =J33+J34+J38 -> 192395.17 | G40: =D40+E40 -> 292510.72 | H40: Intra-NDC | I40: ='Flow Proportions'!$E$49 -> 0.0314 | J40: =I40*G40 -> 9184.8367 | K40: ='Facility NonTrans CPP'!$F$40 -> 0.0026272155 | L40: =J40*K40 -> 24.130545
A41: 13 | B41: DSCF | C41: ='Entry Profile L&F'!$I$12 -> 0.55529926 | D41: =C41*$C$6 -> 1092212.9 | E41: =J30+J36+J39 -> 338450.35 | G41: =D41+E41 -> 1430663.3 | H41: Intra-SCF | I41: ='Flow Proportions'!$E$53 -> 1 | J41: =I41*G41 -> 1430663.3 | K41: ='Facility NonTrans CPP'!$F$49 -> 0.005984864 | L41: =J41*K41 -> 8562.3251
L43: =SUM(L29:L41) -> 10721.871
A45: Parcel
A46: Flow Number | B46: Origin | C46: Percent of Volume Entered at Origin | D46: Pounds Entered at Origin | E46: Additional Pounds from Combining Flows | G46: Pounds Processed | H46: Type of Transportation | I46: Proportion of Volume from the Origin | J46: Total Pounds Transported on Each Flow | K46: Weighted Avg Cost of Crossdocking | L46: Total Handling Costs (000s)
A47: 1 | B47: ODU | C47: ='Entry Profile P'!$G$23 -> 0.15238304 | D47: =C47*$C$7 -> 752.95601 | E47: 0 | G47: =D47+E47 -> 752.95601 | H47: Intra-SCF | I47: ='Flow Proportions'!$E$30 -> 0.0158256 | J47: =I47*G47 -> 11.915981 | K47: ='Facility NonTrans CPP'!$J$13 -> 0.0023372407 | L47: =J47*K47 -> 0.027850514
A48: 2 | B48: ODU | C48: ='Entry Profile P'!$G$23 -> 0.15238304 | D48: =C48*$C$7 -> 752.95601 | E48: 0 | G48: =D48+E48 -> 752.95601 | H48: Intra-SCF | I48: ='Flow Proportions'!$E$31 -> 0.4881744 | J48: =I48*G48 -> 367.57385 | K48: ='Facility NonTrans CPP'!$J$13 -> 0.0023372407 | L48: =J48*K48 -> 0.85910854
A49: 3 | B49: ODU | C49: ='Entry Profile P'!$G$23 -> 0.15238304 | D49: =C49*$C$7 -> 752.95601 | E49: 0 | G49: =D49+E49 -> 752.95601 | H49: Intra-SCF | I49: ='Flow Proportions'!$E$32 -> 0.496 | J49: =I49*G49 -> 373.46618 | K49: ='Facility NonTrans CPP'!$J$13 -> 0.0023372407 | L49: =J49*K49 -> 0.87288034
A50: 4 | B50: ODU | C50: ='Entry Profile P'!$G$23 -> 0.15238304 | D50: =C50*$C$7 -> 752.95601 | E50: 0 | G50: =D50+E50 -> 752.95601 | H50: Intra-NDC | I50: ='Flow Proportions'!$E$33 -> 0 | J50: =I50*G50 -> 0 | K50: ='Facility NonTrans CPP'!$J$13 -> 0.0023372407 | L50: =J50*K50 -> 0
A51: 5 | B51: ODU | C51: ='Entry Profile P'!$G$23 -> 0.15238304 | D51: =C51*$C$7 -> 752.95601 | E51: 0 | G51: =D51+E51 -> 752.95601 | H51: Intra-NDC | I51: ='Flow Proportions'!$E$34 -> 0 | J51: =I51*G51 -> 0 | K51: ='Facility NonTrans CPP'!$J$13 -> 0.0023372407 | L51: =J51*K51 -> 0
A52: 6 | B52: OSCF | C52: ='Entry Profile P'!$G$24 -> 0.143367 | D52: =C52*$C$7 -> 708.40589 | E52: =J49 -> 373.46618 | G52: =D52+E52 -> 1081.8721 | H52: Intra-NDC | I52: ='Flow Proportions'!$E$38 -> 0.32491359 | J52: =I52*G52 -> 351.51494 | K52: ='Facility NonTrans CPP'!$J$22 -> 0.0086058245 | L52: =J52*K52 -> 3.0250759
A53: 7 | B53: OSCF | C53: ='Entry Profile P'!$G$24 -> 0.143367 | D53: =C53*$C$7 -> 708.40589 | E53: =J49 -> 373.46618 | G53: =D53+E53 -> 1081.8721 | H53: Intra-NDC | I53: ='Flow Proportions'!$E$39 -> 0.43618641 | J53: =I53*G53 -> 471.89789 | K53: ='Facility NonTrans CPP'!$J$22 -> 0.0086058245 | L53: =J53*K53 -> 4.0610704
A54: 8 | B54: OSCF | C54: ='Entry Profile P'!$G$24 -> 0.143367 | D54: =C54*$C$7 -> 708.40589 | E54: =J49 -> 373.46618 | G54: =D54+E54 -> 1081.8721 | H54: Inter-SCF | I54: ='Flow Proportions'!$E$40 -> 0.23139854 | J54: =I54*G54 -> 250.34362 | K54: ='Facility NonTrans CPP'!$J$22 -> 0.0086058245 | L54: =J54*K54 -> 2.1544132
A55: 9 | B55: OSCF | C55: ='Entry Profile P'!$G$24 -> 0.143367 | D55: =C55*$C$7 -> 708.40589 | E55: =J49 -> 373.46618 | G55: =D55+E55 -> 1081.8721 | H55: Inter-SCF | I55: ='Flow Proportions'!$E$41 -> 0.00750146 | J55: =I55*G55 -> 8.11562 | K55: ='Facility NonTrans CPP'!$J$22 -> 0.0086058245 | L55: =J55*K55 -> 0.069841602
A56: 10 | B56: ONDC | C56: ='Entry Profile P'!$G$25 -> 0.19932186 | D56: =C56*$C$7 -> 984.89036 | E56: =J50+J53 -> 471.89789 | G56: =D56+E56 -> 1456.7882 | H56: Inter-NDC | I56: ='Flow Proportions'!$E$45 -> 1 | J56: =I56*G56 -> 1456.7882 | K56: ='Facility NonTrans CPP'!$J$31 -> 0.0061377878 | L56: =J56*K56 -> 8.9414572
A57: 11 | B57: DNDC | C57: ='Entry Profile P'!$G$26 -> 0.24782196 | D57: =C57*$C$7 -> 1224.5393 | E57: =J51+J52+J56 -> 1808.3032 | G57: =D57+E57 -> 3032.8425 | H57: Intra-NDC | I57: ='Flow Proportions'!$E$48 -> 0.9686 | J57: =I57*G57 -> 2937.6113 | K57: ='Facility NonTrans CPP'!$J$40 -> 0.005978035 | L57: =J57*K57 -> 17.561143
A58: 12 | B58: DNDC | C58: ='Entry Profile P'!$G$26 -> 0.24782196 | D58: =C58*$C$7 -> 1224.5393 | E58: =J51+J52+J56 -> 1808.3032 | G58: =D58+E58 -> 3032.8425 | H58: Intra-NDC | I58: ='Flow Proportions'!$E$49 -> 0.0314 | J58: =I58*G58 -> 95.231255 | K58: ='Facility NonTrans CPP'!$J$40 -> 0.005978035 | L58: =J58*K58 -> 0.56929578
A59: 13 | B59: DSCF | C59: ='Entry Profile P'!$G$27 -> 0.23124214 | D59: =C59*$C$7 -> 1142.615 | E59: =J48+J54+J57 -> 3555.5287 | G59: =D59+E59 -> 4698.1438 | H59: Intra-SCF | I59: ='Flow Proportions'!$E$53 -> 1 | J59: =I59*G59 -> 4698.1438 | K59: ='Facility NonTrans CPP'!$J$49 -> 0.062016211 | L59: =J59*K59 -> 291.36107
L61: =SUM(L47:L59) -> 329.50321
B62: Sources:
B63: [1]: | C63: Page 37
B64: [2]: | C64: Pages 35 (letters and flats) and 36 (parcels)
B65: [3]: | C65: [1] * [2]
B66: [4]: | C66: [7], if applicable
B67: [5]: | C67: [3] + [4]
B68: [6]: | C68: Page 33
B69: [7]: | C69: [5] * [6]
B70: [8]: | C70: Page 11
B71: [9]: | C71: [7] * [8]

Sheet Facility NonTrans CPP
A1: USPS MARKETING MAIL NON-TRANSPORTATION COSTS
A2: By Container Type and By Facility
C4: Letter | G4: Flat | K4: Parcel
B6: [1] | C6: [2] | D6: [3] | F6: [1] | G6: [2] | H6: [3] | J6: [1] | K6: [2] | L6: [3]
B7: Cost Per | F7: Cost Per | J7: Cost Per
A8: ODU Container Type | B8: Pound | C8: Pounds | D8: Percent | F8: Pound | G8: Pounds | H8: Percent | J8: Pound | K8: Pounds | L8: Percent
A9: Sack | B9: 0 | C9: 0 | D9: =IF(C9>0,C9/$C$12,0) -> 0 | F9: ='ODU-S'!$K$10 -> 0.0006422096 | G9: ='Entry Profile L&F'!$H$33 -> 837578.7 | H9: =IF(G9>0,G9/$G$12,0) -> 0.48919827 | J9: ='ODU-S'!$K$12 -> 0.00084877891 | K9: ='Entry Profile P'!$E$23 -> 27.434691 | L9: =K9/$K$12 -> 0.036435981
A10: Tray | B10: ='ODU-T'!$K$10 -> 0 | C10: ='Entry Profile L&F'!$D$33 -> 0 | D10: =IF(C10>0,C10/$C$12,0) -> 0 | F10: 0 | G10: 0 | H10: =IF(G10>0,G10/$G$12,0) -> 0 | J10: 0 | K10: 0 | L10: =K10/$K$12 -> 0
A11: Pallet | B11: ='ODU-P'!$J$10 -> 0 | C11: ='Entry Profile L&F'!$B$33 -> 0 | D11: =IF(C11>0,C11/$C$12,0) -> 0 | F11: ='ODU-P'!$J$12 -> 0.00096016564 | G11: ='Entry Profile L&F'!$F$33 -> 874566.97 | H11: =IF(G11>0,G11/$G$12,0) -> 0.51080173 | J11: ='ODU-P'!$J$14 -> 0.002393525 | K11: ='Entry Profile P'!$B$23+'Entry Profile P'!$C$23+'Entry Profile P'!$D$23 -> 725.52132 | L11: =K11/$K$12 -> 0.96356402
A12: Total | C12: =SUM(C9:C11) -> 0 | D12: =IF(OR(C9>0,C10>0,C11>0),SUM(D9:D11),0) -> 0 | G12: =SUM(G9:G11) -> 1712145.7 | H12: =IF(OR(G9>0,G10>0,G11>0),SUM(H9:H11),0) -> 1 | K12: =SUM(K9:K11) -> 752.95601 | L12: =SUM(L9:L11) -> 1
A13: Weighted Average | B13: =IF(AND(C9>0,C10>0,C11>0),SUMPRODUCT(B9:B11,C9:C11)/SUM(C9:C11),0) -> 0 | F13: =IF(AND(G9>0,G10>0,G11>0),SUMPRODUCT(F9:F11,G9:G11)/SUM(G9:G11),0) -> 0 | J13: =SUMPRODUCT(J9:J11,K9:K11)/SUM(K9:K11) -> 0.0023372407
B16: Cost Per | F16: Cost Per | J16: Cost Per
A17: OSCF Container Type | B17: Pound | C17: Pounds | D17: Percent | F17: Pound | G17: Pounds | H17: Percent | J17: Pound | K17: Pounds | L17: Percent
A18: Sack | B18: 0 | C18: 0 | D18: =C18/$C$21 -> 0 | F18: ='OSCF-S'!$K$13 -> 0.0027322689 | G18: ='Entry Profile L&F'!$H$34+'Entry Profile L&F'!$H$35 -> 25115540 | H18: =G18/$G$21 -> 0.10797234 | J18: ='OSCF-S'!$K$18 -> 0.022264583 | K18: ='Entry Profile P'!$E$24 -> 27.699196 | L18: =K18/$K$21 -> 0.039100742
A19: Tray | B19: ='OSCF-T'!$K$13 -> 0.0031172924 | C19: ='Entry Profile L&F'!$D$34+'Entry Profile L&F'!$D$35 -> 59949359 | D19: =C19/$C$21 -> 0.1931054 | F19: 0 | G19: 0 | H19: =G19/$G$21 -> 0 | J19: 0 | K19: 0 | L19: =K19/$K$21 -> 0
A20: Pallet | B20: ='OSCF-P'!$J$13 -> 0.011122986 | C20: ='Entry Profile L&F'!$B$34+'Entry Profile L&F'!$B$35 -> 2.5049954e+08 | D20: =C20/$C$21 -> 0.8068946 | F20: ='OSCF-P'!$J$18 -> 0.0042825618 | G20: ='Entry Profile L&F'!F34+'Entry Profile L&F'!F35 -> 2.0749532e+08 | H20: =G20/$G$21 -> 0.89202766 | J20: ='OSCF-P'!$J$23 -> 0.0080500247 | K20: ='Entry Profile P'!$B$24+'Entry Profile P'!$C$24+'Entry Profile P'!$D$24 -> 680.70669 | L20: =K20/$K$21 -> 0.96089926
A21: Total | C21: =SUM(C18:C20) -> 3.104489e+08 | D21: =SUM(D18:D20) -> 1 | G21: =SUM(G18:G20) -> 2.3261086e+08 | H21: =SUM(H18:H20) -> 1 | K21: =SUM(K18:K20) -> 708.40589 | L21: =SUM(L18:L20) -> 1
A22: Weighted Average | B22: =SUMPRODUCT(B18:B20,C18:C20)/SUM(C18:C20) -> 0.0095770432 | F22: =SUMPRODUCT(F18:F20,G18:G20)/SUM(G18:G20) -> 0.004115173 | J22: =SUMPRODUCT(J18:J20,K18:K20)/SUM(K18:K20) -> 0.0086058245
B25: Cost Per | F25: Cost Per | J25: Cost Per
A26: ONDC Container Type | B26: Pound | C26: Pounds | D26: Percent | F26: Pound | G26: Pounds | H26: Percent | J26: Pound | K26: Pounds | L26: Percent
A27: Sack | B27: 0 | C27: 0 | D27: =C27/$C$30 -> 0 | F27: ='ONDC-S'!$K$14 -> 0.033787643 | G27: ='Entry Profile L&F'!$H$36 -> 200079.12 | H27: =G27/$G$30 -> 0.01452038 | J27: ='ONDC-S'!$K$20 -> 0.020989502 | K27: ='Entry Profile P'!$E$25 -> 37.975297 | L27: =K27/$K$30 -> 0.038557893
A28: Tray | B28: ='ONDC-T'!$K$13 -> 0.10900923 | C28: ='Entry Profile L&F'!$D$36 -> 157099.03 | D28: =C28/$C$30 -> 0.010262736 | F28: 0 | G28: 0 | H28: =G28/$G$30 -> 0 | J28: 0 | K28: 0 | L28: =K28/$K$30 -> 0
A29: Pallet | B29: ='ONDC-P'!$J$12 -> 0.007319475 | C29: ='Entry Profile L&F'!$B$36 -> 15150615 | D29: =C29/$C$30 -> 0.98973726 | F29: ='ONDC-P'!$J$16 -> 0.0032202227 | G29: ='Entry Profile L&F'!$F$36 -> 13579114 | H29: =G29/$G$30 -> 0.98547962 | J29: ='ONDC-P'!$J$20 -> 0.0055421713 | K29: ='Entry Profile P'!$B$25+'Entry Profile P'!$C$25+'Entry Profile P'!$D$25 -> 946.91506 | L29: =K29/$K$30 -> 0.96144211
A30: Total | C30: =SUM(C27:C29) -> 15307715 | D30: =SUM(D27:D29) -> 1 | G30: =SUM(G27:G29) -> 13779193 | H30: =SUM(H27:H29) -> 1 | K30: =SUM(K27:K29) -> 984.89036 | L30: =SUM(L27:L29) -> 1
A31: Weighted Average | B31: =SUMPRODUCT(B27:B29,C27:C29)/SUM(C27:C29) -> 0.0083630901 | F31: =SUMPRODUCT(F27:F29,G27:G29)/SUM(G27:G29) -> 0.0036640733 | J31: =SUMPRODUCT(J27:J29,K27:K29)/SUM(K27:K29) -> 0.0061377878
B34: Cost Per | F34: Cost Per | J34: Cost Per
A35: DNDC Container Type | B35: Pound | C35: Pounds | D35: Percent | F35: Pound | G35: Pounds | H35: Percent | J35: Pound | K35: Pounds | L35: Percent
A36: Sack | B36: 0 | C36: 0 | D36: =C36/$C$39 -> 0 | F36: ='DNDC-S'!$K$16 -> 0.029197689 | G36: ='Entry Profile L&F'!$H$37+'Entry Profile L&F'!$H$38 -> 104979.67 | H36: =G36/$G$39 -> 0.0010536261 | J36: ='DNDC-S'!$K$24 -> 0.016396735 | K36: ='Entry Profile P'!$E$26 -> 49.17123 | L36: =K36/$K$39 -> 0.04015488
A37: Tray | B37: ='DNDC-T'!$K$13 -> 0.13565427 | C37: ='Entry Profile L&F'!$D$37+'Entry Profile L&F'!$D$38 -> 1375787 | D37: =C37/$C$39 -> 0.010017862 | F37: 0 | G37: 0 | H37: =G37/$G$39 -> 0 | J37: 0 | K37: 0 | L37: =K37/$K$39 -> 0
A38: Pallet | B38: ='DNDC-P'!$J$12 -> 0.0069830165 | C38: ='Entry Profile L&F'!$B$37+'Entry Profile L&F'!$B$38 -> 1.3595761e+08 | D38: =C38/$C$39 -> 0.98998214 | F38: ='DNDC-P'!$J$16 -> 0.0025991906 | G38: ='Entry Profile L&F'!F37+'Entry Profile L&F'!F38 -> 99531569 | H38: =G38/$G$39 -> 0.99894637 | J38: ='DNDC-P'!$J$20 -> 0.0055421713 | K38: ='Entry Profile P'!$B$26+'Entry Profile P'!$C$26+'Entry Profile P'!$D$26 -> 1175.3681 | L38: =K38/$K$39 -> 0.95984512
A39: Total | C39: =SUM(C36:C38) -> 1.373334e+08 | D39: =SUM(D36:D38) -> 1 | G39: =SUM(G36:G38) -> 99636549 | H39: =SUM(H36:H38) -> 1 | K39: =SUM(K36:K38) -> 1224.5393 | L39: =SUM(L36:L38) -> 1
A40: Weighted Average | B40: =SUMPRODUCT(B36:B38,C36:C38)/SUM(C36:C38) -> 0.0082720274 | F40: =SUMPRODUCT(F36:F38,G36:G38)/SUM(G36:G38) -> 0.0026272155 | J40: =SUMPRODUCT(J36:J38,K36:K38)/SUM(K36:K38) -> 0.005978035
B43: Cost Per | F43: Cost Per | J43: Cost Per
A44: DSCF Container Type | B44: Pound | C44: Pounds | D44: Percent | F44: Pound | G44: Pounds | H44: Percent | J44: Pound | K44: Pounds | L44: Percent
A45: Sack | B45: 0 | C45: 0 | D45: =C45/$C$48 -> 0 | F45: ='DSCF-S'!$K$13 -> 0.11871403 | G45: ='Entry Profile L&F'!$H$39 -> 10531183 | H45: =G45/$G$48 -> 0.0096889116 | J45: ='DSCF-S'!$K$18 -> 0.065364269 | K45: ='Entry Profile P'!$E$27 -> 1075.8682 | L45: =K45/$K$48 -> 0.94158418
A46: Tray | B46: ='DSCF-T'!$K$13 -> 0.11159983 | C46: ='Entry Profile L&F'!$D$39 -> 27113157 | D46: =C46/$C$48 -> 0.01776911 | F46: 0 | G46: 0 | H46: =G46/$G$48 -> 0 | J46: 0 | K46: 0 | L46: =K46/$K$48 -> 0
A47: Pallet | B47: ='DSCF-P'!$J$13 -> 0.0093852089 | C47: ='Entry Profile L&F'!$B$39 -> 1.4987458e+09 | D47: =C47/$C$48 -> 0.98223089 | F47: ='DSCF-P'!$J$18 -> 0.004881955 | G47: ='Entry Profile L&F'!$F$39 -> 1.0764003e+09 | H47: =G47/$G$48 -> 0.99031109 | J47: ='DSCF-P'!$J$23 -> 0.0080500247 | K47: ='Entry Profile P'!$B$27+'Entry Profile P'!$C$27+'Entry Profile P'!$D$27 -> 66.746793 | L47: =K47/$K$48 -> 0.058415819
A48: Total | C48: =SUM(C45:C47) -> 1.525859e+09 | D48: =SUM(D45:D47) -> 1 | G48: =SUM(G45:G47) -> 1.0869315e+09 | H48: =SUM(H45:H47) -> 1 | K48: =SUM(K45:K47) -> 1142.615 | L48: =SUM(L45:L47) -> 1
A49: Weighted Average | B49: =SUMPRODUCT(B45:B47,C45:C47)/SUM(C45:C47) -> 0.011201472 | F49: =SUMPRODUCT(F45:F47,G45:G47)/SUM(G45:G47) -> 0.005984864 | J49: =SUMPRODUCT(J45:J47,K45:K47)/SUM(K45:K47) -> 0.062016211
A51: [1] Pages 12-26
A52: [2] Pages 35 and 36
A53: [3] Pounds by Container Type [2] / Total Pounds [2]

Sheet ODU-S
A1: ORIGINATING DELIVERY UNIT SACKS
C4: [1] | D4: [2] | E4: [3] | F4: [4] | G4: [5] | H4: [6] | I4: [7] | J4: [8] | K4: [9]
H5: Adjusted | J5: Pieces | K5: Cost
E6: Sacks Per | F6: Pieces | G6: Units | H6: Wage | I6: Piggyback | J6: Per | K6: Per
A7: Facility | B7: Operation | C7: Probability | D7: Shape | E7: Container | F7: Per Sack | G7: Per Hour | H7: Rate | I7: Factor | J7: Pound | K7: Pound
A10: ODU | B10: Load APC | C10: =SUM('Sack Inputs F'!$F$17:$F$21) -> 1 | D10: Flat | E10: ='Entry Profile P'!$B$39 -> 14.820735 | F10: ='Other Inputs'!$G$14 -> 150.62976 | G10: =Productivity!$C$14 -> 307.66823 | H10: ='Other Inputs'!$G$7 -> 48.864673 | I10: ='Piggyback Factors'!$D$48 -> 1.6214861 | J10: ='Entry Profile L&F'!$I$33 -> 5.567135 | K10: =(C10*H10*I10*J10)/(E10*F10*G10) -> 0.0006422096
A12: ODU | B12: Load APC | C12: =SUM('Sack Inputs P'!$F$17:$F$21) -> 1 | D12: Parcel | E12: ='Entry Profile P'!$B$39 -> 14.820735 | F12: ='Entry Profile P'!$E$31 -> 48.787028 | G12: =Productivity!$C$14 -> 307.66823 | H12: ='Other Inputs'!$G$8 -> 49.154263 | I12: ='Piggyback Factors'!$D$48 -> 1.6214861 | J12: ='CS Data By Shape'!$D$6/'CS Data By Shape'!$D$7 -> 2.3690648 | K12: =(C12*H12*I12*J12)/(E12*F12*G12) -> 0.00084877891
A15: Sources:
A16: [1]: Pages 27 and 28
A17: [2]: Mail Piece Shape
A18: [3]: Page 36
A19: [4]: Pages 36 and 42
A20: [5]: Page 41
A21: [6]: Page 42
A22: [7]: Page 40
A23: [8]: Pages 35 and 37
A24: [9]: ( [1] * [6] * [7] * [8] ) / ( [3] * [4] * [5] )

Sheet ODU-T
A1: ORIGINATING DELIVERY UNIT TRAYS
C4: [1] | D4: [2] | E4: [3] | F4: [4] | G4: [5] | H4: [6] | I4: [7] | J4: [8] | K4: [9]
H5: Adjusted | J5: Pieces | K5: Cost
E6: Trays Per | F6: Pieces | G6: Units | H6: Wage | I6: Piggyback | J6: Per | K6: Per
A7: Facility | B7: Operation | C7: Probability | D7: Shape | E7: Container | F7: Per Tray | G7: Per Hour | H7: Rate | I7: Factor | J7: Pound | K7: Pound
A10: ODU | B10: Load APC | C10: =SUM('Tray Inputs L'!$F$16:$F$20) -> 1 | D10: Letter | E10: ='Other Inputs'!$G$20 -> 24 | F10: ='Other Inputs'!$G$15 -> 315.12979 | G10: =Productivity!$C$14 -> 307.66823 | H10: ='Other Inputs'!$G$6 -> 48.808841 | I10: ='Piggyback Factors'!$D$48 -> 1.6214861 | J10: ='Entry Profile L&F'!$E$33 -> 0 | K10: =(C10*H10*I10*J10)/(E10*F10*G10) -> 0
A13: Sources:
A14: [1]: Page 29
A15: [2]: Mail Piece Shape
A16: [3]: Page 42
A17: [4]: Page 42
A18: [5]: Page 41
A19: [6]: Page 42
A20: [7]: Page 40
A21: [8]: Page 35
A22: [9]: ( [1] * [6] * [7] * [8] ) / ( [3] * [4] * [5] )

Sheet ODU-P
A1: ORIGINATING DELIVERY UNIT PALLETS
C4: [1] | D4: [2] | E4: [3] | F4: [4] | G4: [5] | H4: [6] | I4: [7] | J4: [8]
G5: Adjusted | I5: Pieces | J5: Cost
E6: Pieces | F6: Units | G6: Wage | H6: Piggyback | I6: Per | J6: Per
A7: Facility | B7: Operation | C7: Probability | D7: Shape | E7: Per Pallet | F7: Per Hour | G7: Rate | H7: Factor | I7: Pound | J7: Pound
A10: ODU | B10: Load Pallet | C10: =SUM('Pallet Inputs L'!$F$16:$F$20) -> 1 | D10: Letter | E10: ='Other Inputs'!$G$16 -> 8651.6571 | F10: =Productivity!$C$15 -> 68.564044 | G10: ='Other Inputs'!$G$6 -> 48.808841 | H10: ='Piggyback Factors'!$D$48 -> 1.6214861 | I10: ='Entry Profile L&F'!$C$33 -> 0 | J10: =(C10*G10*H10*I10)/(E10*F10) -> 0
A12: ODU | B12: Load Pallet | C12: =SUM('Pallet Inputs F'!$F$16:$F$20) -> 1 | D12: Flat | E12: ='Other Inputs'!$G$17 -> 4487.1819 | F12: =Productivity!$C$15 -> 68.564044 | G12: ='Other Inputs'!$G$7 -> 48.864673 | H12: ='Piggyback Factors'!$D$48 -> 1.6214861 | I12: ='Entry Profile L&F'!$G$33 -> 3.7282759 | J12: =(C12*G12*H12*I12)/(E12*F12) -> 0.00096016564
A14: ODU | B14: Load Pallet | C14: =SUM('Pallet Inputs P'!$F$16:$F$20) -> 1 | D14: Parcel | E14: ='Entry Profile P'!$C$34 -> 1150.5803 | F14: =Productivity!$C$15 -> 68.564044 | G14: ='Other Inputs'!$G$8 -> 49.154263 | H14: ='Piggyback Factors'!$D$48 -> 1.6214861 | I14: ='CS Data By Shape'!$D$6/'CS Data By Shape'!$D$7 -> 2.3690648 | J14: =(C14*G14*H14*I14)/(E14*F14) -> 0.002393525
A17: Sources:
A18: [1]: Pages 30, 31, and 32
A19: [2]: Mail Piece Shape
A20: [3]: Pages 36 and 42
A21: [4]: Page 41
A22: [5]: Page 42
A23: [6]: Page 40
A24: [7]: Page 35 and 37
A25: [8]: ( [1] * [5] * [6] * [7] ) / ( [3] * [4] )

Sheet OSCF-S
A1: ORIGINATING SCF SACKS
C4: [1] | D4: [2] | E4: [3] | F4: [4] | G4: [5] | H4: [6] | I4: [7] | J4: [8] | K4: [9]
H5: Adjusted | J5: Pieces | K5: Cost
E6: Sacks Per | F6: Pieces | G6: Units | H6: Wage | I6: Piggyback | J6: Per | K6: Per
A7: Facility | B7: Operation | C7: Probability | D7: Shape | E7: Container | F7: Per Sack | G7: Per Hour | H7: Rate | I7: Factor | J7: Pound | K7: Pound
A10: OSCF | B10: Load APC | C10: ='Sack Inputs F'!$F$41 -> 0.98372804 | D10: Flat | E10: ='Entry Profile P'!$B$39 -> 14.820735 | F10: ='Other Inputs'!$G$14 -> 150.62976 | G10: =Productivity!$C$19 -> 91.071588 | H10: ='Other Inputs'!$G$7 -> 48.864673 | I10: ='Piggyback Factors'!$D$27 -> 1.3606062 | J10: =('Entry Profile L&F'!$H$20+'Entry Profile L&F'!$H$21)/('Entry Profile L&F'!$H$34+'Entry Profile L&F'!$H$35) -> 5.9355037 | K10: =(C10*H10*I10*J10)/(E10*F10*G10) -> 0.0019093988
A11: OSCF | B11: Sort Sacks | C11: ='Sack Inputs F'!$F$42 -> 0.016271959 | D11: Flat | E11: 1 | F11: ='Other Inputs'!$G$14 -> 150.62976 | G11: =Productivity!$C$12 -> 50.702917 | H11: ='Other Inputs'!$G$7 -> 48.864673 | I11: ='Piggyback Factors'!$D$30 -> 1.2805163 | J11: =('Entry Profile L&F'!$H$20+'Entry Profile L&F'!$H$21)/('Entry Profile L&F'!$H$34+'Entry Profile L&F'!$H$35) -> 5.9355037 | K11: =(C11*H11*I11*J11)/(E11*F11*G11) -> 0.00079128657
A12: OSCF | B12: Load APC | C12: ='Sack Inputs F'!$F$42 -> 0.016271959 | D12: Flat | E12: ='Entry Profile P'!$B$39 -> 14.820735 | F12: ='Other Inputs'!$G$14 -> 150.62976 | G12: =Productivity!$C$19 -> 91.071588 | H12: ='Other Inputs'!$G$7 -> 48.864673 | I12: ='Piggyback Factors'!$D$27 -> 1.3606062 | J12: =('Entry Profile L&F'!$H$20+'Entry Profile L&F'!$H$21)/('Entry Profile L&F'!$H$34+'Entry Profile L&F'!$H$35) -> 5.9355037 | K12: =(C12*H12*I12*J12)/(E12*F12*G12) -> 3.1583584e-05
K13: =SUM(K10:K12) -> 0.0027322689
A15: OSCF | B15: Load APC | C15: ='Sack Inputs P'!$F$41 -> 0.67057226 | D15: Parcel | E15: ='Entry Profile P'!$B$39 -> 14.820735 | F15: ='Entry Profile P'!$E$31 -> 48.787028 | G15: =Productivity!$C$19 -> 91.071588 | H15: ='Other Inputs'!$G$8 -> 49.154263 | I15: ='Piggyback Factors'!$D$27 -> 1.3606062 | J15: ='CS Data By Shape'!$D$6/'CS Data By Shape'!$D$7 -> 2.3690648 | K15: =(C15*H15*I15*J15)/(E15*F15*G15) -> 0.0016134634
A16: OSCF | B16: Sort Sacks | C16: ='Sack Inputs P'!$F$42 -> 0.32942774 | D16: Parcel | E16: 1 | F16: ='Entry Profile P'!$E$31 -> 48.787028 | G16: =Productivity!$C$12 -> 50.702917 | H16: ='Other Inputs'!$G$8 -> 49.154263 | I16: ='Piggyback Factors'!$D$30 -> 1.2805163 | J16: ='CS Data By Shape'!$D$6/'CS Data By Shape'!$D$7 -> 2.3690648 | K16: =(C16*H16*I16*J16)/(E16*F16*G16) -> 0.019858484
A17: OSCF | B17: Load APC | C17: ='Sack Inputs P'!$F$42 -> 0.32942774 | D17: Parcel | E17: ='Entry Profile P'!$B$39 -> 14.820735 | F17: ='Entry Profile P'!$E$31 -> 48.787028 | G17: =Productivity!$C$19 -> 91.071588 | H17: ='Other Inputs'!$G$8 -> 49.154263 | I17: ='Piggyback Factors'!$D$27 -> 1.3606062 | J17: ='CS Data By Shape'!$D$6/'CS Data By Shape'!$D$7 -> 2.3690648 | K17: =(C17*H17*I17*J17)/(E17*F17*G17) -> 0.00079263586
K18: =SUM(K15:K17) -> 0.022264583
A21: Sources:
A22: [1]: Pages 27 and 28
A23: [2]: Mail Piece Shape
A24: [3]: Page 36
A25: [4]: Pages 36 and 42
A26: [5]: Page 41
A27: [6]: Page 42
A28: [7]: Page 40
A29: [8]: Pages 35 and 37
A30: [9]: ( [1] * [6] * [7] * [8] ) / ( [3] * [4] * [5] )

Sheet OSCF-T
A1: ORIGINATING SCF TRAYS
C4: [1] | D4: [2] | E4: [3] | F4: [4] | G4: [5] | H4: [6] | I4: [7] | J4: [8] | K4: [9]
H5: Adjusted | J5: Pieces | K5: Cost
E6: Trays Per | F6: Pieces | G6: Units | H6: Wage | I6: Piggyback | J6: Per | K6: Per
A7: Facility | B7: Operation | C7: Probability | D7: Shape | E7: Container | F7: Per Tray | G7: Per Hour | H7: Rate | I7: Factor | J7: Pound | K7: Pound
A10: OSCF | B10: Unload APC | C10: ='Tray Inputs L'!$F$40 -> 1 | D10: Letter | E10: ='Other Inputs'!$G$20 -> 24 | F10: ='Other Inputs'!$G$15 -> 315.12979 | G10: =Productivity!$C$16 -> 81.873572 | H10: ='Other Inputs'!$G$6 -> 48.808841 | I10: ='Piggyback Factors'!$D$27 -> 1.3606062 | J10: =('Entry Profile L&F'!$D$20+'Entry Profile L&F'!$D$21)/('Entry Profile L&F'!$D$34+'Entry Profile L&F'!$D$35) -> 29.066387 | K10: =(C10*H10*I10*J10)/(E10*F10*G10) -> 0.0031172924
A11: OSCF | B11: Sort Trays | C11: ='Tray Inputs L'!$F$41 -> 0 | D11: Letter | E11: 1 | F11: ='Other Inputs'!$G$15 -> 315.12979 | G11: =Productivity!C10 -> 92.988321 | H11: ='Other Inputs'!$G$6 -> 48.808841 | I11: ='Piggyback Factors'!$D$20 -> 1.5358045 | J11: =('Entry Profile L&F'!$D$20+'Entry Profile L&F'!$D$21)/('Entry Profile L&F'!$D$34+'Entry Profile L&F'!$D$35) -> 29.066387 | K11: =(C11*H11*I11*J11)/(E11*F11*G11) -> 0
A12: OSCF | B12: Load APC | C12: ='Tray Inputs L'!$F$41 -> 0 | D12: Letter | E12: ='Other Inputs'!$G$20 -> 24 | F12: ='Other Inputs'!$G$15 -> 315.12979 | G12: =Productivity!$C$19 -> 91.071588 | H12: ='Other Inputs'!$G$6 -> 48.808841 | I12: ='Piggyback Factors'!$D$27 -> 1.3606062 | J12: =('Entry Profile L&F'!$D$20+'Entry Profile L&F'!$D$21)/('Entry Profile L&F'!$D$34+'Entry Profile L&F'!$D$35) -> 29.066387 | K12: =(C12*H12*I12*J12)/(E12*F12*G12) -> 0
K13: =SUM(K10:K12) -> 0.0031172924
A16: Sources:
A17: [1]: Page 29
A18: [2]: Mail Piece Shape
A19: [3]: Page 42
A20: [4]: Page 42
A21: [5]: Page 41
A22: [6]: Page 42
A23: [7]: Page 40
A24: [8]: Page 35
A25: [9]: ( [1] * [6] * [7] * [8] ) / ( [3] * [4] * [5] )

Sheet OSCF-P
A1: ORIGINATING SCF PALLETS
C4: [1] | D4: [2] | E4: [3] | F4: [4] | G4: [5] | H4: [6] | I4: [7] | J4: [8]
G5: Adjusted | I5: Pieces | J5: Cost
E6: Pieces | F6: Units | G6: Wage | H6: Piggyback | I6: Per | J6: Per
A7: Facility | B7: Operation | C7: Probability | D7: Shape | E7: Per Pallet | F7: Per Hour | G7: Rate | H7: Factor | I7: Pound | J7: Pound
A10: OSCF | B10: Unload Pallet | C10: =SUM('Pallet Inputs L'!$F$22:$F$25) -> 1 | D10: Letter | E10: ='Other Inputs'!$G$16 -> 8651.6571 | F10: =Productivity!$C$17 -> 58.156985 | G10: ='Other Inputs'!$G$6 -> 48.808841 | H10: ='Piggyback Factors'!$D$27 -> 1.3606062 | I10: =('Entry Profile L&F'!$B$20+'Entry Profile L&F'!$B$21)/('Entry Profile L&F'!$B$34+'Entry Profile L&F'!$B$35) -> 24.788266 | J10: =(C10*G10*H10*I10)/(E10*F10) -> 0.0032717183
A11: OSCF | B11: Crossdock Pallet | C11: =SUM('Pallet Inputs L'!$F$22:$F$25) -> 1 | D11: Letter | E11: ='Other Inputs'!$G$16 -> 8651.6571 | F11: =Productivity!$C$18 -> 39.899251 | G11: ='Other Inputs'!$G$6 -> 48.808841 | H11: ='Piggyback Factors'!$D$27 -> 1.3606062 | I11: =('Entry Profile L&F'!$B$20+'Entry Profile L&F'!$B$21)/('Entry Profile L&F'!$B$34+'Entry Profile L&F'!$B$35) -> 24.788266 | J11: =(C11*G11*H11*I11)/(E11*F11) -> 0.0047688432
A12: OSCF | B12: Load Pallet | C12: =SUM('Pallet Inputs L'!$F$22:$F$25) -> 1 | D12: Letter | E12: ='Other Inputs'!$G$16 -> 8651.6571 | F12: =Productivity!$C$20 -> 61.728449 | G12: ='Other Inputs'!$G$6 -> 48.808841 | H12: ='Piggyback Factors'!$D$27 -> 1.3606062 | I12: =('Entry Profile L&F'!$B$20+'Entry Profile L&F'!$B$21)/('Entry Profile L&F'!$B$34+'Entry Profile L&F'!$B$35) -> 24.788266 | J12: =(C12*G12*H12*I12)/(E12*F12) -> 0.0030824243
J13: =SUM(J10:J12) -> 0.011122986
A15: OSCF | B15: Unload Pallet | C15: =SUM('Pallet Inputs F'!$F$22:$F$25) -> 1 | D15: Flat | E15: ='Other Inputs'!$G$17 -> 4487.1819 | F15: =Productivity!$C$17 -> 58.156985 | G15: ='Other Inputs'!$G$7 -> 48.864673 | H15: ='Piggyback Factors'!$D$27 -> 1.3606062 | I15: =('Entry Profile L&F'!$F$20+'Entry Profile L&F'!$F$21)/('Entry Profile L&F'!$F$34+'Entry Profile L&F'!$F$35) -> 4.9443166 | J15: =(C15*G15*H15*I15)/(E15*F15) -> 0.001259674
A16: OSCF | B16: Crossdock Pallet | C16: =SUM('Pallet Inputs F'!$F$22:$F$25) -> 1 | D16: Flat | E16: ='Other Inputs'!$G$17 -> 4487.1819 | F16: =Productivity!$C$18 -> 39.899251 | G16: ='Other Inputs'!$G$7 -> 48.864673 | H16: ='Piggyback Factors'!$D$27 -> 1.3606062 | I16: =('Entry Profile L&F'!$F$20+'Entry Profile L&F'!$F$21)/('Entry Profile L&F'!$F$34+'Entry Profile L&F'!$F$35) -> 4.9443166 | J16: =(C16*G16*H16*I16)/(E16*F16) -> 0.0018360956
A17: OSCF | B17: Load Pallet | C17: =SUM('Pallet Inputs F'!$F$22:$F$25) -> 1 | D17: Flat | E17: ='Other Inputs'!$G$17 -> 4487.1819 | F17: =Productivity!$C$20 -> 61.728449 | G17: ='Other Inputs'!$G$7 -> 48.864673 | H17: ='Piggyback Factors'!$D$27 -> 1.3606062 | I17: =('Entry Profile L&F'!$F$20+'Entry Profile L&F'!$F$21)/('Entry Profile L&F'!$F$34+'Entry Profile L&F'!$F$35) -> 4.9443166 | J17: =(C17*G17*H17*I17)/(E17*F17) -> 0.0011867922
J18: =SUM(J15:J17) -> 0.0042825618
A20: OSCF | B20: Unload Pallet | C20: =SUM('Pallet Inputs P'!$F$22:$F$25) -> 1 | D20: Parcel | E20: ='Entry Profile P'!$C$34 -> 1150.5803 | F20: =Productivity!$C$17 -> 58.156985 | G20: ='Other Inputs'!$G$8 -> 49.154263 | H20: ='Piggyback Factors'!$D$27 -> 1.3606062 | I20: ='CS Data By Shape'!$D$6/'CS Data By Shape'!$D$7 -> 2.3690648 | J20: =(C20*G20*H20*I20)/(E20*F20) -> 0.0023678366
A21: OSCF | B21: Crossdock Pallet | C21: =SUM('Pallet Inputs P'!$F$22:$F$25) -> 1 | D21: Parcel | E21: ='Entry Profile P'!$C$34 -> 1150.5803 | F21: =Productivity!$C$18 -> 39.899251 | G21: ='Other Inputs'!$G$8 -> 49.154263 | H21: ='Piggyback Factors'!$D$27 -> 1.3606062 | I21: ='CS Data By Shape'!$D$6/'CS Data By Shape'!$D$7 -> 2.3690648 | J21: =(C21*G21*H21*I21)/(E21*F21) -> 0.003451349
A22: OSCF | B22: Load Pallet | C22: =SUM('Pallet Inputs P'!$F$22:$F$25) -> 1 | D22: Parcel | E22: ='Entry Profile P'!$C$34 -> 1150.5803 | F22: =Productivity!$C$20 -> 61.728449 | G22: ='Other Inputs'!$G$8 -> 49.154263 | H22: ='Piggyback Factors'!$D$27 -> 1.3606062 | I22: ='CS Data By Shape'!$D$6/'CS Data By Shape'!$D$7 -> 2.3690648 | J22: =(C22*G22*H22*I22)/(E22*F22) -> 0.0022308391
J23: =SUM(J20:J22) -> 0.0080500247
A26: Sources:
A27: [1]: Pages 30, 31, and 32
A28: [2]: Mail Piece Shape
A29: [3]: Pages 36 and 42
A30: [4]: Page 41
A31: [5]: Page 42
A32: [6]: Page 40
A33: [7]: Page 35 and 37
A34: [8]: ( [1] * [5] * [6] * [7] ) / ( [3] * [4] )

Sheet ONDC-S
A1: ORIGINATING NDC SACKS
C4: [1] | D4: [2] | E4: [3] | F4: [4] | G4: [5] | H4: [6] | I4: [7] | J4: [8] | K4: [9]
H5: Adjusted | J5: Pieces | K5: Cost
E6: Sacks Per | F6: Pieces | G6: Units | H6: Wage | I6: Piggyback | J6: Per | K6: Per
A7: Facility | B7: Operation | C7: Probability | D7: Shape | E7: Container | F7: Per Sack | G7: Per Hour | H7: Rate | I7: Factor | J7: Pound | K7: Pound
A10: ONDC | B10: Unload APC | C10: ='Sack Inputs F'!$F$28 -> 1 | D10: Flat | E10: ='Entry Profile P'!$B$39 -> 14.820735 | F10: ='Other Inputs'!$G$14 -> 150.62976 | G10: =Productivity!$C$21 -> 55.996737 | H10: ='Other Inputs'!$G$7 -> 48.864673 | I10: ='Piggyback Factors'!$D$43 -> 1.3860239 | J10: ='Entry Profile L&F'!$I$36 -> 11.844189 | K10: =(C10*H10*I10*J10)/(E10*F10*G10) -> 0.006416937
A11: ONDC | B11: Induct APC | C11: ='Sack Inputs F'!$F$28 -> 1 | D11: Flat | E11: ='Entry Profile P'!$B$39 -> 14.820735 | F11: ='Other Inputs'!$G$14 -> 150.62976 | G11: =Productivity!$C$24 -> 23.065925 | H11: ='Other Inputs'!$G$7 -> 48.864673 | I11: ='Piggyback Factors'!$D$42 -> 1.5176144 | J11: ='Entry Profile L&F'!$I$36 -> 11.844189 | K11: =(C11*H11*I11*J11)/(E11*F11*G11) -> 0.017057302
A12: ONDC | B12: Sack Sorting Machine | C12: ='Sack Inputs F'!$F$28 -> 1 | D12: Flat | E12: 1 | F12: ='Other Inputs'!$G$14 -> 150.62976 | G12: =Productivity!$C$13 -> 3068.1109 | H12: ='Other Inputs'!$G$7 -> 48.864673 | I12: ='Piggyback Factors'!$D$46 -> 1.6196175 | J12: ='Entry Profile L&F'!$I$36 -> 11.844189 | K12: =(C12*H12*I12*J12)/(E12*F12*G12) -> 0.0020282941
A13: ONDC | B13: Load Postal Pak | C13: ='Sack Inputs F'!$F$28 -> 1 | D13: Flat | E13: ='Entry Profile P'!$B$42 -> 30.886231 | F13: ='Other Inputs'!$G$14 -> 150.62976 | G13: =Productivity!$C$28 -> 20.811195 | H13: ='Other Inputs'!$G$7 -> 48.864673 | I13: ='Piggyback Factors'!$D$43 -> 1.3860239 | J13: ='Entry Profile L&F'!$I$36 -> 11.844189 | K13: =(C13*H13*I13*J13)/(E13*F13*G13) -> 0.0082851104
K14: =SUM(K10:K13) -> 0.033787643
A16: ONDC | B16: Unload APC | C16: ='Sack Inputs P'!$F$28 -> 1 | D16: Parcel | E16: ='Entry Profile P'!$B$39 -> 14.820735 | F16: ='Entry Profile P'!$E$31 -> 48.787028 | G16: =Productivity!$C$21 -> 55.996737 | H16: ='Other Inputs'!$G$8 -> 49.154263 | I16: ='Piggyback Factors'!$D$43 -> 1.3860239 | J16: ='CS Data By Shape'!$D$6/'CS Data By Shape'!$D$7 -> 2.3690648 | K16: =(C16*H16*I16*J16)/(E16*F16*G16) -> 0.0039863186
A17: ONDC | B17: Induct APC | C17: ='Sack Inputs P'!$F$28 -> 1 | D17: Parcel | E17: ='Entry Profile P'!$B$39 -> 14.820735 | F17: ='Entry Profile P'!$E$31 -> 48.787028 | G17: =Productivity!$C$24 -> 23.065925 | H17: ='Other Inputs'!$G$8 -> 49.154263 | I17: ='Piggyback Factors'!$D$42 -> 1.5176144 | J17: ='CS Data By Shape'!$D$6/'CS Data By Shape'!$D$7 -> 2.3690648 | K17: =(C17*H17*I17*J17)/(E17*F17*G17) -> 0.010596308
A18: ONDC | B18: Sack Sorting Machine | C18: ='Sack Inputs P'!$F$28 -> 1 | D18: Parcel | E18: 1 | F18: ='Entry Profile P'!$E$31 -> 48.787028 | G18: =Productivity!$C$13 -> 3068.1109 | H18: ='Other Inputs'!$G$8 -> 49.154263 | I18: ='Piggyback Factors'!$D$46 -> 1.6196175 | J18: ='CS Data By Shape'!$D$6/'CS Data By Shape'!$D$7 -> 2.3690648 | K18: =(C18*H18*I18*J18)/(E18*F18*G18) -> 0.0012600134
A19: ONDC | B19: Load Postal Pak | C19: ='Sack Inputs P'!$F$28 -> 1 | D19: Parcel | E19: ='Entry Profile P'!$B$42 -> 30.886231 | F19: ='Entry Profile P'!$E$31 -> 48.787028 | G19: =Productivity!$C$28 -> 20.811195 | H19: ='Other Inputs'!$G$8 -> 49.154263 | I19: ='Piggyback Factors'!$D$43 -> 1.3860239 | J19: ='CS Data By Shape'!$D$6/'CS Data By Shape'!$D$7 -> 2.3690648 | K19: =(C19*H19*I19*J19)/(E19*F19*G19) -> 0.0051468621
K20: =SUM(K16:K19) -> 0.020989502
A23: Sources:
A24: [1]: Pages 27 and 28
A25: [2]: Mail Piece Shape
A26: [3]: Page 36
A27: [4]: Pages 36 and 42
A28: [5]: Page 41
A29: [6]: Page 42
A30: [7]: Page 40
A31: [8]: Pages 35 and 37
A32: [9]: ( [1] * [6] * [7] * [8] ) / ( [3] * [4] * [5] )

Sheet ONDC-T
A1: ORIGINATING NDC TRAYS
C4: [1] | D4: [2] | E4: [3] | F4: [4] | G4: [5] | H4: [6] | I4: [7] | J4: [8] | K4: [9]
H5: Adjusted | J5: Pieces | K5: Cost
E6: Trays Per | F6: Pieces | G6: Units | H6: Wage | I6: Piggyback | J6: Per | K6: Per
A7: Facility | B7: Operation | C7: Probability | D7: Shape | E7: Container | F7: Per Tray | G7: Per Hour | H7: Rate | I7: Factor | J7: Pound | K7: Pound
A10: ONDC | B10: Unload APC | C10: ='Tray Inputs L'!$F$27 -> 1 | D10: Letter | E10: ='Other Inputs'!$G$20 -> 24 | F10: ='Other Inputs'!$G$15 -> 315.12979 | G10: =Productivity!$C$21 -> 55.996737 | H10: ='Other Inputs'!$G$6 -> 48.808841 | I10: ='Piggyback Factors'!$D$43 -> 1.3860239 | J10: ='Entry Profile L&F'!$E$36 -> 32.03314 | K10: =(C10*H10*I10*J10)/(E10*F10*G10) -> 0.0051168807
A11: ONDC | B11: Sort Trays | C11: ='Tray Inputs L'!$F$27 -> 1 | D11: Letter | E11: 1 | F11: ='Other Inputs'!$G$15 -> 315.12979 | G11: =Productivity!$C$10 -> 92.988321 | H11: ='Other Inputs'!$G$6 -> 48.808841 | I11: ='Piggyback Factors'!$D$47 -> 1.8711129 | J11: ='Entry Profile L&F'!$E$36 -> 32.03314 | K11: =(C11*H11*I11*J11)/(E11*F11*G11) -> 0.099834379
A12: ONDC | B12: Load APC | C12: ='Tray Inputs L'!$F$27 -> 1 | D12: Letter | E12: ='Other Inputs'!$G$20 -> 24 | F12: ='Other Inputs'!$G$15 -> 315.12979 | G12: =Productivity!$C$26 -> 70.608822 | H12: ='Other Inputs'!$G$6 -> 48.808841 | I12: ='Piggyback Factors'!$D$43 -> 1.3860239 | J12: ='Entry Profile L&F'!$E$36 -> 32.03314 | K12: =(C12*H12*I12*J12)/(E12*F12*G12) -> 0.004057972
K13: =SUM(K10:K12) -> 0.10900923
A16: Sources:
A17: [1]: Page 29
A18: [2]: Mail Piece Shape
A19: [3]: Page 42
A20: [4]: Page 42
A21: [5]: Page 41
A22: [6]: Page 42
A23: [7]: Page 40
A24: [8]: Page 35
A25: [9]: ( [1] * [6] * [7] * [8] ) / ( [3] * [4] * [5] )

Sheet ONDC-P
A1: ORIGINATING NDC PALLETS
C4: [1] | D4: [2] | E4: [3] | F4: [4] | G4: [5] | H4: [6] | I4: [7] | J4: [8]
G5: Adjusted | I5: Pieces | J5: Cost
E6: Pieces | F6: Units | G6: Wage | H6: Piggyback | I6: Per | J6: Per
A7: Facility | B7: Operation | C7: Probability | D7: Shape | E7: Per Pallet | F7: Per Hour | G7: Rate | H7: Factor | I7: Pound | J7: Pound
A10: ONDC | B10: Unload Pallet | C10: ='Pallet Inputs L'!$F$27 -> 1 | D10: Letter | E10: ='Other Inputs'!$G$16 -> 8651.6571 | F10: =Productivity!$C$22 -> 46.475052 | G10: ='Other Inputs'!$G$6 -> 48.808841 | H10: ='Piggyback Factors'!$D$43 -> 1.3860239 | I10: ='Entry Profile L&F'!$C$36 -> 23.693104 | J10: =(C10*G10*H10*I10)/(E10*F10) -> 0.0039863185
A11: ONDC | B11: Load Pallet | C11: ='Pallet Inputs L'!$F$27 -> 1 | D11: Letter | E11: ='Other Inputs'!$G$16 -> 8651.6571 | F11: =Productivity!$C$27 -> 55.582256 | G11: ='Other Inputs'!$G$6 -> 48.808841 | H11: ='Piggyback Factors'!$D$43 -> 1.3860239 | I11: ='Entry Profile L&F'!$C$36 -> 23.693104 | J11: =(C11*G11*H11*I11)/(E11*F11) -> 0.0033331565
J12: =SUM(J10:J11) -> 0.007319475
A14: ONDC | B14: Unload Pallet | C14: ='Pallet Inputs F'!$F$27 -> 1 | D14: Flat | E14: ='Other Inputs'!$G$17 -> 4487.1819 | F14: =Productivity!$C$22 -> 46.475052 | G14: ='Other Inputs'!$G$7 -> 48.864673 | H14: ='Piggyback Factors'!$D$43 -> 1.3860239 | I14: ='Entry Profile L&F'!$G$36 -> 5.4001499 | J14: =(C14*G14*H14*I14)/(E14*F14) -> 0.0017537915
A15: ONDC | B15: Load Pallet | C15: ='Pallet Inputs F'!$F$27 -> 1 | D15: Flat | E15: ='Other Inputs'!$G$17 -> 4487.1819 | F15: =Productivity!$C$27 -> 55.582256 | G15: ='Other Inputs'!$G$7 -> 48.864673 | H15: ='Piggyback Factors'!$D$43 -> 1.3860239 | I15: ='Entry Profile L&F'!$G$36 -> 5.4001499 | J15: =(C15*G15*H15*I15)/(E15*F15) -> 0.0014664312
J16: =SUM(J14:J15) -> 0.0032202227
A18: ONDC | B18: Unload Pallet | C18: ='Pallet Inputs P'!$F$27 -> 1 | D18: Parcel | E18: ='Entry Profile P'!$C$34 -> 1150.5803 | F18: =Productivity!$C$22 -> 46.475052 | G18: ='Other Inputs'!$G$8 -> 49.154263 | H18: ='Piggyback Factors'!$D$43 -> 1.3860239 | I18: ='CS Data By Shape'!$D$6/'CS Data By Shape'!$D$7 -> 2.3690648 | J18: =(C18*G18*H18*I18)/(E18*F18) -> 0.0030183667
A19: ONDC | B19: Load Pallet | C19: ='Pallet Inputs P'!$F$27 -> 1 | D19: Parcel | E19: ='Entry Profile P'!$C$34 -> 1150.5803 | F19: =Productivity!$C$27 -> 55.582256 | G19: ='Other Inputs'!$G$8 -> 49.154263 | H19: ='Piggyback Factors'!$D$43 -> 1.3860239 | I19: ='CS Data By Shape'!$D$6/'CS Data By Shape'!$D$7 -> 2.3690648 | J19: =(C19*G19*H19*I19)/(E19*F19) -> 0.0025238046
J20: =SUM(J18:J19) -> 0.0055421713
A23: Sources:
A24: [1]: Pages 30, 31, and 32
A25: [2]: Mail Piece Shape
A26: [3]: Pages 36 and 42
A27: [4]: Page 41
A28: [5]: Page 42
A29: [6]: Page 40
A30: [7]: Page 35 and 37
A31: [8]: ( [1] * [5] * [6] * [7] ) / ( [3] * [4] )

Sheet DNDC-S
A1: DESTINATING NDC SACKS
C4: [1] | D4: [2] | E4: [3] | F4: [4] | G4: [5] | H4: [6] | I4: [7] | J4: [8] | K4: [9]
H5: Adjusted | J5: Pieces | K5: Cost
E6: Sacks Per | F6: Pieces | G6: Units | H6: Wage | I6: Piggyback | J6: Per | K6: Per
A7: Facility | B7: Operation | C7: Probability | D7: Shape | E7: Container | F7: Per Sack | G7: Per Hour | H7: Rate | I7: Factor | J7: Pound | K7: Pound
A10: DNDC | B10: Unload APC | C10: ='Sack Inputs F'!$F$49+'Sack Inputs F'!$F$51 -> 0.42562066 | D10: Flat | E10: ='Entry Profile P'!$B$39 -> 14.820735 | F10: ='Other Inputs'!$G$14 -> 150.62976 | G10: =Productivity!$C$21 -> 55.996737 | H10: ='Other Inputs'!$G$7 -> 48.864673 | I10: ='Piggyback Factors'!$D$43 -> 1.3860239 | J10: =('Entry Profile L&F'!$H$23+'Entry Profile L&F'!$H$24)/('Entry Profile L&F'!$H$37+'Entry Profile L&F'!$H$38) -> 13.569133 | K10: =(C10*H10*I10*J10)/(E10*F10*G10) -> 0.0031289403
A11: DNDC | B11: Unload ONDC Postal Pak | C11: ='Sack Inputs F'!$F$50 -> 0.57437934 | D11: Flat | E11: ='Entry Profile P'!$B$42 -> 30.886231 | F11: ='Other Inputs'!$G$14 -> 150.62976 | G11: =Productivity!$C$23 -> 53.14645 | H11: ='Other Inputs'!$G$7 -> 48.864673 | I11: ='Piggyback Factors'!$D$43 -> 1.3860239 | J11: =('Entry Profile L&F'!$H$23+'Entry Profile L&F'!$H$24)/('Entry Profile L&F'!$H$37+'Entry Profile L&F'!$H$38) -> 13.569133 | K11: =(C11*H11*I11*J11)/(E11*F11*G11) -> 0.0021348466
A12: DNDC | B12: Induct APC | C12: =C10 -> 0.42562066 | D12: Flat | E12: ='Entry Profile P'!$B$39 -> 14.820735 | F12: ='Other Inputs'!$G$14 -> 150.62976 | G12: =Productivity!$C$24 -> 23.065925 | H12: ='Other Inputs'!$G$7 -> 48.864673 | I12: ='Piggyback Factors'!$D$42 -> 1.5176144 | J12: =('Entry Profile L&F'!$H$23+'Entry Profile L&F'!$H$24)/('Entry Profile L&F'!$H$37+'Entry Profile L&F'!$H$38) -> 13.569133 | K12: =(C12*H12*I12*J12)/(E12*F12*G12) -> 0.0083172514
A13: DNDC | B13: Induct ONDC Postal Pak | C13: =C11 -> 0.57437934 | D13: Flat | E13: ='Entry Profile P'!$B$42 -> 30.886231 | F13: ='Other Inputs'!$G$14 -> 150.62976 | G13: =Productivity!$C$25 -> 16.646694 | H13: ='Other Inputs'!$G$7 -> 48.864673 | I13: ='Piggyback Factors'!$D$42 -> 1.5176144 | J13: =('Entry Profile L&F'!$H$23+'Entry Profile L&F'!$H$24)/('Entry Profile L&F'!$H$37+'Entry Profile L&F'!$H$38) -> 13.569133 | K13: =(C13*H13*I13*J13)/(E13*F13*G13) -> 0.0074628316
A14: DNDC | B14: Sack Sorting Machine | C14: =C12+C13 -> 1 | D14: Flat | E14: 1 | F14: ='Other Inputs'!$G$14 -> 150.62976 | G14: =Productivity!$C$13 -> 3068.1109 | H14: ='Other Inputs'!$G$7 -> 48.864673 | I14: ='Piggyback Factors'!$D$46 -> 1.6196175 | J14: =('Entry Profile L&F'!$H$23+'Entry Profile L&F'!$H$24)/('Entry Profile L&F'!$H$37+'Entry Profile L&F'!$H$38) -> 13.569133 | K14: =(C14*H14*I14*J14)/(E14*F14*G14) -> 0.0023236875
A15: DNDC | B15: Load APC | C15: =C14 -> 1 | D15: Flat | E15: ='Entry Profile P'!$B$39 -> 14.820735 | F15: ='Other Inputs'!$G$14 -> 150.62976 | G15: =Productivity!$C$26 -> 70.608822 | H15: ='Other Inputs'!$G$7 -> 48.864673 | I15: ='Piggyback Factors'!$D$43 -> 1.3860239 | J15: =('Entry Profile L&F'!$H$23+'Entry Profile L&F'!$H$24)/('Entry Profile L&F'!$H$37+'Entry Profile L&F'!$H$38) -> 13.569133 | K15: =(C15*H15*I15*J15)/(E15*F15*G15) -> 0.0058301313
K16: =SUM(K10:K15) -> 0.029197689
A18: DNDC | B18: Unload APC | C18: ='Sack Inputs P'!$F$49+'Sack Inputs P'!$F$51 -> 0.52782646 | D18: Parcel | E18: ='Entry Profile P'!$B$39 -> 14.820735 | F18: ='Entry Profile P'!$E$31 -> 48.787028 | G18: =Productivity!$C$21 -> 55.996737 | H18: ='Other Inputs'!$G$8 -> 49.154263 | I18: ='Piggyback Factors'!$D$43 -> 1.3860239 | J18: ='CS Data By Shape'!$D$6/'CS Data By Shape'!$D$7 -> 2.3690648 | K18: =(C18*H18*I18*J18)/(E18*F18*G18) -> 0.0021040844
A19: DNDC | B19: Unload ONDC Postal Pak | C19: ='Sack Inputs P'!$F$50 -> 0.47217354 | D19: Parcel | E19: ='Entry Profile P'!$B$42 -> 30.886231 | F19: ='Entry Profile P'!$E$31 -> 48.787028 | G19: =Productivity!$C$23 -> 53.14645 | H19: ='Other Inputs'!$G$8 -> 49.154263 | I19: ='Piggyback Factors'!$D$43 -> 1.3860239 | J19: ='CS Data By Shape'!$D$6/'CS Data By Shape'!$D$7 -> 2.3690648 | K19: =(C19*H19*I19*J19)/(E19*F19*G19) -> 0.00095162742
A20: DNDC | B20: Induct APC | C20: =C18 -> 0.52782646 | D20: Parcel | E20: ='Entry Profile P'!$B$39 -> 14.820735 | F20: ='Entry Profile P'!$E$31 -> 48.787028 | G20: =Productivity!$C$24 -> 23.065925 | H20: ='Other Inputs'!$G$8 -> 49.154263 | I20: ='Piggyback Factors'!$D$42 -> 1.5176144 | J20: ='CS Data By Shape'!$D$6/'CS Data By Shape'!$D$7 -> 2.3690648 | K20: =(C20*H20*I20*J20)/(E20*F20*G20) -> 0.0055930115
A21: DNDC | B21: Induct ONDC Postal Pak | C21: =C19 -> 0.47217354 | D21: Parcel | E21: ='Entry Profile P'!$B$42 -> 30.886231 | F21: ='Entry Profile P'!$E$31 -> 48.787028 | G21: =Productivity!$C$25 -> 16.646694 | H21: ='Other Inputs'!$G$8 -> 49.154263 | I21: ='Piggyback Factors'!$D$42 -> 1.5176144 | J21: ='CS Data By Shape'!$D$6/'CS Data By Shape'!$D$7 -> 2.3690648 | K21: =(C21*H21*I21*J21)/(E21*F21*G21) -> 0.0033266255
A22: DNDC | B22: Sack Sorting Machine | C22: =C20+C21 -> 1 | D22: Parcel | E22: 1 | F22: ='Entry Profile P'!$E$31 -> 48.787028 | G22: =Productivity!$C$13 -> 3068.1109 | H22: ='Other Inputs'!$G$8 -> 49.154263 | I22: ='Piggyback Factors'!$D$46 -> 1.6196175 | J22: ='CS Data By Shape'!$D$6/'CS Data By Shape'!$D$7 -> 2.3690648 | K22: =(C22*H22*I22*J22)/(E22*F22*G22) -> 0.0012600134
A23: DNDC | B23: Load APC | C23: =C22 -> 1 | D23: Parcel | E23: ='Entry Profile P'!$B$39 -> 14.820735 | F23: ='Entry Profile P'!$E$31 -> 48.787028 | G23: =Productivity!$C$26 -> 70.608822 | H23: ='Other Inputs'!$G$8 -> 49.154263 | I23: ='Piggyback Factors'!$D$43 -> 1.3860239 | J23: ='CS Data By Shape'!$D$6/'CS Data By Shape'!$D$7 -> 2.3690648 | K23: =(C23*H23*I23*J23)/(E23*F23*G23) -> 0.0031613732
K24: =SUM(K18:K23) -> 0.016396735
A28: Sources:
A29: [1]: Pages 27 and 28
A30: [2]: Mail Piece Shape
A31: [3]: Page 36
A32: [4]: Pages 36 and 42
A33: [5]: Page 41
A34: [6]: Page 42
A35: [7]: Page 40
A36: [8]: Pages 35 and 37
A37: [9]: ( [1] * [6] * [7] * [8] ) / ( [3] * [4] * [5] )

Sheet DNDC-T
A1: DESTINATING NDC TRAYS
C4: [1] | D4: [2] | E4: [3] | F4: [4] | G4: [5] | H4: [6] | I4: [7] | J4: [8] | K4: [9]
H5: Adjusted | J5: Pieces | K5: Cost
E6: Trays Per | F6: Pieces | G6: Units | H6: Wage | I6: Piggyback | J6: Per | K6: Per
A7: Facility | B7: Operation | C7: Probability | D7: Shape | E7: Container | F7: Per Tray | G7: Per Hour | H7: Rate | I7: Factor | J7: Pound | K7: Pound
A10: DNDC | B10: Unload APC | C10: =SUM('Tray Inputs L'!$F$48:$F$50) -> 1 | D10: Letter | E10: ='Other Inputs'!$G$20 -> 24 | F10: ='Other Inputs'!$G$15 -> 315.12979 | G10: =Productivity!$C$21 -> 55.996737 | H10: ='Other Inputs'!$G$6 -> 48.808841 | I10: ='Piggyback Factors'!$D$43 -> 1.3860239 | J10: =('Entry Profile L&F'!$D$23+'Entry Profile L&F'!$D$24)/('Entry Profile L&F'!$D$37+'Entry Profile L&F'!$D$38) -> 29.040928 | K10: =(C10*H10*I10*J10)/(E10*F10*G10) -> 0.0046389135
A11: DNDC | B11: Sort Trays | C11: =SUM('Tray Inputs L'!$F$48:$F$50) -> 1 | D11: Letter | E11: 1 | F11: ='Other Inputs'!$G$15 -> 315.12979 | G11: =Productivity!$C$11 -> 66.094724 | H11: ='Other Inputs'!$G$6 -> 48.808841 | I11: ='Piggyback Factors'!$D$47 -> 1.8711129 | J11: =('Entry Profile L&F'!$D$23+'Entry Profile L&F'!$D$24)/('Entry Profile L&F'!$D$37+'Entry Profile L&F'!$D$38) -> 29.040928 | K11: =(C11*H11*I11*J11)/(E11*F11*G11) -> 0.12733644
A12: DNDC | B12: Load APC | C12: =SUM('Tray Inputs L'!$F$48:$F$50) -> 1 | D12: Letter | E12: ='Other Inputs'!$G$20 -> 24 | F12: ='Other Inputs'!$G$15 -> 315.12979 | G12: =Productivity!$C$26 -> 70.608822 | H12: ='Other Inputs'!$G$6 -> 48.808841 | I12: ='Piggyback Factors'!$D$43 -> 1.3860239 | J12: =('Entry Profile L&F'!$D$23+'Entry Profile L&F'!$D$24)/('Entry Profile L&F'!$D$37+'Entry Profile L&F'!$D$38) -> 29.040928 | K12: =(C12*H12*I12*J12)/(E12*F12*G12) -> 0.0036789173
K13: =SUM(K10:K12) -> 0.13565427
A16: Sources:
A17: [1]: Page 29
A18: [2]: Mail Piece Shape
A19: [3]: Page 42
A20: [4]: Page 42
A21: [5]: Page 41
A22: [6]: Page 42
A23: [7]: Page 40
A24: [8]: Page 35
A25: [9]: ( [1] * [6] * [7] * [8] ) / ( [3] * [4] * [5] )

Sheet DNDC-P
A1: DESTINATING NDC PALLETS
C4: [1] | D4: [2] | E4: [3] | F4: [4] | G4: [5] | H4: [6] | I4: [7] | J4: [8]
G5: Adjusted | I5: Pieces | J5: Cost
E6: Pieces | F6: Units | G6: Wage | H6: Piggyback | I6: Per | J6: Per
A7: Facility | B7: Operation | C7: Probability | D7: Shape | E7: Per Pallet | F7: Per Hour | G7: Rate | H7: Factor | I7: Pound | J7: Pound
A10: DNDC | B10: Unload Pallet | C10: =SUM('Pallet Inputs L'!$F$48:$F$50) -> 1 | D10: Letter | E10: ='Other Inputs'!$G$16 -> 8651.6571 | F10: =Productivity!$C$22 -> 46.475052 | G10: ='Other Inputs'!$G$6 -> 48.808841 | H10: ='Piggyback Factors'!$D$43 -> 1.3860239 | I10: =('Entry Profile L&F'!$B$23+'Entry Profile L&F'!$B$24)/('Entry Profile L&F'!$B$37+'Entry Profile L&F'!$B$38) -> 22.603989 | J10: =(C10*G10*H10*I10)/(E10*F10) -> 0.0038030771
A11: DNDC | B11: Load Pallet | C11: =SUM('Pallet Inputs L'!$F$48:$F$50) -> 1 | D11: Letter | E11: ='Other Inputs'!$G$16 -> 8651.6571 | F11: =Productivity!$C$27 -> 55.582256 | G11: ='Other Inputs'!$G$6 -> 48.808841 | H11: ='Piggyback Factors'!$D$43 -> 1.3860239 | I11: =('Entry Profile L&F'!$B$23+'Entry Profile L&F'!$B$24)/('Entry Profile L&F'!$B$37+'Entry Profile L&F'!$B$38) -> 22.603989 | J11: =(C11*G11*H11*I11)/(E11*F11) -> 0.0031799394
J12: =SUM(J10:J11) -> 0.0069830165
A14: DNDC | B14: Unload Pallet | C14: =SUM('Pallet Inputs F'!$F$48:$F$50) -> 1 | D14: Flat | E14: ='Other Inputs'!$G$17 -> 4487.1819 | F14: =Productivity!$C$22 -> 46.475052 | G14: ='Other Inputs'!$G$7 -> 48.864673 | H14: ='Piggyback Factors'!$D$43 -> 1.3860239 | I14: =('Entry Profile L&F'!$F$23+'Entry Profile L&F'!$F$24)/('Entry Profile L&F'!$F$37+'Entry Profile L&F'!$F$38) -> 4.3587107 | J14: =(C14*G14*H14*I14)/(E14*F14) -> 0.0014155662
A15: DNDC | B15: Load Pallet | C15: =SUM('Pallet Inputs F'!$F$48:$F$50) -> 1 | D15: Flat | E15: ='Other Inputs'!$G$17 -> 4487.1819 | F15: =Productivity!$C$27 -> 55.582256 | G15: ='Other Inputs'!$G$7 -> 48.864673 | H15: ='Piggyback Factors'!$D$43 -> 1.3860239 | I15: =('Entry Profile L&F'!$F$23+'Entry Profile L&F'!$F$24)/('Entry Profile L&F'!$F$37+'Entry Profile L&F'!$F$38) -> 4.3587107 | J15: =(C15*G15*H15*I15)/(E15*F15) -> 0.0011836244
J16: =SUM(J14:J15) -> 0.0025991906
A18: DNDC | B18: Unload Pallet | C18: =SUM('Pallet Inputs P'!$F$48:$F$50) -> 1 | D18: Parcel | E18: ='Entry Profile P'!$C$34 -> 1150.5803 | F18: =Productivity!$C$22 -> 46.475052 | G18: ='Other Inputs'!$G$8 -> 49.154263 | H18: ='Piggyback Factors'!$D$43 -> 1.3860239 | I18: ='CS Data By Shape'!$D$6/'CS Data By Shape'!$D$7 -> 2.3690648 | J18: =(C18*G18*H18*I18)/(E18*F18) -> 0.0030183667
A19: DNDC | B19: Load Pallet | C19: =SUM('Pallet Inputs P'!$F$48:$F$50) -> 1 | D19: Parcel | E19: ='Entry Profile P'!$C$34 -> 1150.5803 | F19: =Productivity!$C$27 -> 55.582256 | G19: ='Other Inputs'!$G$8 -> 49.154263 | H19: ='Piggyback Factors'!$D$43 -> 1.3860239 | I19: ='CS Data By Shape'!$D$6/'CS Data By Shape'!$D$7 -> 2.3690648 | J19: =(C19*G19*H19*I19)/(E19*F19) -> 0.0025238046
J20: =SUM(J18:J19) -> 0.0055421713
A23: Sources:
A24: [1]: Pages 30, 31, and 32
A25: [2]: Mail Piece Shape
A26: [3]: Pages 36 and 42
A27: [4]: Page 41
A28: [5]: Page 42
A29: [6]: Page 40
A30: [7]: Page 35 and 37
A31: [8]: ( [1] * [5] * [6] * [7] ) / ( [3] * [4] )

Sheet DSCF-S
A1: DESTINATING SCF SACKS
C4: [1] | D4: [2] | E4: [3] | F4: [4] | G4: [5] | H4: [6] | I4: [7] | J4: [8] | K4: [9]
H5: Adjusted | J5: Pieces | K5: Cost
E6: Sacks Per | F6: Pieces | G6: Units | H6: Wage | I6: Piggyback | J6: Per | K6: Per
A7: Facility | B7: Operation | C7: Probability | D7: Shape | E7: Container | F7: Per Sack | G7: Per Hour | H7: Rate | I7: Factor | J7: Pound | K7: Pound
A10: DSCF | B10: Unload APC | C10: ='Sack Inputs F'!$F$54+'Sack Inputs F'!$F$55+'Sack Inputs F'!$F$56 -> 1 | D10: Flat | E10: ='Entry Profile P'!$B$39 -> 14.820735 | F10: ='Other Inputs'!$G$14 -> 150.62976 | G10: =Productivity!$C$16 -> 81.873572 | H10: ='Other Inputs'!$G$7 -> 48.864673 | I10: ='Piggyback Factors'!$D$27 -> 1.3606062 | J10: ='Entry Profile L&F'!$I$39 -> 13.363222 | K10: =(C10*H10*I10*J10)/(E10*F10*G10) -> 0.004860874
A11: DSCF | B11: Sort Sacks | C11: =C10 -> 1 | D11: Flat | E11: 1 | F11: ='Other Inputs'!$G$14 -> 150.62976 | G11: =Productivity!$C$12 -> 50.702917 | H11: ='Other Inputs'!$G$7 -> 48.864673 | I11: ='Piggyback Factors'!$D$30 -> 1.2805163 | J11: ='Entry Profile L&F'!$I$39 -> 13.363222 | K11: =(C11*H11*I11*J11)/(E11*F11*G11) -> 0.10948322
A12: DSCF | B12: Load APC | C12: =C11 -> 1 | D12: Flat | E12: ='Entry Profile P'!$B$39 -> 14.820735 | F12: ='Other Inputs'!$G$14 -> 150.62976 | G12: =Productivity!$C$19 -> 91.071588 | H12: ='Other Inputs'!$G$7 -> 48.864673 | I12: ='Piggyback Factors'!$D$27 -> 1.3606062 | J12: ='Entry Profile L&F'!$I$39 -> 13.363222 | K12: =(C12*H12*I12*J12)/(E12*F12*G12) -> 0.0043699372
K13: =SUM(K10:K12) -> 0.11871403
A15: DSCF | B15: Unload APC | C15: ='Sack Inputs P'!$F$54+'Sack Inputs P'!$F$55+'Sack Inputs P'!$F$56 -> 1 | D15: Parcel | E15: ='Entry Profile P'!$B$39 -> 14.820735 | F15: ='Entry Profile P'!$E$31 -> 48.787028 | G15: =Productivity!$C$16 -> 81.873572 | H15: ='Other Inputs'!$G$8 -> 49.154263 | I15: ='Piggyback Factors'!$D$27 -> 1.3606062 | J15: ='CS Data By Shape'!$D$6/'CS Data By Shape'!$D$7 -> 2.3690648 | K15: =(C15*H15*I15*J15)/(E15*F15*G15) -> 0.0026764104
A16: DSCF | B16: Sort Sacks | C16: =C15 -> 1 | D16: Parcel | E16: 1 | F16: ='Entry Profile P'!$E$31 -> 48.787028 | G16: =Productivity!$C$12 -> 50.702917 | H16: ='Other Inputs'!$G$8 -> 49.154263 | I16: ='Piggyback Factors'!$D$30 -> 1.2805163 | J16: ='CS Data By Shape'!$D$6/'CS Data By Shape'!$D$7 -> 2.3690648 | K16: =(C16*H16*I16*J16)/(E16*F16*G16) -> 0.06028176
A17: DSCF | B17: Load APC | C17: =C16 -> 1 | D17: Parcel | E17: ='Entry Profile P'!$B$39 -> 14.820735 | F17: ='Entry Profile P'!$E$31 -> 48.787028 | G17: =Productivity!$C$19 -> 91.071588 | H17: ='Other Inputs'!$G$8 -> 49.154263 | I17: ='Piggyback Factors'!$D$27 -> 1.3606062 | J17: ='CS Data By Shape'!$D$6/'CS Data By Shape'!$D$7 -> 2.3690648 | K17: =(C17*H17*I17*J17)/(E17*F17*G17) -> 0.0024060993
K18: =SUM(K15:K17) -> 0.065364269
A21: Sources:
A22: [1]: Pages 27 and 28
A23: [2]: Mail Piece Shape
A24: [3]: Page 36
A25: [4]: Pages 36 and 42
A26: [5]: Page 41
A27: [6]: Page 42
A28: [7]: Page 40
A29: [8]: Pages 35 and 37
A30: [9]: ( [1] * [6] * [7] * [8] ) / ( [3] * [4] * [5] )

Sheet DSCF-T
A1: DESTINATING SCF TRAYS
C4: [1] | D4: [2] | E4: [3] | F4: [4] | G4: [5] | H4: [6] | I4: [7] | J4: [8] | K4: [9]
H5: Adjusted | J5: Pieces | K5: Cost
E6: Trays Per | F6: Pieces | G6: Units | H6: Wage | I6: Piggyback | J6: Per | K6: Per
A7: Facility | B7: Operation | C7: Probability | D7: Shape | E7: Container | F7: Per Tray | G7: Per Hour | H7: Rate | I7: Factor | J7: Pound | K7: Pound
A10: DSCF | B10: Unload APC | C10: ='Tray Inputs L'!$F$53+'Tray Inputs L'!$F$54+'Tray Inputs L'!$F$55 -> 1 | D10: Letter | E10: ='Other Inputs'!$G$20 -> 24 | F10: ='Other Inputs'!$G$15 -> 315.12979 | G10: =Productivity!$C$16 -> 81.873572 | H10: ='Other Inputs'!$G$6 -> 48.808841 | I10: ='Piggyback Factors'!$D$27 -> 1.3606062 | J10: ='Entry Profile L&F'!$E$39 -> 29.348046 | K10: =(C10*H10*I10*J10)/(E10*F10*G10) -> 0.0031474996
A11: DSCF | B11: Sort Trays | C11: ='Tray Inputs L'!$F$53+'Tray Inputs L'!$F$54+'Tray Inputs L'!$F$55 -> 1 | D11: Letter | E11: 1 | F11: ='Other Inputs'!$G$15 -> 315.12979 | G11: =Productivity!$C$11 -> 66.094724 | H11: ='Other Inputs'!$G$6 -> 48.808841 | I11: ='Piggyback Factors'!$D$20 -> 1.5358045 | J11: ='Entry Profile L&F'!$E$39 -> 29.348046 | K11: =(C11*H11*I11*J11)/(E11*F11*G11) -> 0.10562272
A12: DSCF | B12: Load APC | C12: ='Tray Inputs L'!$F$53+'Tray Inputs L'!$F$54+'Tray Inputs L'!$F$55 -> 1 | D12: Letter | E12: ='Other Inputs'!$G$20 -> 24 | F12: ='Other Inputs'!$G$15 -> 315.12979 | G12: =Productivity!$C$19 -> 91.071588 | H12: ='Other Inputs'!$G$6 -> 48.808841 | I12: ='Piggyback Factors'!$D$27 -> 1.3606062 | J12: ='Entry Profile L&F'!$E$39 -> 29.348046 | K12: =(C12*H12*I12*J12)/(E12*F12*G12) -> 0.0028296096
K13: =SUM(K10:K12) -> 0.11159983
A16: Sources:
A17: [1]: Page 29
A18: [2]: Mail Piece Shape
A19: [3]: Page 42
A20: [4]: Page 42
A21: [5]: Page 41
A22: [6]: Page 42
A23: [7]: Page 40
A24: [8]: Page 35
A25: [9]: ( [1] * [6] * [7] * [8] ) / ( [3] * [4] * [5] )

Sheet DSCF-P
A1: DESTINATING SCF PALLETS
C4: [1] | D4: [2] | E4: [3] | F4: [4] | G4: [5] | H4: [6] | I4: [7] | J4: [8]
G5: Adjusted | I5: Pieces | J5: Cost
E6: Pieces | F6: Units | G6: Wage | H6: Piggyback | I6: Per | J6: Per
A7: Facility | B7: Operation | C7: Probability | D7: Shape | E7: Per Pallet | F7: Per Hour | G7: Rate | H7: Factor | I7: Pound | J7: Pound
A10: DSCF | B10: Unload Pallet | C10: =SUM('Pallet Inputs L'!$F$53:$F$55) -> 1 | D10: Letter | E10: ='Other Inputs'!$G$16 -> 8651.6571 | F10: =Productivity!$C$17 -> 58.156985 | G10: ='Other Inputs'!$G$6 -> 48.808841 | H10: ='Piggyback Factors'!$D$27 -> 1.3606062 | I10: ='Entry Profile L&F'!$C$39 -> 20.915522 | J10: =(C10*G10*H10*I10)/(E10*F10) -> 0.0027605681
A11: DSCF | B11: Crossdock Pallet | C11: =SUM('Pallet Inputs L'!$F$53:$F$55) -> 1 | D11: Letter | E11: ='Other Inputs'!$G$16 -> 8651.6571 | F11: =Productivity!$C$18 -> 39.899251 | G11: ='Other Inputs'!$G$6 -> 48.808841 | H11: ='Piggyback Factors'!$D$27 -> 1.3606062 | I11: ='Entry Profile L&F'!$C$39 -> 20.915522 | J11: =(C11*G11*H11*I11)/(E11*F11) -> 0.0040237927
A12: DSCF | B12: Load Pallet | C12: =SUM('Pallet Inputs L'!$F$53:$F$55) -> 1 | D12: Letter | E12: ='Other Inputs'!$G$16 -> 8651.6571 | F12: =Productivity!$C$20 -> 61.728449 | G12: ='Other Inputs'!$G$6 -> 48.808841 | H12: ='Piggyback Factors'!$D$27 -> 1.3606062 | I12: ='Entry Profile L&F'!$C$39 -> 20.915522 | J12: =(C12*G12*H12*I12)/(E12*F12) -> 0.0026008481
J13: =SUM(J10:J12) -> 0.0093852089
A15: DSCF | B15: Unload Pallet | C15: =SUM('Pallet Inputs F'!$F$53:$F$55) -> 1 | D15: Flat | E15: ='Other Inputs'!$G$17 -> 4487.1819 | F15: =Productivity!$C$17 -> 58.156985 | G15: ='Other Inputs'!$G$7 -> 48.864673 | H15: ='Piggyback Factors'!$D$27 -> 1.3606062 | I15: ='Entry Profile L&F'!$G$39 -> 5.63633 | J15: =(C15*G15*H15*I15)/(E15*F15) -> 0.0014359797
A16: DSCF | B16: Crossdock Pallet | C16: =SUM('Pallet Inputs F'!$F$53:$F$55) -> 1 | D16: Flat | E16: ='Other Inputs'!$G$17 -> 4487.1819 | F16: =Productivity!$C$18 -> 39.899251 | G16: ='Other Inputs'!$G$7 -> 48.864673 | H16: ='Piggyback Factors'!$D$27 -> 1.3606062 | I16: ='Entry Profile L&F'!$G$39 -> 5.63633 | J16: =(C16*G16*H16*I16)/(E16*F16) -> 0.0020930781
A17: DSCF | B17: Load Pallet | C17: =SUM('Pallet Inputs F'!$F$53:$F$55) -> 1 | D17: Flat | E17: ='Other Inputs'!$G$17 -> 4487.1819 | F17: =Productivity!$C$20 -> 61.728449 | G17: ='Other Inputs'!$G$7 -> 48.864673 | H17: ='Piggyback Factors'!$D$27 -> 1.3606062 | I17: ='Entry Profile L&F'!$G$39 -> 5.63633 | J17: =(C17*G17*H17*I17)/(E17*F17) -> 0.0013528972
J18: =SUM(J15:J17) -> 0.004881955
A20: DSCF | B20: Unload Pallet | C20: =SUM('Pallet Inputs P'!$F$53:$F$55) -> 1 | D20: Parcel | E20: ='Entry Profile P'!$C$34 -> 1150.5803 | F20: =Productivity!$C$17 -> 58.156985 | G20: ='Other Inputs'!$G$8 -> 49.154263 | H20: ='Piggyback Factors'!$D$27 -> 1.3606062 | I20: ='CS Data By Shape'!$D$6/'CS Data By Shape'!$D$7 -> 2.3690648 | J20: =(C20*G20*H20*I20)/(E20*F20) -> 0.0023678366
A21: DSCF | B21: Crossdock Pallet | C21: =SUM('Pallet Inputs P'!$F$53:$F$55) -> 1 | D21: Parcel | E21: ='Entry Profile P'!$C$34 -> 1150.5803 | F21: =Productivity!$C$18 -> 39.899251 | G21: ='Other Inputs'!$G$8 -> 49.154263 | H21: ='Piggyback Factors'!$D$27 -> 1.3606062 | I21: ='CS Data By Shape'!$D$6/'CS Data By Shape'!$D$7 -> 2.3690648 | J21: =(C21*G21*H21*I21)/(E21*F21) -> 0.003451349
A22: DSCF | B22: Load Pallet | C22: =SUM('Pallet Inputs P'!$F$53:$F$55) -> 1 | D22: Parcel | E22: ='Entry Profile P'!$C$34 -> 1150.5803 | F22: =Productivity!$C$20 -> 61.728449 | G22: ='Other Inputs'!$G$8 -> 49.154263 | H22: ='Piggyback Factors'!$D$27 -> 1.3606062 | I22: ='CS Data By Shape'!$D$6/'CS Data By Shape'!$D$7 -> 2.3690648 | J22: =(C22*G22*H22*I22)/(E22*F22) -> 0.0022308391
J23: =SUM(J20:J22) -> 0.0080500247
A26: Sources:
A27: [1]: Pages 30, 31, and 32
A28: [2]: Mail Piece Shape
A29: [3]: Pages 36 and 42
A30: [4]: Page 41
A31: [5]: Page 42
A32: [6]: Page 40
A33: [7]: Page 35 and 37
A34: [8]: ( [1] * [5] * [6] * [7] ) / ( [3] * [4] )

Sheet Sack Inputs F
A1: COMPUTATION OF INPUT PERCENTAGES FOR SACK (FLAT) MODELS
A4: Deposit | B4: [1] | D4: [2]
A5: Points | B5: Pounds | D5: Percent
A6: ODU | B6: ='Entry Profile L&F'!$H$33 -> 837578.7 | D6: =+B6/$B$12 -> 0.016061505
A7: OSCF | B7: ='Entry Profile L&F'!$H$34+'Entry Profile L&F'!$H$35 -> 25115540 | D7: =+B7/$B$12 -> 0.48161847
A8: ONDC | B8: ='Entry Profile L&F'!$H$36 -> 200079.12 | D8: =+B8/$B$12 -> 0.0038367401
A9: DNDC | B9: ='Entry Profile L&F'!$H$37+'Entry Profile L&F'!$H$38 -> 104979.67 | D9: =+B9/$B$12 -> 0.0020131021
A10: DSCF | B10: ='Entry Profile L&F'!$H$39 -> 10531183 | D10: =+B10/$B$12 -> 0.20194717
A11: DDU | B11: ='Entry Profile L&F'!$H$40 -> 15358847 | D11: =+B11/$B$12 -> 0.294523
A12: Totals | B12: =SUM(B6:B11) -> 52148207 | D12: =SUM(D6:D11) -> 1
B14: [3] | F14: [4] | G14: [5]
F15: % of Origin Lbs
A16: Origin | B16: Pounds | F16: By Mail Flow | G16: Pounds | H16: Dest | I16: Flow | J16: Type of Transp
A17: ODU | B17: =+B6 -> 837578.7 | F17: ='Flow Proportions'!$E$30 -> 0.0158256 | G17: =$B$17*F17 -> 13255.185 | H17: DDU | I17: 1 | J17: Intra-SCF
F18: ='Flow Proportions'!$E$31 -> 0.4881744 | G18: =$B$17*F18 -> 408884.48 | H18: DSCF | I18: 2 | J18: Intra-SCF
F19: ='Flow Proportions'!$E$32 -> 0.496 | G19: =$B$17*F19 -> 415439.04 | H19: OSCF | I19: 3 | J19: Intra-SCF
F20: ='Flow Proportions'!$E$33 -> 0 | G20: =$B$17*F20 -> 0 | H20: ONDC | I20: 4 | J20: Intra-NDC
F21: ='Flow Proportions'!$E$34 -> 0 | G21: =$B$17*F21 -> 0 | H21: DNDC | I21: 5 | J21: Intra-NDC
A23: OSCF | B23: =B7+G19 -> 25530979 | F23: ='Flow Proportions'!$E$38 -> 0.32491359 | G23: =$B$23*F23 -> 8295362 | H23: DNDC | I23: 6 | J23: Intra-NDC
F24: ='Flow Proportions'!$E$39 -> 0.43618641 | G24: =$B$23*F24 -> 11136266 | H24: ONDC | I24: 7 | J24: Intra-NDC
F25: ='Flow Proportions'!$E$40 -> 0.23139854 | G25: =$B$23*F25 -> 5907831.3 | H25: DSCF | I25: 8 | J25: Inter-SCF
F26: ='Flow Proportions'!$E$41 -> 0.00750146 | G26: =$B$23*F26 -> 191519.62 | H26: DDU | I26: 9 | J26: Inter-SCF
A28: ONDC | B28: =B8+G20+G24 -> 11336345 | F28: ='Flow Proportions'!$E$45 -> 1 | G28: =B28*F28 -> 11336345 | H28: DNDC | I28: 10 | J28: Inter-NDC
A30: DNDC | B30: =B9+G21+G23+G28 -> 19736687 | F30: ='Flow Proportions'!$E$48 -> 0.9686 | G30: =$B$30*F30 -> 19116955 | H30: DSCF | I30: 11 | J30: Intra-NDC
F31: ='Flow Proportions'!$E$49 -> 0.0314 | G31: =$B$30*F31 -> 619731.97 | H31: DDU | I31: 12 | J31: Intra-NDC
A33: DSCF | B33: =B10+G30 -> 29648138 | F33: ='Flow Proportions'!$E$53 -> 1 | G33: =B33*F33 -> 29648138 | H33: DDU | I33: 13 | J33: Intra-SCF
B34: =G18+G25 -> 6316715.7 | G34: =B34*F33 -> 6316715.7 | H34: DDU | I34: 13 | J34: Intra-SCF
A36: DDU | B36: =B11+G17+G26+G31+G33+G34 -> 52148207
D38: [6] | F38: [7]
A39: Deposit | F39: Pounds
A40: Points | B40: Source | D40: Pounds | F40: Percent
A41: OSCF | B41: Mailer | D41: =B7 -> 25115540 | F41: =D41/$D$43 -> 0.98372804
B42: Service Area/PL | D42: =B23-D41 -> 415439.04 | F42: =D42/$D$43 -> 0.016271959
B43: Total | D43: =D41+D42 -> 25530979 | F43: =SUM(F41:F42) -> 1
A45: ONDC | B45: Mailer | D45: =B8 -> 200079.12 | F45: =D45/$D$47 -> 0.017649349
B46: Service Area | D46: =B28-D45 -> 11136266 | F46: =D46/$D$47 -> 0.98235065
B47: Total | D47: =SUM(D45:D46) -> 11336345 | F47: =SUM(F45:F46) -> 1
A49: DNDC | B49: Mailer | D49: =B9 -> 104979.67 | F49: =D49/$D$52 -> 0.0053190116
B50: ONDC/PL | D50: =B28 -> 11336345 | F50: =D50/$D$52 -> 0.57437934
B51: Service Area | D51: =B30-D49-D50 -> 8295362 | F51: =D51/$D$52 -> 0.42030165
B52: Total | D52: =SUM(D49:D51) -> 19736687 | F52: =SUM(F49:F51) -> 1
A54: DSCF | B54: Mailer | D54: =B10 -> 10531183 | F54: =D54/$D57 -> 0.29281874
B55: Service Area | D55: =B33+B34-D54-D56 -> 6316715.5 | F55: =D55/$D57 -> 0.17563579
B56: DNDC/PL | D56: =G30+D10 -> 19116955 | F56: =D56/$D57 -> 0.53154547
B57: Total | D57: =SUM(D54:D56) -> 35964854 | F57: =SUM(F54:F56) -> 1
A60: Sources:
A61: [1]: Page 35
A62: [2]: Deposit point pounds / total pounds
A63: [3]: Portions of [1] and [5]
A64: [4]: Page 33
A65: [5]: [3] * [4]
A66: [6]: Portions of [1] and [3]
A67: [7]: [6] Deposit point pounds / [6] Total pounds

Sheet Sack Inputs P
A1: COMPUTATION OF INPUT PERCENTAGES FOR SACK (PARCEL) MODELS
A4: Deposit | B4: [1] | D4: [2]
A5: Points | B5: Pounds | D5: Percent
A6: ODU | B6: ='Entry Profile P'!$E$23 -> 27.434691 | D6: =+B6/$B$12 -> 0.020401936
A7: OSCF | B7: ='Entry Profile P'!$E$24 -> 27.699196 | D7: =+B7/$B$12 -> 0.020598636
A8: ONDC | B8: ='Entry Profile P'!$E$25 -> 37.975297 | D8: =+B8/$B$12 -> 0.028240507
A9: DNDC | B9: ='Entry Profile P'!$E$26 -> 49.17123 | D9: =+B9/$B$12 -> 0.036566415
A10: DSCF | B10: ='Entry Profile P'!$E$27 -> 1075.8682 | D10: =+B10/$B$12 -> 0.80007444
A11: DDU | B11: ='Entry Profile P'!$E$28 -> 126.56152 | D11: =+B11/$B$12 -> 0.094118066
A12: Totals | B12: =SUM(B6:B11) -> 1344.7102 | D12: =SUM(D6:D11) -> 1
B14: [3] | F14: [4] | G14: [5]
F15: % of Origin Lbs
A16: Origin | B16: Pounds | F16: By Mail Flow | G16: Pounds | H16: Dest | I16: Flow | J16: Type of Transp
A17: ODU | B17: =+B6 -> 27.434691 | F17: ='Flow Proportions'!$E$30 -> 0.0158256 | G17: =$B$17*F17 -> 0.43417044 | H17: DDU | I17: 1 | J17: Intra-SCF
F18: ='Flow Proportions'!$E$31 -> 0.4881744 | G18: =$B$17*F18 -> 13.392914 | H18: DSCF | I18: 2 | J18: Intra-SCF
F19: ='Flow Proportions'!$E$32 -> 0.496 | G19: =$B$17*F19 -> 13.607607 | H19: OSCF | I19: 3 | J19: Intra-SCF
F20: ='Flow Proportions'!$E$33 -> 0 | G20: =$B$17*F20 -> 0 | H20: ONDC | I20: 4 | J20: Intra-NDC
F21: ='Flow Proportions'!$E$34 -> 0 | G21: =$B$17*F21 -> 0 | H21: DNDC | I21: 5 | J21: Intra-NDC
A23: OSCF | B23: =B7+G19 -> 41.306802 | F23: ='Flow Proportions'!$E$38 -> 0.32491359 | G23: =$B$23*F23 -> 13.421141 | H23: DNDC | I23: 6 | J23: Intra-NDC
F24: ='Flow Proportions'!$E$39 -> 0.43618641 | G24: =$B$23*F24 -> 18.017466 | H24: ONDC | I24: 7 | J24: Intra-NDC
F25: ='Flow Proportions'!$E$40 -> 0.23139854 | G25: =$B$23*F25 -> 9.5583338 | H25: DSCF | I25: 8 | J25: Inter-SCF
F26: ='Flow Proportions'!$E$41 -> 0.00750146 | G26: =$B$23*F26 -> 0.30986133 | H26: DDU | I26: 9 | J26: Inter-SCF
A28: ONDC | B28: =B8+G20+G24 -> 55.992763 | F28: ='Flow Proportions'!$E$45 -> 1 | G28: =B28*F28 -> 55.992763 | H28: DNDC | I28: 10 | J28: Inter-NDC
A30: DNDC | B30: =B9+G21+G23+G28 -> 118.58513 | F30: ='Flow Proportions'!$E$48 -> 0.9686 | G30: =$B$30*F30 -> 114.86156 | H30: DSCF | I30: 11 | J30: Intra-NDC
F31: ='Flow Proportions'!$E$49 -> 0.0314 | G31: =$B$30*F31 -> 3.7235732 | H31: DDU | I31: 12 | J31: Intra-NDC
A33: DSCF | B33: =B10+G30 -> 1190.7298 | F33: ='Flow Proportions'!$E$53 -> 1 | G33: =B33*F33 -> 1190.7298 | H33: DDU | I33: 13 | J33: Intra-SCF
B34: =G18+G25 -> 22.951248 | G34: =B34*F33 -> 22.951248 | H34: DDU | I34: 13 | J34: Intra-SCF
A36: DDU | B36: =B11+G17+G26+G31+G33+G34 -> 1344.7102
D38: [6] | F38: [7]
A39: Deposit | F39: Pounds
A40: Points | B40: Source | D40: Pounds | F40: Percent
A41: OSCF | B41: Mailer | D41: =B7 -> 27.699196 | F41: =D41/$D$43 -> 0.67057226
B42: Service Area/PL | D42: =B23-D41 -> 13.607607 | F42: =D42/$D$43 -> 0.32942774
B43: Total | D43: =D41+D42 -> 41.306802 | F43: =SUM(F41:F42) -> 1
A45: ONDC | B45: Mailer | D45: =B8 -> 37.975297 | F45: =D45/$D$47 -> 0.67821795
B46: Service Area | D46: =B28-D45 -> 18.017466 | F46: =D46/$D$47 -> 0.32178205
B47: Total | D47: =SUM(D45:D46) -> 55.992763 | F47: =SUM(F45:F46) -> 1
A49: DNDC | B49: Mailer | D49: =B9 -> 49.17123 | F49: =D49/$D$52 -> 0.41464919
B50: ONDC/PL | D50: =B28 -> 55.992763 | F50: =D50/$D$52 -> 0.47217354
B51: Service Area | D51: =B30-D49-D50 -> 13.421141 | F51: =D51/$D$52 -> 0.11317727
B52: Total | D52: =SUM(D49:D51) -> 118.58513 | F52: =SUM(F49:F51) -> 1
A54: DSCF | B54: Mailer | D54: =B10 -> 1075.8682 | F54: =D54/$D57 -> 0.88645056
B55: Service Area | D55: =B33+B34-D54-D56 -> 22.151173 | F55: =D55/$D57 -> 0.018251231
B56: DNDC/PL | D56: =G30+D10 -> 115.66164 | F56: =D56/$D57 -> 0.095298214
B57: Total | D57: =SUM(D54:D56) -> 1213.681 | F57: =SUM(F54:F56) -> 1
A60: Sources:
A61: [1]: Page 36
A62: [2]: Deposit point pounds / total pounds
A63: [3]: Portions of [1] and [5]
A64: [4]: Page 33
A65: [5]: [3] * [4]
A66: [6]: Portions of [1] and [3]
A67: [7]: [6] Deposit point pounds / [6] Total pounds

Sheet Tray Inputs L
A1: COMPUTATION OF INPUT PERCENTAGES FOR TRAY (LETTER) MODELS
A3: Deposit | B3: [1] | D3: [2]
A4: Points | B4: Pounds | D4: Percent
A5: ODU | B5: ='Entry Profile L&F'!$D$33 -> 0 | D5: =+B5/$B$11 -> 0
A6: OSCF | B6: ='Entry Profile L&F'!$D$34+'Entry Profile L&F'!$D$35 -> 59949359 | D6: =+B6/$B$11 -> 0.67666445
A7: ONDC | B7: ='Entry Profile L&F'!$D$36 -> 157099.03 | D7: =+B7/$B$11 -> 0.0017732188
A8: DNDC | B8: ='Entry Profile L&F'!$D$37+'Entry Profile L&F'!$D$38 -> 1375787 | D8: =+B8/$B$11 -> 0.015528876
A9: DSCF | B9: ='Entry Profile L&F'!$D$39 -> 27113157 | D9: =+B9/$B$11 -> 0.30603346
A10: DDU | B10: ='Entry Profile L&F'!$D$40 -> 0 | D10: =+B10/$B$11 -> 0
A11: Totals | B11: =SUM(B5:B10) -> 88595402 | D11: =SUM(D5:D10) -> 1
B13: [3] | F13: [4] | G13: [5]
F14: % of Origin Lbs.
A15: Origin | B15: Pounds | F15: By Mail Flow | G15: Pounds | H15: Dest | I15: Flow | J15: Type of Transp
A16: ODU | B16: =B5 -> 0 | F16: ='Flow Proportions'!$E$30 -> 0.0158256 | G16: =$B$16*F16 -> 0 | H16: DDU | I16: 1 | J16: Intra-SCF
F17: ='Flow Proportions'!$E$31 -> 0.4881744 | G17: =$B$16*F17 -> 0 | H17: DSCF | I17: 2 | J17: Intra-SCF
F18: ='Flow Proportions'!$E$32 -> 0.496 | G18: =$B$16*F18 -> 0 | H18: OSCF | I18: 3 | J18: Intra-SCF
F19: ='Flow Proportions'!$E$33 -> 0 | G19: =$B$16*F19 -> 0 | H19: ONDC | I19: 4 | J19: Intra-NDC
F20: ='Flow Proportions'!$E$34 -> 0 | G20: =$B$16*F20 -> 0 | H20: DNDC | I20: 5 | J20: Intra-NDC
A22: OSCF | B22: =B6+G18 -> 59949359 | F22: ='Flow Proportions'!$E$38 -> 0.32491359 | G22: =$B$22*F22 -> 19478361 | H22: DNDC | I22: 6 | J22: Intra-NDC
F23: ='Flow Proportions'!$E$39 -> 0.43618641 | G23: =$B$22*F23 -> 26149096 | H23: ONDC | I23: 7 | J23: Intra-NDC
F24: ='Flow Proportions'!$E$40 -> 0.23139854 | G24: =$B$22*F24 -> 13872194 | H24: DSCF | I24: 8 | J24: Inter-SCF
F25: ='Flow Proportions'!$E$41 -> 0.00750146 | G25: =$B$22*F25 -> 449707.72 | H25: DDU | I25: 9 | J25: Inter-SCF
A27: ONDC | B27: =B7+G19+G23 -> 26306195 | F27: ='Flow Proportions'!$E$45 -> 1 | G27: =$B$27*F27 -> 26306195 | H27: DNDC | I27: 10 | J27: Inter-NDC
A29: DNDC | B29: =B8+G20+G22+G27 -> 47160343 | F29: ='Flow Proportions'!$E$48 -> 0.9686 | G29: =$B$29*F29 -> 45679508 | H29: DSCF | I29: 11 | J29: Intra-NDC
F30: ='Flow Proportions'!$E$49 -> 0.0314 | G30: =$B$29*F30 -> 1480834.8 | H30: DDU | I30: 12 | J30: Intra-NDC
A32: DSCF | B32: =B9+G29 -> 72792665 | F32: ='Flow Proportions'!$E$53 -> 1 | G32: =B32*F32 -> 72792665 | H32: DDU | I32: 13 | J32: Intra-SCF
B33: =G17+G24 -> 13872194 | G33: =B33*F32 -> 13872194 | H33: DDU | I33: 13 | J33: Intra-SCF
A35: DDU | B35: =B10+G16+G25+G30+G32+G33 -> 88595402
D37: [6] | F37: [7]
A38: Deposit | F38: Pounds
A39: Points | B39: Source | D39: Pounds | F39: Percent
A40: OSCF | B40: Mailer | D40: =B6 -> 59949359 | F40: =D40/$D$42 -> 1
B41: Service Area/PL | D41: =B22-D40 -> 0 | F41: =D41/$D$42 -> 0
B42: Total | D42: =D40+D41 -> 59949359 | F42: =SUM(F40:F41) -> 1
A44: ONDC | B44: Mailer/PL | D44: =B7 -> 157099.03 | F44: =D44/$D$46 -> 0.0059719405
B45: Service Area | D45: =B27-D44 -> 26149096 | F45: =D45/$D$46 -> 0.99402806
B46: Total | D46: =SUM(D44:D45) -> 26306195 | F46: =SUM(F44:F45) -> 1
A48: DNDC | B48: Mailer | D48: =B8 -> 1375787 | F48: =D48/$D$51 -> 0.018726717
B49: Service Area | D49: =B29-D48 -> 45784556 | F49: =D49/$D$51 -> 0.62320285
B50: ONDC | D50: =G27 -> 26306195 | F50: =D50/$D$51 -> 0.35807043
B51: Total | D51: =SUM(D48:D50) -> 73466538 | F51: =SUM(F48:F50) -> 1
A53: DSCF | B53: Mailer | D53: =B9 -> 27113157 | F53: =D53/$D$56 -> 0.31285064
B54: Service Area | D54: =B32+B33-D53-D55 -> 13872194 | F54: =D54/$D$56 -> 0.16006712
B55: DNDC | D55: =G29 -> 45679508 | F55: =D55/$D$56 -> 0.52708224
B56: Total | D56: =SUM(D53:D55) -> 86664859 | F56: =SUM(F53:F55) -> 1
A59: Sources:
A60: [1]: Page 35
A61: [2]: Deposit point pounds / total pounds
A62: [3]: Portions of [1] and [5]
A63: [4]: Page 33
A64: [5]: [3] * [4]
A65: [6]: Portions of [1] and [3]
A66: [7]: [6] Deposit point pounds / [6] Total pounds

Sheet Pallet Inputs L
A1: COMPUTATION OF INPUT PERCENTAGES FOR PALLET (LETTER) MODELS
A3: Deposit | B3: [1] | D3: [2]
A4: Points | B4: Pounds | D4: Percent
A5: ODU | B5: ='Entry Profile L&F'!$B$33 -> 0 | D5: =+B5/$B$11 -> 0
A6: OSCF | B6: ='Entry Profile L&F'!$B$34+'Entry Profile L&F'!$B$35 -> 2.5049954e+08 | D6: =+B6/$B$11 -> 0.12880966
A7: ONDC | B7: ='Entry Profile L&F'!$B$36 -> 15150615 | D7: =+B7/$B$11 -> 0.0077906157
A8: DNDC | B8: ='Entry Profile L&F'!$B$37+'Entry Profile L&F'!$B$38 -> 1.3595761e+08 | D8: =+B8/$B$11 -> 0.069910923
A9: DSCF | B9: ='Entry Profile L&F'!$B$39 -> 1.4987458e+09 | D9: =+B9/$B$11 -> 0.77067186
A10: DDU | B10: ='Entry Profile L&F'!$B$40 -> 44372708 | D10: =+B10/$B$11 -> 0.022816942
A11: Totals | B11: =SUM(B5:B10) -> 1.9447263e+09 | D11: =+B11/$B$11 -> 1
B13: [3] | F13: [4] | G13: [5]
F14: % of Origin Lbs.
A15: Origin | B15: Pounds | F15: By Mail Flow | G15: Pounds | H15: Dest | I15: Flow | J15: Type of Transp
A16: ODU | B16: =B5 -> 0 | F16: ='Flow Proportions'!$E$30 -> 0.0158256 | G16: =$B$16*F16 -> 0 | H16: DDU | I16: 1 | J16: Intra-SCF
F17: ='Flow Proportions'!$E$31 -> 0.4881744 | G17: =$B$16*F17 -> 0 | H17: DSCF | I17: 2 | J17: Intra-SCF
F18: ='Flow Proportions'!$E$32 -> 0.496 | G18: =$B$16*F18 -> 0 | H18: OSCF | I18: 3 | J18: Intra-SCF
F19: ='Flow Proportions'!$E$33 -> 0 | G19: =$B$16*F19 -> 0 | H19: ONDC | I19: 4 | J19: Intra-NDC
F20: ='Flow Proportions'!$E$34 -> 0 | G20: =$B$16*F20 -> 0 | H20: DNDC | I20: 5 | J20: Intra-NDC
A22: OSCF | B22: =B6+G18 -> 2.5049954e+08 | F22: ='Flow Proportions'!$E$38 -> 0.32491359 | G22: =$B$22*F22 -> 81390705 | H22: DNDC | I22: 6 | J22: Intra-NDC
F23: ='Flow Proportions'!$E$39 -> 0.43618641 | G23: =$B$22*F23 -> 1.092645e+08 | H23: ONDC | I23: 7 | J23: Intra-NDC
F24: ='Flow Proportions'!$E$40 -> 0.23139854 | G24: =$B$22*F24 -> 57965228 | H24: DSCF | I24: 8 | J24: Inter-SCF
F25: ='Flow Proportions'!$E$41 -> 0.00750146 | G25: =$B$22*F25 -> 1879112.3 | H25: DDU | I25: 9 | J25: Inter-SCF
A27: ONDC | B27: =B7+G19+G23 -> 1.2441511e+08 | F27: ='Flow Proportions'!$E$45 -> 1 | G27: =B27*F27 -> 1.2441511e+08 | H27: DNDC | I27: 10 | J27: Inter-NDC
A29: DNDC | B29: =B8+G20+G22+G27 -> 3.4176343e+08 | F29: ='Flow Proportions'!$E$48 -> 0.9686 | G29: =B29*F29 -> 3.3103206e+08 | H29: DSCF | I29: 11 | J29: Intra-NDC
F30: ='Flow Proportions'!$E$49 -> 0.0314 | G30: =B29*F30 -> 10731372 | H30: DDU | I30: 12 | J30: Intra-NDC
A32: DSCF | B32: =B9+G29 -> 1.8297779e+09 | F32: ='Flow Proportions'!$E$53 -> 1 | G32: =B32*F32 -> 1.8297779e+09 | H32: DDU | I32: 13 | J32: Intra-SCF
B33: =G17+G24 -> 57965228 | G33: =B33*F32 -> 57965228 | H33: DDU | I33: 13 | J33: Intra-SCF
A35: DDU | B35: =B10+G16+G25+G30+G32+G33 -> 1.9447263e+09
D37: [6] | F37: [7]
A38: Deposit | F38: Pounds
A39: Points | B39: Source | D39: Pounds | F39: Percent
A40: OSCF | B40: Mailer | D40: =B6 -> 2.5049954e+08 | F40: =D40/$D$42 -> 1
B41: Service Area | D41: =B22-D40 -> 0 | F41: =D41/$D$42 -> 0
B42: Total | D42: =D40+D41 -> 2.5049954e+08 | F42: =SUM(F40:F41) -> 1
A44: ONDC | B44: Mailer | D44: =B7 -> 15150615 | F44: =D44/$D$46 -> 0.12177472
B45: Service Area | D45: =B27-D44 -> 1.092645e+08 | F45: =D45/$D$46 -> 0.87822528
B46: Total | D46: =SUM(D44:D45) -> 1.2441511e+08 | F46: =SUM(F44:F45) -> 1
A48: DNDC | B48: Mailer | D48: =B8 -> 1.3595761e+08 | F48: =D48/$D$51 -> 0.39781205
B49: Service Area | D49: =B29-D48-D50 -> 81390705 | F49: =D49/$D$51 -> 0.23814925
B50: ONDC | D50: =G27 -> 1.2441511e+08 | F50: =D50/$D$51 -> 0.36403869
B51: Total | D51: =SUM(D48:D50) -> 3.4176343e+08 | F51: =SUM(F48:F50) -> 1
A53: DSCF | B53: Mailer | D53: =B9 -> 1.4987458e+09 | F53: =D53/$D$56 -> 0.79393527
B54: Service Area | D54: =B32+B33-D53-D55 -> 57965228 | F54: =D54/$D$56 -> 0.030706099
B55: DNDC | D55: =G29 -> 3.3103206e+08 | F55: =D55/$D$56 -> 0.17535863
B56: Total | D56: =SUM(D53:D55) -> 1.8877431e+09 | F56: =SUM(F53:F55) -> 1
A59: Sources:
A60: [1]: Page 35
A61: [2]: Deposit point pounds / total pounds
A62: [3]: Portions of [1] and [5]
A63: [4]: Page 33
A64: [5]: [3] * [4]
A65: [6]: Portions of [1] and [3]
A66: [7]: [6] Deposit point pounds / [6] Total pounds

Sheet Pallet Inputs F
A1: COMPUTATION OF INPUT PERCENTAGES FOR PALLET (FLAT) MODELS
A3: Deposit | B3: [1] | D3: [2]
A4: Points | B4: Pounds | D4: Percent
A5: ODU | B5: ='Entry Profile L&F'!$F$33 -> 874566.97 | D5: =+B5/$B$11 -> 0.00045903246
A6: OSCF | B6: ='Entry Profile L&F'!$F$34+'Entry Profile L&F'!$F$35 -> 2.0749532e+08 | D6: =+B6/$B$11 -> 0.10890771
A7: ONDC | B7: ='Entry Profile L&F'!$F$36 -> 13579114 | D7: =+B7/$B$11 -> 0.0071272462
A8: DNDC | B8: ='Entry Profile L&F'!$F$37+'Entry Profile L&F'!$F$38 -> 99531569 | D8: =+B8/$B$11 -> 0.052240964
A9: DSCF | B9: ='Entry Profile L&F'!$F$39 -> 1.0764003e+09 | D9: =+B9/$B$11 -> 0.56496837
A10: DDU | B10: ='Entry Profile L&F'!$F$40 -> 5.0735905e+08 | D10: =+B10/$B$11 -> 0.26629667
A11: Totals | B11: =SUM(B5:B10) -> 1.9052399e+09 | D11: =+B11/$B$11 -> 1
B13: [3] | F13: [4] | G13: [5]
F14: % of Origin Lbs.
A15: Origin | B15: Pounds | F15: By Mail Flow | G15: Pounds | H15: Dest | I15: Flow | J15: Type of Transp
A16: ODU | B16: =B5 -> 874566.97 | F16: ='Flow Proportions'!$E$30 -> 0.0158256 | G16: =$B$16*F16 -> 13840.547 | H16: DDU | I16: 1 | J16: Intra-SCF
F17: ='Flow Proportions'!$E$31 -> 0.4881744 | G17: =$B$16*F17 -> 426941.21 | H17: DSCF | I17: 2 | J17: Intra-SCF
F18: ='Flow Proportions'!$E$32 -> 0.496 | G18: =$B$16*F18 -> 433785.22 | H18: OSCF | I18: 3 | J18: Intra-SCF
F19: ='Flow Proportions'!$E$33 -> 0 | G19: =$B$16*F19 -> 0 | H19: ONDC | I19: 4 | J19: Intra-NDC
F20: ='Flow Proportions'!$E$34 -> 0 | G20: =$B$16*F20 -> 0 | H20: DNDC | I20: 5 | J20: Intra-NDC
A22: OSCF | B22: =B6+G18 -> 2.079291e+08 | F22: ='Flow Proportions'!$E$38 -> 0.32491359 | G22: =$B$22*F22 -> 67558992 | H22: DNDC | I22: 6 | J22: Intra-NDC
F23: ='Flow Proportions'!$E$39 -> 0.43618641 | G23: =$B$22*F23 -> 90695850 | H23: ONDC | I23: 7 | J23: Intra-NDC
F24: ='Flow Proportions'!$E$40 -> 0.23139854 | G24: =$B$22*F24 -> 48114491 | H24: DSCF | I24: 8 | J24: Inter-SCF
F25: ='Flow Proportions'!$E$41 -> 0.00750146 | G25: =$B$22*F25 -> 1559771.9 | H25: DDU | I25: 9 | J25: Inter-SCF
A27: ONDC | B27: =B7+G19+G23 -> 1.0427496e+08 | F27: ='Flow Proportions'!$E$45 -> 1 | G27: =B27*F27 -> 1.0427496e+08 | H27: DNDC | I27: 10 | J27: Inter-NDC
A29: DNDC | B29: =B8+G20+G22+G27 -> 2.7136553e+08 | F29: ='Flow Proportions'!$E$48 -> 0.9686 | G29: =B29*F29 -> 2.6284465e+08 | H29: DSCF | I29: 11 | J29: Intra-NDC
F30: ='Flow Proportions'!$E$49 -> 0.0314 | G30: =B29*F30 -> 8520877.5 | H30: DDU | I30: 12 | J30: Intra-NDC
A32: DSCF | B32: =B9+G29 -> 1.3392449e+09 | F32: ='Flow Proportions'!$E$53 -> 1 | G32: =B32*F32 -> 1.3392449e+09 | H32: DDU | I32: 13 | J32: Intra-SCF
B33: =G17+G24 -> 48541433 | G33: =B33*F32 -> 48541433 | H33: DDU | I33: 13 | J33: Intra-SCF
A35: DDU | B35: =B10+G16+G25+G30+G32+G33 -> 1.9052399e+09
D37: [6] | F37: [7]
A38: Deposit | F38: Pounds
A39: Points | B39: Source | D39: Pounds | F39: Percent
A40: OSCF | B40: Mailer | D40: =B6 -> 2.0749532e+08 | F40: =D40/$D$42 -> 0.99791378
B41: Service Area | D41: =B22-D40 -> 433785.22 | F41: =D41/$D$42 -> 0.0020862169
B42: Total | D42: =D40+D41 -> 2.079291e+08 | F42: =SUM(F40:F41) -> 1
A44: ONDC | B44: Mailer | D44: =B7 -> 13579114 | F44: =D44/$D$46 -> 0.13022411
B45: Service Area | D45: =B27-D44 -> 90695850 | F45: =D45/$D$46 -> 0.86977589
B46: Total | D46: =SUM(D44:D45) -> 1.0427496e+08 | F46: =SUM(F44:F45) -> 1
A48: DNDC | B48: Mailer | D48: =B8 -> 99531569 | F48: =D48/$D$51 -> 0.36678045
B49: Service Area | D49: =B29-D48-D50 -> 67558992 | F49: =D49/$D$51 -> 0.24895938
B50: ONDC | D50: =G27 -> 1.0427496e+08 | F50: =D50/$D$51 -> 0.38426017
B51: Total | D51: =SUM(D48:D50) -> 2.7136553e+08 | F51: =SUM(F48:F50) -> 1
A53: DSCF | B53: Mailer | D53: =B9 -> 1.0764003e+09 | F53: =D53/$D$56 -> 0.77562391
B54: Service Area | D54: =B32+B33-D53-D55 -> 48541433 | F54: =D54/$D$56 -> 0.034977597
B55: DNDC | D55: =G29 -> 2.6284465e+08 | F55: =D55/$D$56 -> 0.18939849
B56: Total | D56: =SUM(D53:D55) -> 1.3877864e+09 | F56: =SUM(F53:F55) -> 1
A59: Sources:
A60: [1]: Page 35
A61: [2]: Deposit point pounds / total pounds
A62: [3]: Portions of [1] and [5]
A63: [4]: Page 33
A64: [5]: [3] * [4]
A65: [6]: Portions of [1] and [3]
A66: [7]: [6] Deposit point pounds / [6] Total pounds

Sheet Pallet Inputs P
A1: COMPUTATION OF INPUT PERCENTAGES FOR PALLET (PARCEL) MODELS
A3: Deposit | B3: [1] | D3: [2]
A4: Points | B4: Pounds | D4: Percent
A5: ODU | B5: ='Entry Profile P'!$B$23+'Entry Profile P'!$C$23+'Entry Profile P'!$D$23 -> 725.52132 | D5: =+B5/$B$11 -> 0.20173006
A6: OSCF | B6: ='Entry Profile P'!$B$24+'Entry Profile P'!$C$24+'Entry Profile P'!$D$24 -> 680.70669 | D6: =+B6/$B$11 -> 0.18926942
A7: ONDC | B7: ='Entry Profile P'!$B$25+'Entry Profile P'!$C$25+'Entry Profile P'!$D$25 -> 946.91506 | D7: =+B7/$B$11 -> 0.26328824
A8: DNDC | B8: ='Entry Profile P'!$B$26+'Entry Profile P'!$C$26+'Entry Profile P'!$D$26 -> 1175.3681 | D8: =+B8/$B$11 -> 0.32680925
A9: DSCF | B9: ='Entry Profile P'!$B$27+'Entry Profile P'!$C$27+'Entry Profile P'!$D$27 -> 66.746793 | D9: =+B9/$B$11 -> 0.018558841
A10: DDU | B10: ='Entry Profile P'!$B$28+'Entry Profile P'!$C$28+'Entry Profile P'!$D$28 -> 1.2378567 | D10: =+B10/$B$11 -> 0.0003441841
A11: Totals | B11: =SUM(B5:B10) -> 3596.4958 | D11: =+B11/$B$11 -> 1
B13: [3] | F13: [4] | G13: [5]
F14: % of Origin Lbs.
A15: Origin | B15: Pounds | F15: By Mail Flow | G15: Pounds | H15: Dest | I15: Flow | J15: Type of Transp
A16: ODU | B16: =B5 -> 725.52132 | F16: ='Flow Proportions'!$E$30 -> 0.0158256 | G16: =$B$16*F16 -> 11.48181 | H16: DDU | I16: 1 | J16: Intra-SCF
F17: ='Flow Proportions'!$E$31 -> 0.4881744 | G17: =$B$16*F17 -> 354.18093 | H17: DSCF | I17: 2 | J17: Intra-SCF
F18: ='Flow Proportions'!$E$32 -> 0.496 | G18: =$B$16*F18 -> 359.85857 | H18: OSCF | I18: 3 | J18: Intra-SCF
F19: ='Flow Proportions'!$E$33 -> 0 | G19: =$B$16*F19 -> 0 | H19: ONDC | I19: 4 | J19: Intra-NDC
F20: ='Flow Proportions'!$E$34 -> 0 | G20: =$B$16*F20 -> 0 | H20: DNDC | I20: 5 | J20: Intra-NDC
A22: OSCF | B22: =B6+G18 -> 1040.5653 | F22: ='Flow Proportions'!$E$38 -> 0.32491359 | G22: =$B$22*F22 -> 338.0938 | H22: DNDC | I22: 6 | J22: Intra-NDC
F23: ='Flow Proportions'!$E$39 -> 0.43618641 | G23: =$B$22*F23 -> 453.88043 | H23: ONDC | I23: 7 | J23: Intra-NDC
F24: ='Flow Proportions'!$E$40 -> 0.23139854 | G24: =$B$22*F24 -> 240.78528 | H24: DSCF | I24: 8 | J24: Inter-SCF
F25: ='Flow Proportions'!$E$41 -> 0.00750146 | G25: =$B$22*F25 -> 7.8057587 | H25: DDU | I25: 9 | J25: Inter-SCF
A27: ONDC | B27: =B7+G19+G23 -> 1400.7955 | F27: ='Flow Proportions'!$E$45 -> 1 | G27: =B27*F27 -> 1400.7955 | H27: DNDC | I27: 10 | J27: Inter-NDC
A29: DNDC | B29: =B8+G20+G22+G27 -> 2914.2574 | F29: ='Flow Proportions'!$E$48 -> 0.9686 | G29: =B29*F29 -> 2822.7497 | H29: DSCF | I29: 11 | J29: Intra-NDC
F30: ='Flow Proportions'!$E$49 -> 0.0314 | G30: =B29*F30 -> 91.507682 | H30: DDU | I30: 12 | J30: Intra-NDC
A32: DSCF | B32: =B9+G29 -> 2889.4965 | F32: ='Flow Proportions'!$E$53 -> 1 | G32: =B32*F32 -> 2889.4965 | H32: DDU | I32: 13 | J32: Intra-SCF
B33: =G17+G24 -> 594.96622 | G33: =B33*F32 -> 594.96622 | H33: DDU | I33: 13 | J33: Intra-SCF
A35: DDU | B35: =B10+G16+G25+G30+G32+G33 -> 3596.4958
D37: [6] | F37: [7]
A38: Deposit | F38: Pounds
A39: Points | B39: Source | D39: Pounds | F39: Percent
A40: OSCF | B40: Mailer | D40: =B6 -> 680.70669 | F40: =D40/$D$42 -> 0.65417011
B41: Service Area | D41: =B22-D40 -> 359.85857 | F41: =D41/$D$42 -> 0.34582989
B42: Total | D42: =D40+D41 -> 1040.5653 | F42: =SUM(F40:F41) -> 1
A44: ONDC | B44: Mailer | D44: =B7 -> 946.91506 | F44: =D44/$D$46 -> 0.6759838
B45: Service Area | D45: =B27-D44 -> 453.88043 | F45: =D45/$D$46 -> 0.3240162
B46: Total | D46: =SUM(D44:D45) -> 1400.7955 | F46: =SUM(F44:F45) -> 1
A48: DNDC | B48: Mailer | D48: =B8 -> 1175.3681 | F48: =D48/$D$51 -> 0.40331651
B49: Service Area | D49: =B29-D48-D50 -> 338.0938 | F49: =D49/$D$51 -> 0.1160137
B50: ONDC | D50: =G27 -> 1400.7955 | F50: =D50/$D$51 -> 0.48066979
B51: Total | D51: =SUM(D48:D50) -> 2914.2574 | F51: =SUM(F48:F50) -> 1
A53: DSCF | B53: Mailer | D53: =B9 -> 66.746793 | F53: =D53/$D$56 -> 0.019155548
B54: Service Area | D54: =B32+B33-D53-D55 -> 594.96622 | F54: =D54/$D$56 -> 0.17074834
B55: DNDC | D55: =G29 -> 2822.7497 | F55: =D55/$D$56 -> 0.81009611
B56: Total | D56: =SUM(D53:D55) -> 3484.4627 | F56: =SUM(F53:F55) -> 1
A59: Sources:
A60: [1]: Page 36
A61: [2]: Deposit point pounds / total pounds
A62: [3]: Portions of [1] and [5]
A63: [4]: Page 33
A64: [5]: [3] * [4]
A65: [6]: Portions of [1] and [3]
A66: [7]: [6] Deposit point pounds / [6] Total pounds

Sheet Flow Proportions
A1: DEVELOPMENT OF MAIL FLOW PROPORTIONS
A3: Flowpath Proportions
B5: ODU Originating Mail
B6: Percent Transported to NDC | G6: 0 | J6: 1/
C7: % to both ONDC and DNDC (keyed twice) | H7: 0.5731 | J7: 2/
C8: % to DNDC only (keyed once) | H8: 0.4269 | J8: 3/
B10: Percent Transported to SCF | G10: 1 | J10: 4/
C11: % Transported to OSCF | H11: 0.496 | J11: 5/
C12: % Transported to DSCF | H12: 0.504 | J12: 6/
D13: % Delivered Directly From DSCF | I13: 0.0314 | J13: 7/
D14: % that Continues to Another Facility | I14: 0.9686 | J14: 8/
B16: SCF and NDC Originating Mail
B17: Percent Transported to SCF | G17: 0.7611 | J17: 9/
D18: % Transported to DSCF | H18: 0.4269 | J18: 10/
D19: % Transported to DDU | H19: 0.5731 | J19: 11/
B21: Percent Transported to NDC | G21: 0.2389 | J21: 12/
D22: % Transported to ONDC | H22: 0.9686 | J22: 13/
D23: % Transported to DNDC | H23: 0.0314 | J23: 14/
B28: Flow Number | C28: Origin of the Flow | D28: Description of the Flow | E28: % From Origin | F28: 15/
B30: 1 | C30: ODU | D30: ODU - DDU | E30: =G10*H12*I13 -> 0.0158256 | F30: 16/
B31: 2 | C31: ODU | D31: ODU - DSCF | E31: =G10*H12*I14 -> 0.4881744 | F31: 17/
B32: 3 | C32: ODU | D32: ODU - OSCF | E32: =G10*H11 -> 0.496 | F32: 18/
B33: 4 | C33: ODU | D33: ODU - ONDC | E33: =G6*H7 -> 0 | F33: 19/
B34: 5 | C34: ODU | D34: ODU - DNDC | E34: =G6*H8 -> 0 | F34: 20/
E35: =SUM(E30:E34) -> 1 | F35: 21/
B38: 6 | C38: OSCF | D38: OSCF - DNDC | E38: =G17*H18 -> 0.32491359 | F38: 22/
B39: 7 | C39: OSCF | D39: OSCF - ONDC | E39: =G17*H19 -> 0.43618641 | F39: 23/
B40: 8 | C40: OSCF | D40: OSCF - DSCF | E40: =G21*H22 -> 0.23139854 | F40: 24/
B41: 9 | C41: OSCF | D41: OSCF - DDU | E41: =G21*H23 -> 0.00750146 | F41: 25/
E42: =SUM(E38:E41) -> 1 | F42: 26/
B45: 10 | C45: ONDC | D45: ONDC - DNDC | E45: =1 -> 1 | F45: 27/
B48: 11 | C48: DNDC | D48: DNDC - DSCF | E48: =H22 -> 0.9686 | F48: 28/
B49: 12 | C49: DNDC | D49: DNDC - DDU | E49: =H23 -> 0.0314 | F49: 29/
E50: =SUM(E48:E49) -> 1 | F50: 30/
B53: 13 | C53: DSCF | D53: DSCF - DDU | E53: 1 | F53: 31/
A56: Source:
A57: 1/ - 15/ | B57: See Docket No. R97-1, LR-H-111.
A58: 16/ | B58: Equals Row 4/ * Row 6/ * Row 7/
A59: 17/ | B59: Equals Row 4/ * Row 6/ * Row 8/
A60: 18/ | B60: Equals Row 4/ * Row 5/
A61: 19/ | B61: Equals Row 1/ * Row 2/
A62: 20/ | B62: Equals Row 1/ * Row 3/
A63: 21/ | B63: Equals the sum of Rows 16/ through 20/. This figure equals 100%, accounting for all mail that originates at the OAO.
A64: 22/ | B64: Equals Row 9/ * Row 10/
A65: 23/ | B65: Equals Row 9/ * Row 11/
A66: 24/ | B66: Equals Row 12/ * Row 13/
A67: 25/ | B67: Equals Row 12/ * Row 14/
A68: 26/ | B68: Equals the sum of Rows 22/ through 25/. This figure equals 100%, accounting for all mail that originates at the OSCF.
... A73: 31/ | B73: 100% of all mail that originates at a DSCF destinates at a DDU.

Sheet Flow Paths
A1: FLOWPATHS IN USPS MARKETING MAIL POSTAL TRANSPORTATION SYSTEM
A2: Source: Docket No. MC95-1, Exhibit USPS-T-9B
G7: ODU
B10: # 1 | D10: # 2 | G10: # 3 | J10: # 4 | K10: # 5
G13: OSCF
E16: # 6 | G16: # 7 | L16: # 8 | M16: # 9
G19: ONDC
G22: # 10
G25: DNDC
G28: # 11 | J28: # 12
G31: DSCF
G34: # 13
G37: DELIVERY
G38: UNIT

Sheet Entry Profile L&F
A1: USPS MARKETING MAIL LETTER AND FLAT MAIL ENTRY PROFILE
A2: Source: USPS-FY25-14
D5: Total | F5: Letter | H5: Flat
D6: Pounds | E6: Total | F6: Pounds | G6: Letter | H6: Pounds | I6: Flat
B7: Point of Deposit | D7: (000s) | E7: Percent | F7: (000s) | G7: Percent | H7: (000s) | I7: Percent
B8: Origin DU (ODU) | C8: ="(1)" -> (1) | D8: =J33 -> 1712145.7 | E8: =D8/$D$14 -> 0.00042903286 | F8: =B33+D33 -> 0 | G8: =F8/$F$14 -> 0 | H8: =F33+H33 -> 1712145.7 | I8: =H8/$H$14 -> 0.00087470934
B9: Origin SCF (OSCF) | C9: ="(2)" -> (2) | D9: =J34+J35 -> 5.4305976e+08 | E9: =D9/$D$14 -> 0.13608099 | F9: =B34+D34+B35+D35 -> 3.104489e+08 | G9: =F9/$F$14 -> 0.15268066 | H9: =F34+H34+F35+H35 -> 2.3261086e+08 | I9: =H9/$H$14 -> 0.11883737
B10: Origin NDC (ONDC) | C10: ="(3)" -> (3) | D10: =J36 -> 29086908 | E10: =D10/$D$14 -> 0.0072886551 | F10: =B36+D36 -> 15307715 | G10: =F10/$F$14 -> 0.0075284272 | H10: =F36+H36 -> 13779193 | I10: =H10/$H$14 -> 0.0070395814
B11: Destination NDC (DNDC) | C11: ="(4)" -> (4) | D11: =J37 -> 2.36961e+08 | E11: =D11/$D$14 -> 0.059378159 | F11: =B37+D37 -> 1.3732914e+08 | G11: =F11/$F$14 -> 0.067539307 | H11: =F37+H37 -> 99631862 | I11: =H11/$H$14 -> 0.050900412
B12: Destination SCF (DSCF) | C12: ="(5)" -> (5) | D12: =J38+J39 -> 2.6127994e+09 | E12: =D12/$D$14 -> 0.65472047 | F12: =B38+B39+D38+D39 -> 1.5258633e+09 | G12: =F12/$F$14 -> 0.75042884 | H12: =F38+F39+H38+H39 -> 1.0869362e+09 | I12: =H12/$H$14 -> 0.55529926
B13: Destination DU (DDU) | C13: ="(6)" -> (6) | D13: =J40 -> 5.670906e+08 | E13: =D13/$D$14 -> 0.14210269 | F13: =B40+D40 -> 44372708 | G13: =F13/$F$14 -> 0.021822768 | H13: =F40+H40 -> 5.2271789e+08 | I13: =H13/$H$14 -> 0.26704867
D14: =SUM(D8:D13) -> 3.9907098e+09 | E14: =SUM(E8:E13) -> 1 | F14: =SUM(F8:F13) -> 2.0333217e+09 | G14: =SUM(G8:G13) -> 1 | H14: =SUM(H8:H13) -> 1.9573881e+09 | I14: =SUM(I8:I13) -> 1
A16: Pieces (Thousands) | B16: Letters | D16: Letters | F16: Flats Bundles | H16: Flats
F17: Or Sacks
A18: Entry Type | B18: Trays on Pallets | D18: Loose Trays | F18: On Pallets | H18: Loose Sacks | J18: Total
A19: Origin DU | B19: 0 | D19: 0 | F19: 3260627 | H19: 4662913.7 | J19: =+B19+D19+F19+H19 -> 7923540.6
A20: Origin SCF | B20: 6.2093824e+09 | D20: 1.7425113e+09 | F20: 1.0259226e+09 | H20: 1.4907338e+08 | J20: =+B20+D20+F20+H20 -> 9.1268896e+09
A21: Origin ADC | B21: 66811.44 | D21: 0 | F21: 0 | H21: 0 | J21: =+B21+D21+F21+H21 -> 66811.44
A22: Origin NDC | B22: 3.5896511e+08 | D22: 5032375.2 | F22: 73329251 | H22: 2369774.8 | J22: =+B22+D22+F22+H22 -> 4.3969651e+08
A23: Destination NDC | B23: 3.0731844e+09 | D23: 39896725 | F23: 4.3381795e+08 | H23: 1420562.4 | J23: =+B23+D23+F23+H23 -> 3.5483197e+09
A24: Destination ADC | B24: 0 | D24: 57408.081 | F24: 11368.364 | H24: 3920.7239 | J24: =+B24+D24+F24+H24 -> 72697.17
A25: Destination SCF | B25: 3.1347052e+10 | D25: 7.9571819e+08 | F25: 6.0669473e+09 | H25: 1.4073054e+08 | J25: =+B25+D25+F25+H25 -> 3.8350448e+10
A26: Destination DU | B26: 5.699352e+08 | D26: 0 | F26: 3.8794045e+09 | H26: 2.8892196e+08 | J26: =+B26+D26+F26+H26 -> 4.7382616e+09
A27: Total | B27: =SUM(B19:B26) -> 4.1558585e+10 | D27: =SUM(D19:D26) -> 2.583216e+09 | F27: =SUM(F19:F26) -> 1.1482694e+10 | H27: =SUM(H19:H26) -> 5.8718305e+08 | J27: =SUM(J19:J26) -> 5.6211678e+10
A30: Pounds (Thousands) | B30: Letters | C30: Pieces | D30: Letters | E30: Pieces | F30: Flats Bundles | G30: Pieces | H30: Flats | I30: Pieces
C31: Per | E31: Per | F31: Or Sacks | G31: Per | I31: Per
A32: Entry Type | B32: Trays on Pallets | C32: Pound | D32: Loose Trays | E32: Pound | F32: On Pallets | G32: Pound | H32: Loose Sacks | I32: Pound | J32: Total
A33: Origin DU | B33: 0 | C33: =IF(B33>0,B19/B33,0) -> 0 | D33: 0 | E33: =IF(D33>0,D19/D33,0) -> 0 | F33: 874566.97 | G33: =IF(F33>0,F19/F33,0) -> 3.7282759 | H33: 837578.7 | I33: =IF(H33>0,H19/H33,0) -> 5.567135 | J33: =+B33+D33+F33+H33 -> 1712145.7
A34: Origin SCF | B34: 2.5049744e+08 | C34: =IF(B34>0,B20/B34,0) -> 24.788207 | D34: 59949359 | E34: =IF(D34>0,D20/D34,0) -> 29.066387 | F34: 2.0749532e+08 | G34: =IF(F34>0,F20/F34,0) -> 4.9443166 | H34: 25115540 | I34: =IF(H34>0,H20/H34,0) -> 5.9355037 | J34: =+B34+D34+F34+H34 -> 5.4305766e+08
A35: Origin ADC | B35: 2099.0691 | C35: =IF(B35>0,B21/B35,0) -> 31.829081 | D35: 0 | E35: =IF(D35>0,D21/D35,0) -> 0 | F35: 0 | G35: =IF(F35>0,F21/F35,0) -> 0 | H35: 0 | I35: =IF(H35>0,H21/H35,0) -> 0 | J35: =+B35+D35+F35+H35 -> 2099.0691
A36: Origin NDC | B36: 15150615 | C36: =IF(B36>0,B22/B36,0) -> 23.693104 | D36: 157099.03 | E36: =IF(D36>0,D22/D36,0) -> 32.03314 | F36: 13579114 | G36: =IF(F36>0,F22/F36,0) -> 5.4001499 | H36: 200079.12 | I36: =IF(H36>0,H22/H36,0) -> 11.844189 | J36: =+B36+D36+F36+H36 -> 29086908
A37: Destination NDC | B37: 1.3595761e+08 | C37: =IF(B37>0,B23/B37,0) -> 22.603989 | D37: 1371528 | E37: =IF(D37>0,D23/D37,0) -> 29.089253 | F37: 99528089 | G37: =IF(F37>0,F23/F37,0) -> 4.3587489 | H37: 103772.95 | I37: =IF(H37>0,H23/H37,0) -> 13.689139 | J37: =+B37+D37+F37+H37 -> 2.36961e+08
A38: Destination ADC | B38: 0 | C38: =IF(B38>0,B24/B38,0) -> 0 | D38: 4259.0493 | E38: =IF(D38>0,D24/D38,0) -> 13.479084 | F38: 3479.9463 | G38: =IF(F38>0,F24/F38,0) -> 3.2668218 | H38: 1206.714 | I38: =IF(H38>0,H24/H38,0) -> 3.2490913 | J38: =+B38+D38+F38+H38 -> 8945.7096
A39: Destination SCF | B39: 1.4987458e+09 | C39: =IF(B39>0,B25/B39,0) -> 20.915522 | D39: 27113157 | E39: =IF(D39>0,D25/D39,0) -> 29.348046 | F39: 1.0764003e+09 | G39: =IF(F39>0,F25/F39,0) -> 5.63633 | H39: 10531183 | I39: =IF(H39>0,H25/H39,0) -> 13.363222 | J39: =+B39+D39+F39+H39 -> 2.6127905e+09
A40: Destination DU | B40: 44372708 | C40: =IF(B40>0,B26/B40,0) -> 12.844274 | D40: 0 | E40: =IF(D40>0,D26/D40,0) -> 0 | F40: 5.0735905e+08 | G40: =IF(F40>0,F26/F40,0) -> 7.6462704 | H40: 15358847 | I40: =IF(H40>0,H26/H40,0) -> 18.811436 | J40: =+B40+D40+F40+H40 -> 5.670906e+08
A41: Total | B41: =SUM(B33:B40) -> 1.9447263e+09 | D41: =SUM(D33:D40) -> 88595402 | F41: =SUM(F33:F40) -> 1.9052399e+09 | H41: =SUM(H33:H40) -> 52148207 | J41: =SUM(J33:J40) -> 3.9907098e+09
A45: (1) Origin AO Total Pounds
A46: (2) Origin SCF Total Pounds + Origin ADC Total Pounds
A47: (3) Origin NDC Total Pounds
A48: (4) Destination NDC Total Pounds + Destination ADC Total Pounds
A49: (5) Destination SCF Total Pounds
A50: (6) Destination DU Total Pounds

Sheet Entry Profile P
A1: USPS MARKETING MAIL PARCEL MAIL ENTRY PROFILE
A2: Source: USPS-FY25-12
A4: Pieces | B4: ='CS Data'!G6 -> 11706.037
A5: Pounds | B5: ='CS Data'!G7 -> 4941.206
A6: Pounds/Piece | B6: =B5/B4 -> 0.4221075
A9: Pieces (000s)
A11: Entry Type | B11: Pallet Box | C11: Pallet (Pieces) | D11: Pallet (Sacks) | E11: Sack (APC) | F11: Total | G11: Percent
A12: Origin DU | B12: 463.71194 | C12: 1193.508 | D12: 61.587064 | E12: 64.994559 | F12: =SUM(B12:E12) -> 1783.8015 | G12: =F12/$F$18 -> 0.15238304
A13: Origin P&DC | B13: 269.89771 | C13: 1250.0438 | D13: 92.69673 | E13: 65.621188 | F13: =SUM(B13:E13) -> 1678.2594 | G13: =F13/$F$18 -> 0.143367
A14: Origin NDC | B14: 422.35815 | C14: 1701.9125 | D14: 119.03247 | E14: 89.965938 | F14: =SUM(B14:E14) -> 2333.269 | G14: =F14/$F$18 -> 0.19932186
A15: Destination NDC | B15: 930.07949 | C15: 1275.9695 | D15: 578.47413 | E15: 116.48983 | F15: =SUM(B15:E15) -> 2901.013 | G15: =F15/$F$18 -> 0.24782196
A16: Destination P&DC | B16: 21.073163 | C16: 22.808316 | D16: 114.246 | E16: 2548.8015 | F16: =SUM(B16:E16) -> 2706.929 | G16: =F16/$F$18 -> 0.23124214
A17: Destination DU | B17: 0 | C17: 2.9325626 | D17: 0 | E17: 299.83244 | F17: =SUM(B17:E17) -> 302.765 | G17: =F17/$F$18 -> 0.025864005
A18: Total | B18: =SUM(B12:B17) -> 2107.1205 | C18: =SUM(C12:C17) -> 5447.1747 | D18: =SUM(D12:D17) -> 966.03639 | E18: =SUM(E12:E17) -> 3185.7055 | F18: =SUM(F12:F17) -> 11706.037 | G18: =SUM(G12:G17) -> 1
A20: Pounds (000s)
A22: Entry Type | B22: Pallet Box | C22: Pallet (Pieces) | D22: Pallet (Sacks) | E22: Sack (APC) | F22: Total | G22: Percent
A23: Origin DU | B23: 195.73629 | C23: 503.78867 | D23: 25.996362 | E23: 27.434691 | F23: =SUM(B23:E23) -> 752.95601 | G23: =F23/$F$29 -> 0.15238304
A24: Origin P&DC | B24: 113.92585 | C24: 527.65286 | D24: 39.127985 | E24: 27.699196 | F24: =SUM(B24:E24) -> 708.40589 | G24: =F24/$F$29 -> 0.143367
A25: Origin NDC | B25: 178.28054 | C25: 718.39002 | D25: 50.244497 | E25: 37.975297 | F25: =SUM(B25:E25) -> 984.89036 | G25: =F25/$F$29 -> 0.19932186
A26: Destination NDC | B26: 392.59353 | C26: 538.59631 | D26: 244.17827 | E26: 49.17123 | F26: =SUM(B26:E26) -> 1224.5393 | G26: =F26/$F$29 -> 0.24782196
A27: Destination P&DC | B27: 8.8951402 | C27: 9.6275611 | D27: 48.224092 | E27: 1075.8682 | F27: =SUM(B27:E27) -> 1142.615 | G27: =F27/$F$29 -> 0.23124214
A28: Destination DU | B28: 0 | C28: 1.2378567 | D28: 0 | E28: 126.56152 | F28: =SUM(B28:E28) -> 127.79938 | G28: =F28/$F$29 -> 0.025864005
A29: Total | B29: =SUM(B23:B28) -> 889.43134 | C29: =SUM(C23:C28) -> 2299.2933 | D29: =SUM(D23:D28) -> 407.77121 | E29: =SUM(E23:E28) -> 1344.7102 | F29: =SUM(F23:F28) -> 4941.206 | G29: =SUM(G23:G28) -> 1
A31: Avg Pieces | B31: 829.75049 | C31: 1327.151 | D31: 854.7489 | E31: 48.787028
A33: Weighted
A34: Average | C34: =(B18*B31+C18*C31+D18*D31)/SUM(B18:D18) -> 1150.5803
A36: Avg Sacks | B36: 17.520003
A37: Per Pallet
A39: Avcg Sacks | B39: 14.820735
A40: Per APC
A42: Avg Sacks | B42: 30.886231
A43: Per Postal Pak

Sheet CS Data By Shape
A1: COST SEGMENT DATA BY SHAPE
B4: [1] | C4: [2] | D4: [3] | E4: [4]
A5: Description | B5: Letters | C5: Flats | D5: Parcels | E5: Total
A6: Pieces | B6: ='CS Data'!B6+'CS Data'!E6+'CR Dist Key'!C8*'CS Data'!D6 -> 43936998 | C6: ='CS Data'!C6+'CS Data'!F6+'CR Dist Key'!C9*'CS Data'!D6 -> 12275007 | D6: ='CS Data'!G6+'CR Dist Key'!C10*'CS Data'!D6 -> 11706.037 | E6: =SUM(B6:D6) -> 56223711
A7: Pounds | B7: ='CS Data'!B7+'CS Data'!E7+'CR Dist Key'!F8*'CS Data'!D7 -> 2023844 | C7: ='CS Data'!C7+'CS Data'!F7+'CR Dist Key'!F9*'CS Data'!D7 -> 1966890.7 | D7: ='CS Data'!G7+'CR Dist Key'!F10*'CS Data'!D7 -> 4941.206 | E7: =SUM(B7:D7) -> 3995675.9
A9: Flats Pieces <= 4 oz | C9: ='CS Data'!C10+'CS Data'!D10+'CS Data'!F10 -> 10349264 | D9: 0
A10: Flats Pieces > 4 oz | C10: ='CS Data'!C11+'CS Data'!D11+'CS Data'!F11 -> 1925170.3 | D10: 0
A11: Parcel Pieces <= 3.3 oz | C11: 0 | D11: ='CS Data'!D12+'CS Data'!G12 -> 2652.321
A12: Parcel Pieces > 3.3 oz | C12: 0 | D12: ='CS Data'!D13+'CS Data'!G13 -> 9053.716
A13: FCM / PM Pieces | C13: ='CS Data'!C14+'CS Data'!D14+'CS Data'!F14 -> 572.991 | D13: ='CS Data'!G14 -> 0
A14: Simple Samples Pieces | C14: ='CS Data'!C15 -> 0 | D14: ='CS Data'!D15 -> 0
C15: =SUM(C9:C14) -> 12275007 | D15: =SUM(D9:D14) -> 11706.037
A17: Flats Pounds <= 4 oz | C17: ='CS Data'!C19+'CS Data'!D19+'CS Data'!F19 -> 1165207.6 | D17: 0
A18: Flats Pounds > 4 oz | C18: ='CS Data'!C20+'CS Data'!D20+'CS Data'!F20 -> 801562.01 | D18: 0
A19: Parcel Pounds <= 3.3 oz | C19: 0 | D19: ='CS Data'!G21 -> 368.766
A20: Parcel Pounds > 3.3 oz | C20: 0 | D20: ='CS Data'!G22 -> 4572.44
A21: FCM / PM Pounds | C21: ='CS Data'!C23+'CS Data'!D23+'CS Data'!F23 -> 121.093 | D21: 0
A22: Simple Samples Pounds | C22: ='CS Data'!C24 -> 0 | D22: ='CS Data'!D24 -> 0
C23: =SUM(C17:C22) -> 1966890.7 | D23: =SUM(D17:D22) -> 4941.206
A25: CS 14 Domestic Airmail
A26: Passenger Air | B26: ='CS Data'!B28+'CS Data'!E28+'CS Data'!D28*'CR Dist Key'!$F$8 -> 457.9562 | C26: ='CS Data'!C28+'CS Data'!F28+'CS Data'!D28*'CR Dist Key'!$F$9 -> 264.2566 | D26: ='CS Data'!G28+'CS Data'!D28*'CR Dist Key'!$F$10 -> 73.8668 | E26: =SUM(B26:D26) -> 796.07959
A27: Intra-Alaska preferential | B27: ='CS Data'!B29+'CS Data'!E29+'CS Data'!D29*'CR Dist Key'!$F$8 -> 3390.7984 | C27: ='CS Data'!C29+'CS Data'!F29+'CS Data'!D29*'CR Dist Key'!$F$9 -> 1836.4826 | D27: ='CS Data'!G29+'CS Data'!D29*'CR Dist Key'!$F$10 -> 26.377623 | E27: =SUM(B27:D27) -> 5253.6586
A28: Intra-Alaska non-preferential | B28: ='CS Data'!B30+'CS Data'!E30+'CS Data'!D30*'CR Dist Key'!$F$8 -> 165.72064 | C28: ='CS Data'!C30+'CS Data'!F30+'CS Data'!D30*'CR Dist Key'!$F$9 -> 95.518756 | D28: ='CS Data'!G30+'CS Data'!D30*'CR Dist Key'!$F$10 -> 1.4672117 | E28: =SUM(B28:D28) -> 262.7066
A29: Intra-Hawaii | B29: ='CS Data'!B31+'CS Data'!E31+'CS Data'!D31*'CR Dist Key'!$F$8 -> 4392.1077 | C29: ='CS Data'!C31+'CS Data'!F31+'CS Data'!D31*'CR Dist Key'!$F$9 -> 2487.968 | D29: ='CS Data'!G31+'CS Data'!D31*'CR Dist Key'!$F$10 -> 41.596637 | E29: =SUM(B29:D29) -> 6921.6724
A30: FedEx | B30: ='CS Data'!B32+'CS Data'!E32+'CS Data'!D32*'CR Dist Key'!$F$8 -> 145.44923 | C30: ='CS Data'!C32+'CS Data'!F32+'CS Data'!D32*'CR Dist Key'!$F$9 -> 57.300423 | D30: ='CS Data'!G32+'CS Data'!D32*'CR Dist Key'!$F$10 -> 0.12392772 | E30: =SUM(B30:D30) -> 202.87358
A31: UPS | B31: ='CS Data'!B33+'CS Data'!E33+'CS Data'!D33*'CR Dist Key'!$F$8 -> 24259.307 | C31: ='CS Data'!C33+'CS Data'!F33+'CS Data'!D33*'CR Dist Key'!$F$9 -> 11815.886 | D31: ='CS Data'!G33+'CS Data'!D33*'CR Dist Key'!$F$10 -> 243.78595 | E31: =SUM(B31:D31) -> 36318.979
A32: Peak | B32: ='CS Data'!B34+'CS Data'!E34+'CS Data'!D34*'CR Dist Key'!$F$8 -> 6.6269096 | C32: ='CS Data'!C34+'CS Data'!F34+'CS Data'!D34*'CR Dist Key'!$F$9 -> 4.2392403 | D32: ='CS Data'!G34+'CS Data'!D34*'CR Dist Key'!$F$10 -> 0.2707993 | E32: =SUM(B32:D32) -> 11.136949
A33: Air taxi | B33: ='CS Data'!B35+'CS Data'!E35+'CS Data'!D35*'CR Dist Key'!$F$8 -> 2752.5921 | C33: ='CS Data'!C35+'CS Data'!F35+'CS Data'!D35*'CR Dist Key'!$F$9 -> 1535.6748 | D33: ='CS Data'!G35+'CS Data'!D35*'CR Dist Key'!$F$10 -> 23.375591 | E33: =SUM(B33:D33) -> 4311.6425
B34: =SUM(B26:B33) -> 35570.559 | C34: =SUM(C26:C33) -> 18097.327 | D34: =SUM(D26:D33) -> 410.86454 | E34: =SUM(E26:E33) -> 54078.75
A35: CS 14 Highway Service
A36: Intra-SCF | B36: ='CS Data'!B39+'CS Data'!E39+'CS Data'!D39*'CR Dist Key'!$F$8+('CS Data'!$B$43+'CS Data'!$E$43+'CS Data'!$D$43*'CR Dist Key'!$F$8)*'Other Inputs'!$G$25 -> 90743.322 | C36: ='CS Data'!C39+'CS Data'!F39+'CS Data'!D39*'CR Dist Key'!$F$9+('CS Data'!$C$43+'CS Data'!$F$43+'CS Data'!$D$43*'CR Dist Key'!$F$9)*'Other Inputs'!$G$25 -> 67135.191 | D36: ='CS Data'!G39+'CS Data'!D39*'CR Dist Key'!$F$10+('CS Data'!$G$43+'CS Data'!$D$43*'CR Dist Key'!$F$10)*'Other Inputs'!$G$25 -> 508.32879 | E36: =SUM(B36:D36) -> 158386.84 | F36: [5]
A37: Intra-NDC | B37: ='CS Data'!B41+'CS Data'!E41+'CS Data'!D41*'CR Dist Key'!$F$8+('CS Data'!$B$43+'CS Data'!$E$43+'CS Data'!$D$43*'CR Dist Key'!$F$8)*'Other Inputs'!$G$27 -> 0 | C37: ='CS Data'!C41+'CS Data'!F41+'CS Data'!D41*'CR Dist Key'!$F$9+('CS Data'!$C$43+'CS Data'!$F$43+'CS Data'!$D$43*'CR Dist Key'!$F$9)*'Other Inputs'!$G$27 -> 0 | D37: ='CS Data'!G41+'CS Data'!D41*'CR Dist Key'!$F$10+('CS Data'!$G$43+'CS Data'!$D$43*'CR Dist Key'!$F$10)*'Other Inputs'!$G$27 -> 0 | E37: =SUM(B37:D37) -> 0 | F37: [5]
A38: Inter-SCF | B38: ='CS Data'!B40+'CS Data'!E40+'CS Data'!D40*'CR Dist Key'!$F$8+('CS Data'!$B$43+'CS Data'!$E$43+'CS Data'!$D$43*'CR Dist Key'!$F$8)*'Other Inputs'!$G$26 -> 119082.17 | C38: ='CS Data'!C40+'CS Data'!F40+'CS Data'!D40*'CR Dist Key'!$F$9+('CS Data'!$C$43+'CS Data'!$F$43+'CS Data'!$D$43*'CR Dist Key'!$F$9)*'Other Inputs'!$G$26 -> 79354.664 | D38: ='CS Data'!G40+'CS Data'!D40*'CR Dist Key'!$F$10+('CS Data'!$G$43+'CS Data'!$D$43*'CR Dist Key'!$F$10)*'Other Inputs'!$G$26 -> 724.05242 | E38: =SUM(B38:D38) -> 199160.88 | F38: [5]
A39: Inter-NDC | B39: ='CS Data'!B42+'CS Data'!E42+'CS Data'!D42*'CR Dist Key'!$F$8+('CS Data'!$B$43+'CS Data'!$E$43+'CS Data'!$D$43*'CR Dist Key'!$F$8)*'Other Inputs'!$G$28 -> 0 | C39: ='CS Data'!C42+'CS Data'!F42+'CS Data'!D42*'CR Dist Key'!$F$9+('CS Data'!$C$43+'CS Data'!$F$43+'CS Data'!$D$43*'CR Dist Key'!$F$9)*'Other Inputs'!$G$28 -> 0 | D39: ='CS Data'!G42+'CS Data'!D42*'CR Dist Key'!$F$10+('CS Data'!$G$43+'CS Data'!$D$43*'CR Dist Key'!$F$10)*'Other Inputs'!$G$28 -> 0 | E39: =SUM(B39:D39) -> 0 | F39: [5]
A40: Plant loaded | B40: ='CS Data'!B44+'CS Data'!E44+'CS Data'!D44*'CR Dist Key'!$F$8 -> 1374.9472 | C40: ='CS Data'!C44+'CS Data'!F44+'CS Data'!D44*'CR Dist Key'!$F$9 -> 958.30325 | D40: ='CS Data'!G44+'CS Data'!D44*'CR Dist Key'!$F$10 -> 9.4044653 | E40: =SUM(B40:D40) -> 2342.6549
A41: Contract term van damage | B41: ='CS Data'!B45+'CS Data'!E45+'CS Data'!D45*'CR Dist Key'!$F$8 -> 174.26447 | C41: ='CS Data'!C45+'CS Data'!F45+'CS Data'!D45*'CR Dist Key'!$F$9 -> 121.18593 | D41: ='CS Data'!G45+'CS Data'!D45*'CR Dist Key'!$F$10 -> 0.9983421 | E41: =SUM(B41:D41) -> 296.44874
A42: Empty equipment | B42: ='CS Data'!B46+'CS Data'!E46+'CS Data'!D46*'CR Dist Key'!$F$8 -> 6245.2786 | C42: ='CS Data'!C46+'CS Data'!F46+'CS Data'!D46*'CR Dist Key'!$F$9 -> 5609.9328 | D42: ='CS Data'!G46+'CS Data'!D46*'CR Dist Key'!$F$10 -> 15.650177 | E42: =SUM(B42:D42) -> 11870.862
A43: Alaskan highway service | B43: ='CS Data'!B47+'CS Data'!E47+'CS Data'!D47*'CR Dist Key'!$F$8 -> 0 | C43: ='CS Data'!C47+'CS Data'!F47+'CS Data'!D47*'CR Dist Key'!$F$9 -> 0 | D43: ='CS Data'!G47+'CS Data'!D47*'CR Dist Key'!$F$10 -> 0 | E43: =SUM(B43:D43) -> 0
B44: =SUM(B36:B43) -> 217619.98 | C44: =SUM(C36:C43) -> 153179.28 | D44: =SUM(D36:D43) -> 1258.4342 | E44: =SUM(E36:E43) -> 372057.69
A45: CS 14 Railroad Service
A46: Freight rail | B46: ='CS Data'!B50+'CS Data'!E50+'CS Data'!D50*'CR Dist Key'!$F$8 -> 0 | C46: ='CS Data'!C50+'CS Data'!F50+'CS Data'!D50*'CR Dist Key'!$F$9 -> 0 | D46: ='CS Data'!G50+'CS Data'!D50*'CR Dist Key'!$F$10 -> 0 | E46: =SUM(B46:D46) -> 0
A47: Plant loaded | B47: ='CS Data'!B51+'CS Data'!E51+'CS Data'!D51*'CR Dist Key'!$F$8 -> -5.3060918 | C47: ='CS Data'!C51+'CS Data'!F51+'CS Data'!D51*'CR Dist Key'!$F$9 -> -3.9719136 | D47: ='CS Data'!G51+'CS Data'!D51*'CR Dist Key'!$F$10 -> -0.026659642 | E47: =SUM(B47:D47) -> -9.304665
A48: Damage and Empty equipment | B48: ='CS Data'!B52+'CS Data'!E52+'CS Data'!D52*'CR Dist Key'!$F$8 -> 2804.0932 | C48: ='CS Data'!C52+'CS Data'!F52+'CS Data'!D52*'CR Dist Key'!$F$9 -> 2457.3347 | D48: ='CS Data'!G52+'CS Data'!D52*'CR Dist Key'!$F$10 -> 6.8562965 | E48: =SUM(B48:D48) -> 5268.2842
B49: =SUM(B46:B48) -> 2798.7871 | C49: =SUM(C46:C48) -> 2453.3628 | D49: =SUM(D46:D48) -> 6.8296369 | E49: =SUM(E46:E48) -> 5258.9795
A50: CS 14 Domestic Water
A51: Inland | B51: ='CS Data'!B55+'CS Data'!E55+'CS Data'!D55*'CR Dist Key'!$F$8 -> 155.31331 | C51: ='CS Data'!C55+'CS Data'!F55+'CS Data'!D55*'CR Dist Key'!$F$9 -> 113.83861 | D51: ='CS Data'!G55+'CS Data'!D55*'CR Dist Key'!$F$10 -> 0.85073634 | E51: =SUM(B51:D51) -> 270.00266
A52: Offshore | B52: ='CS Data'!B56+'CS Data'!E56+'CS Data'!D56*'CR Dist Key'!$F$8 -> 1842.9868 | C52: ='CS Data'!C56+'CS Data'!F56+'CS Data'!D56*'CR Dist Key'!$F$9 -> 1290.5567 | D52: ='CS Data'!G56+'CS Data'!D56*'CR Dist Key'!$F$10 -> 10.700568 | E52: =SUM(B52:D52) -> 3144.244
B53: =SUM(B51:B52) -> 1998.3001 | C53: =SUM(C51:C52) -> 1404.3953 | D53: =SUM(D51:D52) -> 11.551305 | E53: =SUM(E51:E52) -> 3414.2467
A54: CS 8 POV (Highway)
A55: Postal-Owned Vehicle Costs | B55: ='CS Data'!B62+'CS Data'!E62+'CS Data'!D62*'CR Dist Key'!$F$8 -> 49757.757 | C55: ='CS Data'!C62+'CS Data'!F62+'CS Data'!D62*'CR Dist Key'!$F$9 -> 48736.196 | D55: ='CS Data'!G62+'CS Data'!D62*'CR Dist Key'!$F$10 -> 182.47117 | E55: =SUM(B55:D55) -> 98676.424
A57: Total | B57: =B34+B44+B49+B53+B55 -> 307745.38 | C57: =C34+C44+C49+C53+C55 -> 223870.56 | D57: =D34+D44+D49+D53+D55 -> 1870.1509 | E57: =SUM(B57:D57) -> 533486.09
A59: Cost Per Pound | B59: =B57/B7 -> 0.15205983 | C59: =C57/C7 -> 0.11381952 | D59: =D57/D7 -> 0.37848065 | E59: =E57/E7 -> 0.13351586
A62: Sources:
A63: [1]: High Density/Saturation Letters (page 39) + Letters (page 39) + Letters pound percent (page 38) * Carrier Route (page 39)
A64: [2]: High Density/Saturation Flats/Parcels (page 39) + Flats (page 39) + Flats pound percent (page 38) * Carrier Route (page 39)
A65: [3]: Parcels (page 39) + Parcels percent (page 38) * Carrier Route (page 39)
A66: [4]: [1] + [2] + [3]
A67: [5]: The peak highway distribution percentages (page 42) are used to distribute the peak highway transportation costs (page 39)

Sheet CR Dist Key
A1: RPW DISTRIBUTION KEY DATA
A4: CARRIER ROUTE BASIC
B6: [1] | C6: [2] | E6: [3] | F6: [4]
A7: Shape | B7: Pieces | C7: Percent | E7: Pounds | F7: Percent
A8: Letters | B8: ='CS Data'!D9 -> 7623.655 | C8: =B8/B11 -> 0.0027769301 | E8: ='CS Data'!D18 -> 219.257 | F8: =E8/E11 -> 0.00037214952
A9: Flats | B9: ='CS Data'!D10+'CS Data'!D11 -> 2737730 | C9: =B9/B11 -> 0.99722307 | E9: ='CS Data'!D19+'CS Data'!D20 -> 588944.47 | F9: =E9/E11 -> 0.99962785
A10: Parcels | B10: ='CS Data'!D15 -> 0 | C10: =B10/B11 -> 0 | E10: ='CS Data'!D24 -> 0 | F10: =E10/E11 -> 0
A11: Total | B11: =SUM(B8:B10) -> 2745353.6 | C11: =SUM(C8:C10) -> 1 | E11: =SUM(E8:E10) -> 589163.73 | F11: =SUM(F8:F10) -> 1
A14: Sources:
A15: [1]: Page 39
A16: [2]: [1] Percentage
A17: [3]: Page 39
A18: [4]: [3] Percentage

Sheet CS Data
A1: COST SEGMENT DATA
B4: High Density / | C4: High Density /
A5: Description | B5: Sat Letters | C5: Sat Flats / Parc | D5: Carrier Route | E5: Letters | F5: Flats | G5: Parcels | H5: Total | I5: Source
A6: Pieces | B6: 6017413.6 | C6: 7868876.8 | D6: 2745353.6 | E6: 37911961 | F6: 1668400.6 | G6: 11706.037 | H6: =SUM(B6:G6) -> 56223711 | I6: RPW
A7: Pounds | B7: 230973.75 | C7: 941034.02 | D7: 589163.73 | E7: 1792651 | F7: 436912.19 | G7: 4941.206 | H7: =SUM(B7:G7) -> 3995675.9 | I7: RPW
A9: Letters | C9: 0 | D9: 7623.655 | F9: 0 | G9: 0 | H9: =SUM(B9:G9) -> 7623.655 | I9: RPW
A10: Flats Pieces <= 4 oz | C10: 7262654.3 | D10: 2098971.8 | F10: 987638.03 | G10: 0 | H10: =SUM(B10:G10) -> 10349264 | I10: RPW
A11: Flats Pieces > 4 oz | C11: 606222.54 | D11: 638758.2 | F11: 680189.55 | G11: 0 | H11: =SUM(B11:G11) -> 1925170.3 | I11: RPW
A12: Parcel Pieces <=3.3 oz | C12: 0 | D12: 0 | F12: 0 | G12: 2652.321 | H12: =SUM(B12:G12) -> 2652.321 | I12: RPW
A13: Parcel Pieces > 3.3 oz | C13: 0 | D13: 0 | F13: 0 | G13: 9053.716 | H13: =SUM(B13:G13) -> 9053.716 | I13: RPW
A14: FCM / PM Pieces | C14: 0 | D14: 0 | F14: 572.991 | G14: 0 | H14: =SUM(B14:G14) -> 572.991 | I14: RPW
A15: Simple Samples Pieces | C15: 0 | D15: 0 | F15: 0 | G15: 0 | H15: =SUM(B15:G15) -> 0 | I15: RPW
C16: =SUM(C9:C15) -> 7868876.8 | D16: =SUM(D9:D15) -> 2745353.6 | F16: =SUM(F9:F15) -> 1668400.6 | G16: =SUM(G9:G15) -> 11706.037 | H16: =SUM(H9:H15) -> 12294337 | I16: RPW
I17: RPW
A18: Letters | C18: 0 | D18: 219.257 | F18: 0 | G18: 0 | H18: =SUM(B18:G18) -> 219.257 | I18: RPW
A19: Flats Pounds <= 4 oz | C19: 700061.85 | D19: 316404.82 | F19: 148740.91 | G19: 0 | H19: =SUM(B19:G19) -> 1165207.6 | I19: RPW
A20: Flats Pounds > 4 oz | C20: 240972.17 | D20: 272539.65 | F20: 288050.19 | G20: 0 | H20: =SUM(B20:G20) -> 801562.01 | I20: RPW
A21: Parcel Pounds <=3.3 oz | C21: 0 | D21: 0 | F21: 0 | G21: 368.766 | H21: =SUM(B21:G21) -> 368.766 | I21: RPW
A22: Parcel Pounds > 3.3 oz | C22: 0 | D22: 0 | F22: 0 | G22: 4572.44 | H22: =SUM(B22:G22) -> 4572.44 | I22: RPW
A23: FCM / PM Pounds | C23: 0 | D23: 0 | F23: 121.093 | G23: 0 | H23: =SUM(B23:G23) -> 121.093 | I23: RPW
A24: Simple Samples Pounds | C24: 0 | D24: 0 | F24: 0 | G24: 0 | H24: =SUM(B24:G24) -> 0 | I24: RPW
C25: =SUM(C18:C24) -> 941034.02 | D25: =SUM(D18:D24) -> 589163.73 | F25: =SUM(F18:F24) -> 436912.19 | G25: =SUM(G18:G24) -> 4941.206 | H25: =SUM(H18:H24) -> 1972051.1 | I25: RPW
A27: CS 14 Domestic Air
A28: Commercial Air | B28: 18.549494 | C28: 0 | D28: 6.7533678 | E28: 439.40419 | F28: 257.50574 | G28: 73.8668 | H28: =SUM(B28:G28) -> 796.07959 | I28: USPS-FY25-32
A29: Intra-Alaska preferential | B29: 160.38994 | C29: 56.876993 | D29: 211.6128 | E29: 3230.3297 | F29: 1568.0715 | G29: 26.377623 | H29: =SUM(B29:G29) -> 5253.6586 | I29: USPS-FY25-32
A30: Intra-Alaska non-preferential | B30: 7.315479 | C30: 3.5272691 | D30: 12.224486 | E30: 158.40061 | F30: 79.77155 | G30: 1.4672117 | H30: =SUM(B30:G30) -> 262.7066 | I30: USPS-FY25-32
A31: Intra-Hawaii | B31: 204.28722 | C31: 86.398793 | D31: 309.00457 | E31: 4187.7055 | F31: 2092.6797 | G31: 41.596637 | H31: =SUM(B31:G31) -> 6921.6724 | I31: USPS-FY25-32
A32: FedEx | B32: 6.9769963 | C32: 0.15787 | D32: 2.8264604 | E32: 138.47118 | F32: 54.317144 | G32: 0.12392772 | H32: =SUM(B32:G32) -> 202.87358 | I32: USPS-FY25-32
A33: UPS | B33: 831.58989 | C33: 31.68366 | D33: 682.61782 | E33: 23427.463 | F33: 11101.839 | G33: 243.78595 | H33: =SUM(B33:G33) -> 36318.979 | I33: USPS-FY25-32
A34: Peak | B34: 0.53219777 | C34: 0.24048741 | D34: 0.64177229 | E34: 6.094473 | F34: 3.3572195 | G34: 0.2707993 | H34: =SUM(B34:G34) -> 11.136949 | I34: USPS-FY25-32
A35: Air taxi | B35: 126.66273 | C35: 50.496947 | D35: 185.51839 | E35: 2625.8603 | F35: 1299.7285 | G35: 23.375591 | H35: =SUM(B35:G35) -> 4311.6425 | I35: USPS-FY25-32
B36: =SUM(B28:B35) -> 1356.3039 | C36: =SUM(C28:C35) -> 229.38202 | D36: =SUM(D28:D35) -> 1411.1997 | E36: =SUM(E28:E35) -> 34213.729 | F36: =SUM(F28:F35) -> 16457.27 | G36: =SUM(G28:G35) -> 410.86454 | H36: =SUM(H28:H35) -> 54078.75
A37: CS 14 Highway Service
A38: CDS Intra-SCF | B38: 4978.2914 | C38: 10848.646 | D38: 5585.3844 | E38: 21127.584 | F38: 3528.3874 | G38: 93.131628 | H38: =SUM(B38:G38) -> 46161.426 | I38: USPS-FY25-32
A39: Intra-SCF | B39: 8545.0423 | C39: 5113.6599 | D39: 14535.698 | E39: 81977.9 | F39: 47444.433 | G39: 508.32879 | H39: =SUM(B39:G39) -> 158125.06 | I39: USPS-FY25-32
A40: Inter-SCF | B40: 3228.5512 | C40: 3119.161 | D40: 11654.485 | E40: 109314.76 | F40: 63162.468 | G40: 724.05242 | H40: =SUM(B40:G40) -> 191203.48 | I40: USPS-FY25-32
A41: Intra-NDC | B41: 0 | C41: 0 | D41: 0 | E41: 0 | F41: 0 | G41: 0 | H41: =SUM(B41:G41) -> 0 | I41: USPS-FY25-32
A42: Inter-NDC | B42: 0 | C42: 0 | D42: 0 | E42: 0 | F42: 0 | G42: 0 | H42: =SUM(B42:G42) -> 0 | I42: USPS-FY25-32
A43: Peak | B43: 45.252086 | C43: 40.342782 | D43: 387.78615 | E43: 6704.0912 | F43: 1041.7124 | G43: 0 | H43: =SUM(B43:G43) -> 8219.1846 | I43: USPS-FY25-32
A44: Plant loaded | B44: 38.022071 | C44: 38.119268 | D44: 137.60633 | E44: 1336.8739 | F44: 782.62887 | G44: 9.4044653 | H44: =SUM(B44:G44) -> 2342.6549 | I44: USPS-FY25-32
A45: Terminal / Van Damage | B45: 10.148026 | C45: 6.7178345 | D45: 22.483099 | E45: 164.10808 | F45: 91.993365 | G45: 0.9983421 | H45: =SUM(B45:G45) -> 296.44874 | I45: USPS-FY25-32
A46: Empty Equipment | B46: 281.85243 | C46: 265.11622 | D46: 916.56435 | E46: 5963.0851 | F46: 4428.5933 | G46: 15.650177 | H46: =SUM(B46:G46) -> 11870.862 | I46: USPS-FY25-32
A47: Alaska Highway | B47: 0 | C47: 0 | D47: 0 | E47: 0 | F47: 0 | G47: 0 | H47: =SUM(B47:G47) -> 0 | I47: USPS-FY25-32
B48: =SUM(B38:B47) -> 17127.16 | C48: =SUM(C38:C47) -> 19431.763 | D48: =SUM(D38:D47) -> 33240.008 | E48: =SUM(E38:E47) -> 226588.4 | F48: =SUM(F38:F47) -> 120480.22 | G48: =SUM(G38:G47) -> 1351.5658 | H48: =SUM(H38:H47) -> 418219.12
A49: CS 14 Railroad Service
A50: Freight rail | B50: 0 | C50: 0 | D50: 0 | E50: 0 | F50: 0 | G50: 0 | H50: =SUM(B50:G50) -> 0 | I50: USPS-FY25-32
A51: Plant loaded | B51: -0.21736445 | C51: -0.15127768 | D51: -0.66358518 | E51: -5.0884804 | F51: -3.1572977 | G51: -0.026659642 | H51: =SUM(B51:G51) -> -9.304665 | I51: USPS-FY25-32
A52: Damage and Empty equipment | B52: 127.52089 | C52: 116.74519 | D52: 403.46013 | E52: 2676.4221 | F52: 1937.2796 | G52: 6.8562965 | H52: =SUM(B52:G52) -> 5268.2842 | I52: USPS-FY25-32
B53: =SUM(B50:B52) -> 127.30353 | C53: =SUM(C50:C52) -> 116.59391 | D53: =SUM(D50:D52) -> 402.79654 | E53: =SUM(E50:E52) -> 2671.3336 | F53: =SUM(F50:F52) -> 1934.1223 | G53: =SUM(G50:G52) -> 6.8296369 | H53: =SUM(H50:H52) -> 5258.9795
A54: CS 14 Domestic Water
A55: Inland | B55: 14.628697 | C55: 8.5874855 | D55: 24.862964 | E55: 140.67536 | F55: 80.39741 | G55: 0.85073634 | H55: =SUM(B55:G55) -> 270.00266 | I55: USPS-FY25-32
A56: Offshore | B56: 53.071041 | C56: 50.606492 | D56: 206.72759 | E56: 1789.8388 | F56: 1033.2995 | G56: 10.700568 | H56: =SUM(B56:G56) -> 3144.244 | I56: USPS-FY25-32
B57: =SUM(B55:B56) -> 67.699738 | C57: =SUM(C55:C56) -> 59.193978 | D57: =SUM(D55:D56) -> 231.59055 | E57: =SUM(E55:E56) -> 1930.5142 | F57: =SUM(F55:F56) -> 1113.6969 | G57: =SUM(G55:G56) -> 11.551305 | H57: =SUM(H55:H56) -> 3414.2467 | I57: USPS-FY25-32
B59: =B36+B48+B53+B57 -> 18678.467 | C59: =C36+C48+C53+C57 -> 19836.933 | D59: =D36+D48+D53+D57 -> 35285.595 | E59: =E36+E48+E53+E57 -> 265403.98 | F59: =F36+F48+F53+F57 -> 139985.31 | G59: =G36+G48+G53+G57 -> 1780.8113 | H59: =SUM(B59:G59) -> 480971.09
A61: CS 8 POV (Highway)
A62: Postal-Owned Vehicle Costs | B62: 3978.8507 | C62: 3829.8988 | D62: 14626.335 | E62: 45773.463 | F62: 30285.406 | G62: 182.47117 | H62: =SUM(B62:G62) -> 98676.424 | I62: USPS-FY25-32

Sheet Piggyback Factors
A1: PIGGYBACK FACTORS
D4: [1]
A5: Cost
A6: Pool | C6: Cost Pool | D6: Piggyback
A7: No. | B7: Source | C7: Abbreviation | D7: Factors
A9: 1 | B9: MODS 11 | C9: D/BCS | D9: 1.7543598
A10: =A9+1 -> 2 | B10: MODS 12 & 17 | C10: AFSM100 | D10: 1.6305774 | E10: APBS
A11: =A10+1 -> 3 | B11: MODS 12 & 17 | C11: FSS | D11: 0 | E11: 1.6056413
A12: =A11+1 -> 4 | B12: MODS 13 | C12: APBS OTH | D12: 1.6595873
A13: =A12+1 -> 5 | B13: MODS 13 | C13: APBSPRIO | D13: 1.6636637
A14: =A13+1 -> 6 | B14: MODS 14 | C14: MANF | D14: 1.3622907 | E14: 1.8052502
A15: =A14+1 -> 7 | B15: MODS 14 | C15: MANL | D15: 1.2988119 | E15: APPS (WITH REC COSTS AS INDIRECT)
A16: =A15+1 -> 8 | B16: MODS 14 | C16: MANP | D16: 1.3208756
A17: =A16+1 -> 9 | B17: MODS 14 | C17: PRIORITY | D17: 1.3673172
A18: =A17+1 -> 10 | B18: MODS 15 | C18: LD15 | D18: 1.3915843
A19: =A18+1 -> 11 | B19: MODS 16 | C19: LCUS-SSM | D19: 1.5773008
A20: =A19+1 -> 12 | B20: MODS 16 | C20: 1TRAYSRT | D20: 1.5358045
A21: =A20+1 -> 13 | B21: MODS 17 | C21: 1CANCEL | D21: 2.1937318
A22: =A21+1 -> 14 | B22: MODS 17 | C22: 1DSPATCH | D22: 1.996303
A23: =A22+1 -> 15 | B23: MODS 17 | C23: 1MTRPREP | D23: 1.4592078
A24: =A23+1 -> 16 | B24: MODS 17 | C24: 1OPBULK | D24: 1.5480484
A25: =A24+1 -> 17 | B25: MODS 17 | C25: 1OPPREF | D25: 1.3297825
A26: =A25+1 -> 18 | B26: MODS 17 | C26: 1OPTRANS | D26: 1.3430299
A27: =A26+1 -> 19 | B27: MODS 17 | C27: 1PLATFRM | D27: 1.3606062
... A41: =A40+1 -> 33 | B41: NDCS 14 | C41: MANP | D41: 1.4774317
A42: =A41+1 -> 34 | B42: NDCS All LDCs | C42: OTHR | D42: 1.5176144 | E42: PPSM
A43: =A42+1 -> 35 | B43: NDCS 17 | C43: PLA | D43: 1.3860239 | E43: 1.9204979
A44: =A43+1 -> 36 | B44: NDCS 13 | C44: PSM | D44: 2.0353663
A45: =A44+1 -> 37 | B45: NDCS 13 | C45: APBS | D45: 1.4922245 | E45: 2.0700178
A46: =A45+1 -> 38 | B46: NDCS 13 | C46: LCUS-SSM | D46: 1.6196175 | E46: SPSM
A47: =A46+1 -> 39 | B47: NDCS 13 | C47: TRAYSORT | D47: 1.8711129
A48: =A47+1 -> 40 | B48: NONMODS IOCS | C48: ALLIED | D48: 1.6214861
A49: =A48+1 -> 41 | B49: NONMODS IOCS | C49: AUTO/MEC | D49: 1.4978878
A50: =A49+1 -> 42 | B50: NONMODS IOCS | C50: BULKACCP | D50: 2.7152513
A51: =A50+1 -> 43 | B51: NONMODS IOCS | C51: BUSREPLY | D51: 1.594004
A52: =A51+1 -> 44 | B52: NONMODS IOCS | C52: CFS | D52: 1.7750951
A53: =A52+1 -> 45 | B53: NONMODS IOCS | C53: D.PO BOX | D53: 1.7431862
A54: =A53+1 -> 46 | B54: NONMODS IOCS | C54: EXPRESS | D54: 1.3683698
A55: =A54+1 -> 47 | B55: NONMODS IOCS | C55: MANF | D55: 1.5675507
A56: =A55+1 -> 48 | B56: NONMODS IOCS | C56: MANL | D56: 1.4234618
A57: =A56+1 -> 49 | B57: NONMODS IOCS | C57: MANP | D57: 1.4957787
A58: =A57+1 -> 50 | B58: NONMODS IOCS | C58: MISC | D58: 1.594004
... A60: =A59+1 -> 52 | B60: NONMODS IOCS | C60: REGISTRY | D60: 3.5156084
D62: [2]
C63: CS 8 Piggyback Factor | D63: 1.4168908
A65: Sources:
A66: [1]: USPS-FY25-25
A67: [2]: USPS-FY25-24

Sheet Productivity
A1: PRODUCTIVITY ESTIMATES
C4: [1]
C6: (Units Per Hr)
A7: Operation | B7: Facility | C7: Marginal
A8: Description | B8: Type | C8: Productivity
A10: Outgoing Tray Sort | B10: P&DC/F | C10: 92.988321
A11: Incoming Tray Sort | B11: P&DC/F | C11: 66.094724
A12: Sack Manual Sort | B12: P&DC/F | C12: 50.702917
A13: Sack Sorting Machine (SSM) | B13: NDC | C13: 3068.1109
A14: Load Rolling Stock | B14: DU | C14: 307.66823
A15: Load Pallet / Pallet Box | B15: DU | C15: 68.564044
A16: Unload Rolling Stock | B16: P&DC/F | C16: 81.873572
A17: Unload Pallet / Pallet Box | B17: P&DC/F | C17: 58.156985
A18: Crossdock Pallet / Pallet box | B18: P&DC/F | C18: 39.899251
A19: Load Rolling Stock | B19: P&DC/F | C19: 91.071588
A20: Load Pallet / Pallet Box | B20: P&DC/F | C20: 61.728449
A21: Unload Rolling Stock | B21: NDC | C21: 55.996737
... A28: Load Postal Pak | B28: NDC | C28: 20.811195
A31: Sources:
A32: [1]: USPS-FY25-12

Sheet Other Inputs
A1: OTHER INPUTS
A4: Other Mail Processing Wage Rate | G4: 50.107175 | I4: [1]
A6: Adjusted Wage Rate (Letters) | G6: =G4*G10 -> 48.808841 | I6: [2]
A7: Adjusted Wage Rate (Flats) | G7: =G4*G11 -> 48.864673 | I7: [2]
A8: Adjusted Wage Rate (Parcels) | G8: =G4*G12 -> 49.154263 | I8: [2]
A10: Premium Pay Factor (Letters) | G10: 0.97408887 | I10: [3]
A11: Premium Pay Factor (Flats) | G11: 0.97520312 | I11: [3]
A12: Premium Pay Factor (Parcels) | G12: 0.98098253 | I12: [3]
A14: Pieces per Sack | G14: 150.62976 | I14: [4]
A15: Pieces per Tray | G15: 315.12979 | I15: [4]
A16: Pieces per Pallet (Letters) | G16: 8651.6571 | I16: [4]
A17: Pieces per Pallet (Flats) | G17: 4487.1819 | I17: [4]
A18: Sacks Per Pallet | G18: 42 | I18: [5]
A19: Trays Per Pallet | G19: 54 | I19: [5]
A20: Trays Per APC | G20: 24 | I20: [6]
A22: Adjustment Factor | G22: 0.8357 | I22: [7]
A24: Peak Highway Cost Distribution
B25: IntraSCF | G25: 0.031849947 | I25: [8] | J25: These data are used to
B26: InterSCF | G26: 0.96815005 | I26: [8] | J26: distribute the CS 14
B27: IntraNDC | G27: 0 | I27: [8] | J27: peak highway costs
B28: InterNDC | G28: 0 | I28: [8]
G29: =SUM(G25:G28) -> 1
A30: Sources:
A31: [1]: USPS-FY25-7, Part 8
A32: [2]: [1] * [3]
A33: [3]: USPS-FY25-7, Part 5
A34: [4]: USPS-FY25-14
A35: [5]: Docket No. R97-1, USPS-LR-H-105 and USPS-LR-H-195
A36: [6]: The number of sleeved trays that fit into an APC (12 on top and 12 on the bottom)
A37: [7]: Docket No. R2000-1, USPS-T-27, Attachment K, Table 4, Footnote 6.
A38: (Percentage of Intra-SCF highway and POV transportation costs avoided by DDU mail pieces.)
A39: [8]: USPS-FY25-32
