Workbook

Sheet CRA ADJ UNIT COSTS-Hardcoded 
A1: FIRST-CLASS PRESORT FLATS MAIL PROCESSING UNIT COST SUMMARY
A2: This sheet contains identical but harcoded data from the 'CRA ADJ UNIT COSTS' to prevent any errors while linking to other spreadsheets.
A3: While linking, click File -> Options -> Formulas -> and check the radio button for "Enable Iterative Calculation".
A5: CRA FLATS MAIL PROCESSING UNIT COSTS
B7: Proportional Worksharing Related Cost Pools | F7: 62.274536 | G7: (1)
B8: Worksharing Related Fixed Cost Pools | F8: 9.3384898 | G8: (2)
B9: Non Worksharing Related Fixed Costs | F9: 0.13683503 | G9: (3)
B10: Total | F10: 71.749861 | G10: (4)
A12: CRA PROPORTIONAL ADJUSTMENT FACTOR
D14: (5) | E14: (6) | F14: (7)
E16: FY | F16: FY
B17: Base Model Costs | D17: Model Cost | E17: Volume | F17: Volume %
C18: Nonauto Presort | D18: 20.544372 | E18: 7939550 | F18: 0.018344708
C19: Mixed ADC Auto Presort | D19: 21.187227 | E19: 42124580 | F19: 0.097330847
C20: ADC Auto Presort | D20: 16.431415 | E20: 35262554 | F20: 0.08147581
C21: 3-Digit Auto Presort | D21: 12.925919 | E21: 1.7220086e+08 | F21: 0.39787829
C22: 5-Digit Auto Presort | D22: 8.2198461 | E22: 1.7527029e+08 | F22: 0.40497035
A23: (8) | B23: Total Weighted Model Cost | D23: 12.249551 | E23: 4.3279784e+08 | F23: 1
B25: CRA Proportional Adjustment | F25: 5.0838221 | G25: (9)
IN26: .
A27: ADJUSTED FLATS MAIL PROCESSING UNIT COSTS (CENTS)
D29: (10) | E29: (11) | F29: (12) | G29: (13) | H29: (14) | I29: (15)
F30: WS Related | G30: Total WS Rel. | H30: NonWS Rel | I30: Total
D31: Model | E31: Proportional | F31: Fixed | G31: Mail Proc | H31: Mail Proc | I31: Mail Proc
B32: Rate Category | D32: Unit Cost | E32: Unit Cost | F32: Unit Cost | G32: Unit Cost | H32: Unit Cost | I32: Unit Cost
B34: Nonauto Presort | D34: 20.544372 | E34: 104.44393 | F34: 9.3384898 | G34: 113.78242 | H34: 0.13683503 | I34: 113.91926
B36: Mixed ADC Auto Presort | D36: 21.187227 | E36: 107.71209 | F36: 9.3384898 | G36: 117.05058 | H36: 0.13683503 | I36: 117.18742
B38: ADC Auto Presort | D38: 16.431415 | E38: 83.534393 | F38: 9.3384898 | G38: 92.872882 | H38: 0.13683503 | I38: 93.009717
B40: 3-Digit Auto Presort | D40: 12.925919 | E40: 65.713073 | F40: 9.3384898 | G40: 75.051563 | H40: 0.13683503 | I40: 75.188398
B42: 5-Digit Auto Presort | D42: 8.2198461 | E42: 41.788235 | F42: 9.3384898 | G42: 51.126725 | H42: 0.13683503 | I42: 51.26356
A45: Source:
A46: (1) | B46: Sum of proportional cost pools on 'CRA PRESORT FLATS' worksheet
A47: (2) | B47: Sum of worksharing related fixed cost pools on 'CRA PRESORT FLATS' worksheet
A48: (3) | B48: Sum of non-worksharing related fixed cost pools on 'CRA PRESORT FLATS' worksheet
A49: (4) | B49: (1) + (2) + (3)
A50: (5) | B50: Model costs from respective rate category "COST" spreadsheets
A51: (6) | B51: FY mail volumes from 'FY VOLUME NONAUTO' and 'FY VOLUME AUTO' worksheets
A52: (7) | B52: Rate Category (6) / Total (6)
A53: (8) | B53: Sum [ Rate Category (5) * (7) ]
A54: (9) | B54: (1) / (8)
A55: (10) | B55: Model costs from respective rate category "COST" spreadsheets
A56: (11) | B56: (9) * (10)
A57: (12) | B57: (2)
... A60: (15) | B60: (13) + (14)

Sheet CRA ADJ UNIT COSTS
A1: FIRST-CLASS PRESORT FLATS MAIL PROCESSING UNIT COST SUMMARY
A5: CRA FLATS MAIL PROCESSING UNIT COSTS
B7: Proportional Worksharing Related Cost Pools | F7: ='CRA PRESORT FLATS'!G80 -> 62.274536 | G7: ="(1)" -> (1)
B8: Worksharing Related Fixed Cost Pools | F8: ='CRA PRESORT FLATS'!H80 -> 9.3384898 | G8: ="(2)" -> (2)
B9: Non Worksharing Related Fixed Costs | F9: ='CRA PRESORT FLATS'!I80 -> 0.13683503 | G9: ="(3)" -> (3)
B10: Total | F10: =SUM(F7:F9) -> 71.749861 | G10: ="(4)" -> (4)
A12: CRA PROPORTIONAL ADJUSTMENT FACTOR
D14: ="(5)" -> (5) | E14: ="(6)" -> (6) | F14: ="(7)" -> (7)
E16: FY | F16: FY
B17: Base Model Costs | D17: Model Cost | E17: Volume | F17: Volume %
C18: Nonauto Presort | D18: ='NONAUTO COST'!K77 -> 20.544372 | E18: ='FY VOLUME NONAUTO'!E35 -> 7939550 | F18: =E18/E23 -> 0.018344708
C19: Mixed ADC Auto Presort | D19: ='MADC AUTO COST'!$K$77 -> 21.187227 | E19: ='FY VOLUME AUTO'!E12 -> 42124580 | F19: =E19/E23 -> 0.097330847
C20: ADC Auto Presort | D20: ='ADC AUTO COST'!$K$77 -> 16.431415 | E20: ='FY VOLUME AUTO'!E23 -> 35262554 | F20: =E20/E23 -> 0.08147581
C21: 3-Digit Auto Presort | D21: ='3D AUTO COST'!$K$77 -> 12.925919 | E21: ='FY VOLUME AUTO'!E36 -> 1.7220086e+08 | F21: =E21/E23 -> 0.39787829
C22: 5-Digit Auto Presort | D22: ='5D AUTO COST'!$K$77 -> 8.2198461 | E22: ='FY VOLUME AUTO'!E51 -> 1.7527029e+08 | F22: =E22/E23 -> 0.40497035
A23: ="(8)" -> (8) | B23: Total Weighted Model Cost | D23: =D18*F18+D19*F19+D20*F20+D21*F21+D22*F22 -> 12.249551 | E23: =SUM(E18:E22) -> 4.3279784e+08 | F23: =SUM(F18:F22) -> 1
B25: CRA Proportional Adjustment | F25: =F7/D23 -> 5.0838221 | G25: ="(9)" -> (9)
IN26: .
A27: ADJUSTED FLATS MAIL PROCESSING UNIT COSTS (CENTS)
D29: ="(10)" -> (10) | E29: ="(11)" -> (11) | F29: ="(12)" -> (12) | G29: ="(13)" -> (13) | H29: ="(14)" -> (14) | I29: ="(15)" -> (15)
F30: WS Related | G30: Total WS Rel. | H30: NonWS Rel | I30: Total
D31: Model | E31: Proportional | F31: Fixed | G31: Mail Proc | H31: Mail Proc | I31: Mail Proc
B32: Rate Category | D32: Unit Cost | E32: Unit Cost | F32: Unit Cost | G32: Unit Cost | H32: Unit Cost | I32: Unit Cost
B34: =C18 -> Nonauto Presort | D34: =D18 -> 20.544372 | E34: =$F$25*D34 -> 104.44393 | F34: =$F$8 -> 9.3384898 | G34: =E34+F34 -> 113.78242 | H34: =$F$9 -> 0.13683503 | I34: =G34+H34 -> 113.91926
B36: =C19 -> Mixed ADC Auto Presort | D36: =D19 -> 21.187227 | E36: =$F$25*D36 -> 107.71209 | F36: =$F$8 -> 9.3384898 | G36: =E36+F36 -> 117.05058 | H36: =$F$9 -> 0.13683503 | I36: =G36+H36 -> 117.18742
B38: =C20 -> ADC Auto Presort | D38: =D20 -> 16.431415 | E38: =$F$25*D38 -> 83.534393 | F38: =$F$8 -> 9.3384898 | G38: =E38+F38 -> 92.872882 | H38: =$F$9 -> 0.13683503 | I38: =G38+H38 -> 93.009717
B40: =C21 -> 3-Digit Auto Presort | D40: =D21 -> 12.925919 | E40: =$F$25*D40 -> 65.713073 | F40: =$F$8 -> 9.3384898 | G40: =E40+F40 -> 75.051563 | H40: =$F$9 -> 0.13683503 | I40: =G40+H40 -> 75.188398
B42: =C22 -> 5-Digit Auto Presort | D42: =D22 -> 8.2198461 | E42: =$F$25*D42 -> 41.788235 | F42: =$F$8 -> 9.3384898 | G42: =E42+F42 -> 51.126725 | H42: =$F$9 -> 0.13683503 | I42: =G42+H42 -> 51.26356
A45: Source:
A46: ="(1)" -> (1) | B46: Sum of proportional cost pools on 'CRA PRESORT FLATS' worksheet
A47: ="(2)" -> (2) | B47: Sum of worksharing related fixed cost pools on 'CRA PRESORT FLATS' worksheet
A48: ="(3)" -> (3) | B48: Sum of non-worksharing related fixed cost pools on 'CRA PRESORT FLATS' worksheet
A49: ="(4)" -> (4) | B49: (1) + (2) + (3)
A50: ="(5)" -> (5) | B50: Model costs from respective rate category "COST" spreadsheets
A51: ="(6)" -> (6) | B51: FY mail volumes from 'FY VOLUME NONAUTO' and 'FY VOLUME AUTO' worksheets
A52: ="(7)" -> (7) | B52: Rate Category (6) / Total (6)
A53: ="(8)" -> (8) | B53: Sum [ Rate Category (5) * (7) ]
A54: ="(9)" -> (9) | B54: (1) / (8)
A55: ="(10)" -> (10) | B55: Model costs from respective rate category "COST" spreadsheets
A56: ="(11)" -> (11) | B56: (9) * (10)
A57: ="(12)" -> (12) | B57: ="(2)" -> (2)
A58: ="(13)" -> (13) | B58: (11) + (12)
A59: ="(14)" -> (14) | B59: ="(3)" -> (3)
A60: ="(15)" -> (15) | B60: (13) + (14)

Sheet PRESORT LEVELS HELD CONSTANT
A1: FIRST-CLASS PRESORT FLATS MAIL PROCESSING UNIT COST SUMMARY
A2: PRESORT LEVELS HELD CONSTANT
A5: ADJUSTED FLATS MAIL PROCESSING UNIT COSTS (CENTS)
D7: ="(1)" -> (1) | E7: ="(2)" -> (2) | F7: ="(3)" -> (3) | G7: ="(4)" -> (4) | H7: (5) | I7: (6)
F8: WS related | G8: Total WS rel. | H8: NonWS Rel | I8: Total
D9: Model | E9: Proportional | F9: Fixed | G9: Mail Proc | H9: Mail Proc | I9: Mail Proc
B10: Rate Category | D10: Unit Cost | E10: Unit Cost | F10: Unit Cost | G10: Unit Cost | H10: Unit Cost | I10: Unit Cost
B12: Mixed ADC Nonauto Presort | D12: ='MADC NONAUTO COST'!$K$77 -> 23.111559 | E12: =D12*'CRA ADJ UNIT COSTS'!$F$25 -> 117.49505 | F12: ='CRA ADJ UNIT COSTS'!$F$8 -> 9.3384898 | G12: =E12+F12 -> 126.83354 | H12: ='CRA ADJ UNIT COSTS'!$F$9 -> 0.13683503 | I12: =G12+H12 -> 126.97038
B14: ADC Nonauto Presort | D14: ='ADC NONAUTO COST'!$K$77 -> 18.275515 | E14: =D14*'CRA ADJ UNIT COSTS'!$F$25 -> 92.909468 | F14: ='CRA ADJ UNIT COSTS'!$F$8 -> 9.3384898 | G14: =E14+F14 -> 102.24796 | H14: ='CRA ADJ UNIT COSTS'!$F$9 -> 0.13683503 | I14: =G14+H14 -> 102.38479
B16: 3-Digit Nonauto Presort | D16: ='3D NONAUTO COST'!$K$77 -> 14.858897 | E16: =D16*'CRA ADJ UNIT COSTS'!$F$25 -> 75.539987 | F16: ='CRA ADJ UNIT COSTS'!$F$8 -> 9.3384898 | G16: =E16+F16 -> 84.878477 | H16: ='CRA ADJ UNIT COSTS'!$F$9 -> 0.13683503 | I16: =G16+H16 -> 85.015312
B18: 5-Digit Nonauto Presort | D18: ='5D NONAUTO COST'!$K$77 -> 9.9702587 | E18: =D18*'CRA ADJ UNIT COSTS'!$F$25 -> 50.687022 | F18: ='CRA ADJ UNIT COSTS'!$F$8 -> 9.3384898 | G18: =E18+F18 -> 60.025512 | H18: ='CRA ADJ UNIT COSTS'!$F$9 -> 0.13683503 | I18: =G18+H18 -> 60.162347
B20: ='CRA ADJ UNIT COSTS'!C19 -> Mixed ADC Auto Presort | D20: ='CRA ADJ UNIT COSTS'!D19 -> 21.187227 | E20: =D20*'CRA ADJ UNIT COSTS'!$F$25 -> 107.71209 | F20: ='CRA ADJ UNIT COSTS'!$F$8 -> 9.3384898 | G20: =E20+F20 -> 117.05058 | H20: ='CRA ADJ UNIT COSTS'!$F$9 -> 0.13683503 | I20: =G20+H20 -> 117.18742
B22: ='CRA ADJ UNIT COSTS'!C20 -> ADC Auto Presort | D22: ='CRA ADJ UNIT COSTS'!D20 -> 16.431415 | E22: =D22*'CRA ADJ UNIT COSTS'!$F$25 -> 83.534393 | F22: ='CRA ADJ UNIT COSTS'!$F$8 -> 9.3384898 | G22: =E22+F22 -> 92.872882 | H22: ='CRA ADJ UNIT COSTS'!$F$9 -> 0.13683503 | I22: =G22+H22 -> 93.009717
B24: ='CRA ADJ UNIT COSTS'!C21 -> 3-Digit Auto Presort | D24: ='CRA ADJ UNIT COSTS'!D21 -> 12.925919 | E24: =D24*'CRA ADJ UNIT COSTS'!$F$25 -> 65.713073 | F24: ='CRA ADJ UNIT COSTS'!$F$8 -> 9.3384898 | G24: =E24+F24 -> 75.051563 | H24: ='CRA ADJ UNIT COSTS'!$F$9 -> 0.13683503 | I24: =G24+H24 -> 75.188398
B26: ='CRA ADJ UNIT COSTS'!C22 -> 5-Digit Auto Presort | D26: ='CRA ADJ UNIT COSTS'!D22 -> 8.2198461 | E26: =D26*'CRA ADJ UNIT COSTS'!$F$25 -> 41.788235 | F26: ='CRA ADJ UNIT COSTS'!$F$8 -> 9.3384898 | G26: =E26+F26 -> 51.126725 | H26: ='CRA ADJ UNIT COSTS'!$F$9 -> 0.13683503 | I26: =G26+H26 -> 51.26356
A29: ="(1)" -> (1) | B29: Model costs from respective rate category "COST" spreadsheets
A30: ="(2)" -> (2) | B30: (1) * [ (8) from 'CRA ADJ UNIT COSTS' ]
A31: ="(3)" -> (3) | B31: (2) from 'CRA ADJ UNIT COSTS'
A32: ="(4)" -> (4) | B32: (2) + (3)
A33: (5) | B33: Sum of Non-worksharing related Fixed costs.
A34: (6) | B34: (4)+(5)

Sheet OUT TRAY SORT FC C&L&F
A1: OUTGOING LETTER TRAY/FLAT TUB SORTING UNIT COST AVOIDANCE
D4: [1] | E4: [2] | F4: [3] | G4: [4] | H4: [5] | I4: [6] | J4: [7] | K4: [8] | L4: [9] | M4: [10] | N4: [11]
G5: Marginal
D6: Pieces | E6: Trays | F6: Volume | G6: Trays | I6: Direct | K6: Premium | L6: Premium | M6: Total | N6: Total
D7: Per | E7: Per | F7: Variability | G7: Per | H7: Wage | I7: Cents | J7: Piggyback | K7: Pay | L7: Pay | M7: Cents | N7: Cents
A8: Operation | C8: Product | D8: Tray/Tub | E8: Hour | F8: Factor | G8: Hour | H8: Rate | I8: Per Tray | J8: Factor | K8: Factor | L8: Adjust | M8: Per Tray | N8: Per Piece
A10: Outgoing Letter Tray Sort | C10: First-Class Mail Presort Cards | D10: =SUM('[1]FCM PCS PER TRAY'!$B$18:$B$20)/SUM('[1]FCM PCS PER TRAY'!$C$18:$C$20) -> 509.10861 | E10: =PRODUCTIVITIES!$C$7 -> 85.837148 | F10: =PRODUCTIVITIES!$B$7 -> 0.9497 | G10: =E10/F10 -> 90.383435 | H10: ='WAGE RATES'!$D$6 -> 50.107175 | I10: =H10*100/G10 -> 55.438449 | J10: =PIGGYBACKS!$B$14 -> 1.5358045 | K10: ='WAGE RATES'!C8 -> 1.0126974 | L10: =I10*(K10-1) -> 0.70392662 | M10: =I10*J10+L10 -> 85.846544 | N10: =M10/D10 -> 0.16862128
A11: Outgoing Letter Tray Sort | C11: First-Class Mail Presort Letters | D11: =SUM('[1]FCM PCS PER TRAY'!$B$10:$B$12)/SUM('[1]FCM PCS PER TRAY'!$C$10:$C$12) -> 247.3455 | E11: =PRODUCTIVITIES!$C$7 -> 85.837148 | F11: =PRODUCTIVITIES!$B$7 -> 0.9497 | G11: =E11/F11 -> 90.383435 | H11: ='WAGE RATES'!$D$6 -> 50.107175 | I11: =H11*100/G11 -> 55.438449 | J11: =PIGGYBACKS!$B$14 -> 1.5358045 | K11: ='WAGE RATES'!C9 -> 1.0210632 | L11: =I11*(K11-1) -> 1.167711 | M11: =I11*J11+L11 -> 86.310328 | N11: =M11/D11 -> 0.34894642
A12: Outgoing Flat Tub Sort | C12: First-Class Mail Presort Flats | D12: =SUM('[1]FCM PCS PER TRAY'!$C$30:$C$38)/SUM('[1]FCM PCS PER TRAY'!$D$30:$D$38) -> 51.222968 | E12: =PRODUCTIVITIES!$C$7 -> 85.837148 | F12: =PRODUCTIVITIES!$B$7 -> 0.9497 | G12: =E12/F12 -> 90.383435 | H12: ='WAGE RATES'!$D$6 -> 50.107175 | I12: =H12*100/G12 -> 55.438449 | J12: =PIGGYBACKS!$B$14 -> 1.5358045 | K12: ='WAGE RATES'!C10 -> 1.0289187 | L12: =I12*(K12-1) -> 1.6032098 | M12: =I12*J12+L12 -> 86.745827 | N12: =M12/D12 -> 1.6934948
A15: Sources:
A16: [1] | B16: USPS-FY25-14 Table MCS-16
A17: [2] | B17: Tab " PRODUCTIVITIES"
A18: [3] | B18: Tab 'WAGE RATES - PIGGYBACK FACTORS'
A19: [4] | B19: [2] / [3]
A20: [5] | B20: Tab 'WAGE RATES - PIGGYBACK FACTORS'
A21: [6] | B21: [5] * 100 / [4]
A22: [7] | B22: USPS-FY25-25
A23: [8] | B23: Tab 'WAGE RATES - PIGGYBACK FACTORS'
A24: [9] | B24: [6] * ( [8] - 1 )
A25: [10] | B25: [6] * [7] + [9]
A26: [11] | B26: [10] / [1]

Sheet CRA PRESORT FLATS
A1: CRA FIRST-CLASS PRESORT FLATS MAIL PROCESSING UNIT COSTS
A2: USPS-FY25-26
E5: Total
A6: Cost | E6: MP
A7: Pool | C7: Cost Pool | E7: Unit | G7: Work-sharing-Related
A8: No. | B8: Source | C8: Abbreviation | E8: Costs | G8: Proportional (Cents) | H8: Fixed (Cents) | I8: Non-WS Related (Cents) | K8: Key | L8: Treatment
E9: (1) | J9: 1 | K9: Piece Sorting | L9: Proportional
J10: 2 | K10: Fwd/Accept/Cust.Srv. | L10: WS Fixed
A11: 1 | B11: MODS 11 | C11: D/BCS | D11: =IF($M$12=1,4,3) -> 4 | E11: ='[2]FLAT Unit Costs W Final Adj'!$E$6 -> 1.1272592 | G11: =IF($M$12=1,$E11*G$83,0) -> 0.97839275 | H11: =IF($M$12=1,$E11*H$83,0) -> 0.14671664 | I11: =IF($M$12=1,$E11*I$83,E11) -> 0.0021498096 | J11: 3 | K11: Non-WS | L11: Non WS
J12: 4 | K12: Unexpected | L12: =IF(M12=1,"Piggybacked","Non WS") -> Piggybacked | M12: 1
A13: 3 | B13: MODS 12 | C13: AFSM100 | D13: 1 | E13: ='[2]FLAT Unit Costs W Final Adj'!$E$7 -> 30.215422 | G13: =E13 -> 30.215422 | J13: 5 | K13: Allied/Support | L13: Piggybacked
A14: 4 | B14: MODS 12 | C14: FSS | D14: 1 | E14: 0 | G14: =E14 -> 0
A17: 7 | B17: MODS 13 | C17: APBS BUNDLE | D17: 1 | E17: ='[2]FLAT Unit Costs W Final Adj'!E9 -> 0.2062359 | G17: =E17 -> 0.2062359 | K17: Note: OPBULK, OPPREF and Pouching
A18: 8 | B18: MODS 13 | C18: APBSPRIO | D18: 1 | E18: ='[2]FLAT Unit Costs W Final Adj'!E10 -> 1.2154889 | G18: =E18 -> 1.2154889 | K18: were WS related fixed in 3 column system,
A19: 9 | B19: MODS 16 | C19: LCUS-SSM | D19: 5 | E19: ='[2]FLAT Unit Costs W Final Adj'!E11 -> 0.70835712 | G19: =$E19*G$83 -> 0.6148111 | H19: =$E19*H$83 -> 0.092195102 | I19: =$E19*I$83 -> 0.0013509164 | K19: are grouped with prep and accept
A20: 10 | B20: MODS 16 | C20: 1TRAYSRT | D20: 5 | E20: ='[2]FLAT Unit Costs W Final Adj'!E12 -> 2.3674793 | G20: =$E20*G$83 -> 2.0548287 | H20: =$E20*H$83 -> 0.30813553 | I20: =$E20*I$83 -> 0.0045150484
A21: 11 | B21: MODS 14 | C21: MANF | D21: 1 | E21: ='[2]FLAT Unit Costs W Final Adj'!E13 -> 3.2575517 | G21: =E21 -> 3.2575517
A22: 12 | B22: MODS 14 | C22: MANL | D22: =IF($M$12=1,4,3) -> 4 | E22: ='[2]FLAT Unit Costs W Final Adj'!E14 -> 0.41846347 | G22: =IF($M$12=1,$E22*G$83,0) -> 0.36320096 | H22: =IF($M$12=1,$E22*H$83,0) -> 0.054464452 | I22: =IF($M$12=1,$E22*I$83,E22) -> 0.00079805675
A23: 13 | B23: MODS 14 | C23: MANP | D23: =IF($M$12=1,4,3) -> 4 | E23: ='[2]FLAT Unit Costs W Final Adj'!E15 -> 0.0014324584 | G23: =IF($M$12=1,$E23*G$83,0) -> 0.0012432872 | H23: =IF($M$12=1,$E23*H$83,0) -> 0.00018643936 | I23: =IF($M$12=1,$E23*I$83,E23) -> 2.7318587e-06
A24: 14 | B24: MODS 14 | C24: PRIORITY | D24: =IF($M$12=1,4,3) -> 4 | E24: ='[2]FLAT Unit Costs W Final Adj'!E16 -> 0.33800046 | G24: =IF($M$12=1,$E24*G$83,0) -> 0.29336394 | H24: =IF($M$12=1,$E24*H$83,0) -> 0.043991916 | I24: =IF($M$12=1,$E24*I$83,E24) -> 0.00064460477
A25: 15 | B25: MODS 15 | C25: LD15 | D25: =IF($M$12=1,4,3) -> 4 | E25: ='[2]FLAT Unit Costs W Final Adj'!E17 -> 0.10180843 | G25: =IF($M$12=1,$E25*G$83,0) -> 0.088363554 | H25: =IF($M$12=1,$E25*H$83,0) -> 0.013250715 | I25: =IF($M$12=1,$E25*I$83,E25) -> 0.00019416009
A26: 16 | B26: MODS 17 | C26: 1CANCEL | D26: 2 | E26: ='[2]FLAT Unit Costs W Final Adj'!E18 -> 1.7467164 | H26: =E26 -> 1.7467164
A27: 17 | B27: MODS 17 | C27: 1DSPATCH | D27: 2 | E27: ='[2]FLAT Unit Costs W Final Adj'!E19 -> 0.26912676 | H27: =E27 -> 0.26912676
A29: 19 | B29: MODS 17 | C29: 1MTRPREP | D29: 2 | E29: ='[2]FLAT Unit Costs W Final Adj'!E20 -> 0 | H29: =E29 -> 0
A30: 20 | B30: MODS 17 | C30: 1OPBULK | D30: 2 | E30: ='[2]FLAT Unit Costs W Final Adj'!E21 -> 0.12579919 | H30: =E30 -> 0.12579919
A31: 21 | B31: MODS 17 | C31: 1OPPREF | D31: 2 | E31: ='[2]FLAT Unit Costs W Final Adj'!E22 -> 1.7180085 | H31: =E31 -> 1.7180085
A32: 22 | B32: MODS 17 | C32: 1OPTRANS | D32: 5 | E32: ='[2]FLAT Unit Costs W Final Adj'!E23 -> 0.065282666 | G32: =$E32*G$83 -> 0.056661402 | H32: =$E32*H$83 -> 0.0084967622 | I32: =$E32*I$83 -> 0.00012450136
A33: 23 | B33: MODS 17 | C33: 1PLATFRM | D33: 5 | E33: ='[2]FLAT Unit Costs W Final Adj'!E24 -> 9.6866678 | G33: =$E33*G$83 -> 8.4074413 | H33: =$E33*H$83 -> 1.2607529 | I33: =$E33*I$83 -> 0.018473561
A34: 24 | B34: MODS 17 | C34: 1POUCHNG | D34: 2 | E34: ='[2]FLAT Unit Costs W Final Adj'!E25 -> 0.083184343 | H34: =E34 -> 0.083184343
A35: 25 | B35: MODS 17 | C35: 1PRESORT | D35: 5 | E35: ='[2]FLAT Unit Costs W Final Adj'!E26 -> 0.063063595 | G35: =$E35*G$83 -> 0.054735383 | H35: =$E35*H$83 -> 0.0082079425 | I35: =$E35*I$83 -> 0.00012026934
A36: 26 | B36: MODS 17 | C36: 1SACKS_H | D36: 5 | E36: ='[2]FLAT Unit Costs W Final Adj'!E27 -> 0.03793679 | G36: =$E36*G$83 -> 0.032926837 | H36: =$E36*H$83 -> 0.0049376029 | I36: =$E36*I$83 -> 7.234971e-05
A37: 27 | B37: MODS 17 | C37: 1SCAN | D37: 2 | E37: ='[2]FLAT Unit Costs W Final Adj'!E28 -> 0.35322378 | H37: =E37 -> 0.35322378
A38: 28 | B38: MODS 18 | C38: BUSREPLY | D38: 3 | E38: ='[2]FLAT Unit Costs W Final Adj'!E29 -> 0.063474976 | I38: =E38 -> 0.063474976
A39: 29 | B39: MODS 18 | C39: EXPRESS | D39: =IF($M$12=1,4,3) -> 4 | E39: ='[2]FLAT Unit Costs W Final Adj'!E30 -> 0.25146952 | G39: =IF($M$12=1,$E39*G$83,0) -> 0.21826032 | H39: =IF($M$12=1,$E39*H$83,0) -> 0.032729618 | I39: =IF($M$12=1,$E39*I$83,E39) -> 0.00047958056
A41: 31 | B41: MODS 18 | C41: REGISTRY | D41: 3 | E41: ='[2]FLAT Unit Costs W Final Adj'!E31 -> 0.026764577 | I41: =E41 -> 0.026764577
A42: 32 | B42: MODS 18 | C42: REWRAP | D42: 2 | E42: ='[2]FLAT Unit Costs W Final Adj'!E32 -> 0.045210846 | H42: =E42 -> 0.045210846
A43: 33 | B43: MODS 18 | C43: 1EEQMT | D43: 5 | E43: ='[2]FLAT Unit Costs W Final Adj'!E33 -> 0.34043531 | G43: =$E43*G$83 -> 0.29547725 | H43: =$E43*H$83 -> 0.044308821 | I43: =$E43*I$83 -> 0.0006492483
A44: 34 | B44: MODS 18 | C44: 1MISC | D44: 5 | E44: ='[2]FLAT Unit Costs W Final Adj'!E34 -> 0.1366616 | G44: =$E44*G$83 -> 0.118614 | H44: =$E44*H$83 -> 0.017786975 | I44: =$E44*I$83 -> 0.00026062899
A45: 35 | B45: MODS 18 | C45: 1SUPPORT | D45: 5 | E45: ='[2]FLAT Unit Costs W Final Adj'!E35 -> 0.15321664 | G45: =$E45*G$83 -> 0.13298277 | H45: =$E45*H$83 -> 0.01994167 | I45: =$E45*I$83 -> 0.00029220131
A46: 36 | B46: MODS 19 | C46: INTL ISC | D46: =IF($M$12=1,4,3) -> 4 | E46: ='[2]FLAT Unit Costs W Final Adj'!E36 -> 0 | G46: =IF($M$12=1,$E46*G$83,0) -> 0 | H46: =IF($M$12=1,$E46*H$83,0) -> 0 | I46: =IF($M$12=1,$E46*I$83,E46) -> 0
A58: 47 | B58: NDCS | C58: FSS | D58: 1 | E58: 0 | G58: =E58 -> 0
A59: 48 | B59: NDCS | C59: MANP | D59: =IF($M$12=1,4,3) -> 4 | E59: ='[2]FLAT Unit Costs W Final Adj'!$E$38 -> 0.00025773454 | G59: =IF($M$12=1,$E59*G$83,0) -> 0.00022369798 | H59: =IF($M$12=1,$E59*H$83,0) -> 3.3545033e-05 | I59: =IF($M$12=1,$E59*I$83,E59) -> 4.9152867e-07
A61: 50 | B61: NDCS | C61: OTHR | D61: =IF($M$12=1,4,3) -> 4 | E61: ='[2]FLAT Unit Costs W Final Adj'!E39 -> 0.19441349 | G61: =IF($M$12=1,$E61*G$83,0) -> 0.16873914 | H61: =IF($M$12=1,$E61*H$83,0) -> 0.025303581 | I61: =IF($M$12=1,$E61*I$83,E61) -> 0.00037076832
A62: 51 | B62: NDCS | C62: PLA | D62: =IF($M$12=1,4,3) -> 4 | E62: ='[2]FLAT Unit Costs W Final Adj'!E40 -> 0.4129755 | G62: =IF($M$12=1,$E62*G$83,0) -> 0.35843773 | H62: =IF($M$12=1,$E62*H$83,0) -> 0.053750174 | I62: =IF($M$12=1,$E62*I$83,E62) -> 0.00078759057
A63: 52 | B63: NDCS | C63: PSM | D63: =IF($M$12=1,4,3) -> 4 | E63: ='[2]FLAT Unit Costs W Final Adj'!E41 -> 0.085505057 | G63: =IF($M$12=1,$E63*G$83,0) -> 0.074213214 | H63: =IF($M$12=1,$E63*H$83,0) -> 0.011128776 | I63: =IF($M$12=1,$E63*I$83,E63) -> 0.00016306773
A64: 53 | B64: NDCS | C64: APBS | D64: =IF($M$12=1,4,3) -> 4 | E64: ='[2]FLAT Unit Costs W Final Adj'!E42 -> 0 | G64: =IF($M$12=1,$E64*G$83,0) -> 0 | H64: =IF($M$12=1,$E64*H$83,0) -> 0 | I64: =IF($M$12=1,$E64*I$83,E64) -> 0
A65: 54 | B65: NDCS | C65: SSM | D65: =IF($M$12=1,4,3) -> 4 | E65: ='[2]FLAT Unit Costs W Final Adj'!E43 -> 0.073235602 | G65: =IF($M$12=1,$E65*G$83,0) -> 0.063564069 | H65: =IF($M$12=1,$E65*H$83,0) -> 0.009531864 | I65: =IF($M$12=1,$E65*I$83,E65) -> 0.0001396685
A66: 55 | B66: NDCS | C66: TRAYSORT | D66: =IF($M$12=1,4,3) -> 4 | E66: ='[2]FLAT Unit Costs W Final Adj'!E44 -> 0.16899803 | G66: =IF($M$12=1,$E66*G$83,0) -> 0.14668006 | H66: =IF($M$12=1,$E66*H$83,0) -> 0.021995671 | I66: =IF($M$12=1,$E66*I$83,E66) -> 0.00032229818
A67: 56 | B67: NDCS | C67: ALLIED | D67: 5 | E67: ='[2]FLAT Unit Costs W Final Adj'!E45 -> 4.5024722 | G67: =$E67*G$83 -> 3.9078733 | H67: =$E67*H$83 -> 0.58601215 | I67: =$E67*I$83 -> 0.0085867191
A68: 57 | B68: NDCS | C68: AUTO/MEC | D68: 1 | E68: ='[2]FLAT Unit Costs W Final Adj'!E46 -> 0.0668769 | G68: =E68 -> 0.0668769
A69: 58 | B69: NON MODS | C69: BULKACCP | D69: 2 | E69: ='[2]FLAT Unit Costs W Final Adj'!E47 -> 0.0027925734 | H69: =E69 -> 0.0027925734
A70: 59 | B70: NON MODS | C70: BUSREPLY | D70: 1 | E70: ='[2]FLAT Unit Costs W Final Adj'!E48 -> 0.33540321 | G70: =E70 -> 0.33540321
A71: 60 | B71: NON MODS | C71: CFS | D71: 2 | E71: ='[2]FLAT Unit Costs W Final Adj'!E49 -> 2.0821376 | H71: =E71 -> 2.0821376
A72: 61 | B72: NON MODS | C72: D.PO BOX | D72: 1 | E72: ='[2]FLAT Unit Costs W Final Adj'!E50 -> 1.9993933 | G72: =E72 -> 1.9993933
A73: 62 | B73: NON MODS | C73: EXPRESS | D73: =IF($M$12=1,4,3) -> 4 | E73: ='[2]FLAT Unit Costs W Final Adj'!E51 -> 0 | G73: =IF($M$12=1,$E73*G$83,0) -> 0 | H73: =IF($M$12=1,$E73*H$83,0) -> 0 | I73: =IF($M$12=1,$E73*I$83,E73) -> 0
A74: 63 | B74: NON MODS | C74: MANF | D74: 1 | E74: ='[2]FLAT Unit Costs W Final Adj'!E52 -> 5.5573051 | G74: =E74 -> 5.5573051
A75: 64 | B75: NON MODS | C75: MANL | D75: =IF($M$12=1,4,3) -> 4 | E75: ='[2]FLAT Unit Costs W Final Adj'!E53 -> 0.16617247 | G75: =IF($M$12=1,$E75*G$83,0) -> 0.14422765 | H75: =IF($M$12=1,$E75*H$83,0) -> 0.021627916 | I75: =IF($M$12=1,$E75*I$83,E75) -> 0.00031690953
A76: 65 | B76: NON MODS | C76: MANP | D76: =IF($M$12=1,4,3) -> 4 | E76: ='[2]FLAT Unit Costs W Final Adj'!E54 -> 0.3967614 | G76: =IF($M$12=1,$E76*G$83,0) -> 0.34436488 | H76: =IF($M$12=1,$E76*H$83,0) -> 0.051639854 | I76: =IF($M$12=1,$E76*I$83,E76) -> 0.00075666847
A77: 66 | B77: NON MODS | C77: MISC | D77: 5 | E77: ='[2]FLAT Unit Costs W Final Adj'!E55 -> 0.57749624 | G77: =$E77*G$83 -> 0.50123178 | H77: =$E77*H$83 -> 0.07516311 | I77: =$E77*I$83 -> 0.0011013501
A78: 67 | B78: NON MODS | C78: OTH ACCT | D78: 3 | E78: ='[2]FLAT Unit Costs W Final Adj'!E56 -> 0.0039222736 | I78: =E78 -> 0.0039222736
A79: 68 | B79: NON MODS | C79: REGISTRY | D79: 3 | E79: ='[2]FLAT Unit Costs W Final Adj'!E57 -> 0 | I79: =E79 -> 0
E80: =SUM(E10:E79) -> 71.749861 | G80: =SUM(G10:G79) -> 62.274536 | H80: =SUM(H10:H79) -> 9.3384898 | I80: =SUM(I10:I79) -> 0.13683503
G81: =G80/$E$80 -> 0.86793947 | H81: =H80/$E$80 -> 0.13015342 | I81: =I80/$E$80 -> 0.0019071121
C82: Total Assigned | E82: =G82+H82+I82 -> 49.374039 | G82: =SUMIF($D$11:$D$79,1,$E$11:$E$79) -> 42.853677 | H82: =SUMIF($D$11:$D$79,2,$E$11:$E$79) -> 6.4262001 | I82: =SUMIF($D$11:$D$79,3,$E$11:$E$79) -> 0.094161827
C83: (piggyback basis) | G83: =G82/E82 -> 0.86793947 | H83: =H82/E82 -> 0.13015342 | I83: =I82/E82 -> 0.0019071121
A85: (1) | B85: Presort flats from USPS-FY25-26, sheet 'FLAT Unit Costs W Final Adj'

Sheet BUNDLE OPS SUMMARY
A1: FIRST-CLASS MAIL PARCEL ADDITIONAL MAIL PROCESSING UNIT COST SUMMARY
G2: Parcel Cost Proxy
B3: ="(1)" -> (1) | C3: ="(2)" -> (2) | E3: ="(3)" -> (3) | G3: ="(4)" -> (4) | H3: ="(5)" -> (5) | J3: Note: Column J data was removed as it provided MP costs of FCM parcels which are classified as Competitive products this year. This column is not needed for pricing this year and is therefore redundant.
E4: Average | G4: Bundle Operations | H4: Additional
B5: FY | C5: FY | E5: First-Class Mail | G5: Piece Distribution | H5: Unit Cost
A6: Rate Category | B6: Volume | C6: Volume (%) | E6: Flat (Cents) | G6: (Cents) | H6: (Cents)
A8: Nonautomation | B8: ='FY VOLUME NONAUTO'!E35 -> 7939550 | C8: =B8/$B$18 -> 0.018344708 | E8: ='CRA ADJ UNIT COSTS'!$G$34 -> 113.78242 | G8: =(((SUM('FY VOLUME NONAUTO'!E7:E11)+SUM('FY VOLUME NONAUTO'!E21:E25))*'OP BUNDLE OPS'!K33+(SUM('FY VOLUME NONAUTO'!E12:E15)+SUM('FY VOLUME NONAUTO'!E26:E29))*'MMP BUNDLE OPS'!K33+(SUM('FY VOLUME NONAUTO'!E16:E18)+SUM('FY VOLUME NONAUTO'!E30:E32))*'3D BUNDLE OPS'!K33+(SUM('FY VOLUME NONAUTO'!E19:E20)+SUM('FY VOLUME NONAUTO'!E33:E34))*'5D BUNDLE OPS'!K33)/'FY VOLUME NONAUTO'!E35)*'CRA ADJ UNIT COSTS'!F25+'CRA ADJ UNIT COSTS'!F8 -> 661.48614 | H8: =G8-E8 -> 547.70371
A10: Automation MADC | B10: ='FY VOLUME AUTO'!E12 -> 42124580 | C10: =B10/$B$18 -> 0.097330847 | E10: ='CRA ADJ UNIT COSTS'!G36 -> 117.05058 | G10: ='OP BUNDLE OPS'!K33*'CRA ADJ UNIT COSTS'!F25+'CRA ADJ UNIT COSTS'!F8 -> 739.40159 | H10: =G10-E10 -> 622.35101
A12: Automation ADC | B12: ='FY VOLUME AUTO'!E23 -> 35262554 | C12: =B12/$B$18 -> 0.08147581 | E12: ='CRA ADJ UNIT COSTS'!G38 -> 92.872882 | G12: ='MMP BUNDLE OPS'!K33*'CRA ADJ UNIT COSTS'!F25+'CRA ADJ UNIT COSTS'!F8 -> 515.96646 | H12: =G12-E12 -> 423.09358
A14: Automation 3-Digit | B14: ='FY VOLUME AUTO'!E36 -> 1.7220086e+08 | C14: =B14/$B$18 -> 0.39787829 | E14: ='CRA ADJ UNIT COSTS'!G40 -> 75.051563 | G14: ='3D BUNDLE OPS'!K33*'CRA ADJ UNIT COSTS'!F25+'CRA ADJ UNIT COSTS'!F8 -> 381.91494 | H14: =G14-E14 -> 306.86338
A16: Automation 5-Digit | B16: ='FY VOLUME AUTO'!E51 -> 1.7527029e+08 | C16: =B16/$B$18 -> 0.40497035 | E16: ='CRA ADJ UNIT COSTS'!G42 -> 51.126725 | G16: ='5D BUNDLE OPS'!K33*'CRA ADJ UNIT COSTS'!F25+'CRA ADJ UNIT COSTS'!F8 -> 269.54384 | H16: =G16-E16 -> 218.41712
A18: Total / Aggregate | B18: =SUM(B8:B16) -> 4.3279784e+08 | C18: =SUM(C8:C16) -> 1 | E18: =SUMPRODUCT(C8:C16,E8:E16) -> 71.613026 | G18: =SUMPRODUCT(C8:C16,G8:G16) -> 387.25307 | H18: =G18-E18 -> 315.64004
A21: (1) FY mail volumes from 'FY VOLUME NONAUTO' and 'FY VOLUME AUTO' worksheets
A22: (2) Rate Category (1) / Total (1)
A23: (3) Average CRA-adjusted flats mail processing unit cost estimate by rate category from page 1
A24: (4) Model costs (pages 5 through 8) * proportional CRA adjustment factor (page 1) + fixed CRA adjustment factor (page 1)
A25: Note: The nonautomation model cost is the weighted average of models costs on pages 5 through 8 using
A26: FY mail volume data from 'FY VOLUME NONAUTO' worksheets
A27: (5) (4) - (3)

Sheet OP BUNDLE OPS
A1: OUTGOING PRIMARY (BUNDLE OPS PIECE DISTRIBUTION)
A2: COST SHEET
C4: ="(1)" -> (1) | D4: ="(2)" -> (2) | E4: ="(3)" -> (3) | F4: ="(4)" -> (4) | G4: ="(5)" -> (5) | H4: ="(6)" -> (6) | I4: ="(7)" -> (7) | J4: ="(8)" -> (8) | K4: ="(9)" -> (9)
D6: Bundles | F6: Direct | H6: Premium | I6: Premium | J6: Total | K6: Weighted
D7: or Pieces | E7: Wage | F7: Cents | G7: Piggyback | H7: Pay | I7: Pay | J7: Cents | K7: Cents
A8: Operation | C8: Volume | D8: Per Hour | E8: Rate | F8: Per Piece | G8: Factor | H8: Factor | I8: Adjust | J8: Per Piece | K8: Per Piece
A10: Outgoing Primary (Bundle Ops)
B11: APPS | C11: =10000*'COVERAGE FACTORS'!C7 -> 4132.2615 | D11: =PRODUCTIVITIES!$E$8 -> 175.66894 | E11: ='WAGE RATES'!$D$6 -> 50.107175 | F11: =E11*100/D11 -> 28.523639 | G11: =PIGGYBACKS!$B$5 -> 1.8052502 | H11: ='WAGE RATES'!$D$10 -> 1.0285306 | I11: =(H11-1)*F11 -> 0.81379702 | J11: =F11*G11+I11 -> 52.306103 | K11: =C11*J11/10000 -> 21.614249
B12: APBS / LIPS | C12: =10000*'COVERAGE FACTORS'!C9 -> 5795.3241 | D12: =PRODUCTIVITIES!$E$10 -> 194.60203 | E12: ='WAGE RATES'!$D$6 -> 50.107175 | F12: =E12*100/D12 -> 25.748537 | G12: =PIGGYBACKS!$B$6 -> 1.6056413 | H12: ='WAGE RATES'!$D$10 -> 1.0285306 | I12: =(H12-1)*F12 -> 0.73462165 | J12: =F12*G12+I12 -> 42.077535 | K12: =C12*J12/10000 -> 24.385295
B13: Manual | C13: =10000*'COVERAGE FACTORS'!C11 -> 72.414474 | D13: =PRODUCTIVITIES!$E$12 -> 388.77899 | E13: ='WAGE RATES'!$D$6 -> 50.107175 | F13: =E13*100/D13 -> 12.888344 | G13: =PIGGYBACKS!$B$7 -> 1.5985379 | H13: ='WAGE RATES'!$D$10 -> 1.0285306 | I13: =(H13-1)*F13 -> 0.36771242 | J13: =F13*G13+I13 -> 20.970219 | K13: =C13*J13/10000 -> 0.15185474
A15: Incoming MMP (Bundle Ops)
B16: APPS | C16: =SUM($C$11:$C$13)*'BUNDLE DENSITIES'!$K$8*'COVERAGE FACTORS'!C31 -> 4161.3205 | D16: =PRODUCTIVITIES!$E$9 -> 204.15275 | E16: ='WAGE RATES'!$D$6 -> 50.107175 | F16: =E16*100/D16 -> 24.543962 | G16: =PIGGYBACKS!$B$5 -> 1.8052502 | H16: ='WAGE RATES'!$D$10 -> 1.0285306 | I16: =(H16-1)*F16 -> 0.70025439 | J16: =F16*G16+I16 -> 45.008248 | K16: =C16*J16/10000 -> 18.729375
B17: APBS / LIPS | C17: =SUM($C$11:$C$13)*'BUNDLE DENSITIES'!$K$8*'COVERAGE FACTORS'!C33 -> 5049.042 | D17: =PRODUCTIVITIES!$E$11 -> 163.71091 | E17: ='WAGE RATES'!$D$6 -> 50.107175 | F17: =E17*100/D17 -> 30.607108 | G17: =PIGGYBACKS!$B$6 -> 1.6056413 | H17: ='WAGE RATES'!$D$10 -> 1.0285306 | I17: =(H17-1)*F17 -> 0.87323969 | J17: =F17*G17+I17 -> 50.017276 | K17: =C17*J17/10000 -> 25.253932
B18: Manual | C18: =SUM($C$11:$C$13)*'BUNDLE DENSITIES'!$K$8*'COVERAGE FACTORS'!C35 -> 292.55904 | D18: =PRODUCTIVITIES!$E$13 -> 388.77899 | E18: ='WAGE RATES'!$D$6 -> 50.107175 | F18: =E18*100/D18 -> 12.888344 | G18: =PIGGYBACKS!$B$7 -> 1.5985379 | H18: ='WAGE RATES'!$D$10 -> 1.0285306 | I18: =(H18-1)*F18 -> 0.36771242 | J18: =F18*G18+I18 -> 20.970219 | K18: =C18*J18/10000 -> 0.61350272
A20: Incoming Primary (Bundle Ops)
B21: APPS | C21: =(SUM($C$11:$C$13)*'BUNDLE DENSITIES'!$K$9+SUM($C$16:$C$18)*'BUNDLE DENSITIES'!$K$16)*'COVERAGE FACTORS'!C31 -> 331.62639 | D21: =PRODUCTIVITIES!$E$9 -> 204.15275 | E21: ='WAGE RATES'!$D$6 -> 50.107175 | F21: =E21*100/D21 -> 24.543962 | G21: =PIGGYBACKS!$B$5 -> 1.8052502 | H21: ='WAGE RATES'!$D$10 -> 1.0285306 | I21: =(H21-1)*F21 -> 0.70025439 | J21: =F21*G21+I21 -> 45.008248 | K21: =C21*J21/10000 -> 1.4925923
B22: APBS / LIPS | C22: =(SUM($C$11:$C$13)*'BUNDLE DENSITIES'!$K$9+SUM($C$16:$C$18)*'BUNDLE DENSITIES'!$K$16)*'COVERAGE FACTORS'!C33 -> 402.37122 | D22: =PRODUCTIVITIES!$E$11 -> 163.71091 | E22: ='WAGE RATES'!$D$6 -> 50.107175 | F22: =E22*100/D22 -> 30.607108 | G22: =PIGGYBACKS!$B$6 -> 1.6056413 | H22: ='WAGE RATES'!$D$10 -> 1.0285306 | I22: =(H22-1)*F22 -> 0.87323969 | J22: =F22*G22+I22 -> 50.017276 | K22: =C22*J22/10000 -> 2.0125512
B23: Manual | C23: =(SUM($C$11:$C$13)*'BUNDLE DENSITIES'!$K$9+SUM($C$16:$C$18)*'BUNDLE DENSITIES'!$K$16)*'COVERAGE FACTORS'!C35 -> 23.314787 | D23: =PRODUCTIVITIES!$E$14 -> 388.77899 | E23: ='WAGE RATES'!$D$6 -> 50.107175 | F23: =E23*100/D23 -> 12.888344 | G23: =PIGGYBACKS!$B$7 -> 1.5985379 | H23: ='WAGE RATES'!$D$10 -> 1.0285306 | I23: =(H23-1)*F23 -> 0.36771242 | J23: =F23*G23+I23 -> 20.970219 | K23: =C23*J23/10000 -> 0.048891619
A25: Incoming Secondary (Bundle Ops)
B26: APPS | C26: =(SUM($C$11:$C$13)*'BUNDLE DENSITIES'!$K$10+SUM($C$16:$C$18)*'BUNDLE DENSITIES'!$K$17+SUM($C$21:$C$23)*'BUNDLE DENSITIES'!$K$23)*'BUNDLE DATA'!$D$44*'COVERAGE FACTORS'!$C$31/('COVERAGE FACTORS'!$C$31+'COVERAGE FACTORS'!$C$33) -> 0 | D26: =PRODUCTIVITIES!$E$9 -> 204.15275 | E26: ='WAGE RATES'!$D$6 -> 50.107175 | F26: =E26*100/D26 -> 24.543962 | G26: =PIGGYBACKS!$B$5 -> 1.8052502 | H26: ='WAGE RATES'!$D$10 -> 1.0285306 | I26: =(H26-1)*F26 -> 0.70025439 | J26: =F26*G26+I26 -> 45.008248 | K26: =C26*J26/10000 -> 0
B27: APBS / LIPS | C27: =(SUM($C$11:$C$13)*'BUNDLE DENSITIES'!$K$10+SUM($C$16:$C$18)*'BUNDLE DENSITIES'!$K$17+SUM($C$21:$C$23)*'BUNDLE DENSITIES'!$K$23)*'BUNDLE DATA'!$D$44*'COVERAGE FACTORS'!$C$33/('COVERAGE FACTORS'!$C$31+'COVERAGE FACTORS'!$C$33) -> 0 | D27: =PRODUCTIVITIES!$E$11 -> 163.71091 | E27: ='WAGE RATES'!$D$6 -> 50.107175 | F27: =E27*100/D27 -> 30.607108 | G27: =PIGGYBACKS!$B$6 -> 1.6056413 | H27: ='WAGE RATES'!$D$10 -> 1.0285306 | I27: =(H27-1)*F27 -> 0.87323969 | J27: =F27*G27+I27 -> 50.017276 | K27: =C27*J27/10000 -> 0
B28: Manual | C28: =(SUM($C$11:$C$13)*'BUNDLE DENSITIES'!$K$10+SUM($C$16:$C$18)*'BUNDLE DENSITIES'!$K$17+SUM($C$21:$C$23)*'BUNDLE DENSITIES'!$K$23)*(1-'BUNDLE DATA'!$D$44) -> 9356.2845 | D28: =PRODUCTIVITIES!E15 -> 279.1383 | E28: ='WAGE RATES'!$D$6 -> 50.107175 | F28: =E28*100/D28 -> 17.950663 | G28: =PIGGYBACKS!$B$7 -> 1.5985379 | H28: ='WAGE RATES'!$D$10 -> 1.0285306 | I28: =(H28-1)*F28 -> 0.51214348 | J28: =F28*G28+I28 -> 29.206957 | K28: =C28*J28/10000 -> 27.32686
A30: Incoming Secondary (Piece Ops) | C30: 10000 | D30: =PRODUCTIVITIES!E48 -> 307.67541 | E30: ='WAGE RATES'!D6 -> 50.107175 | F30: =E30*100/D30 -> 16.285726 | G30: =PIGGYBACKS!B13 -> 1.3208756 | H30: ='WAGE RATES'!$D$10 -> 1.0285306 | I30: =(H30-1)*F30 -> 0.46464181 | J30: =F30*G30+I30 -> 21.97606 | K30: =C30*J30/10000 -> 21.97606
K32: ="(10)" -> (10)
J33: MODEL COST = | K33: =SUM(K11:K30) -> 143.60516
A35: ="(1)" -> (1) | B35: Bundle data', 'Bundle densities' and 'Coverage factors' | F35: ="(6)" -> (6) | G35: Values From 'Wage Rates' worksheet
B36: used to flow 10,000 pieces through model | F36: ="(7)" -> (7) | G36: [ (6) - 1 ] * (4)
A37: ="(2)" -> (2) | B37: Values From 'Productivities' worksheet | F37: ="(8)" -> (8) | G37: (4) * (5) + (7)
A38: ="(3)" -> (3) | B38: Values From 'Wage Rates' worksheet | F38: ="(9)" -> (9) | G38: (1) * (8) / 10,000 Pieces
A39: ="(4)" -> (4) | B39: [ (3) * (100 cents/dollar) ] / (2) | F39: ="(10)" -> (10) | G39: Sum (9)
A40: ="(5)" -> (5) | B40: Values From 'Piggybacks' worksheet

Sheet MMP BUNDLE OPS
A1: INCOMING MMP (BUNDLE OPS PIECE DISTRIBUTION)
A2: COST SHEET
C4: ="(1)" -> (1) | D4: ="(2)" -> (2) | E4: ="(3)" -> (3) | F4: ="(4)" -> (4) | G4: ="(5)" -> (5) | H4: ="(6)" -> (6) | I4: ="(7)" -> (7) | J4: ="(8)" -> (8) | K4: ="(9)" -> (9)
D6: Bundles | F6: Direct | H6: Premium | I6: Premium | J6: Total | K6: Weighted
D7: or Pieces | E7: Wage | F7: Cents | G7: Piggyback | H7: Pay | I7: Pay | J7: Cents | K7: Cents
A8: Operation | C8: Volume | D8: Per Hour | E8: Rate | F8: Per Piece | G8: Factor | H8: Factor | I8: Adjust | J8: Per Piece | K8: Per Piece
A10: Outgoing Primary (Bundle Ops)
B11: APPS | C11: 0 | D11: =PRODUCTIVITIES!$E$8 -> 175.66894 | E11: ='WAGE RATES'!$D$6 -> 50.107175 | F11: =E11*100/D11 -> 28.523639 | G11: =PIGGYBACKS!$B$5 -> 1.8052502 | H11: ='WAGE RATES'!$D$10 -> 1.0285306 | I11: =(H11-1)*F11 -> 0.81379702 | J11: =F11*G11+I11 -> 52.306103 | K11: =C11*J11/10000 -> 0
B12: APBS / LIPS | C12: 0 | D12: =PRODUCTIVITIES!$E$10 -> 194.60203 | E12: ='WAGE RATES'!$D$6 -> 50.107175 | F12: =E12*100/D12 -> 25.748537 | G12: =PIGGYBACKS!$B$6 -> 1.6056413 | H12: ='WAGE RATES'!$D$10 -> 1.0285306 | I12: =(H12-1)*F12 -> 0.73462165 | J12: =F12*G12+I12 -> 42.077535 | K12: =C12*J12/10000 -> 0
B13: Manual | C13: 0 | D13: =PRODUCTIVITIES!$E$12 -> 388.77899 | E13: ='WAGE RATES'!$D$6 -> 50.107175 | F13: =E13*100/D13 -> 12.888344 | G13: =PIGGYBACKS!$B$7 -> 1.5985379 | H13: ='WAGE RATES'!$D$10 -> 1.0285306 | I13: =(H13-1)*F13 -> 0.36771242 | J13: =F13*G13+I13 -> 20.970219 | K13: =C13*J13/10000 -> 0
A15: Incoming MMP (Bundle Ops)
B16: APPS | C16: =10000*'COVERAGE FACTORS'!$C$31 -> 4378.9907 | D16: =PRODUCTIVITIES!$E$9 -> 204.15275 | E16: ='WAGE RATES'!$D$6 -> 50.107175 | F16: =E16*100/D16 -> 24.543962 | G16: =PIGGYBACKS!$B$5 -> 1.8052502 | H16: ='WAGE RATES'!$D$10 -> 1.0285306 | I16: =(H16-1)*F16 -> 0.70025439 | J16: =F16*G16+I16 -> 45.008248 | K16: =C16*J16/10000 -> 19.70907
B17: APBS / LIPS | C17: =10000*'COVERAGE FACTORS'!$C$33 -> 5313.1471 | D17: =PRODUCTIVITIES!$E$11 -> 163.71091 | E17: ='WAGE RATES'!$D$6 -> 50.107175 | F17: =E17*100/D17 -> 30.607108 | G17: =PIGGYBACKS!$B$6 -> 1.6056413 | H17: ='WAGE RATES'!$D$10 -> 1.0285306 | I17: =(H17-1)*F17 -> 0.87323969 | J17: =F17*G17+I17 -> 50.017276 | K17: =C17*J17/10000 -> 26.574914
B18: Manual | C18: =10000*'COVERAGE FACTORS'!$C$35 -> 307.86221 | D18: =PRODUCTIVITIES!$E$13 -> 388.77899 | E18: ='WAGE RATES'!$D$6 -> 50.107175 | F18: =E18*100/D18 -> 12.888344 | G18: =PIGGYBACKS!$B$7 -> 1.5985379 | H18: ='WAGE RATES'!$D$10 -> 1.0285306 | I18: =(H18-1)*F18 -> 0.36771242 | J18: =F18*G18+I18 -> 20.970219 | K18: =C18*J18/10000 -> 0.6455938
A20: Incoming Primary (Bundle Ops)
B21: APPS | C21: =SUM($C$16:$C$18)*'BUNDLE DENSITIES'!$K$16*'COVERAGE FACTORS'!$C$31 -> 305.55572 | D21: =PRODUCTIVITIES!$E$9 -> 204.15275 | E21: ='WAGE RATES'!$D$6 -> 50.107175 | F21: =E21*100/D21 -> 24.543962 | G21: =PIGGYBACKS!$B$5 -> 1.8052502 | H21: ='WAGE RATES'!$D$10 -> 1.0285306 | I21: =(H21-1)*F21 -> 0.70025439 | J21: =F21*G21+I21 -> 45.008248 | K21: =C21*J21/10000 -> 1.3752528
B22: APBS / LIPS | C22: =SUM($C$16:$C$18)*'BUNDLE DENSITIES'!$K$16*'COVERAGE FACTORS'!$C$33 -> 370.73897 | D22: =PRODUCTIVITIES!$E$11 -> 163.71091 | E22: ='WAGE RATES'!$D$6 -> 50.107175 | F22: =E22*100/D22 -> 30.607108 | G22: =PIGGYBACKS!$B$6 -> 1.6056413 | H22: ='WAGE RATES'!$D$10 -> 1.0285306 | I22: =(H22-1)*F22 -> 0.87323969 | J22: =F22*G22+I22 -> 50.017276 | K22: =C22*J22/10000 -> 1.8543353
B23: Manual | C23: =SUM($C$16:$C$18)*'BUNDLE DENSITIES'!$K$16*'COVERAGE FACTORS'!$C$35 -> 21.481905 | D23: =PRODUCTIVITIES!$E$14 -> 388.77899 | E23: ='WAGE RATES'!$D$6 -> 50.107175 | F23: =E23*100/D23 -> 12.888344 | G23: =PIGGYBACKS!$B$7 -> 1.5985379 | H23: ='WAGE RATES'!$D$10 -> 1.0285306 | I23: =(H23-1)*F23 -> 0.36771242 | J23: =F23*G23+I23 -> 20.970219 | K23: =C23*J23/10000 -> 0.045048025
A25: Incoming Secondary (Bundle Ops)
B26: APPS | C26: =(SUM($C$16:$C$18)*'BUNDLE DENSITIES'!$K$17+SUM($C$21:$C$23)*'BUNDLE DENSITIES'!$K$23)*'BUNDLE DATA'!$D$44*'COVERAGE FACTORS'!$C$31/('COVERAGE FACTORS'!$C$31+'COVERAGE FACTORS'!$C$33) -> 0 | D26: =PRODUCTIVITIES!$E$9 -> 204.15275 | E26: ='WAGE RATES'!$D$6 -> 50.107175 | F26: =E26*100/D26 -> 24.543962 | G26: =PIGGYBACKS!$B$5 -> 1.8052502 | H26: ='WAGE RATES'!$D$10 -> 1.0285306 | I26: =(H26-1)*F26 -> 0.70025439 | J26: =F26*G26+I26 -> 45.008248 | K26: =C26*J26/10000 -> 0
B27: APBS / LIPS | C27: =(SUM($C$16:$C$18)*'BUNDLE DENSITIES'!$K$17+SUM($C$21:$C$23)*'BUNDLE DENSITIES'!$K$23)*'BUNDLE DATA'!$D$44*'COVERAGE FACTORS'!$C$33/('COVERAGE FACTORS'!$C$31+'COVERAGE FACTORS'!$C$33) -> 0 | D27: =PRODUCTIVITIES!$E$11 -> 163.71091 | E27: ='WAGE RATES'!$D$6 -> 50.107175 | F27: =E27*100/D27 -> 30.607108 | G27: =PIGGYBACKS!$B$6 -> 1.6056413 | H27: ='WAGE RATES'!$D$10 -> 1.0285306 | I27: =(H27-1)*F27 -> 0.87323969 | J27: =F27*G27+I27 -> 50.017276 | K27: =C27*J27/10000 -> 0
B28: Manual | C28: =(SUM($C$16:$C$18)*'BUNDLE DENSITIES'!$K$17+SUM($C$21:$C$23)*'BUNDLE DENSITIES'!$K$23)*(1-'BUNDLE DATA'!$D$44) -> 9406.8899 | D28: =PRODUCTIVITIES!E15 -> 279.1383 | E28: ='WAGE RATES'!$D$6 -> 50.107175 | F28: =E28*100/D28 -> 17.950663 | G28: =PIGGYBACKS!$B$7 -> 1.5985379 | H28: ='WAGE RATES'!$D$10 -> 1.0285306 | I28: =(H28-1)*F28 -> 0.51214348 | J28: =F28*G28+I28 -> 29.206957 | K28: =C28*J28/10000 -> 27.474663
A30: Incoming Secondary (Piece Ops) | C30: 10000 | D30: =PRODUCTIVITIES!E48 -> 307.67541 | E30: ='WAGE RATES'!D6 -> 50.107175 | F30: =E30*100/D30 -> 16.285726 | G30: =PIGGYBACKS!B13 -> 1.3208756 | H30: ='WAGE RATES'!$D$10 -> 1.0285306 | I30: =(H30-1)*F30 -> 0.46464181 | J30: =F30*G30+I30 -> 21.97606 | K30: =C30*J30/10000 -> 21.97606
K32: ="(10)" -> (10)
J33: MODEL COST = | K33: =SUM(K11:K30) -> 99.654937
A35: ="(1)" -> (1) | B35: Bundle data', 'Bundle densities' and 'Coverage factors' | F35: ="(6)" -> (6) | G35: Values From 'Wage Rates' worksheet
B36: used to flow 10,000 pieces through model | F36: ="(7)" -> (7) | G36: [ (6) - 1 ] * (4)
A37: ="(2)" -> (2) | B37: Values From 'Productivities' worksheet | F37: ="(8)" -> (8) | G37: (4) * (5) + (7)
A38: ="(3)" -> (3) | B38: Values From 'Wage Rates' worksheet | F38: ="(9)" -> (9) | G38: (1) * (8) / 10,000 Pieces
A39: ="(4)" -> (4) | B39: [ (3) * (100 cents/dollar) ] / (2) | F39: ="(10)" -> (10) | G39: Sum (9)
A40: ="(5)" -> (5) | B40: Values From 'Piggybacks' worksheet

Sheet 3D BUNDLE OPS
A1: INCOMING PRIMARY (BUNDLE OPS PIECE DISTRIBUTION)
A2: COST SHEET
C4: ="(1)" -> (1) | D4: ="(2)" -> (2) | E4: ="(3)" -> (3) | F4: ="(4)" -> (4) | G4: ="(5)" -> (5) | H4: ="(6)" -> (6) | I4: ="(7)" -> (7) | J4: ="(8)" -> (8) | K4: ="(9)" -> (9)
D6: Bundles | F6: Direct | H6: Premium | I6: Premium | J6: Total | K6: Weighted
D7: or Pieces | E7: Wage | F7: Cents | G7: Piggyback | H7: Pay | I7: Pay | J7: Cents | K7: Cents
A8: Operation | C8: Volume | D8: Per Hour | E8: Rate | F8: Per Piece | G8: Factor | H8: Factor | I8: Adjust | J8: Per Piece | K8: Per Piece
A10: Outgoing Primary (Bundle Ops)
B11: APPS | C11: 0 | D11: =PRODUCTIVITIES!$E$8 -> 175.66894 | E11: ='WAGE RATES'!$D$6 -> 50.107175 | F11: =E11*100/D11 -> 28.523639 | G11: =PIGGYBACKS!$B$5 -> 1.8052502 | H11: ='WAGE RATES'!$D$10 -> 1.0285306 | I11: =(H11-1)*F11 -> 0.81379702 | J11: =F11*G11+I11 -> 52.306103 | K11: =C11*J11/10000 -> 0
B12: APBS / LIPS | C12: 0 | D12: =PRODUCTIVITIES!$E$10 -> 194.60203 | E12: ='WAGE RATES'!$D$6 -> 50.107175 | F12: =E12*100/D12 -> 25.748537 | G12: =PIGGYBACKS!$B$6 -> 1.6056413 | H12: ='WAGE RATES'!$D$10 -> 1.0285306 | I12: =(H12-1)*F12 -> 0.73462165 | J12: =F12*G12+I12 -> 42.077535 | K12: =C12*J12/10000 -> 0
B13: Manual | C13: 0 | D13: =PRODUCTIVITIES!$E$12 -> 388.77899 | E13: ='WAGE RATES'!$D$6 -> 50.107175 | F13: =E13*100/D13 -> 12.888344 | G13: =PIGGYBACKS!$B$7 -> 1.5985379 | H13: ='WAGE RATES'!$D$10 -> 1.0285306 | I13: =(H13-1)*F13 -> 0.36771242 | J13: =F13*G13+I13 -> 20.970219 | K13: =C13*J13/10000 -> 0
A15: Incoming MMP (Bundle Ops)
B16: APPS | C16: 0 | D16: =PRODUCTIVITIES!$E$9 -> 204.15275 | E16: ='WAGE RATES'!$D$6 -> 50.107175 | F16: =E16*100/D16 -> 24.543962 | G16: =PIGGYBACKS!$B$5 -> 1.8052502 | H16: ='WAGE RATES'!$D$10 -> 1.0285306 | I16: =(H16-1)*F16 -> 0.70025439 | J16: =F16*G16+I16 -> 45.008248 | K16: =C16*J16/10000 -> 0
B17: APBS / LIPS | C17: 0 | D17: =PRODUCTIVITIES!$E$11 -> 163.71091 | E17: ='WAGE RATES'!$D$6 -> 50.107175 | F17: =E17*100/D17 -> 30.607108 | G17: =PIGGYBACKS!$B$6 -> 1.6056413 | H17: ='WAGE RATES'!$D$10 -> 1.0285306 | I17: =(H17-1)*F17 -> 0.87323969 | J17: =F17*G17+I17 -> 50.017276 | K17: =C17*J17/10000 -> 0
B18: Manual | C18: 0 | D18: =PRODUCTIVITIES!$E$13 -> 388.77899 | E18: ='WAGE RATES'!$D$6 -> 50.107175 | F18: =E18*100/D18 -> 12.888344 | G18: =PIGGYBACKS!$B$7 -> 1.5985379 | H18: ='WAGE RATES'!$D$10 -> 1.0285306 | I18: =(H18-1)*F18 -> 0.36771242 | J18: =F18*G18+I18 -> 20.970219 | K18: =C18*J18/10000 -> 0
A20: Incoming Primary (Bundle Ops)
B21: APPS | C21: =10000*'COVERAGE FACTORS'!$C$31 -> 4378.9907 | D21: =PRODUCTIVITIES!$E$9 -> 204.15275 | E21: ='WAGE RATES'!$D$6 -> 50.107175 | F21: =E21*100/D21 -> 24.543962 | G21: =PIGGYBACKS!$B$5 -> 1.8052502 | H21: ='WAGE RATES'!$D$10 -> 1.0285306 | I21: =(H21-1)*F21 -> 0.70025439 | J21: =F21*G21+I21 -> 45.008248 | K21: =C21*J21/10000 -> 19.70907
B22: APBS / LIPS | C22: =10000*'COVERAGE FACTORS'!$C$33 -> 5313.1471 | D22: =PRODUCTIVITIES!$E$11 -> 163.71091 | E22: ='WAGE RATES'!$D$6 -> 50.107175 | F22: =E22*100/D22 -> 30.607108 | G22: =PIGGYBACKS!$B$6 -> 1.6056413 | H22: ='WAGE RATES'!$D$10 -> 1.0285306 | I22: =(H22-1)*F22 -> 0.87323969 | J22: =F22*G22+I22 -> 50.017276 | K22: =C22*J22/10000 -> 26.574914
B23: Manual | C23: =10000*'COVERAGE FACTORS'!$C$35 -> 307.86221 | D23: =PRODUCTIVITIES!$E$14 -> 388.77899 | E23: ='WAGE RATES'!$D$6 -> 50.107175 | F23: =E23*100/D23 -> 12.888344 | G23: =PIGGYBACKS!$B$7 -> 1.5985379 | H23: ='WAGE RATES'!$D$10 -> 1.0285306 | I23: =(H23-1)*F23 -> 0.36771242 | J23: =F23*G23+I23 -> 20.970219 | K23: =C23*J23/10000 -> 0.6455938
A25: Incoming Secondary (Bundle Ops)
B26: APPS | C26: =SUM($C$21:$C$23)*'BUNDLE DENSITIES'!$K$23*'BUNDLE DATA'!$D$44*'COVERAGE FACTORS'!$C$31/('COVERAGE FACTORS'!$C$31+'COVERAGE FACTORS'!$C$33) -> 0 | D26: =PRODUCTIVITIES!$E$9 -> 204.15275 | E26: ='WAGE RATES'!$D$6 -> 50.107175 | F26: =E26*100/D26 -> 24.543962 | G26: =PIGGYBACKS!$B$5 -> 1.8052502 | H26: ='WAGE RATES'!$D$10 -> 1.0285306 | I26: =(H26-1)*F26 -> 0.70025439 | J26: =F26*G26+I26 -> 45.008248 | K26: =C26*J26/10000 -> 0
B27: APBS / LIPS | C27: =SUM($C$21:$C$23)*'BUNDLE DENSITIES'!$K$23*'BUNDLE DATA'!$D$44*'COVERAGE FACTORS'!$C$33/('COVERAGE FACTORS'!$C$31+'COVERAGE FACTORS'!$C$33) -> 0 | D27: =PRODUCTIVITIES!$E$11 -> 163.71091 | E27: ='WAGE RATES'!$D$6 -> 50.107175 | F27: =E27*100/D27 -> 30.607108 | G27: =PIGGYBACKS!$B$6 -> 1.6056413 | H27: ='WAGE RATES'!$D$10 -> 1.0285306 | I27: =(H27-1)*F27 -> 0.87323969 | J27: =F27*G27+I27 -> 50.017276 | K27: =C27*J27/10000 -> 0
B28: Manual | C28: =SUM($C$21:$C$23)*'BUNDLE DENSITIES'!$K$23*(1-'BUNDLE DATA'!$D$44) -> 1500 | D28: =PRODUCTIVITIES!E15 -> 279.1383 | E28: ='WAGE RATES'!$D$6 -> 50.107175 | F28: =E28*100/D28 -> 17.950663 | G28: =PIGGYBACKS!$B$7 -> 1.5985379 | H28: ='WAGE RATES'!$D$10 -> 1.0285306 | I28: =(H28-1)*F28 -> 0.51214348 | J28: =F28*G28+I28 -> 29.206957 | K28: =C28*J28/10000 -> 4.3810436
A30: Incoming Secondary (Piece Ops) | C30: 10000 | D30: =PRODUCTIVITIES!E48 -> 307.67541 | E30: ='WAGE RATES'!D6 -> 50.107175 | F30: =E30*100/D30 -> 16.285726 | G30: =PIGGYBACKS!B13 -> 1.3208756 | H30: ='WAGE RATES'!$D$10 -> 1.0285306 | I30: =(H30-1)*F30 -> 0.46464181 | J30: =F30*G30+I30 -> 21.97606 | K30: =C30*J30/10000 -> 21.97606
K32: ="(10)" -> (10)
J33: MODEL COST = | K33: =SUM(K11:K30) -> 73.286682
A35: ="(1)" -> (1) | B35: Bundle data', 'Bundle densities' and 'Coverage factors' | F35: ="(6)" -> (6) | G35: Values From 'Wage Rates' worksheet
B36: used to flow 10,000 pieces through model | F36: ="(7)" -> (7) | G36: [ (6) - 1 ] * (4)
A37: ="(2)" -> (2) | B37: Values From 'Productivities' worksheet | F37: ="(8)" -> (8) | G37: (4) * (5) + (7)
A38: ="(3)" -> (3) | B38: Values From 'Wage Rates' worksheet | F38: ="(9)" -> (9) | G38: (1) * (8) / 10,000 Pieces
A39: ="(4)" -> (4) | B39: [ (3) * (100 cents/dollar) ] / (2) | F39: ="(10)" -> (10) | G39: Sum (9)
A40: ="(5)" -> (5) | B40: Values From 'Piggybacks' worksheet

Sheet 5D BUNDLE OPS
A1: INCOMING SECONDARY (BUNDLE OPS PIECE DISTRIBUTION)
A2: COST SHEET
C4: ="(1)" -> (1) | D4: ="(2)" -> (2) | E4: ="(3)" -> (3) | F4: ="(4)" -> (4) | G4: ="(5)" -> (5) | H4: ="(6)" -> (6) | I4: ="(7)" -> (7) | J4: ="(8)" -> (8) | K4: ="(9)" -> (9)
D6: Bundles | F6: Direct | H6: Premium | I6: Premium | J6: Total | K6: Weighted
D7: or Pieces | E7: Wage | F7: Cents | G7: Piggyback | H7: Pay | I7: Pay | J7: Cents | K7: Cents
A8: Operation | C8: Volume | D8: Per Hour | E8: Rate | F8: Per Piece | G8: Factor | H8: Factor | I8: Adjust | J8: Per Piece | K8: Per Piece
A10: Outgoing Primary (Bundle Ops)
B11: APPS | C11: 0 | D11: =PRODUCTIVITIES!$E$8 -> 175.66894 | E11: ='WAGE RATES'!$D$6 -> 50.107175 | F11: =E11*100/D11 -> 28.523639 | G11: =PIGGYBACKS!$B$5 -> 1.8052502 | H11: ='WAGE RATES'!$D$10 -> 1.0285306 | I11: =(H11-1)*F11 -> 0.81379702 | J11: =F11*G11+I11 -> 52.306103 | K11: =C11*J11/10000 -> 0
B12: APBS / LIPS | C12: 0 | D12: =PRODUCTIVITIES!$E$10 -> 194.60203 | E12: ='WAGE RATES'!$D$6 -> 50.107175 | F12: =E12*100/D12 -> 25.748537 | G12: =PIGGYBACKS!$B$6 -> 1.6056413 | H12: ='WAGE RATES'!$D$10 -> 1.0285306 | I12: =(H12-1)*F12 -> 0.73462165 | J12: =F12*G12+I12 -> 42.077535 | K12: =C12*J12/10000 -> 0
B13: Manual | C13: 0 | D13: =PRODUCTIVITIES!$E$12 -> 388.77899 | E13: ='WAGE RATES'!$D$6 -> 50.107175 | F13: =E13*100/D13 -> 12.888344 | G13: =PIGGYBACKS!$B$7 -> 1.5985379 | H13: ='WAGE RATES'!$D$10 -> 1.0285306 | I13: =(H13-1)*F13 -> 0.36771242 | J13: =F13*G13+I13 -> 20.970219 | K13: =C13*J13/10000 -> 0
A15: Incoming MMP (Bundle Ops)
B16: APPS | C16: 0 | D16: =PRODUCTIVITIES!$E$9 -> 204.15275 | E16: ='WAGE RATES'!$D$6 -> 50.107175 | F16: =E16*100/D16 -> 24.543962 | G16: =PIGGYBACKS!$B$5 -> 1.8052502 | H16: ='WAGE RATES'!$D$10 -> 1.0285306 | I16: =(H16-1)*F16 -> 0.70025439 | J16: =F16*G16+I16 -> 45.008248 | K16: =C16*J16/10000 -> 0
B17: APBS / LIPS | C17: 0 | D17: =PRODUCTIVITIES!$E$11 -> 163.71091 | E17: ='WAGE RATES'!$D$6 -> 50.107175 | F17: =E17*100/D17 -> 30.607108 | G17: =PIGGYBACKS!$B$6 -> 1.6056413 | H17: ='WAGE RATES'!$D$10 -> 1.0285306 | I17: =(H17-1)*F17 -> 0.87323969 | J17: =F17*G17+I17 -> 50.017276 | K17: =C17*J17/10000 -> 0
B18: Manual | C18: 0 | D18: =PRODUCTIVITIES!$E$13 -> 388.77899 | E18: ='WAGE RATES'!$D$6 -> 50.107175 | F18: =E18*100/D18 -> 12.888344 | G18: =PIGGYBACKS!$B$7 -> 1.5985379 | H18: ='WAGE RATES'!$D$10 -> 1.0285306 | I18: =(H18-1)*F18 -> 0.36771242 | J18: =F18*G18+I18 -> 20.970219 | K18: =C18*J18/10000 -> 0
A20: Incoming Primary (Bundle Ops)
B21: APPS | C21: 0 | D21: =PRODUCTIVITIES!$E$9 -> 204.15275 | E21: ='WAGE RATES'!$D$6 -> 50.107175 | F21: =E21*100/D21 -> 24.543962 | G21: =PIGGYBACKS!$B$5 -> 1.8052502 | H21: ='WAGE RATES'!$D$10 -> 1.0285306 | I21: =(H21-1)*F21 -> 0.70025439 | J21: =F21*G21+I21 -> 45.008248 | K21: =C21*J21/10000 -> 0
B22: APBS / LIPS | C22: 0 | D22: =PRODUCTIVITIES!$E$11 -> 163.71091 | E22: ='WAGE RATES'!$D$6 -> 50.107175 | F22: =E22*100/D22 -> 30.607108 | G22: =PIGGYBACKS!$B$6 -> 1.6056413 | H22: ='WAGE RATES'!$D$10 -> 1.0285306 | I22: =(H22-1)*F22 -> 0.87323969 | J22: =F22*G22+I22 -> 50.017276 | K22: =C22*J22/10000 -> 0
B23: Manual | C23: 0 | D23: =PRODUCTIVITIES!$E$14 -> 388.77899 | E23: ='WAGE RATES'!$D$6 -> 50.107175 | F23: =E23*100/D23 -> 12.888344 | G23: =PIGGYBACKS!$B$7 -> 1.5985379 | H23: ='WAGE RATES'!$D$10 -> 1.0285306 | I23: =(H23-1)*F23 -> 0.36771242 | J23: =F23*G23+I23 -> 20.970219 | K23: =C23*J23/10000 -> 0
A25: Incoming Secondary (Bundle Ops)
B26: APPS | C26: =10000*'BUNDLE DATA'!$D$44*'COVERAGE FACTORS'!$C$31/('COVERAGE FACTORS'!$C$31+'COVERAGE FACTORS'!$C$33) -> 0 | D26: =PRODUCTIVITIES!$E$9 -> 204.15275 | E26: ='WAGE RATES'!$D$6 -> 50.107175 | F26: =E26*100/D26 -> 24.543962 | G26: =PIGGYBACKS!$B$5 -> 1.8052502 | H26: ='WAGE RATES'!$D$10 -> 1.0285306 | I26: =(H26-1)*F26 -> 0.70025439 | J26: =F26*G26+I26 -> 45.008248 | K26: =C26*J26/10000 -> 0
B27: APBS / LIPS | C27: =10000*'BUNDLE DATA'!$D$44*'COVERAGE FACTORS'!$C$33/('COVERAGE FACTORS'!$C$31+'COVERAGE FACTORS'!$C$33) -> 0 | D27: =PRODUCTIVITIES!$E$11 -> 163.71091 | E27: ='WAGE RATES'!$D$6 -> 50.107175 | F27: =E27*100/D27 -> 30.607108 | G27: =PIGGYBACKS!$B$6 -> 1.6056413 | H27: ='WAGE RATES'!$D$10 -> 1.0285306 | I27: =(H27-1)*F27 -> 0.87323969 | J27: =F27*G27+I27 -> 50.017276 | K27: =C27*J27/10000 -> 0
B28: Manual | C28: =10000*(1-'BUNDLE DATA'!$D$44) -> 10000 | D28: =PRODUCTIVITIES!E15 -> 279.1383 | E28: ='WAGE RATES'!$D$6 -> 50.107175 | F28: =E28*100/D28 -> 17.950663 | G28: =PIGGYBACKS!$B$7 -> 1.5985379 | H28: ='WAGE RATES'!$D$10 -> 1.0285306 | I28: =(H28-1)*F28 -> 0.51214348 | J28: =F28*G28+I28 -> 29.206957 | K28: =C28*J28/10000 -> 29.206957
A30: Incoming Secondary (Piece Ops) | C30: 10000 | D30: =PRODUCTIVITIES!E48 -> 307.67541 | E30: ='WAGE RATES'!D6 -> 50.107175 | F30: =E30*100/D30 -> 16.285726 | G30: =PIGGYBACKS!B13 -> 1.3208756 | H30: ='WAGE RATES'!$D$10 -> 1.0285306 | I30: =(H30-1)*F30 -> 0.46464181 | J30: =F30*G30+I30 -> 21.97606 | K30: =C30*J30/10000 -> 21.97606
K32: ="(10)" -> (10)
J33: MODEL COST = | K33: =SUM(K11:K30) -> 51.183017
A35: ="(1)" -> (1) | B35: Bundle data', 'Bundle densities' and 'Coverage factors' | F35: ="(6)" -> (6) | G35: Values From 'Wage Rates' worksheet
B36: used to flow 10,000 pieces through model | F36: ="(7)" -> (7) | G36: [ (6) - 1 ] * (4)
A37: ="(2)" -> (2) | B37: Values From 'Productivities' worksheet | F37: ="(8)" -> (8) | G37: (4) * (5) + (7)
A38: ="(3)" -> (3) | B38: Values From 'Wage Rates' worksheet | F38: ="(9)" -> (9) | G38: (1) * (8) / 10,000 Pieces
A39: ="(4)" -> (4) | B39: [ (3) * (100 cents/dollar) ] / (2) | F39: ="(10)" -> (10) | G39: Sum (9)
A40: ="(5)" -> (5) | B40: Values From 'Piggybacks' worksheet

Sheet NONAUTO COST
A1: NONAUTO PRESORT
A2: COST SHEET
C4: ="(1)" -> (1) | D4: ="(2)" -> (2) | E4: ="(3)" -> (3) | F4: ="(4)" -> (4) | G4: ="(5)" -> (5) | H4: ="(6)" -> (6) | I4: ="(7)" -> (7) | J4: ="(8)" -> (8) | K4: ="(9)" -> (9)
D6: Bundles | F6: Direct | H6: Premium | I6: Premium | J6: Total | K6: Weighted
D7: or Pieces | E7: Wage | F7: Cents | G7: Piggyback | H7: Pay | I7: Pay | J7: Cents | K7: Cents
A8: Operation | C8: Volume | D8: Per Hour | E8: Rate | F8: Per Piece | G8: Factor | H8: Factor | I8: Adjust | J8: Per Piece | K8: Per Piece
A10: Outgoing Primary (Bundles)
B11: APPS | C11: ='BUNDLE SORT'!$F$34*('COVERAGE FACTORS'!$C$7/('COVERAGE FACTORS'!$C$7+'COVERAGE FACTORS'!$C$9)) -> 0 | D11: =PRODUCTIVITIES!$E$8 -> 175.66894 | E11: ='WAGE RATES'!$D$6 -> 50.107175 | F11: =E11*100/D11 -> 28.523639 | G11: =PIGGYBACKS!$B$5 -> 1.8052502 | H11: ='WAGE RATES'!$D$10 -> 1.0285306 | I11: =(H11-1)*F11 -> 0.81379702 | J11: =F11*G11+I11 -> 52.306103 | K11: =C11*$J11/'NONAUTO MODEL'!$G$6 -> 0
B12: APBS / LIPS | C12: ='BUNDLE SORT'!$F$34*('COVERAGE FACTORS'!$C$9/('COVERAGE FACTORS'!$C$7+'COVERAGE FACTORS'!$C$9)) -> 0 | D12: =PRODUCTIVITIES!$E$10 -> 194.60203 | E12: ='WAGE RATES'!$D$6 -> 50.107175 | F12: =E12*100/D12 -> 25.748537 | G12: =PIGGYBACKS!$B$6 -> 1.6056413 | H12: ='WAGE RATES'!$D$10 -> 1.0285306 | I12: =(H12-1)*F12 -> 0.73462165 | J12: =F12*G12+I12 -> 42.077535 | K12: =C12*$J12/'NONAUTO MODEL'!$G$6 -> 0
B13: Manual | C13: ='BUNDLE SORT'!$G$34 -> 64.731693 | D13: =PRODUCTIVITIES!$E$12 -> 388.77899 | E13: ='WAGE RATES'!$D$6 -> 50.107175 | F13: =E13*100/D13 -> 12.888344 | G13: =PIGGYBACKS!$B$7 -> 1.5985379 | H13: ='WAGE RATES'!$D$10 -> 1.0285306 | I13: =(H13-1)*F13 -> 0.36771242 | J13: =F13*G13+I13 -> 20.970219 | K13: =C13*$J13/'NONAUTO MODEL'!$G$6 -> 0.13574378
A15: Incoming MMP (Bundles)
B16: APPS | C16: ='BUNDLE SORT'!$J$34*('COVERAGE FACTORS'!$C$31/('COVERAGE FACTORS'!$C$31+'COVERAGE FACTORS'!$C$33)) -> 27.865706 | D16: =PRODUCTIVITIES!$E$9 -> 204.15275 | E16: ='WAGE RATES'!$D$6 -> 50.107175 | F16: =E16*100/D16 -> 24.543962 | G16: =PIGGYBACKS!$B$5 -> 1.8052502 | H16: ='WAGE RATES'!$D$10 -> 1.0285306 | I16: =(H16-1)*F16 -> 0.70025439 | J16: =F16*G16+I16 -> 45.008248 | K16: =C16*$J16/'NONAUTO MODEL'!$G$6 -> 0.12541866
B17: APBS / LIPS | C17: ='BUNDLE SORT'!$J$34*('COVERAGE FACTORS'!$C$33/('COVERAGE FACTORS'!$C$31+'COVERAGE FACTORS'!$C$33)) -> 33.81021 | D17: =PRODUCTIVITIES!$E$11 -> 163.71091 | E17: ='WAGE RATES'!$D$6 -> 50.107175 | F17: =E17*100/D17 -> 30.607108 | G17: =PIGGYBACKS!$B$6 -> 1.6056413 | H17: ='WAGE RATES'!$D$10 -> 1.0285306 | I17: =(H17-1)*F17 -> 0.87323969 | J17: =F17*G17+I17 -> 50.017276 | K17: =C17*$J17/'NONAUTO MODEL'!$G$6 -> 0.16910946
B18: Manual | C18: ='BUNDLE SORT'!$K$34 -> 0 | D18: =PRODUCTIVITIES!$E$13 -> 388.77899 | E18: ='WAGE RATES'!$D$6 -> 50.107175 | F18: =E18*100/D18 -> 12.888344 | G18: =PIGGYBACKS!$B$7 -> 1.5985379 | H18: ='WAGE RATES'!$D$10 -> 1.0285306 | I18: =(H18-1)*F18 -> 0.36771242 | J18: =F18*G18+I18 -> 20.970219 | K18: =C18*$J18/'NONAUTO MODEL'!$G$6 -> 0
A20: Incoming Primary (Bundles)
B21: APPS | C21: ='BUNDLE SORT'!$N$34*('COVERAGE FACTORS'!$C$31/('COVERAGE FACTORS'!$C$31+'COVERAGE FACTORS'!$C$33)) -> 20.212886 | D21: =PRODUCTIVITIES!$E$9 -> 204.15275 | E21: ='WAGE RATES'!$D$6 -> 50.107175 | F21: =E21*100/D21 -> 24.543962 | G21: =PIGGYBACKS!$B$5 -> 1.8052502 | H21: ='WAGE RATES'!$D$10 -> 1.0285306 | I21: =(H21-1)*F21 -> 0.70025439 | J21: =F21*G21+I21 -> 45.008248 | K21: =C21*$J21/'NONAUTO MODEL'!$G$6 -> 0.090974661
B22: APBS / LIPS | C22: ='BUNDLE SORT'!$N$34*('COVERAGE FACTORS'!$C$33/('COVERAGE FACTORS'!$C$31+'COVERAGE FACTORS'!$C$33)) -> 24.524838 | D22: =PRODUCTIVITIES!$E$11 -> 163.71091 | E22: ='WAGE RATES'!$D$6 -> 50.107175 | F22: =E22*100/D22 -> 30.607108 | G22: =PIGGYBACKS!$B$6 -> 1.6056413 | H22: ='WAGE RATES'!$D$10 -> 1.0285306 | I22: =(H22-1)*F22 -> 0.87323969 | J22: =F22*G22+I22 -> 50.017276 | K22: =C22*$J22/'NONAUTO MODEL'!$G$6 -> 0.12266656
B23: Manual | C23: ='BUNDLE SORT'!$O$34 -> 1.4210544 | D23: =PRODUCTIVITIES!$E$14 -> 388.77899 | E23: ='WAGE RATES'!$D$6 -> 50.107175 | F23: =E23*100/D23 -> 12.888344 | G23: =PIGGYBACKS!$B$7 -> 1.5985379 | H23: ='WAGE RATES'!$D$10 -> 1.0285306 | I23: =(H23-1)*F23 -> 0.36771242 | J23: =F23*G23+I23 -> 20.970219 | K23: =C23*$J23/'NONAUTO MODEL'!$G$6 -> 0.0029799822
A25: Incoming Secondary (Bundles)
B26: APPS | C26: ='BUNDLE SORT'!$R$34*('COVERAGE FACTORS'!$C$31/('COVERAGE FACTORS'!$C$31+'COVERAGE FACTORS'!$C$33)) -> 0 | D26: =PRODUCTIVITIES!$E$9 -> 204.15275 | E26: ='WAGE RATES'!$D$6 -> 50.107175 | F26: =E26*100/D26 -> 24.543962 | G26: =PIGGYBACKS!$B$5 -> 1.8052502 | H26: ='WAGE RATES'!$D$10 -> 1.0285306 | I26: =(H26-1)*F26 -> 0.70025439 | J26: =F26*G26+I26 -> 45.008248 | K26: =C26*$J26/'NONAUTO MODEL'!$G$6 -> 0
B27: APBS / LIPS | C27: ='BUNDLE SORT'!$R$34*('COVERAGE FACTORS'!$C$33/('COVERAGE FACTORS'!$C$31+'COVERAGE FACTORS'!$C$33)) -> 0 | D27: =PRODUCTIVITIES!$E$11 -> 163.71091 | E27: ='WAGE RATES'!$D$6 -> 50.107175 | F27: =E27*100/D27 -> 30.607108 | G27: =PIGGYBACKS!$B$6 -> 1.6056413 | H27: ='WAGE RATES'!$D$10 -> 1.0285306 | I27: =(H27-1)*F27 -> 0.87323969 | J27: =F27*G27+I27 -> 50.017276 | K27: =C27*$J27/'NONAUTO MODEL'!$G$6 -> 0
B28: Manual | C28: ='BUNDLE SORT'!$S$34 -> 0 | D28: =PRODUCTIVITIES!E15 -> 279.1383 | E28: ='WAGE RATES'!$D$6 -> 50.107175 | F28: =E28*100/D28 -> 17.950663 | G28: =PIGGYBACKS!$B$7 -> 1.5985379 | H28: ='WAGE RATES'!$D$10 -> 1.0285306 | I28: =(H28-1)*F28 -> 0.51214348 | J28: =F28*G28+I28 -> 29.206957 | K28: =C28*$J28/'NONAUTO MODEL'!$G$6 -> 0
A30: Outgoing Primary (Piece)
B31: AFSM100 Auto | C31: =SUM('NONAUTO MODEL'!$B$25:$B$29) -> 7613.0475 | D31: =PRODUCTIVITIES!$E$23*'COVERAGE FACTORS'!$C$25+PRODUCTIVITIES!$E$17*(1-'COVERAGE FACTORS'!$C$25) -> 1572.5271 | E31: ='WAGE RATES'!$D$6 -> 50.107175 | F31: =E31*100/D31 -> 3.1864109 | G31: =PIGGYBACKS!$B$8 -> 1.6305774 | H31: ='WAGE RATES'!$D$10 -> 1.0285306 | I31: =(H31-1)*F31 -> 0.09091027 | J31: =F31*G31+I31 -> 5.2865999 | K31: =C31*$J31/'NONAUTO MODEL'!$G$6 -> 4.0247137
B32: REC Keying | C32: =SUM('NONAUTO MODEL'!$A$25:$A$29) -> 2007.4406 | D32: =PRODUCTIVITIES!$E$16 -> 888.01171 | E32: ='WAGE RATES'!$D$5 -> 54.14236 | F32: =E32*100/D32 -> 6.0970322 | G32: =PIGGYBACKS!$B$9 -> 1.2615773 | H32: ='WAGE RATES'!$D$10 -> 1.0285306 | I32: =(H32-1)*F32 -> 0.17395209 | J32: =F32*G32+I32 -> 7.8658297 | K32: =C32*$J32/'NONAUTO MODEL'!$G$6 -> 1.5790186
B33: UFSM1000 Auto | C33: =SUM('NONAUTO MODEL'!$H$25:$H$29) -> 0 | D33: =PRODUCTIVITIES!$E$30 -> 1.0273269 | E33: ='WAGE RATES'!$D$6 -> 50.107175 | F33: =E33*100/D33 -> 4877.4324 | G33: =PIGGYBACKS!$B$10 -> 1.6305774 | H33: ='WAGE RATES'!$D$10 -> 1.0285306 | I33: =(H33-1)*F33 -> 139.15616 | J33: =F33*G33+I33 -> 8092.1873 | K33: =C33*$J33/'NONAUTO MODEL'!$G$6 -> 0
B34: UFSM1000 Keying | C34: =SUM('NONAUTO MODEL'!$G$25:$G$29) -> 0 | D34: =PRODUCTIVITIES!$E$36 -> 1.0273269 | E34: ='WAGE RATES'!$D$6 -> 50.107175 | F34: =E34*100/D34 -> 4877.4324 | G34: =PIGGYBACKS!$B$10 -> 1.6305774 | H34: ='WAGE RATES'!$D$10 -> 1.0285306 | I34: =(H34-1)*F34 -> 139.15616 | J34: =F34*G34+I34 -> 8092.1873 | K34: =C34*$J34/'NONAUTO MODEL'!$G$6 -> 0
B35: Manual | C35: =SUM('NONAUTO MODEL'!$M$25:$M$29) -> 462.91873 | D35: =PRODUCTIVITIES!$E$42 -> 620.26372 | E35: ='WAGE RATES'!$D$6 -> 50.107175 | F35: =E35*100/D35 -> 8.0783662 | G35: =PIGGYBACKS!$B$12 -> 1.3622907 | H35: ='WAGE RATES'!$D$10 -> 1.0285306 | I35: =(H35-1)*F35 -> 0.23048077 | J35: =F35*G35+I35 -> 11.235564 | K35: =C35*$J35/'NONAUTO MODEL'!$G$6 -> 0.5201153
A37: Outgoing Secondary (Piece)
B38: AFSM100 Auto | C38: =SUM('NONAUTO MODEL'!$B$38:$B$42) -> 925.12849 | D38: =PRODUCTIVITIES!$E$24*'COVERAGE FACTORS'!$C$25+PRODUCTIVITIES!$E$18*(1-'COVERAGE FACTORS'!$C$25) -> 2267.7698 | E38: ='WAGE RATES'!$D$6 -> 50.107175 | F38: =E38*100/D38 -> 2.2095353 | G38: =PIGGYBACKS!$B$8 -> 1.6305774 | H38: ='WAGE RATES'!$D$10 -> 1.0285306 | I38: =(H38-1)*F38 -> 0.063039405 | J38: =F38*G38+I38 -> 3.6658578 | K38: =C38*$J38/'NONAUTO MODEL'!$G$6 -> 0.33913894
B39: REC Keying | C39: =SUM('NONAUTO MODEL'!$A$38:$A$42) -> 56.71006 | D39: =PRODUCTIVITIES!$E$16 -> 888.01171 | E39: ='WAGE RATES'!$D$5 -> 54.14236 | F39: =E39*100/D39 -> 6.0970322 | G39: =PIGGYBACKS!$B$9 -> 1.2615773 | H39: ='WAGE RATES'!$D$10 -> 1.0285306 | I39: =(H39-1)*F39 -> 0.17395209 | J39: =F39*G39+I39 -> 7.8658297 | K39: =C39*$J39/'NONAUTO MODEL'!$G$6 -> 0.044607167
B40: UFSM1000 Auto | C40: =SUM('NONAUTO MODEL'!$H$38:$H$42) -> 0 | D40: =PRODUCTIVITIES!$E$31 -> 1.0273269 | E40: ='WAGE RATES'!$D$6 -> 50.107175 | F40: =E40*100/D40 -> 4877.4324 | G40: =PIGGYBACKS!$B$10 -> 1.6305774 | H40: ='WAGE RATES'!$D$10 -> 1.0285306 | I40: =(H40-1)*F40 -> 139.15616 | J40: =F40*G40+I40 -> 8092.1873 | K40: =C40*$J40/'NONAUTO MODEL'!$G$6 -> 0
B41: UFSM1000 Keying | C41: =SUM('NONAUTO MODEL'!$G$38:$G$42) -> 0 | D41: =PRODUCTIVITIES!$E$37 -> 1.0273269 | E41: ='WAGE RATES'!$D$6 -> 50.107175 | F41: =E41*100/D41 -> 4877.4324 | G41: =PIGGYBACKS!$B$10 -> 1.6305774 | H41: ='WAGE RATES'!$D$10 -> 1.0285306 | I41: =(H41-1)*F41 -> 139.15616 | J41: =F41*G41+I41 -> 8092.1873 | K41: =C41*$J41/'NONAUTO MODEL'!$G$6 -> 0
B42: Manual | C42: =SUM('NONAUTO MODEL'!$M$38:$M$42) -> 125.25091 | D42: =PRODUCTIVITIES!$E$43 -> 490.62129 | E42: ='WAGE RATES'!$D$6 -> 50.107175 | F42: =E42*100/D42 -> 10.213005 | G42: =PIGGYBACKS!$B$12 -> 1.3622907 | H42: ='WAGE RATES'!$D$10 -> 1.0285306 | I42: =(H42-1)*F42 -> 0.29138332 | J42: =F42*G42+I42 -> 14.204465 | K42: =C42*$J42/'NONAUTO MODEL'!$G$6 -> 0.17791221
A44: Incoming MMP (Piece)
B45: AFSM100 Auto | C45: =SUM('NONAUTO MODEL'!$B$53:$B$57) -> 4927.0829 | D45: =PRODUCTIVITIES!$E$25*'COVERAGE FACTORS'!$C$25+PRODUCTIVITIES!$E$19*(1-'COVERAGE FACTORS'!$C$25) -> 1572.9754 | E45: ='WAGE RATES'!$D$6 -> 50.107175 | F45: =E45*100/D45 -> 3.1855028 | G45: =PIGGYBACKS!$B$8 -> 1.6305774 | H45: ='WAGE RATES'!$D$10 -> 1.0285306 | I45: =(H45-1)*F45 -> 0.090884361 | J45: =F45*G45+I45 -> 5.2850933 | K45: =C45*$J45/'NONAUTO MODEL'!$G$6 -> 2.6040093
B46: REC Keying | C46: =SUM('NONAUTO MODEL'!$A$53:$A$57) -> 418.05339 | D46: =PRODUCTIVITIES!$E$16 -> 888.01171 | E46: ='WAGE RATES'!$D$5 -> 54.14236 | F46: =E46*100/D46 -> 6.0970322 | G46: =PIGGYBACKS!$B$9 -> 1.2615773 | H46: ='WAGE RATES'!$D$10 -> 1.0285306 | I46: =(H46-1)*F46 -> 0.17395209 | J46: =F46*G46+I46 -> 7.8658297 | K46: =C46*$J46/'NONAUTO MODEL'!$G$6 -> 0.32883367
B47: UFSM1000 Auto | C47: =SUM('NONAUTO MODEL'!$H$53:$H$57) -> 0 | D47: =PRODUCTIVITIES!$E$32 -> 1.0273269 | E47: ='WAGE RATES'!$D$6 -> 50.107175 | F47: =E47*100/D47 -> 4877.4324 | G47: =PIGGYBACKS!$B$10 -> 1.6305774 | H47: ='WAGE RATES'!$D$10 -> 1.0285306 | I47: =(H47-1)*F47 -> 139.15616 | J47: =F47*G47+I47 -> 8092.1873 | K47: =C47*$J47/'NONAUTO MODEL'!$G$6 -> 0
B48: UFSM1000 Keying | C48: =SUM('NONAUTO MODEL'!$G$53:$G$57) -> 0 | D48: =PRODUCTIVITIES!$E$38 -> 1.0273269 | E48: ='WAGE RATES'!$D$6 -> 50.107175 | F48: =E48*100/D48 -> 4877.4324 | G48: =PIGGYBACKS!$B$10 -> 1.6305774 | H48: ='WAGE RATES'!$D$10 -> 1.0285306 | I48: =(H48-1)*F48 -> 139.15616 | J48: =F48*G48+I48 -> 8092.1873 | K48: =C48*$J48/'NONAUTO MODEL'!$G$6 -> 0
B49: Manual | C49: =SUM('NONAUTO MODEL'!$M$53:$M$57) -> 749.05994 | D49: =PRODUCTIVITIES!$E$44 -> 692.96374 | E49: ='WAGE RATES'!$D$6 -> 50.107175 | F49: =E49*100/D49 -> 7.2308508 | G49: =PIGGYBACKS!$B$12 -> 1.3622907 | H49: ='WAGE RATES'!$D$10 -> 1.0285306 | I49: =(H49-1)*F49 -> 0.20630064 | J49: =F49*G49+I49 -> 10.056822 | K49: =C49*$J49/'NONAUTO MODEL'!$G$6 -> 0.75331622
A51: Incoming SCF (Piece)
B52: AFSM100 Auto | C52: =SUM('NONAUTO MODEL'!$B$64:$B$68) -> 3681.0594 | D52: =PRODUCTIVITIES!$E$26*'COVERAGE FACTORS'!$C$25+PRODUCTIVITIES!$E$20*(1-'COVERAGE FACTORS'!$C$25) -> 2073.5492 | E52: ='WAGE RATES'!$D$6 -> 50.107175 | F52: =E52*100/D52 -> 2.4164932 | G52: =PIGGYBACKS!$B$8 -> 1.6305774 | H52: ='WAGE RATES'!$D$10 -> 1.0285306 | I52: =(H52-1)*F52 -> 0.068944043 | J52: =F52*G52+I52 -> 4.0092233 | K52: =C52*$J52/'NONAUTO MODEL'!$G$6 -> 1.4758189
B53: REC Keying | C53: =SUM('NONAUTO MODEL'!$A$64:$A$68) -> 344.85476 | D53: =PRODUCTIVITIES!$E$16 -> 888.01171 | E53: ='WAGE RATES'!$D$5 -> 54.14236 | F53: =E53*100/D53 -> 6.0970322 | G53: =PIGGYBACKS!$B$9 -> 1.2615773 | H53: ='WAGE RATES'!$D$10 -> 1.0285306 | I53: =(H53-1)*F53 -> 0.17395209 | J53: =F53*G53+I53 -> 7.8658297 | K53: =C53*$J53/'NONAUTO MODEL'!$G$6 -> 0.27125688
B54: UFSM1000 Auto | C54: =SUM('NONAUTO MODEL'!$H$64:$H$68) -> 0 | D54: =PRODUCTIVITIES!$E$33 -> 1.0273269 | E54: ='WAGE RATES'!$D$6 -> 50.107175 | F54: =E54*100/D54 -> 4877.4324 | G54: =PIGGYBACKS!$B$10 -> 1.6305774 | H54: ='WAGE RATES'!$D$10 -> 1.0285306 | I54: =(H54-1)*F54 -> 139.15616 | J54: =F54*G54+I54 -> 8092.1873 | K54: =C54*$J54/'NONAUTO MODEL'!$G$6 -> 0
B55: UFSM1000 Keying | C55: =SUM('NONAUTO MODEL'!$G$64:$G$68) -> 0 | D55: =PRODUCTIVITIES!$E$39 -> 1.0273269 | E55: ='WAGE RATES'!$D$6 -> 50.107175 | F55: =E55*100/D55 -> 4877.4324 | G55: =PIGGYBACKS!$B$10 -> 1.6305774 | H55: ='WAGE RATES'!$D$10 -> 1.0285306 | I55: =(H55-1)*F55 -> 139.15616 | J55: =F55*G55+I55 -> 8092.1873 | K55: =C55*$J55/'NONAUTO MODEL'!$G$6 -> 0
B56: Manual | C56: =SUM('NONAUTO MODEL'!$M$64:$M$68) -> 518.84314 | D56: =PRODUCTIVITIES!$E$45 -> 600.65917 | E56: ='WAGE RATES'!$D$6 -> 50.107175 | F56: =E56*100/D56 -> 8.342031 | G56: =PIGGYBACKS!$B$12 -> 1.3622907 | H56: ='WAGE RATES'!$D$10 -> 1.0285306 | I56: =(H56-1)*F56 -> 0.23800329 | J56: =F56*G56+I56 -> 11.602275 | K56: =C56*$J56/'NONAUTO MODEL'!$G$6 -> 0.60197608
A58: Incoming Primary (Piece)
B59: AFSM100 Auto | C59: =SUM('NONAUTO MODEL'!$B$74:$B$78)+SUM('NONAUTO MODEL'!$B$108:$B$112) -> 894.24695 | D59: =PRODUCTIVITIES!$E$27*'COVERAGE FACTORS'!$C$25+PRODUCTIVITIES!$E$21*(1-'COVERAGE FACTORS'!$C$25) -> 1117.4154 | E59: ='WAGE RATES'!$D$6 -> 50.107175 | F59: =E59*100/D59 -> 4.484203 | G59: =PIGGYBACKS!$B$8 -> 1.6305774 | H59: ='WAGE RATES'!$D$10 -> 1.0285306 | I59: =(H59-1)*F59 -> 0.12793708 | J59: =F59*G59+I59 -> 7.4397772 | K59: =C59*$J59/'NONAUTO MODEL'!$G$6 -> 0.66529981
B60: REC Keying | C60: =SUM('NONAUTO MODEL'!$A$74:$A$78)+SUM('NONAUTO MODEL'!$A$108:$A$112) -> 54.817032 | D60: =PRODUCTIVITIES!$E$16 -> 888.01171 | E60: ='WAGE RATES'!$D$5 -> 54.14236 | F60: =E60*100/D60 -> 6.0970322 | G60: =PIGGYBACKS!$B$9 -> 1.2615773 | H60: ='WAGE RATES'!$D$10 -> 1.0285306 | I60: =(H60-1)*F60 -> 0.17395209 | J60: =F60*G60+I60 -> 7.8658297 | K60: =C60*$J60/'NONAUTO MODEL'!$G$6 -> 0.043118144
B61: UFSM1000 Auto | C61: =SUM('NONAUTO MODEL'!$H$74:$H$78) -> 0 | D61: =PRODUCTIVITIES!$E$34 -> 1.0273269 | E61: ='WAGE RATES'!$D$6 -> 50.107175 | F61: =E61*100/D61 -> 4877.4324 | G61: =PIGGYBACKS!$B$10 -> 1.6305774 | H61: ='WAGE RATES'!$D$10 -> 1.0285306 | I61: =(H61-1)*F61 -> 139.15616 | J61: =F61*G61+I61 -> 8092.1873 | K61: =C61*$J61/'NONAUTO MODEL'!$G$6 -> 0
B62: UFSM1000 Keying | C62: =SUM('NONAUTO MODEL'!$G$74:$G$78) -> 0 | D62: =PRODUCTIVITIES!$E$40 -> 1.0273269 | E62: ='WAGE RATES'!$D$6 -> 50.107175 | F62: =E62*100/D62 -> 4877.4324 | G62: =PIGGYBACKS!$B$10 -> 1.6305774 | H62: ='WAGE RATES'!$D$10 -> 1.0285306 | I62: =(H62-1)*F62 -> 139.15616 | J62: =F62*G62+I62 -> 8092.1873 | K62: =C62*$J62/'NONAUTO MODEL'!$G$6 -> 0
B63: Manual | C63: =SUM('NONAUTO MODEL'!$M$74:$M$78) -> 130.49866 | D63: =PRODUCTIVITIES!$E$46 -> 753.40918 | E63: ='WAGE RATES'!$D$6 -> 50.107175 | F63: =E63*100/D63 -> 6.6507253 | G63: =PIGGYBACKS!$B$12 -> 1.3622907 | H63: ='WAGE RATES'!$D$10 -> 1.0285306 | I63: =(H63-1)*F63 -> 0.1897493 | J63: =F63*G63+I63 -> 9.2499707 | K63: =C63*$J63/'NONAUTO MODEL'!$G$6 -> 0.12071088
A65: Incoming Secondary (Piece)
B66: AFSM100 Auto | C66: =SUM('NONAUTO MODEL'!$B$83:$B$87)+SUM('NONAUTO MODEL'!$B$122:$B$126) -> 8842.4456 | D66: =PRODUCTIVITIES!$E$28*'COVERAGE FACTORS'!$C$25+PRODUCTIVITIES!$E$22*(1-'COVERAGE FACTORS'!$C$25) -> 1858.2572 | E66: ='WAGE RATES'!$D$6 -> 50.107175 | F66: =E66*100/D66 -> 2.6964606 | G66: =PIGGYBACKS!$B$8 -> 1.6305774 | H66: ='WAGE RATES'!$D$10 -> 1.0285306 | I66: =(H66-1)*F66 -> 0.076931686 | J66: =F66*G66+I66 -> 4.4737195 | K66: =C66*$J66/'NONAUTO MODEL'!$G$6 -> 3.9558621
B67: REC Keying | C67: =SUM('NONAUTO MODEL'!$A$83:$A$87)+SUM('NONAUTO MODEL'!$A$122:$A$126) -> 817.04871 | D67: =PRODUCTIVITIES!$E$16 -> 888.01171 | E67: ='WAGE RATES'!$D$5 -> 54.14236 | F67: =E67*100/D67 -> 6.0970322 | G67: =PIGGYBACKS!$B$9 -> 1.2615773 | H67: ='WAGE RATES'!$D$10 -> 1.0285306 | I67: =(H67-1)*F67 -> 0.17395209 | J67: =F67*G67+I67 -> 7.8658297 | K67: =C67*$J67/'NONAUTO MODEL'!$G$6 -> 0.6426766
B68: UFSM1000 Auto | C68: =SUM('NONAUTO MODEL'!$H$83:$H$87) -> 0 | D68: =PRODUCTIVITIES!$E$35 -> 1.0273269 | E68: ='WAGE RATES'!$D$6 -> 50.107175 | F68: =E68*100/D68 -> 4877.4324 | G68: =PIGGYBACKS!$B$10 -> 1.6305774 | H68: ='WAGE RATES'!$D$10 -> 1.0285306 | I68: =(H68-1)*F68 -> 139.15616 | J68: =F68*G68+I68 -> 8092.1873 | K68: =C68*$J68/'NONAUTO MODEL'!$G$6 -> 0
B69: UFSM1000 Keying | C69: =SUM('NONAUTO MODEL'!$G$83:$G$87) -> 0 | D69: =PRODUCTIVITIES!$E$41 -> 1.0273269 | E69: ='WAGE RATES'!$D$6 -> 50.107175 | F69: =E69*100/D69 -> 4877.4324 | G69: =PIGGYBACKS!$B$10 -> 1.6305774 | H69: ='WAGE RATES'!$D$10 -> 1.0285306 | I69: =(H69-1)*F69 -> 139.15616 | J69: =F69*G69+I69 -> 8092.1873 | K69: =C69*$J69/'NONAUTO MODEL'!$G$6 -> 0
B70: Manual | C70: =SUM('NONAUTO MODEL'!$M$83:$M$87) -> 1696.3681 | D70: =PRODUCTIVITIES!$E$47 -> 675.89316 | E70: ='WAGE RATES'!$D$6 -> 50.107175 | F70: =E70*100/D70 -> 7.4134756 | G70: =PIGGYBACKS!$B$12 -> 1.3622907 | H70: ='WAGE RATES'!$D$10 -> 1.0285306 | I70: =(H70-1)*F70 -> 0.21151104 | J70: =F70*G70+I70 -> 10.31082 | K70: =C70*$J70/'NONAUTO MODEL'!$G$6 -> 1.7490947
A72: FSS
B73: FSS | C73: 0 | D73: 0 | E73: 0 | F73: 0 | G73: 0 | H73: 0 | I73: 0 | J73: 0 | K73: =C73*$J73/'MADC NONAUTO MODEL'!$G$6 -> 0
B74: REC Keying | C74: =SUM('NONAUTO MODEL'!$A$95:$A$99) -> 0 | D74: =PRODUCTIVITIES!E16 -> 888.01171 | E74: ='WAGE RATES'!D5 -> 54.14236 | F74: =E74*100/D74 -> 6.0970322 | G74: =PIGGYBACKS!B9 -> 1.2615773 | H74: ='WAGE RATES'!$D$10 -> 1.0285306 | I74: =(H74-1)*F74 -> 0.17395209 | J74: =F74*G74+I74 -> 7.8658297 | K74: =C74*$J74/'NONAUTO MODEL'!$G$6 -> 0
K76: ="(10)" -> (10)
J77: MODEL COST = | K77: =SUM(K11:K74) -> 20.544372
A81: ="(1)" -> (1) | B81: Values From Pages 10 and 34 | F81: ="(6)" -> (6) | G81: Values From Page 31
A82: ="(2)" -> (2) | B82: Values From Page 30 | F82: ="(7)" -> (7) | G82: [ (6) - 1 ] * (4)
A83: ="(3)" -> (3) | B83: Values From Page 31 | F83: ="(8)" -> (8) | G83: (4) * (5) + (7)
A84: ="(4)" -> (4) | B84: [ (3) * (100 cents/dollar) ] / (2) | F84: ="(9)" -> (9) | G84: (1) * (8) / 10,000 Pieces
A85: ="(5)" -> (5) | B85: Values From Page 32 | F85: ="(10)" -> (10) | G85: Sum (9)

Sheet NONAUTO MODEL
A1: ='NONAUTO COST'!A1 -> NONAUTO PRESORT
A2: MAIL FLOW MODEL
A6: PCS IN = | C6: =SUM(C11:C16)+SUM(G11:G16)+SUM(K11:K16)+SUM(O11:O16) -> 10000 | E6: PCS OUT = | G6: =D88+J88+O88+D100+D127 -> 10000
A10: PIECE ENTRY POINTS:
B11: BC Mach Out Prim | C11: 0 | F11: Non-BC Mach Out Prim | G11: ='ENTRY PROFILE'!H6+'ENTRY PROFILE'!H7+'ENTRY PROFILE'!H8+'ENTRY PROFILE'!H9+'ENTRY PROFILE'!I6+'ENTRY PROFILE'!X10 -> 7517.5565 | J11: BC Nonmach Out Prim | K11: 0 | N11: Non-BC Nonmach Out Prim | O11: ='ENTRY PROFILE'!H20+'ENTRY PROFILE'!H21+'ENTRY PROFILE'!H22+'ENTRY PROFILE'!H23+'ENTRY PROFILE'!I20+'ENTRY PROFILE'!X24 -> 0
B12: BC Mach Out Sec | C12: 0 | F12: Non-BC Mach Out Sec | G12: 0 | J12: BC Nonmach Out Sec | K12: 0 | N12: Non-BC Nonmach Out Sec | O12: 0
B13: BC Mach Inc MMP | C13: 0 | F13: Non-BC Mach Inc MMP | G13: ='ENTRY PROFILE'!I7+'ENTRY PROFILE'!L7+'ENTRY PROFILE'!L8+'ENTRY PROFILE'!L9+'ENTRY PROFILE'!L11+'ENTRY PROFILE'!L12+'ENTRY PROFILE'!L13+'ENTRY PROFILE'!M7+'ENTRY PROFILE'!M11+'ENTRY PROFILE'!X14 -> 570.58224 | J13: BC Nonmach Inc MMP | K13: 0 | N13: Non-BC Nonmach Inc MMP | O13: ='ENTRY PROFILE'!I21+'ENTRY PROFILE'!L21+'ENTRY PROFILE'!L22+'ENTRY PROFILE'!L23+'ENTRY PROFILE'!L25+'ENTRY PROFILE'!L26+'ENTRY PROFILE'!L27+'ENTRY PROFILE'!M21+'ENTRY PROFILE'!M25+'ENTRY PROFILE'!X28 -> 0
B14: BC Mach Inc SCF | C14: 0 | F14: Non-BC Mach Inc SCF | G14: ='ENTRY PROFILE'!I8+'ENTRY PROFILE'!M8+'ENTRY PROFILE'!M12+'ENTRY PROFILE'!P8+'ENTRY PROFILE'!P9+'ENTRY PROFILE'!P12+'ENTRY PROFILE'!P13+'ENTRY PROFILE'!P15+'ENTRY PROFILE'!P16+'ENTRY PROFILE'!Q8+'ENTRY PROFILE'!Q12+'ENTRY PROFILE'!Q15+'ENTRY PROFILE'!X17 -> 557.95014 | J14: BC Nonmach Inc SCF | K14: 0 | N14: Non-BC Nonmach Inc SCF | O14: ='ENTRY PROFILE'!I22+'ENTRY PROFILE'!M22+'ENTRY PROFILE'!M26+'ENTRY PROFILE'!P22+'ENTRY PROFILE'!P23+'ENTRY PROFILE'!P26+'ENTRY PROFILE'!P27+'ENTRY PROFILE'!P29+'ENTRY PROFILE'!P30+'ENTRY PROFILE'!Q22+'ENTRY PROFILE'!Q26+'ENTRY PROFILE'!Q29+'ENTRY PROFILE'!X31 -> 0
B15: BC Mach Inc Prim | C15: 0 | F15: Non-BC Mach Inc Prim | G15: 0 | J15: BC Nonmach Inc Prim | K15: 0 | N15: Non-BC Nonmach Inc Prim | O15: 0
B16: BC Mach Inc Sec | C16: 0 | F16: Non-BC Mach Inc Sec | G16: ='ENTRY PROFILE'!I9+'ENTRY PROFILE'!M9+'ENTRY PROFILE'!M13+'ENTRY PROFILE'!Q9+'ENTRY PROFILE'!Q13+'ENTRY PROFILE'!Q16+'ENTRY PROFILE'!X19+'ENTRY PROFILE'!X18 -> 1353.9112 | J16: BC Nonmach Inc Sec | K16: 0 | N16: Non-BC Nonmach Inc Sec | O16: ='ENTRY PROFILE'!I23+'ENTRY PROFILE'!M23+'ENTRY PROFILE'!M27+'ENTRY PROFILE'!Q23+'ENTRY PROFILE'!Q27+'ENTRY PROFILE'!Q30+'ENTRY PROFILE'!X33+'ENTRY PROFILE'!X32 -> 0
C21: MACHINABLE OUTGOING | L21: NONMACHINABLE OUTGOING
D23: =SUM(A25:A29)*(1-'ACCEPT RATES'!G14)+SUM(C25:C29)*SUM('ACCEPT RATES'!I14:J14) -> 462.8841 | E23: Rejects | J23: =SUM(G25:G29)*(1-'ACCEPT RATES'!E19) -> 0 | K23: Rejects
A24: REC | B24: Out Prim AFSM100 | E24: Out Prim | G24: Keyed | H24: Out Prim UFSM1000 | K24: Out Prim | M24: Out Prim Manual
A25: =B25*(1-'ACCEPT RATES'!C14) -> 0 | B25: =C25*(1+'ACCEPT RATES'!F14) -> 0 | C25: =C11*('COVERAGE FACTORS'!C15+'COVERAGE FACTORS'!C19) -> 0 | E25: Manual | G25: =H25*(1-'ACCEPT RATES'!C19) -> 0 | H25: =I25 -> 0 | I25: =C11*'COVERAGE FACTORS'!C17 -> 0 | K25: Manual | M25: =N25 -> 0 | N25: =C11*'COVERAGE FACTORS'!C21 -> 0
A26: =B26*(1-'ACCEPT RATES'!D14) -> 2007.4406 | B26: =C26*(1+'ACCEPT RATES'!F14) -> 7613.0475 | C26: =G11*('COVERAGE FACTORS'!C15+'COVERAGE FACTORS'!C19) -> 7517.5218 | G26: =H26*(1-'ACCEPT RATES'!D19) -> 0 | H26: =I26 -> 0 | I26: =G11*'COVERAGE FACTORS'!C17 -> 0 | M26: =N26 -> 0.03462104 | N26: =G11*'COVERAGE FACTORS'!C21 -> 0.03462104
G27: =H27*(1-'ACCEPT RATES'!C19) -> 0 | H27: =I27 -> 0 | I27: =K11*('COVERAGE FACTORS'!C17+'COVERAGE FACTORS'!C19) -> 0 | M27: =N27 -> 0 | N27: =K11*(1-('COVERAGE FACTORS'!C17+'COVERAGE FACTORS'!C19)) -> 0
G28: =H28*(1-'ACCEPT RATES'!D19) -> 0 | H28: =I28 -> 0 | I28: =O11*('COVERAGE FACTORS'!C17+'COVERAGE FACTORS'!C19) -> 0 | M28: =N28 -> 0 | N28: =O11*(1-('COVERAGE FACTORS'!C17+'COVERAGE FACTORS'!C19)) -> 0
M29: =N29 -> 462.8841 | N29: =D23+J23 -> 462.8841
D30: =(SUM(C25:C29)-D23)*'PIECE DENSITIES'!C6 -> 903.34814 | E30: Out Sec Mach | J30: =(SUM(I25:I29)-J23)*'PIECE DENSITIES'!C11 -> 0 | K30: Out Sec Nonmach | O30: =SUM(N25:N29)*'PIECE DENSITIES'!C16 -> 41.420917 | P30: Out Sec Manual
D31: =(SUM(C25:C29)-D23)*'PIECE DENSITIES'!D6 -> 3656.4831 | E31: Inc MMP Mach | J31: =(SUM(I25:I29)-J23)*'PIECE DENSITIES'!D11 -> 0 | K31: Inc MMP Nonmach | O31: =SUM(N25:N29)*'PIECE DENSITIES'!D16 -> 268.79458 | P31: Inc MMP Manual
D32: =(SUM(C25:C29)-D23)*'PIECE DENSITIES'!E6 -> 1974.7607 | E32: Inc SCF Mach | J32: =(SUM(I25:I29)-J23)*'PIECE DENSITIES'!E11 -> 0 | K32: Inc SCF Nonmach | O32: =SUM(N25:N29)*'PIECE DENSITIES'!E16 -> 118.41788 | P32: Inc SCF Manual
D33: =(SUM(C25:C29)-D23)*'PIECE DENSITIES'!F6 -> 520.0458 | E33: Inc Prim Mach | J33: =(SUM(I25:I29)-J23)*'PIECE DENSITIES'!F11 -> 0 | K33: Inc Prim Nonmach | O33: =SUM(N25:N29)*'PIECE DENSITIES'!F16 -> 34.285351 | P33: Inc Prim Manual
D34: =(SUM(C25:C29)-D23)*'PIECE DENSITIES'!G6 -> 0 | E34: Inc Sec Mach | J34: =(SUM(I25:I29)-J23)*'PIECE DENSITIES'!G11 -> 0 | K34: Inc Sec Nonmach | O34: =SUM(N25:N29)*'PIECE DENSITIES'!G16 -> 0 | P34: Inc Sec Manual
D36: =SUM(A38:A42)*(1-'ACCEPT RATES'!G15)+SUM(C38:C42)*SUM('ACCEPT RATES'!I15:J15) -> 83.829992 | E36: Rejects | J36: =SUM(G38:G42)*(1-'ACCEPT RATES'!E20) -> 0 | K36: Rejects
A37: REC | B37: Out Sec AFSM100 | E37: Out Sec | G37: Keyed | H37: Out Sec UFSM1000 | K37: Out Sec | M37: Out Sec Manual
A38: =B38*(1-'ACCEPT RATES'!C15) -> 0 | B38: =C38*(1+'ACCEPT RATES'!F15+'PIECE DENSITIES'!C7) -> 0 | C38: =C12*('COVERAGE FACTORS'!C15+'COVERAGE FACTORS'!C19) -> 0 | E38: Manual | G38: =H38*(1-'ACCEPT RATES'!C20) -> 0 | H38: =I38*(1+'PIECE DENSITIES'!C12) -> 0 | I38: =C12*'COVERAGE FACTORS'!C17 -> 0 | K38: Manual | M38: =N38 -> 0 | N38: =C12*'COVERAGE FACTORS'!C21 -> 0
A39: =B39*(1-'ACCEPT RATES'!D15) -> 0 | B39: =C39*(1+'ACCEPT RATES'!F15+'PIECE DENSITIES'!C7) -> 0 | C39: =G12*('COVERAGE FACTORS'!C15+'COVERAGE FACTORS'!C19) -> 0 | G39: =H39*(1-'ACCEPT RATES'!D20) -> 0 | H39: =I39*(1+'PIECE DENSITIES'!C12) -> 0 | I39: =G12*'COVERAGE FACTORS'!C17 -> 0 | M39: =N39 -> 0 | N39: =G12*'COVERAGE FACTORS'!C21 -> 0
G40: =H40*(1-'ACCEPT RATES'!C20) -> 0 | H40: =I40*(1+'PIECE DENSITIES'!C12) -> 0 | I40: =K12*('COVERAGE FACTORS'!C17+'COVERAGE FACTORS'!C19) -> 0 | M40: =N40 -> 0 | N40: =K12*(1-('COVERAGE FACTORS'!C17+'COVERAGE FACTORS'!C19)) -> 0
G41: =H41*(1-'ACCEPT RATES'!D20) -> 0 | H41: =I41*(1+'PIECE DENSITIES'!C12) -> 0 | I41: =O12*('COVERAGE FACTORS'!C17+'COVERAGE FACTORS'!C19) -> 0 | M41: =N41 -> 0 | N41: =O12*(1-('COVERAGE FACTORS'!C17+'COVERAGE FACTORS'!C19)) -> 0
A42: =B42*(1-'ACCEPT RATES'!C15) -> 56.71006 | B42: =C42*(1+'ACCEPT RATES'!F15+'PIECE DENSITIES'!C7) -> 925.12849 | C42: =D30 -> 903.34814 | G42: =IF(SUM(C11:C16)>0,H42*(1-'ACCEPT RATES'!C20),H42*(1-'ACCEPT RATES'!D20)) -> 0 | H42: =I42*(1+'PIECE DENSITIES'!C12) -> 0 | I42: =J30 -> 0 | M42: =N42 -> 125.25091 | N42: =D36+J36+O30 -> 125.25091
D43: =(SUM(C38:C42)-D36)*'PIECE DENSITIES'!D7 -> 676.7529 | E43: Inc MMP Mach | J43: =(SUM(I38:I42)-J36)*'PIECE DENSITIES'!D12 -> 0 | K43: Inc MMP Nonmach | O43: =SUM(N38:N42)*'PIECE DENSITIES'!D17 -> 88.658056 | P43: Inc MMP Manual
D44: =(SUM(C38:C42)-D36)*'PIECE DENSITIES'!E7 -> 56.559354 | E44: Inc SCF Mach | J44: =(SUM(I38:I42)-J36)*'PIECE DENSITIES'!E12 -> 0 | K44: Inc SCF Nonmach | O44: =SUM(N38:N42)*'PIECE DENSITIES'!E17 -> 0.38868333 | P44: Inc SCF Manual
D45: =(SUM(C38:C42)-D36)*'PIECE DENSITIES'!F7 -> 6.0246034 | E45: Inc Prim Mach | J45: =(SUM(I38:I42)-J36)*'PIECE DENSITIES'!F12 -> 0 | K45: Inc Prim Nonmach | O45: =SUM(N38:N42)*'PIECE DENSITIES'!F17 -> 2.4881854 | P45: Inc Prim Manual
D46: =(SUM(C38:C42)-D36)*'PIECE DENSITIES'!G7 -> 80.181282 | E46: Inc Sec Mach | J46: =(SUM(I38:I42)-J36)*'PIECE DENSITIES'!G12 -> 0 | K46: Inc Sec Nonmach | O46: =SUM(N38:N42)*'PIECE DENSITIES'!G17 -> 33.715984 | P46: Inc Sec Manual
C49: MACHINABLE INCOMING | L49: NONMACHINABLE INCOMING
D51: =SUM(A53:A57)*(1-'ACCEPT RATES'!G16)+SUM(C53:C57)*SUM('ACCEPT RATES'!I16:J16) -> 362.07354 | E51: Rejects | J51: =SUM(G53:G57)*(1-'ACCEPT RATES'!E21) -> 0 | K51: Rejects
A52: REC | B52: Inc MMP AFSM100 | E52: Inc MMP | G52: Keyed | H52: Inc MMP UFSM1000 | K52: Inc MMP | M52: Inc MMP Manual
A53: =B53*(1-'ACCEPT RATES'!C16) -> 0 | B53: =C53*(1+'ACCEPT RATES'!F16+'PIECE DENSITIES'!D8) -> 0 | C53: =C13*('COVERAGE FACTORS'!C39+'COVERAGE FACTORS'!C43) -> 0 | E53: Manual | G53: =H53*(1-'ACCEPT RATES'!C21) -> 0 | H53: =I53*(1+'PIECE DENSITIES'!D13) -> 0 | I53: =C13*'COVERAGE FACTORS'!C41 -> 0 | K53: Manual | M53: =N53 -> 0 | N53: =C13*'COVERAGE FACTORS'!C45 -> 0
A54: =B54*(1-'ACCEPT RATES'!D16) -> 151.16732 | B54: =C54*(1+'ACCEPT RATES'!F16+'PIECE DENSITIES'!D8) -> 573.28919 | C54: =G13*('COVERAGE FACTORS'!C39+'COVERAGE FACTORS'!C43) -> 567.14585 | G54: =H54*(1-'ACCEPT RATES'!D21) -> 0 | H54: =I54*(1+'PIECE DENSITIES'!D13) -> 0 | I54: =G13*'COVERAGE FACTORS'!C41 -> 0 | M54: =N54 -> 3.4363918 | N54: =G13*'COVERAGE FACTORS'!C45 -> 3.4363918
G55: =H55*(1-'ACCEPT RATES'!C21) -> 0 | H55: =I55*(1+'PIECE DENSITIES'!D13) -> 0 | I55: =K13*('COVERAGE FACTORS'!C41+'COVERAGE FACTORS'!C43) -> 0 | M55: =N55 -> 0 | N55: =K13*(1-('COVERAGE FACTORS'!C41+'COVERAGE FACTORS'!C43)) -> 0
G56: =H56*(1-'ACCEPT RATES'!D21) -> 0 | H56: =I56*(1+'PIECE DENSITIES'!D13) -> 0 | I56: =O13*('COVERAGE FACTORS'!C41+'COVERAGE FACTORS'!C43) -> 0 | M56: =N56 -> 0 | N56: =O13*(1-('COVERAGE FACTORS'!C41+'COVERAGE FACTORS'!C43)) -> 0
A57: =B57*(1-'ACCEPT RATES'!C16) -> 266.88607 | B57: =C57*(1+'ACCEPT RATES'!F16+'PIECE DENSITIES'!D8) -> 4353.7937 | C57: =(D31+D43)*('COVERAGE FACTORS'!C39+'COVERAGE FACTORS'!C43) -> 4307.1387 | G57: =IF(SUM(C11:C16)>0,H57*(1-'ACCEPT RATES'!C21),H57*(1-'ACCEPT RATES'!D21)) -> 0 | H57: =I57*(1+'PIECE DENSITIES'!D13) -> 0 | I57: =(D31+D43)*'COVERAGE FACTORS'!C41+(J31+J43)*('COVERAGE FACTORS'!C41+'COVERAGE FACTORS'!C43) -> 0 | M57: =N57 -> 745.62354 | N57: =D51+J51+O31+O43+(D31+D43)*'COVERAGE FACTORS'!C45+(J31+J43)*(1-('COVERAGE FACTORS'!C41+'COVERAGE FACTORS'!C43)) -> 745.62354
D58: =(SUM(C53:C57)-D51)*'PIECE DENSITIES'!E8 -> 897.66262 | E58: Inc SCF Mach | J58: =(SUM(I53:I57)-J51)*'PIECE DENSITIES'!E13 -> 0 | K58: Inc SCF Nonmach | O58: =SUM(N53:N57)*'PIECE DENSITIES'!E18 -> 197.94948 | P58: Inc SCF Manual
D59: =(SUM(C53:C57)-D51)*'PIECE DENSITIES'!F8 -> 291.43935 | E59: Inc Prim Mach | J59: =(SUM(I53:I57)-J51)*'PIECE DENSITIES'!F13 -> 0 | K59: Inc Prim Nonmach | O59: =SUM(N53:N57)*'PIECE DENSITIES'!F18 -> 31.068566 | P59: Inc Prim Manual
D60: =(SUM(C53:C57)-D51)*'PIECE DENSITIES'!G8 -> 3323.109 | E60: Inc Sec Mach | J60: =(SUM(I53:I57)-J51)*'PIECE DENSITIES'!G13 -> 0 | K60: Inc Sec Nonmach | O60: =SUM(N53:N57)*'PIECE DENSITIES'!G18 -> 520.04189 | P60: Inc Sec Manual
D62: =SUM(A64:A68)*(1-'ACCEPT RATES'!G17)+SUM(C64:C68)*SUM('ACCEPT RATES'!I17:J17) -> 181.08668 | E62: Rejects | J62: =SUM(G64:G68)*(1-'ACCEPT RATES'!E22) -> 0 | K62: Rejects
A63: REC | B63: Inc SCF AFSM100 | E63: Inc SCF | G63: Keyed | H63: Inc SCF UFSM1000 | K63: Inc SCF | M63: Inc SCF Manual
A64: =B64*(1-'ACCEPT RATES'!C17) -> 0 | B64: =C64*(1+'ACCEPT RATES'!F17+'PIECE DENSITIES'!E9) -> 0 | C64: =C14*('COVERAGE FACTORS'!C39+'COVERAGE FACTORS'!C43) -> 0 | E64: Manual | G64: =H64*(1-'ACCEPT RATES'!C22) -> 0 | H64: =I64*(1+'PIECE DENSITIES'!E14) -> 0 | I64: =C14*'COVERAGE FACTORS'!C41 -> 0 | K64: Manual | M64: =N64 -> 0 | N64: =C14*'COVERAGE FACTORS'!C45 -> 0
A65: =B65*(1-'ACCEPT RATES'!D17) -> 155.31335 | B65: =C65*(1+'ACCEPT RATES'!F17+'PIECE DENSITIES'!E9) -> 589.01268 | C65: =G14*('COVERAGE FACTORS'!C39+'COVERAGE FACTORS'!C43) -> 554.58983 | G65: =H65*(1-'ACCEPT RATES'!D22) -> 0 | H65: =I65*(1+'PIECE DENSITIES'!E14) -> 0 | I65: =G14*'COVERAGE FACTORS'!C41 -> 0 | M65: =N65 -> 3.3603137 | N65: =G14*'COVERAGE FACTORS'!C45 -> 3.3603137
G66: =H66*(1-'ACCEPT RATES'!C22) -> 0 | H66: =I66*(1+'PIECE DENSITIES'!E14) -> 0 | I66: =K14*('COVERAGE FACTORS'!C41+'COVERAGE FACTORS'!C43) -> 0 | M66: =N66 -> 0 | N66: =K14*(1-('COVERAGE FACTORS'!C41+'COVERAGE FACTORS'!C43)) -> 0
G67: =H67*(1-'ACCEPT RATES'!D22) -> 0 | H67: =I67*(1+'PIECE DENSITIES'!E14) -> 0 | I67: =O14*('COVERAGE FACTORS'!C41+'COVERAGE FACTORS'!C43) -> 0 | M67: =N67 -> 0 | N67: =O14*(1-('COVERAGE FACTORS'!C41+'COVERAGE FACTORS'!C43)) -> 0
A68: =B68*(1-'ACCEPT RATES'!C17) -> 189.54141 | B68: =C68*(1+'ACCEPT RATES'!F17+'PIECE DENSITIES'!E9) -> 3092.0467 | C68: =(D32+D44+D58)*('COVERAGE FACTORS'!C39+'COVERAGE FACTORS'!C43) -> 2911.3425 | G68: =IF(SUM(C11:C16)>0, H68*(1-'ACCEPT RATES'!C22),H68*(1-'ACCEPT RATES'!D22)) -> 0 | H68: =I68*(1+'PIECE DENSITIES'!E14) -> 0 | I68: =(D32+D44+D58)*'COVERAGE FACTORS'!C41+(J32+J44+J58)*('COVERAGE FACTORS'!C41+'COVERAGE FACTORS'!C43) -> 0 | M68: =N68 -> 515.48283 | N68: =D62+J62+O32+O44+O58+(D32+D44+D58)*'COVERAGE FACTORS'!C45+(J32+J44+J58)*(1-('COVERAGE FACTORS'!C41+'COVERAGE FACTORS'!C43)) -> 515.48283
D69: =(SUM(C64:C68)-D62)*'PIECE DENSITIES'!F9 -> 73.488473 | E69: Inc Prim Mach | J69: =(SUM(I64:I68)-J62)*'PIECE DENSITIES'!F14 -> 0 | K69: Inc Prim Nonmach | O69: =SUM(N64:N68)*'PIECE DENSITIES'!F19 -> 13.421345 | P69: Inc Prim Manual
D70: =(SUM(C64:C68)-D62)*'PIECE DENSITIES'!G9 -> 3211.3572 | E70: Inc Sec Mach | J70: =(SUM(I64:I68)-J62)*'PIECE DENSITIES'!G14 -> 0 | K70: Inc Sec Nonmach | O70: =SUM(N64:N68)*'PIECE DENSITIES'!G19 -> 505.4218 | P70: Inc Sec Manual
D72: =SUM(A74:A78)*(1-'ACCEPT RATES'!G17)+SUM(C74:C78)*SUM('ACCEPT RATES'!I17:J17) -> 43.869079 | E72: Rejects | J72: =SUM(G74:G78)*(1-'ACCEPT RATES'!E22) -> 0 | K72: Rejects
A73: REC | B73: Inc Prim AFSM100 | E73: Inc Prim | G73: Keyed | H73: Inc Prim UFSM1000 | K73: Inc Prim | M73: Inc Prim Manual
A74: =B74*(1-'ACCEPT RATES'!C17) -> 0 | B74: =C74*(1+'ACCEPT RATES'!F17) -> 0 | C74: =C15*('COVERAGE FACTORS'!C39+'COVERAGE FACTORS'!C43) -> 0 | E74: Manual | G74: =H74*(1-'ACCEPT RATES'!C22) -> 0 | H74: =I74 -> 0 | I74: =C15*'COVERAGE FACTORS'!C41 -> 0 | K74: Manual | M74: =N74 -> 0 | N74: =C15*'COVERAGE FACTORS'!C45 -> 0
A75: =B75*(1-'ACCEPT RATES'!D17) -> 0 | B75: =C75*(1+'ACCEPT RATES'!F17) -> 0 | C75: =G15*('COVERAGE FACTORS'!C39+'COVERAGE FACTORS'!C43) -> 0 | G75: =H75*(1-'ACCEPT RATES'!D22) -> 0 | H75: =I75 -> 0 | I75: =G15*'COVERAGE FACTORS'!C41 -> 0 | M75: =N75 -> 0 | N75: =G15*'COVERAGE FACTORS'!C45 -> 0
G76: =H76*(1-'ACCEPT RATES'!C22) -> 0 | H76: =I76 -> 0 | I76: =K15*('COVERAGE FACTORS'!C41+'COVERAGE FACTORS'!C43) -> 0 | M76: =N76 -> 0 | N76: =K15*(1-('COVERAGE FACTORS'!C41+'COVERAGE FACTORS'!C43)) -> 0
G77: =H77*(1-'ACCEPT RATES'!D22) -> 0 | H77: =I77 -> 0 | I77: =O15*('COVERAGE FACTORS'!C41+'COVERAGE FACTORS'!C43) -> 0 | M77: =N77 -> 0 | N77: =O15*(1-('COVERAGE FACTORS'!C41+'COVERAGE FACTORS'!C43)) -> 0
A78: =B78*(1-'ACCEPT RATES'!C17) -> 54.817032 | B78: =C78*(1+'ACCEPT RATES'!F17) -> 894.24695 | C78: =(D33+D45+D59+D69)*('COVERAGE FACTORS'!C39+'COVERAGE FACTORS'!C43) -> 885.63209 | G78: =IF(SUM(C11:C16)>0,H78*(1-'ACCEPT RATES'!C22),H78*(1-'ACCEPT RATES'!D22)) -> 0 | H78: =I78 -> 0 | I78: =(D33+D45+D59+D69)*'COVERAGE FACTORS'!C41+(J33+J45+J59+J69)*('COVERAGE FACTORS'!C41+'COVERAGE FACTORS'!C43) -> 0 | M78: =N78 -> 130.49866 | N78: =D72+J72+O33+O45+O59+O69+(D33+D45+D59+D69)*'COVERAGE FACTORS'!C45+(J33+J45+J59+J69)*(1-('COVERAGE FACTORS'!C41+'COVERAGE FACTORS'!C43))+D106 -> 130.49866
D79: =SUM(C74:C78)-D72 -> 841.76301 | E79: Inc Sec Mach | J79: =SUM(I74:I78)-J72 -> 0 | K79: Inc Sec Nonmach | O79: =SUM(N74:N78) -> 130.49866 | P79: Inc Sec Manual
D81: =SUM(A83:A87)*(1-'ACCEPT RATES'!G17)+SUM(C83:C87)*SUM('ACCEPT RATES'!I17:J17) -> 453.62872 | E81: Rejects | J81: =I85*(1-'ACCEPT RATES'!C22) -> 0 | K81: Rejects
A82: REC | B82: Inc Sec AFSM100 | E82: Inc Sec | G82: Keyed | H82: Inc Sec UFSM1000 | K82: Inc Sec | M82: Inc Sec Manual
A83: =B83*(1-'ACCEPT RATES'!C17) -> 0 | B83: =C83*(1+'ACCEPT RATES'!F17) -> 0 | C83: =C16*('COVERAGE FACTORS'!C55+'COVERAGE FACTORS'!C59) -> 0 | E83: Manual | G83: 0 | H83: =I83 -> 0 | I83: =C16*'COVERAGE FACTORS'!C57 -> 0 | K83: Manual | M83: =N83 -> 0 | N83: =C16*'COVERAGE FACTORS'!C61 -> 0
A84: =B84*(1-'ACCEPT RATES'!D17) -> 358.30672 | B84: =C84*(1+'ACCEPT RATES'!F17) -> 1358.8478 | C84: =G16*('COVERAGE FACTORS'!C55+'COVERAGE FACTORS'!C59) -> 1345.7571 | G84: 0 | H84: =I84 -> 0 | I84: =G16*'COVERAGE FACTORS'!C57 -> 0 | M84: =N84 -> 8.1540731 | N84: =G16*'COVERAGE FACTORS'!C61 -> 8.1540731
G85: 0 | H85: =I85 -> 0 | I85: =K16*('COVERAGE FACTORS'!C57+'COVERAGE FACTORS'!C59) -> 0 | M85: =N85 -> 0 | N85: =K16*(1-('COVERAGE FACTORS'!C57+'COVERAGE FACTORS'!C59+'COVERAGE FACTORS'!C53)) -> 0
G86: 0 | H86: =I86 -> 0 | I86: =O16*('COVERAGE FACTORS'!C57+'COVERAGE FACTORS'!C59) -> 0 | M86: =N86 -> 0 | N86: =O16*(1-('COVERAGE FACTORS'!C57+'COVERAGE FACTORS'!C59+'COVERAGE FACTORS'!C53)) -> 0
A87: =B87*(1-'ACCEPT RATES'!C17) -> 458.74199 | B87: =C87*(1+'ACCEPT RATES'!F17) -> 7483.5978 | C87: =(D34+D46+D60+D70+D79)*('COVERAGE FACTORS'!C55+'COVERAGE FACTORS'!C59) -> 7411.5035 | G87: 0 | H87: =I87 -> 0 | I87: =(D34+D46+D60+D70+D79)*'COVERAGE FACTORS'!C57+(J34+J46+J60+J70+J79)*('COVERAGE FACTORS'!C57+'COVERAGE FACTORS'!C59) -> 0 | M87: =N87 -> 1688.2141 | N87: =D81+J81+(O34+O46+O60+O70+O79)+(D34+D46+D60+D70+D79)*'COVERAGE FACTORS'!C61+(J34+J46+J60+J70+J79)*(1-('COVERAGE FACTORS'!C57+'COVERAGE FACTORS'!C59))+D120 -> 1688.2141
D88: =SUM(C83:C87)-D81 -> 8303.6319 | J88: =SUM(I83:I87)-J81 -> 0 | O88: =SUM(N83:N87) -> 1696.3681
D89: Finalized to Carrier Route | J89: Finalized to Carrier Route | O89: Finalized to Carrier Route
D91: Rejects
D92: IS | E92: IP
D93: =SUM(A95:A99)*(1-'ACCEPT RATES'!G24)+SUM(B95:B99)*'ACCEPT RATES'!J24 -> 0 | E93: =SUM(B95:B99)*'ACCEPT RATES'!I24 -> 0
A94: REC | B94: FSS | E94: Inc Sec
A95: =B95*(1-'ACCEPT RATES'!C24) -> 0 | B95: =C95*(1+'ACCEPT RATES'!F17) -> 0 | C95: =C16*'COVERAGE FACTORS'!C53 -> 0 | E95: Manual
A96: =B96*(1-'ACCEPT RATES'!D24) -> 0 | B96: =C96*(1+'ACCEPT RATES'!F17) -> 0 | C96: =G16*'COVERAGE FACTORS'!C53 -> 0
A97: =B97*(1-'ACCEPT RATES'!C24) -> 0 | B97: =C97*(1+'ACCEPT RATES'!F17) -> 0 | C97: =K16*'COVERAGE FACTORS'!C53 -> 0
A98: =B98*(1-'ACCEPT RATES'!D24) -> 0 | B98: =C98*(1+'ACCEPT RATES'!F17) -> 0 | C98: =O16*'COVERAGE FACTORS'!C53 -> 0
A99: =B99*(1-'ACCEPT RATES'!C24) -> 0 | B99: =C99*(1+'ACCEPT RATES'!F17) -> 0 | C99: =(D16+D34+D46+D60+D70+D79)*'COVERAGE FACTORS'!C53+D114 -> 0
D100: =SUM(C95:C99)-D93-E93 -> 0
D101: Finalized to DPS
D106: =A112*(1-'ACCEPT RATES'!G17)+B112*('ACCEPT RATES'!I17+'ACCEPT RATES'!J17) -> 0 | E106: Rejects | G106: This section of the model requires the iterative calculation function within Excel to be enabled. An iterative process is used to account for the flow of FSS out-of-scheme rejects. FSS out-of-scheme rejects flow upstream to Incoming Primary (IP) operations where they are sorted to the correct scheme. If the correct scheme is worked on the FSS the piece will flow downstream to the FSS operation, this creates the iterative flow within the model.
A107: REC | B107: Inc Prim AFSM100 - FSS Reject | E107: Inc Prim
E108: Manual
A112: =B112*(1-'ACCEPT RATES'!$C$17) -> 0 | B112: =C112*(1+'ACCEPT RATES'!$F$17) -> 0 | C112: =E93 -> 0
D113: =($C$112-$D$106)*(1-'COVERAGE FACTORS'!$C$66) -> 0 | E113: Inc Sec Mach
D114: =($C$112-$D$106)*'COVERAGE FACTORS'!$C$66 -> 0 | E114: FSS
D120: =A126*'ACCEPT RATES'!H17+B126*('ACCEPT RATES'!I17+'ACCEPT RATES'!J17) -> 0 | E120: Rejects
A121: REC | B121: Inc Sec AFSM100 - FSS Reject | E121: Inc Sec
E122: Manual
A126: =B126*(1-'ACCEPT RATES'!$C$17) -> 0 | B126: =C126*(1+'ACCEPT RATES'!$F$17) -> 0 | C126: =$D$93+$D$113 -> 0
D127: =C126-D120 -> 0
D128: Finalized to Carrier Route

Sheet MADC NONAUTO COST
A1: MADC NONAUTO PRESORT
A2: COST SHEET
C4: ="(1)" -> (1) | D4: ="(2)" -> (2) | E4: ="(3)" -> (3) | F4: ="(4)" -> (4) | G4: ="(5)" -> (5) | H4: ="(6)" -> (6) | I4: ="(7)" -> (7) | J4: ="(8)" -> (8) | K4: ="(9)" -> (9)
D6: Bundles | F6: Direct | H6: Premium | I6: Premium | J6: Total | K6: Weighted
D7: or Pieces | E7: Wage | F7: Cents | G7: Piggyback | H7: Pay | I7: Pay | J7: Cents | K7: Cents
A8: Operation | C8: Volume | D8: Per Hour | E8: Rate | F8: Per Piece | G8: Factor | H8: Factor | I8: Adjust | J8: Per Piece | K8: Per Piece
A10: Outgoing Primary (Bundles)
B11: APPS | C11: ='MADC AUTO COST'!C11 -> 0 | D11: =PRODUCTIVITIES!$E$8 -> 175.66894 | E11: ='WAGE RATES'!$D$6 -> 50.107175 | F11: =E11*100/D11 -> 28.523639 | G11: =PIGGYBACKS!$B$5 -> 1.8052502 | H11: ='WAGE RATES'!$D$10 -> 1.0285306 | I11: =(H11-1)*F11 -> 0.81379702 | J11: =F11*G11+I11 -> 52.306103 | K11: =C11*$J11/'MADC NONAUTO MODEL'!$G$6 -> 0
B12: APBS / LIPS | C12: ='MADC AUTO COST'!C12 -> 0 | D12: =PRODUCTIVITIES!$E$10 -> 194.60203 | E12: ='WAGE RATES'!$D$6 -> 50.107175 | F12: =E12*100/D12 -> 25.748537 | G12: =PIGGYBACKS!$B$6 -> 1.6056413 | H12: ='WAGE RATES'!$D$10 -> 1.0285306 | I12: =(H12-1)*F12 -> 0.73462165 | J12: =F12*G12+I12 -> 42.077535 | K12: =C12*$J12/'MADC NONAUTO MODEL'!$G$6 -> 0
B13: Manual | C13: ='MADC AUTO COST'!C13 -> 83.911618 | D13: =PRODUCTIVITIES!$E$12 -> 388.77899 | E13: ='WAGE RATES'!$D$6 -> 50.107175 | F13: =E13*100/D13 -> 12.888344 | G13: =PIGGYBACKS!$B$7 -> 1.5985379 | H13: ='WAGE RATES'!$D$10 -> 1.0285306 | I13: =(H13-1)*F13 -> 0.36771242 | J13: =F13*G13+I13 -> 20.970219 | K13: =C13*$J13/'MADC NONAUTO MODEL'!$G$6 -> 0.1759645
A15: Incoming MMP (Bundles)
B16: APPS | C16: ='MADC AUTO COST'!C16 -> 0 | D16: =PRODUCTIVITIES!$E$9 -> 204.15275 | E16: ='WAGE RATES'!$D$6 -> 50.107175 | F16: =E16*100/D16 -> 24.543962 | G16: =PIGGYBACKS!$B$5 -> 1.8052502 | H16: ='WAGE RATES'!$D$10 -> 1.0285306 | I16: =(H16-1)*F16 -> 0.70025439 | J16: =F16*G16+I16 -> 45.008248 | K16: =C16*$J16/'MADC NONAUTO MODEL'!$G$6 -> 0
B17: APBS / LIPS | C17: ='MADC AUTO COST'!C17 -> 0 | D17: =PRODUCTIVITIES!$E$11 -> 163.71091 | E17: ='WAGE RATES'!$D$6 -> 50.107175 | F17: =E17*100/D17 -> 30.607108 | G17: =PIGGYBACKS!$B$6 -> 1.6056413 | H17: ='WAGE RATES'!$D$10 -> 1.0285306 | I17: =(H17-1)*F17 -> 0.87323969 | J17: =F17*G17+I17 -> 50.017276 | K17: =C17*$J17/'MADC NONAUTO MODEL'!$G$6 -> 0
B18: Manual | C18: ='MADC AUTO COST'!C18 -> 0 | D18: =PRODUCTIVITIES!$E$13 -> 388.77899 | E18: ='WAGE RATES'!$D$6 -> 50.107175 | F18: =E18*100/D18 -> 12.888344 | G18: =PIGGYBACKS!$B$7 -> 1.5985379 | H18: ='WAGE RATES'!$D$10 -> 1.0285306 | I18: =(H18-1)*F18 -> 0.36771242 | J18: =F18*G18+I18 -> 20.970219 | K18: =C18*$J18/'MADC NONAUTO MODEL'!$G$6 -> 0
A20: Incoming Primary (Bundles)
B21: APPS | C21: ='MADC AUTO COST'!C21 -> 0 | D21: =PRODUCTIVITIES!$E$9 -> 204.15275 | E21: ='WAGE RATES'!$D$6 -> 50.107175 | F21: =E21*100/D21 -> 24.543962 | G21: =PIGGYBACKS!$B$5 -> 1.8052502 | H21: ='WAGE RATES'!$D$10 -> 1.0285306 | I21: =(H21-1)*F21 -> 0.70025439 | J21: =F21*G21+I21 -> 45.008248 | K21: =C21*$J21/'MADC NONAUTO MODEL'!$G$6 -> 0
B22: APBS / LIPS | C22: ='MADC AUTO COST'!C22 -> 0 | D22: =PRODUCTIVITIES!$E$11 -> 163.71091 | E22: ='WAGE RATES'!$D$6 -> 50.107175 | F22: =E22*100/D22 -> 30.607108 | G22: =PIGGYBACKS!$B$6 -> 1.6056413 | H22: ='WAGE RATES'!$D$10 -> 1.0285306 | I22: =(H22-1)*F22 -> 0.87323969 | J22: =F22*G22+I22 -> 50.017276 | K22: =C22*$J22/'MADC NONAUTO MODEL'!$G$6 -> 0
B23: Manual | C23: ='MADC AUTO COST'!C23 -> 0 | D23: =PRODUCTIVITIES!$E$14 -> 388.77899 | E23: ='WAGE RATES'!$D$6 -> 50.107175 | F23: =E23*100/D23 -> 12.888344 | G23: =PIGGYBACKS!$B$7 -> 1.5985379 | H23: ='WAGE RATES'!$D$10 -> 1.0285306 | I23: =(H23-1)*F23 -> 0.36771242 | J23: =F23*G23+I23 -> 20.970219 | K23: =C23*$J23/'MADC NONAUTO MODEL'!$G$6 -> 0
A25: Incoming Secondary (Bundles)
B26: APPS | C26: ='MADC AUTO COST'!C26 -> 0 | D26: =PRODUCTIVITIES!$E$9 -> 204.15275 | E26: ='WAGE RATES'!$D$6 -> 50.107175 | F26: =E26*100/D26 -> 24.543962 | G26: =PIGGYBACKS!$B$5 -> 1.8052502 | H26: ='WAGE RATES'!$D$10 -> 1.0285306 | I26: =(H26-1)*F26 -> 0.70025439 | J26: =F26*G26+I26 -> 45.008248 | K26: =C26*$J26/'MADC NONAUTO MODEL'!$G$6 -> 0
B27: APBS / LIPS | C27: ='MADC AUTO COST'!C27 -> 0 | D27: =PRODUCTIVITIES!$E$11 -> 163.71091 | E27: ='WAGE RATES'!$D$6 -> 50.107175 | F27: =E27*100/D27 -> 30.607108 | G27: =PIGGYBACKS!$B$6 -> 1.6056413 | H27: ='WAGE RATES'!$D$10 -> 1.0285306 | I27: =(H27-1)*F27 -> 0.87323969 | J27: =F27*G27+I27 -> 50.017276 | K27: =C27*$J27/'MADC NONAUTO MODEL'!$G$6 -> 0
B28: Manual | C28: ='MADC AUTO COST'!C28 -> 0 | D28: =PRODUCTIVITIES!E15 -> 279.1383 | E28: ='WAGE RATES'!$D$6 -> 50.107175 | F28: =E28*100/D28 -> 17.950663 | G28: =PIGGYBACKS!$B$7 -> 1.5985379 | H28: ='WAGE RATES'!$D$10 -> 1.0285306 | I28: =(H28-1)*F28 -> 0.51214348 | J28: =F28*G28+I28 -> 29.206957 | K28: =C28*$J28/'MADC NONAUTO MODEL'!$G$6 -> 0
A30: Outgoing Primary (Piece)
B31: AFSM100 Auto | C31: =SUM('MADC NONAUTO MODEL'!$B$25:$B$29) -> 10127.024 | D31: =PRODUCTIVITIES!$E$23*'COVERAGE FACTORS'!$C$25+PRODUCTIVITIES!$E$17*(1-'COVERAGE FACTORS'!$C$25) -> 1572.5271 | E31: ='WAGE RATES'!$D$6 -> 50.107175 | F31: =E31*100/D31 -> 3.1864109 | G31: =PIGGYBACKS!$B8 -> 1.6305774 | H31: ='WAGE RATES'!$D$10 -> 1.0285306 | I31: =(H31-1)*F31 -> 0.09091027 | J31: =F31*G31+I31 -> 5.2865999 | K31: =C31*$J31/'MADC NONAUTO MODEL'!$G$6 -> 5.3537525
B32: REC Keying | C32: =SUM('MADC NONAUTO MODEL'!$A$25:$A$29) -> 2670.3366 | D32: =PRODUCTIVITIES!$E$16 -> 888.01171 | E32: ='WAGE RATES'!$D$5 -> 54.14236 | F32: =E32*100/D32 -> 6.0970322 | G32: =PIGGYBACKS!$B$9 -> 1.2615773 | H32: ='WAGE RATES'!$D$10 -> 1.0285306 | I32: =(H32-1)*F32 -> 0.17395209 | J32: =F32*G32+I32 -> 7.8658297 | K32: =C32*$J32/'MADC NONAUTO MODEL'!$G$6 -> 2.1004413
B33: UFSM1000 Auto | C33: =SUM('MADC NONAUTO MODEL'!$H$25:$H$29) -> 0 | D33: =PRODUCTIVITIES!$E$30 -> 1.0273269 | E33: ='WAGE RATES'!$D$6 -> 50.107175 | F33: =E33*100/D33 -> 4877.4324 | G33: =PIGGYBACKS!$B$10 -> 1.6305774 | H33: ='WAGE RATES'!$D$10 -> 1.0285306 | I33: =(H33-1)*F33 -> 139.15616 | J33: =F33*G33+I33 -> 8092.1873 | K33: =C33*$J33/'MADC NONAUTO MODEL'!$G$6 -> 0
B34: UFSM1000 Keying | C34: =SUM('MADC NONAUTO MODEL'!$G$25:$G$29) -> 0 | D34: =PRODUCTIVITIES!$E$36 -> 1.0273269 | E34: ='WAGE RATES'!$D$6 -> 50.107175 | F34: =E34*100/D34 -> 4877.4324 | G34: =PIGGYBACKS!$B$10 -> 1.6305774 | H34: ='WAGE RATES'!$D$10 -> 1.0285306 | I34: =(H34-1)*F34 -> 139.15616 | J34: =F34*G34+I34 -> 8092.1873 | K34: =C34*$J34/'MADC NONAUTO MODEL'!$G$6 -> 0
B35: Manual | C35: =SUM('MADC NONAUTO MODEL'!$M$25:$M$29) -> 615.7835 | D35: =PRODUCTIVITIES!$E$42 -> 620.26372 | E35: ='WAGE RATES'!$D$6 -> 50.107175 | F35: =E35*100/D35 -> 8.0783662 | G35: =PIGGYBACKS!$B$12 -> 1.3622907 | H35: ='WAGE RATES'!$D$10 -> 1.0285306 | I35: =(H35-1)*F35 -> 0.23048077 | J35: =F35*G35+I35 -> 11.235564 | K35: =C35*$J35/'MADC NONAUTO MODEL'!$G$6 -> 0.69186751
A37: Outgoing Secondary (Piece)
B38: AFSM100 Auto | C38: =SUM('MADC NONAUTO MODEL'!$B$38:$B$42) -> 1230.6239 | D38: =PRODUCTIVITIES!$E$24*'COVERAGE FACTORS'!$C$25+PRODUCTIVITIES!$E$18*(1-'COVERAGE FACTORS'!$C$25) -> 2267.7698 | E38: ='WAGE RATES'!$D$6 -> 50.107175 | F38: =E38*100/D38 -> 2.2095353 | G38: =PIGGYBACKS!$B$8 -> 1.6305774 | H38: ='WAGE RATES'!$D$10 -> 1.0285306 | I38: =(H38-1)*F38 -> 0.063039405 | J38: =F38*G38+I38 -> 3.6658578 | K38: =C38*$J38/'MADC NONAUTO MODEL'!$G$6 -> 0.45112923
B39: REC Keying | C39: =SUM('MADC NONAUTO MODEL'!$A$38:$A$42) -> 75.436826 | D39: =PRODUCTIVITIES!$E$16 -> 888.01171 | E39: ='WAGE RATES'!$D$5 -> 54.14236 | F39: =E39*100/D39 -> 6.0970322 | G39: =PIGGYBACKS!$B$9 -> 1.2615773 | H39: ='WAGE RATES'!$D$10 -> 1.0285306 | I39: =(H39-1)*F39 -> 0.17395209 | J39: =F39*G39+I39 -> 7.8658297 | K39: =C39*$J39/'MADC NONAUTO MODEL'!$G$6 -> 0.059337323
B40: UFSM1000 Auto | C40: =SUM('MADC NONAUTO MODEL'!$H$38:$H$42) -> 0 | D40: =PRODUCTIVITIES!$E$31 -> 1.0273269 | E40: ='WAGE RATES'!$D$6 -> 50.107175 | F40: =E40*100/D40 -> 4877.4324 | G40: =PIGGYBACKS!$B$10 -> 1.6305774 | H40: ='WAGE RATES'!$D$10 -> 1.0285306 | I40: =(H40-1)*F40 -> 139.15616 | J40: =F40*G40+I40 -> 8092.1873 | K40: =C40*$J40/'MADC NONAUTO MODEL'!$G$6 -> 0
B41: UFSM1000 Keying | C41: =SUM('MADC NONAUTO MODEL'!$G$38:$G$42) -> 0 | D41: =PRODUCTIVITIES!$E$37 -> 1.0273269 | E41: ='WAGE RATES'!$D$6 -> 50.107175 | F41: =E41*100/D41 -> 4877.4324 | G41: =PIGGYBACKS!$B$10 -> 1.6305774 | H41: ='WAGE RATES'!$D$10 -> 1.0285306 | I41: =(H41-1)*F41 -> 139.15616 | J41: =F41*G41+I41 -> 8092.1873 | K41: =C41*$J41/'MADC NONAUTO MODEL'!$G$6 -> 0
B42: Manual | C42: =SUM('MADC NONAUTO MODEL'!$M$38:$M$42) -> 166.6112 | D42: =PRODUCTIVITIES!$E$43 -> 490.62129 | E42: ='WAGE RATES'!$D$6 -> 50.107175 | F42: =E42*100/D42 -> 10.213005 | G42: =PIGGYBACKS!$B$12 -> 1.3622907 | H42: ='WAGE RATES'!$D$10 -> 1.0285306 | I42: =(H42-1)*F42 -> 0.29138332 | J42: =F42*G42+I42 -> 14.204465 | K42: =C42*$J42/'MADC NONAUTO MODEL'!$G$6 -> 0.23666229
A44: Incoming MMP (Piece)
B45: AFSM100 Auto | C45: =SUM('MADC NONAUTO MODEL'!$B$53:$B$57) -> 5791.5012 | D45: =PRODUCTIVITIES!$E$25*'COVERAGE FACTORS'!$C$25+PRODUCTIVITIES!$E$19*(1-'COVERAGE FACTORS'!$C$25) -> 1572.9754 | E45: ='WAGE RATES'!$D$6 -> 50.107175 | F45: =E45*100/D45 -> 3.1855028 | G45: =PIGGYBACKS!$B$8 -> 1.6305774 | H45: ='WAGE RATES'!$D$10 -> 1.0285306 | I45: =(H45-1)*F45 -> 0.090884361 | J45: =F45*G45+I45 -> 5.2850933 | K45: =C45*$J45/'MADC NONAUTO MODEL'!$G$6 -> 3.0608624
B46: REC Keying | C46: =SUM('MADC NONAUTO MODEL'!$A$53:$A$57) -> 355.01704 | D46: =PRODUCTIVITIES!$E$16 -> 888.01171 | E46: ='WAGE RATES'!$D$5 -> 54.14236 | F46: =E46*100/D46 -> 6.0970322 | G46: =PIGGYBACKS!$B$9 -> 1.2615773 | H46: ='WAGE RATES'!$D$10 -> 1.0285306 | I46: =(H46-1)*F46 -> 0.17395209 | J46: =F46*G46+I46 -> 7.8658297 | K46: =C46*$J46/'MADC NONAUTO MODEL'!$G$6 -> 0.27925036
B47: UFSM1000 Auto | C47: =SUM('MADC NONAUTO MODEL'!$H$53:$H$57) -> 0 | D47: =PRODUCTIVITIES!$E$32 -> 1.0273269 | E47: ='WAGE RATES'!$D$6 -> 50.107175 | F47: =E47*100/D47 -> 4877.4324 | G47: =PIGGYBACKS!$B$10 -> 1.6305774 | H47: ='WAGE RATES'!$D$10 -> 1.0285306 | I47: =(H47-1)*F47 -> 139.15616 | J47: =F47*G47+I47 -> 8092.1873 | K47: =C47*$J47/'MADC NONAUTO MODEL'!$G$6 -> 0
B48: UFSM1000 Keying | C48: =SUM('MADC NONAUTO MODEL'!$G$53:$G$57) -> 0 | D48: =PRODUCTIVITIES!$E$38 -> 1.0273269 | E48: ='WAGE RATES'!$D$6 -> 50.107175 | F48: =E48*100/D48 -> 4877.4324 | G48: =PIGGYBACKS!$B$10 -> 1.6305774 | H48: ='WAGE RATES'!$D$10 -> 1.0285306 | I48: =(H48-1)*F48 -> 139.15616 | J48: =F48*G48+I48 -> 8092.1873 | K48: =C48*$J48/'MADC NONAUTO MODEL'!$G$6 -> 0
B49: Manual | C49: =SUM('MADC NONAUTO MODEL'!$M$53:$M$57) -> 925.96094 | D49: =PRODUCTIVITIES!$E$44 -> 692.96374 | E49: ='WAGE RATES'!$D$6 -> 50.107175 | F49: =E49*100/D49 -> 7.2308508 | G49: =PIGGYBACKS!$B$12 -> 1.3622907 | H49: ='WAGE RATES'!$D$10 -> 1.0285306 | I49: =(H49-1)*F49 -> 0.20630064 | J49: =F49*G49+I49 -> 10.056822 | K49: =C49*$J49/'MADC NONAUTO MODEL'!$G$6 -> 0.93122241
A51: Incoming SCF (Piece)
B52: AFSM100 Auto | C52: =SUM('MADC NONAUTO MODEL'!$B$64:$B$68) -> 3968.4948 | D52: =PRODUCTIVITIES!$E$26*'COVERAGE FACTORS'!$C$25+PRODUCTIVITIES!$E$20*(1-'COVERAGE FACTORS'!$C$25) -> 2073.5492 | E52: ='WAGE RATES'!$D$6 -> 50.107175 | F52: =E52*100/D52 -> 2.4164932 | G52: =PIGGYBACKS!$B$8 -> 1.6305774 | H52: ='WAGE RATES'!$D$10 -> 1.0285306 | I52: =(H52-1)*F52 -> 0.068944043 | J52: =F52*G52+I52 -> 4.0092233 | K52: =C52*$J52/'MADC NONAUTO MODEL'!$G$6 -> 1.5910582
B53: REC Keying | C53: =SUM('MADC NONAUTO MODEL'!$A$64:$A$68) -> 243.26737 | D53: =PRODUCTIVITIES!$E$16 -> 888.01171 | E53: ='WAGE RATES'!$D$5 -> 54.14236 | F53: =E53*100/D53 -> 6.0970322 | G53: =PIGGYBACKS!$B$9 -> 1.2615773 | H53: ='WAGE RATES'!$D$10 -> 1.0285306 | I53: =(H53-1)*F53 -> 0.17395209 | J53: =F53*G53+I53 -> 7.8658297 | K53: =C53*$J53/'MADC NONAUTO MODEL'!$G$6 -> 0.19134997
B54: UFSM1000 Auto | C54: =SUM('MADC NONAUTO MODEL'!$H$64:$H$68) -> 0 | D54: =PRODUCTIVITIES!$E$33 -> 1.0273269 | E54: ='WAGE RATES'!$D$6 -> 50.107175 | F54: =E54*100/D54 -> 4877.4324 | G54: =PIGGYBACKS!$B$10 -> 1.6305774 | H54: ='WAGE RATES'!$D$10 -> 1.0285306 | I54: =(H54-1)*F54 -> 139.15616 | J54: =F54*G54+I54 -> 8092.1873 | K54: =C54*$J54/'MADC NONAUTO MODEL'!$G$6 -> 0
B55: UFSM1000 Keying | C55: =SUM('MADC NONAUTO MODEL'!$G$64:$G$68) -> 0 | D55: =PRODUCTIVITIES!$E$39 -> 1.0273269 | E55: ='WAGE RATES'!$D$6 -> 50.107175 | F55: =E55*100/D55 -> 4877.4324 | G55: =PIGGYBACKS!$B$10 -> 1.6305774 | H55: ='WAGE RATES'!$D$10 -> 1.0285306 | I55: =(H55-1)*F55 -> 139.15616 | J55: =F55*G55+I55 -> 8092.1873 | K55: =C55*$J55/'MADC NONAUTO MODEL'!$G$6 -> 0
B56: Manual | C56: =SUM('MADC NONAUTO MODEL'!$M$64:$M$68) -> 611.33018 | D56: =PRODUCTIVITIES!$E$45 -> 600.65917 | E56: ='WAGE RATES'!$D$6 -> 50.107175 | F56: =E56*100/D56 -> 8.342031 | G56: =PIGGYBACKS!$B$12 -> 1.3622907 | H56: ='WAGE RATES'!$D$10 -> 1.0285306 | I56: =(H56-1)*F56 -> 0.23800329 | J56: =F56*G56+I56 -> 11.602275 | K56: =C56*$J56/'MADC NONAUTO MODEL'!$G$6 -> 0.70928208
A58: Incoming Primary (Piece)
B59: AFSM100 Auto | C59: =SUM('MADC NONAUTO MODEL'!$B$74:$B$78)+SUM('MADC NONAUTO MODEL'!$B$108:$B$112) -> 1126.5217 | D59: =PRODUCTIVITIES!$E$27*'COVERAGE FACTORS'!$C$25+PRODUCTIVITIES!$E$21*(1-'COVERAGE FACTORS'!$C$25) -> 1117.4154 | E59: ='WAGE RATES'!$D$6 -> 50.107175 | F59: =E59*100/D59 -> 4.484203 | G59: =PIGGYBACKS!$B$8 -> 1.6305774 | H59: ='WAGE RATES'!$D$10 -> 1.0285306 | I59: =(H59-1)*F59 -> 0.12793708 | J59: =F59*G59+I59 -> 7.4397772 | K59: =C59*$J59/'MADC NONAUTO MODEL'!$G$6 -> 0.83810704
B60: REC Keying | C60: =SUM('MADC NONAUTO MODEL'!$A$74:$A$78)+SUM('MADC NONAUTO MODEL'!$A$108:$A$112) -> 69.055395 | D60: =PRODUCTIVITIES!$E$16 -> 888.01171 | E60: ='WAGE RATES'!$D$5 -> 54.14236 | F60: =E60*100/D60 -> 6.0970322 | G60: =PIGGYBACKS!$B$9 -> 1.2615773 | H60: ='WAGE RATES'!$D$10 -> 1.0285306 | I60: =(H60-1)*F60 -> 0.17395209 | J60: =F60*G60+I60 -> 7.8658297 | K60: =C60*$J60/'MADC NONAUTO MODEL'!$G$6 -> 0.054317797
B61: UFSM1000 Auto | C61: =SUM('MADC NONAUTO MODEL'!$H$74:$H$78) -> 0 | D61: =PRODUCTIVITIES!$E$34 -> 1.0273269 | E61: ='WAGE RATES'!$D$6 -> 50.107175 | F61: =E61*100/D61 -> 4877.4324 | G61: =PIGGYBACKS!$B$10 -> 1.6305774 | H61: ='WAGE RATES'!$D$10 -> 1.0285306 | I61: =(H61-1)*F61 -> 139.15616 | J61: =F61*G61+I61 -> 8092.1873 | K61: =C61*$J61/'MADC NONAUTO MODEL'!$G$6 -> 0
B62: UFSM1000 Keying | C62: =SUM('MADC NONAUTO MODEL'!$G$74:$G$78) -> 0 | D62: =PRODUCTIVITIES!$E$40 -> 1.0273269 | E62: ='WAGE RATES'!$D$6 -> 50.107175 | F62: =E62*100/D62 -> 4877.4324 | G62: =PIGGYBACKS!$B$10 -> 1.6305774 | H62: ='WAGE RATES'!$D$10 -> 1.0285306 | I62: =(H62-1)*F62 -> 139.15616 | J62: =F62*G62+I62 -> 8092.1873 | K62: =C62*$J62/'MADC NONAUTO MODEL'!$G$6 -> 0
B63: Manual | C63: =SUM('MADC NONAUTO MODEL'!$M$74:$M$78) -> 165.16023 | D63: =PRODUCTIVITIES!$E$46 -> 753.40918 | E63: ='WAGE RATES'!$D$6 -> 50.107175 | F63: =E63*100/D63 -> 6.6507253 | G63: =PIGGYBACKS!$B$12 -> 1.3622907 | H63: ='WAGE RATES'!$D$10 -> 1.0285306 | I63: =(H63-1)*F63 -> 0.1897493 | J63: =F63*G63+I63 -> 9.2499707 | K63: =C63*$J63/'MADC NONAUTO MODEL'!$G$6 -> 0.15277273
A65: Incoming Secondary (Piece)
B66: AFSM100 Auto | C66: =SUM('MADC NONAUTO MODEL'!$B$83:$B$87)+SUM('MADC NONAUTO MODEL'!$B$122:$B$126) -> 8582.7972 | D66: =PRODUCTIVITIES!$E$28*'COVERAGE FACTORS'!$C$25+PRODUCTIVITIES!$E$22*(1-'COVERAGE FACTORS'!$C$25) -> 1858.2572 | E66: ='WAGE RATES'!$D$6 -> 50.107175 | F66: =E66*100/D66 -> 2.6964606 | G66: =PIGGYBACKS!$B$8 -> 1.6305774 | H66: ='WAGE RATES'!$D$10 -> 1.0285306 | I66: =(H66-1)*F66 -> 0.076931686 | J66: =F66*G66+I66 -> 4.4737195 | K66: =C66*$J66/'MADC NONAUTO MODEL'!$G$6 -> 3.8397028
B67: REC Keying | C67: =SUM('MADC NONAUTO MODEL'!$A$83:$A$87)+SUM('MADC NONAUTO MODEL'!$A$122:$A$126) -> 526.12254 | D67: =PRODUCTIVITIES!$E$16 -> 888.01171 | E67: ='WAGE RATES'!$D$5 -> 54.14236 | F67: =E67*100/D67 -> 6.0970322 | G67: =PIGGYBACKS!$B$9 -> 1.2615773 | H67: ='WAGE RATES'!$D$10 -> 1.0285306 | I67: =(H67-1)*F67 -> 0.17395209 | J67: =F67*G67+I67 -> 7.8658297 | K67: =C67*$J67/'MADC NONAUTO MODEL'!$G$6 -> 0.41383903
B68: UFSM1000 Auto | C68: =SUM('MADC NONAUTO MODEL'!$H$83:$H$87) -> 0 | D68: =PRODUCTIVITIES!$E$35 -> 1.0273269 | E68: ='WAGE RATES'!$D$6 -> 50.107175 | F68: =E68*100/D68 -> 4877.4324 | G68: =PIGGYBACKS!$B$10 -> 1.6305774 | H68: ='WAGE RATES'!$D$10 -> 1.0285306 | I68: =(H68-1)*F68 -> 139.15616 | J68: =F68*G68+I68 -> 8092.1873 | K68: =C68*$J68/'MADC NONAUTO MODEL'!$G$6 -> 0
B69: UFSM1000 Keying | C69: =SUM('MADC NONAUTO MODEL'!$G$83:$G$87) -> 0 | D69: =PRODUCTIVITIES!$E$41 -> 1.0273269 | E69: ='WAGE RATES'!$D$6 -> 50.107175 | F69: =E69*100/D69 -> 4877.4324 | G69: =PIGGYBACKS!$B$10 -> 1.6305774 | H69: ='WAGE RATES'!$D$10 -> 1.0285306 | I69: =(H69-1)*F69 -> 139.15616 | J69: =F69*G69+I69 -> 8092.1873 | K69: =C69*$J69/'MADC NONAUTO MODEL'!$G$6 -> 0
B70: Manual | C70: =SUM('MADC NONAUTO MODEL'!$M$83:$M$87) -> 1920.9327 | D70: =PRODUCTIVITIES!$E$47 -> 675.89316 | E70: ='WAGE RATES'!$D$6 -> 50.107175 | F70: =E70*100/D70 -> 7.4134756 | G70: =PIGGYBACKS!$B$12 -> 1.3622907 | H70: ='WAGE RATES'!$D$10 -> 1.0285306 | I70: =(H70-1)*F70 -> 0.21151104 | J70: =F70*G70+I70 -> 10.31082 | K70: =C70*$J70/'MADC NONAUTO MODEL'!$G$6 -> 1.9806392
A72: FSS
B73: FSS | C73: 0 | D73: 0 | E73: 0 | F73: 0 | G73: 0 | H73: 0 | I73: 0 | J73: 0 | K73: =C73*$J73/'MADC NONAUTO MODEL'!$G$6 -> 0
B74: REC Keying | C74: =SUM('MADC NONAUTO MODEL'!$A$95:$A$99) -> 0 | D74: =PRODUCTIVITIES!E16 -> 888.01171 | E74: ='WAGE RATES'!D5 -> 54.14236 | F74: =E74*100/D74 -> 6.0970322 | G74: =PIGGYBACKS!B9 -> 1.2615773 | H74: ='WAGE RATES'!$D$10 -> 1.0285306 | I74: =(H74-1)*F74 -> 0.17395209 | J74: =F74*G74+I74 -> 7.8658297 | K74: =C74*$J74/'MADC NONAUTO MODEL'!$G$6 -> 0
K76: ="(10)" -> (10)
J77: MODEL COST = | K77: =SUM(K11:K74) -> 23.111559
A81: ="(1)" -> (1) | B81: Values From Pages 12 and 34 | F81: ="(6)" -> (6) | G81: Values From Page 31
A82: ="(2)" -> (2) | B82: Values From Page 30 | F82: ="(7)" -> (7) | G82: [ (6) - 1 ] * (4)
A83: ="(3)" -> (3) | B83: Values From Page 31 | F83: ="(8)" -> (8) | G83: (4) * (5) + (7)
A84: ="(4)" -> (4) | B84: [ (3) * (100 cents/dollar) ] / (2) | F84: ="(9)" -> (9) | G84: (1) * (8) / 10,000 Pieces
A85: ="(5)" -> (5) | B85: Values From Page 32 | F85: ="(10)" -> (10) | G85: Sum (9)

Sheet MADC NONAUTO MODEL
A1: ='MADC NONAUTO COST'!A1 -> MADC NONAUTO PRESORT
A2: MAIL FLOW MODEL
A6: PCS IN = | C6: =SUM(C11:C16)+SUM(G11:G16)+SUM(K11:K16)+SUM(O11:O16) -> 10000 | E6: PCS OUT = | G6: =D88+J88+O88+D100+D127 -> 10000
A10: PIECE ENTRY POINTS:
B11: BC Mach Out Prim | C11: 0 | F11: Non-BC Mach Out Prim | G11: ='MADC AUTO MODEL'!C11 -> 10000 | J11: BC Nonmach Out Prim | K11: 0 | N11: Non-BC Nonmach Out Prim | O11: ='MADC AUTO MODEL'!K11 -> 0
B12: BC Mach Out Sec | C12: 0 | F12: Non-BC Mach Out Sec | G12: ='MADC AUTO MODEL'!C12 -> 0 | J12: BC Nonmach Out Sec | K12: 0 | N12: Non-BC Nonmach Out Sec | O12: ='MADC AUTO MODEL'!K12 -> 0
B13: BC Mach Inc MMP | C13: 0 | F13: Non-BC Mach Inc MMP | G13: ='MADC AUTO MODEL'!C13 -> 0 | J13: BC Nonmach Inc MMP | K13: 0 | N13: Non-BC Nonmach Inc MMP | O13: ='MADC AUTO MODEL'!K13 -> 0
B14: BC Mach Inc SCF | C14: 0 | F14: Non-BC Mach Inc SCF | G14: ='MADC AUTO MODEL'!C14 -> 0 | J14: BC Nonmach Inc SCF | K14: 0 | N14: Non-BC Nonmach Inc SCF | O14: ='MADC AUTO MODEL'!K14 -> 0
B15: BC Mach Inc Prim | C15: 0 | F15: Non-BC Mach Inc Prim | G15: ='MADC AUTO MODEL'!C15 -> 0 | J15: BC Nonmach Inc Prim | K15: 0 | N15: Non-BC Nonmach Inc Prim | O15: ='MADC AUTO MODEL'!K15 -> 0
B16: BC Mach Inc Sec | C16: 0 | F16: Non-BC Mach Inc Sec | G16: ='MADC AUTO MODEL'!C16 -> 0 | J16: BC Nonmach Inc Sec | K16: 0 | N16: Non-BC Nonmach Inc Sec | O16: ='MADC AUTO MODEL'!K16 -> 0
C21: MACHINABLE OUTGOING | L21: NONMACHINABLE OUTGOING
D23: =SUM(A25:A29)*(1-'ACCEPT RATES'!G14)+SUM(C25:C29)*SUM('ACCEPT RATES'!I14:J14) -> 615.73745 | E23: Rejects | J23: =SUM(G25:G29)*(1-'ACCEPT RATES'!E19) -> 0 | K23: Rejects
A24: REC | B24: Out Prim AFSM100 | E24: Out Prim | G24: Keyed | H24: Out Prim UFSM1000 | K24: Out Prim | M24: Out Prim Manual
A25: =B25*(1-'ACCEPT RATES'!C14) -> 0 | B25: =C25*(1+'ACCEPT RATES'!F14) -> 0 | C25: =C11*('COVERAGE FACTORS'!C15+'COVERAGE FACTORS'!C19) -> 0 | E25: Manual | G25: =H25*(1-'ACCEPT RATES'!C19) -> 0 | H25: =I25 -> 0 | I25: =C11*'COVERAGE FACTORS'!C17 -> 0 | K25: Manual | M25: =N25 -> 0 | N25: =C11*'COVERAGE FACTORS'!C21 -> 0
A26: =B26*(1-'ACCEPT RATES'!D14) -> 2670.3366 | B26: =C26*(1+'ACCEPT RATES'!F14) -> 10127.024 | C26: =G11*('COVERAGE FACTORS'!C15+'COVERAGE FACTORS'!C19) -> 9999.9539 | G26: =H26*(1-'ACCEPT RATES'!D19) -> 0 | H26: =I26 -> 0 | I26: =G11*'COVERAGE FACTORS'!C17 -> 0 | M26: =N26 -> 0.046053581 | N26: =G11*'COVERAGE FACTORS'!C21 -> 0.046053581
G27: =H27*(1-'ACCEPT RATES'!C19) -> 0 | H27: =I27 -> 0 | I27: =K11*('COVERAGE FACTORS'!C17+'COVERAGE FACTORS'!C19) -> 0 | M27: =N27 -> 0 | N27: =K11*(1-('COVERAGE FACTORS'!C17+'COVERAGE FACTORS'!C19)) -> 0
G28: =H28*(1-'ACCEPT RATES'!D19) -> 0 | H28: =I28 -> 0 | I28: =O11*('COVERAGE FACTORS'!C17+'COVERAGE FACTORS'!C19) -> 0 | M28: =N28 -> 0 | N28: =O11*(1-('COVERAGE FACTORS'!C17+'COVERAGE FACTORS'!C19)) -> 0
M29: =N29 -> 615.73745 | N29: =D23+J23 -> 615.73745
D30: =(SUM(C25:C29)-D23)*'PIECE DENSITIES'!C6 -> 1201.6513 | E30: Out Sec Mach | J30: =(SUM(I25:I29)-J23)*'PIECE DENSITIES'!C11 -> 0 | K30: Out Sec Nonmach | O30: =SUM(N25:N29)*'PIECE DENSITIES'!C16 -> 55.09891 | P30: Out Sec Manual
D31: =(SUM(C25:C29)-D23)*'PIECE DENSITIES'!D6 -> 4863.9251 | E31: Inc MMP Mach | J31: =(SUM(I25:I29)-J23)*'PIECE DENSITIES'!D11 -> 0 | K31: Inc MMP Nonmach | O31: =SUM(N25:N29)*'PIECE DENSITIES'!D16 -> 357.55578 | P31: Inc MMP Manual
D32: =(SUM(C25:C29)-D23)*'PIECE DENSITIES'!E6 -> 2626.8651 | E32: Inc SCF Mach | J32: =(SUM(I25:I29)-J23)*'PIECE DENSITIES'!E11 -> 0 | K32: Inc SCF Nonmach | O32: =SUM(N25:N29)*'PIECE DENSITIES'!E16 -> 157.52177 | P32: Inc SCF Manual
D33: =(SUM(C25:C29)-D23)*'PIECE DENSITIES'!F6 -> 691.77505 | E33: Inc Prim Mach | J33: =(SUM(I25:I29)-J23)*'PIECE DENSITIES'!F11 -> 0 | K33: Inc Prim Nonmach | O33: =SUM(N25:N29)*'PIECE DENSITIES'!F16 -> 45.607042 | P33: Inc Prim Manual
D34: =(SUM(C25:C29)-D23)*'PIECE DENSITIES'!G6 -> 0 | E34: Inc Sec Mach | J34: =(SUM(I25:I29)-J23)*'PIECE DENSITIES'!G11 -> 0 | K34: Inc Sec Nonmach | O34: =SUM(N25:N29)*'PIECE DENSITIES'!G16 -> 0 | P34: Inc Sec Manual
D36: =SUM(A38:A42)*(1-'ACCEPT RATES'!G15)+SUM(C38:C42)*SUM('ACCEPT RATES'!I15:J15) -> 111.51229 | E36: Rejects | J36: =SUM(G38:G42)*(1-'ACCEPT RATES'!E20) -> 0 | K36: Rejects
A37: REC | B37: Out Sec AFSM100 | E37: Out Sec | G37: Keyed | H37: Out Sec UFSM1000 | K37: Out Sec | M37: Out Sec Manual
A38: =B38*(1-'ACCEPT RATES'!C15) -> 0 | B38: =C38*(1+'ACCEPT RATES'!F15+'PIECE DENSITIES'!C7) -> 0 | C38: =C12*('COVERAGE FACTORS'!C15+'COVERAGE FACTORS'!C19) -> 0 | E38: Manual | G38: =H38*(1-'ACCEPT RATES'!C20) -> 0 | H38: =I38*(1+'PIECE DENSITIES'!C12) -> 0 | I38: =C12*'COVERAGE FACTORS'!C17 -> 0 | K38: Manual | M38: =N38 -> 0 | N38: =C12*'COVERAGE FACTORS'!C21 -> 0
A39: =B39*(1-'ACCEPT RATES'!D15) -> 0 | B39: =C39*(1+'ACCEPT RATES'!F15+'PIECE DENSITIES'!C7) -> 0 | C39: =G12*('COVERAGE FACTORS'!C15+'COVERAGE FACTORS'!C19) -> 0 | G39: =H39*(1-'ACCEPT RATES'!D20) -> 0 | H39: =I39*(1+'PIECE DENSITIES'!C12) -> 0 | I39: =G12*'COVERAGE FACTORS'!C17 -> 0 | M39: =N39 -> 0 | N39: =G12*'COVERAGE FACTORS'!C21 -> 0
G40: =H40*(1-'ACCEPT RATES'!C20) -> 0 | H40: =I40*(1+'PIECE DENSITIES'!C12) -> 0 | I40: =K12*('COVERAGE FACTORS'!C17+'COVERAGE FACTORS'!C19) -> 0 | M40: =N40 -> 0 | N40: =K12*(1-('COVERAGE FACTORS'!C17+'COVERAGE FACTORS'!C19)) -> 0
G41: =H41*(1-'ACCEPT RATES'!D20) -> 0 | H41: =I41*(1+'PIECE DENSITIES'!C12) -> 0 | I41: =O12*('COVERAGE FACTORS'!C17+'COVERAGE FACTORS'!C19) -> 0 | M41: =N41 -> 0 | N41: =O12*(1-('COVERAGE FACTORS'!C17+'COVERAGE FACTORS'!C19)) -> 0
A42: =B42*(1-'ACCEPT RATES'!C15) -> 75.436826 | B42: =C42*(1+'ACCEPT RATES'!F15+'PIECE DENSITIES'!C7) -> 1230.6239 | C42: =D30 -> 1201.6513 | G42: =IF(SUM(C11:C16)>0,H42*(1-'ACCEPT RATES'!C20),H42*(1-'ACCEPT RATES'!D20)) -> 0 | H42: =I42*(1+'PIECE DENSITIES'!C12) -> 0 | I42: =J30 -> 0 | M42: =N42 -> 166.6112 | N42: =D36+J36+O30 -> 166.6112
D43: =(SUM(C38:C42)-D36)*'PIECE DENSITIES'!D7 -> 900.22989 | E43: Inc MMP Mach | J43: =(SUM(I38:I42)-J36)*'PIECE DENSITIES'!D12 -> 0 | K43: Inc MMP Nonmach | O43: =SUM(N38:N42)*'PIECE DENSITIES'!D17 -> 117.93467 | P43: Inc MMP Manual
D44: =(SUM(C38:C42)-D36)*'PIECE DENSITIES'!E7 -> 75.236354 | E44: Inc SCF Mach | J44: =(SUM(I38:I42)-J36)*'PIECE DENSITIES'!E12 -> 0 | K44: Inc SCF Nonmach | O44: =SUM(N38:N42)*'PIECE DENSITIES'!E17 -> 0.51703414 | P44: Inc SCF Manual
D45: =(SUM(C38:C42)-D36)*'PIECE DENSITIES'!F7 -> 8.0140448 | E45: Inc Prim Mach | J45: =(SUM(I38:I42)-J36)*'PIECE DENSITIES'!F12 -> 0 | K45: Inc Prim Nonmach | O45: =SUM(N38:N42)*'PIECE DENSITIES'!F17 -> 3.3098327 | P45: Inc Prim Manual
D46: =(SUM(C38:C42)-D36)*'PIECE DENSITIES'!G7 -> 106.6587 | E46: Inc Sec Mach | J46: =(SUM(I38:I42)-J36)*'PIECE DENSITIES'!G12 -> 0 | K46: Inc Sec Nonmach | O46: =SUM(N38:N42)*'PIECE DENSITIES'!G17 -> 44.849658 | P46: Inc Sec Manual
C49: MACHINABLE INCOMING | L49: NONMACHINABLE INCOMING
D51: =SUM(A53:A57)*(1-'ACCEPT RATES'!G16)+SUM(C53:C57)*SUM('ACCEPT RATES'!I16:J16) -> 415.75525 | E51: Rejects | J51: =SUM(G53:G57)*(1-'ACCEPT RATES'!E21) -> 0 | K51: Rejects
A52: REC | B52: Inc MMP AFSM100 | E52: Inc MMP | G52: Keyed | H52: Inc MMP UFSM1000 | K52: Inc MMP | M52: Inc MMP Manual
A53: =B53*(1-'ACCEPT RATES'!C16) -> 0 | B53: =C53*(1+'ACCEPT RATES'!F16+'PIECE DENSITIES'!D8) -> 0 | C53: =C13*('COVERAGE FACTORS'!C39+'COVERAGE FACTORS'!C43) -> 0 | E53: Manual | G53: =H53*(1-'ACCEPT RATES'!C21) -> 0 | H53: =I53*(1+'PIECE DENSITIES'!D13) -> 0 | I53: =C13*'COVERAGE FACTORS'!C41 -> 0 | K53: Manual | M53: =N53 -> 0 | N53: =C13*'COVERAGE FACTORS'!C45 -> 0
A54: =B54*(1-'ACCEPT RATES'!D16) -> 0 | B54: =C54*(1+'ACCEPT RATES'!F16+'PIECE DENSITIES'!D8) -> 0 | C54: =G13*('COVERAGE FACTORS'!C39+'COVERAGE FACTORS'!C43) -> 0 | G54: =H54*(1-'ACCEPT RATES'!D21) -> 0 | H54: =I54*(1+'PIECE DENSITIES'!D13) -> 0 | I54: =G13*'COVERAGE FACTORS'!C41 -> 0 | M54: =N54 -> 0 | N54: =G13*'COVERAGE FACTORS'!C45 -> 0
G55: =H55*(1-'ACCEPT RATES'!C21) -> 0 | H55: =I55*(1+'PIECE DENSITIES'!D13) -> 0 | I55: =K13*('COVERAGE FACTORS'!C41+'COVERAGE FACTORS'!C43) -> 0 | M55: =N55 -> 0 | N55: =K13*(1-('COVERAGE FACTORS'!C41+'COVERAGE FACTORS'!C43)) -> 0
G56: =H56*(1-'ACCEPT RATES'!D21) -> 0 | H56: =I56*(1+'PIECE DENSITIES'!D13) -> 0 | I56: =O13*('COVERAGE FACTORS'!C41+'COVERAGE FACTORS'!C43) -> 0 | M56: =N56 -> 0 | N56: =O13*(1-('COVERAGE FACTORS'!C41+'COVERAGE FACTORS'!C43)) -> 0
A57: =B57*(1-'ACCEPT RATES'!C16) -> 355.01704 | B57: =C57*(1+'ACCEPT RATES'!F16+'PIECE DENSITIES'!D8) -> 5791.5012 | C57: =(D31+D43)*('COVERAGE FACTORS'!C39+'COVERAGE FACTORS'!C43) -> 5729.4398 | G57: =IF(SUM(C11:C16)>0,H57*(1-'ACCEPT RATES'!C21),H57*(1-'ACCEPT RATES'!D21)) -> 0 | H57: =I57*(1+'PIECE DENSITIES'!D13) -> 0 | I57: =(D31+D43)*'COVERAGE FACTORS'!C41+(J31+J43)*('COVERAGE FACTORS'!C41+'COVERAGE FACTORS'!C43) -> 0 | M57: =N57 -> 925.96094 | N57: =D51+J51+O31+O43+(D31+D43)*'COVERAGE FACTORS'!C45+(J31+J43)*(1-('COVERAGE FACTORS'!C41+'COVERAGE FACTORS'!C43)) -> 925.96094
D58: =(SUM(C53:C57)-D51)*'PIECE DENSITIES'!E8 -> 1057.1084 | E58: Inc SCF Mach | J58: =(SUM(I53:I57)-J51)*'PIECE DENSITIES'!E13 -> 0 | K58: Inc SCF Nonmach | O58: =SUM(N53:N57)*'PIECE DENSITIES'!E18 -> 244.69802 | P58: Inc SCF Manual
D59: =(SUM(C53:C57)-D51)*'PIECE DENSITIES'!F8 -> 343.20575 | E59: Inc Prim Mach | J59: =(SUM(I53:I57)-J51)*'PIECE DENSITIES'!F13 -> 0 | K59: Inc Prim Nonmach | O59: =SUM(N53:N57)*'PIECE DENSITIES'!F18 -> 38.405843 | P59: Inc Prim Manual
D60: =(SUM(C53:C57)-D51)*'PIECE DENSITIES'!G8 -> 3913.3704 | E60: Inc Sec Mach | J60: =(SUM(I53:I57)-J51)*'PIECE DENSITIES'!G13 -> 0 | K60: Inc Sec Nonmach | O60: =SUM(N53:N57)*'PIECE DENSITIES'!G18 -> 642.85708 | P60: Inc Sec Manual
D62: =SUM(A64:A68)*(1-'ACCEPT RATES'!G17)+SUM(C64:C68)*SUM('ACCEPT RATES'!I17:J17) -> 185.95311 | E62: Rejects | J62: =SUM(G64:G68)*(1-'ACCEPT RATES'!E22) -> 0 | K62: Rejects
A63: REC | B63: Inc SCF AFSM100 | E63: Inc SCF | G63: Keyed | H63: Inc SCF UFSM1000 | K63: Inc SCF | M63: Inc SCF Manual
A64: =B64*(1-'ACCEPT RATES'!C17) -> 0 | B64: =C64*(1+'ACCEPT RATES'!F17+'PIECE DENSITIES'!E9) -> 0 | C64: =C14*('COVERAGE FACTORS'!C39+'COVERAGE FACTORS'!C43) -> 0 | E64: Manual | G64: =H64*(1-'ACCEPT RATES'!C22) -> 0 | H64: =I64*(1+'PIECE DENSITIES'!E14) -> 0 | I64: =C14*'COVERAGE FACTORS'!C41 -> 0 | K64: Manual | M64: =N64 -> 0 | N64: =C14*'COVERAGE FACTORS'!C45 -> 0
A65: =B65*(1-'ACCEPT RATES'!D17) -> 0 | B65: =C65*(1+'ACCEPT RATES'!F17+'PIECE DENSITIES'!E9) -> 0 | C65: =G14*('COVERAGE FACTORS'!C39+'COVERAGE FACTORS'!C43) -> 0 | G65: =H65*(1-'ACCEPT RATES'!D22) -> 0 | H65: =I65*(1+'PIECE DENSITIES'!E14) -> 0 | I65: =G14*'COVERAGE FACTORS'!C41 -> 0 | M65: =N65 -> 0 | N65: =G14*'COVERAGE FACTORS'!C45 -> 0
G66: =H66*(1-'ACCEPT RATES'!C22) -> 0 | H66: =I66*(1+'PIECE DENSITIES'!E14) -> 0 | I66: =K14*('COVERAGE FACTORS'!C41+'COVERAGE FACTORS'!C43) -> 0 | M66: =N66 -> 0 | N66: =K14*(1-('COVERAGE FACTORS'!C41+'COVERAGE FACTORS'!C43)) -> 0
G67: =H67*(1-'ACCEPT RATES'!D22) -> 0 | H67: =I67*(1+'PIECE DENSITIES'!E14) -> 0 | I67: =O14*('COVERAGE FACTORS'!C41+'COVERAGE FACTORS'!C43) -> 0 | M67: =N67 -> 0 | N67: =O14*(1-('COVERAGE FACTORS'!C41+'COVERAGE FACTORS'!C43)) -> 0
A68: =B68*(1-'ACCEPT RATES'!C17) -> 243.26737 | B68: =C68*(1+'ACCEPT RATES'!F17+'PIECE DENSITIES'!E9) -> 3968.4948 | C68: =(D32+D44+D58)*('COVERAGE FACTORS'!C39+'COVERAGE FACTORS'!C43) -> 3736.5696 | G68: =IF(SUM(C11:C16)>0, H68*(1-'ACCEPT RATES'!C22),H68*(1-'ACCEPT RATES'!D22)) -> 0 | H68: =I68*(1+'PIECE DENSITIES'!E14) -> 0 | I68: =(D32+D44+D58)*'COVERAGE FACTORS'!C41+(J32+J44+J58)*('COVERAGE FACTORS'!C41+'COVERAGE FACTORS'!C43) -> 0 | M68: =N68 -> 611.33018 | N68: =D62+J62+O32+O44+O58+(D32+D44+D58)*'COVERAGE FACTORS'!C45+(J32+J44+J58)*(1-('COVERAGE FACTORS'!C41+'COVERAGE FACTORS'!C43)) -> 611.33018
D69: =(SUM(C64:C68)-D62)*'PIECE DENSITIES'!F9 -> 79.434289 | E69: Inc Prim Mach | J69: =(SUM(I64:I68)-J62)*'PIECE DENSITIES'!F14 -> 0 | K69: Inc Prim Nonmach | O69: =SUM(N64:N68)*'PIECE DENSITIES'!F19 -> 15.813784 | P69: Inc Prim Manual
D70: =(SUM(C64:C68)-D62)*'PIECE DENSITIES'!G9 -> 3471.1822 | E70: Inc Sec Mach | J70: =(SUM(I64:I68)-J62)*'PIECE DENSITIES'!G14 -> 0 | K70: Inc Sec Nonmach | O70: =SUM(N64:N68)*'PIECE DENSITIES'!G19 -> 595.5164 | P70: Inc Sec Manual
D72: =SUM(A74:A78)*(1-'ACCEPT RATES'!G17)+SUM(C74:C78)*SUM('ACCEPT RATES'!I17:J17) -> 55.263783 | E72: Rejects | J72: =SUM(G74:G78)*(1-'ACCEPT RATES'!E22) -> 0 | K72: Rejects
A73: REC | B73: Inc Prim AFSM100 | E73: Inc Prim | G73: Keyed | H73: Inc Prim UFSM1000 | K73: Inc Prim | M73: Inc Prim Manual
A74: =B74*(1-'ACCEPT RATES'!C17) -> 0 | B74: =C74*(1+'ACCEPT RATES'!F17) -> 0 | C74: =C15*('COVERAGE FACTORS'!C39+'COVERAGE FACTORS'!C43) -> 0 | E74: Manual | G74: =H74*(1-'ACCEPT RATES'!C22) -> 0 | H74: =I74 -> 0 | I74: =C15*'COVERAGE FACTORS'!C41 -> 0 | K74: Manual | M74: =N74 -> 0 | N74: =C15*'COVERAGE FACTORS'!C45 -> 0
A75: =B75*(1-'ACCEPT RATES'!D17) -> 0 | B75: =C75*(1+'ACCEPT RATES'!F17) -> 0 | C75: =G15*('COVERAGE FACTORS'!C39+'COVERAGE FACTORS'!C43) -> 0 | G75: =H75*(1-'ACCEPT RATES'!D22) -> 0 | H75: =I75 -> 0 | I75: =G15*'COVERAGE FACTORS'!C41 -> 0 | M75: =N75 -> 0 | N75: =G15*'COVERAGE FACTORS'!C45 -> 0
G76: =H76*(1-'ACCEPT RATES'!C22) -> 0 | H76: =I76 -> 0 | I76: =K15*('COVERAGE FACTORS'!C41+'COVERAGE FACTORS'!C43) -> 0 | M76: =N76 -> 0 | N76: =K15*(1-('COVERAGE FACTORS'!C41+'COVERAGE FACTORS'!C43)) -> 0
G77: =H77*(1-'ACCEPT RATES'!D22) -> 0 | H77: =I77 -> 0 | I77: =O15*('COVERAGE FACTORS'!C41+'COVERAGE FACTORS'!C43) -> 0 | M77: =N77 -> 0 | N77: =O15*(1-('COVERAGE FACTORS'!C41+'COVERAGE FACTORS'!C43)) -> 0
A78: =B78*(1-'ACCEPT RATES'!C17) -> 69.055395 | B78: =C78*(1+'ACCEPT RATES'!F17) -> 1126.5217 | C78: =(D33+D45+D59+D69)*('COVERAGE FACTORS'!C39+'COVERAGE FACTORS'!C43) -> 1115.6692 | G78: =IF(SUM(C11:C16)>0,H78*(1-'ACCEPT RATES'!C22),H78*(1-'ACCEPT RATES'!D22)) -> 0 | H78: =I78 -> 0 | I78: =(D33+D45+D59+D69)*'COVERAGE FACTORS'!C41+(J33+J45+J59+J69)*('COVERAGE FACTORS'!C41+'COVERAGE FACTORS'!C43) -> 0 | M78: =N78 -> 165.16023 | N78: =D72+J72+O33+O45+O59+O69+(D33+D45+D59+D69)*'COVERAGE FACTORS'!C45+(J33+J45+J59+J69)*(1-('COVERAGE FACTORS'!C41+'COVERAGE FACTORS'!C43))+D106 -> 165.16023
D79: =SUM(C74:C78)-D72 -> 1060.4054 | E79: Inc Sec Mach | J79: =SUM(I74:I78)-J72 -> 0 | K79: Inc Sec Nonmach | O79: =SUM(N74:N78) -> 165.16023 | P79: Inc Sec Manual
D81: =SUM(A83:A87)*(1-'ACCEPT RATES'!G17)+SUM(C83:C87)*SUM('ACCEPT RATES'!I17:J17) -> 421.04635 | E81: Rejects | J81: =I85*(1-'ACCEPT RATES'!C22) -> 0 | K81: Rejects
A82: REC | B82: Inc Sec AFSM100 | E82: Inc Sec | G82: Keyed | H82: Inc Sec UFSM1000 | K82: Inc Sec | M82: Inc Sec Manual
A83: =B83*(1-'ACCEPT RATES'!C17) -> 0 | B83: =C83*(1+'ACCEPT RATES'!F17) -> 0 | C83: =C16*('COVERAGE FACTORS'!C55+'COVERAGE FACTORS'!C59) -> 0 | E83: Manual | G83: 0 | H83: =I83 -> 0 | I83: =C16*'COVERAGE FACTORS'!C57 -> 0 | K83: Manual | M83: =N83 -> 0 | N83: =C16*'COVERAGE FACTORS'!C61 -> 0
A84: =B84*(1-'ACCEPT RATES'!D17) -> 0 | B84: =C84*(1+'ACCEPT RATES'!F17) -> 0 | C84: =G16*('COVERAGE FACTORS'!C55+'COVERAGE FACTORS'!C59) -> 0 | G84: 0 | H84: =I84 -> 0 | I84: =G16*'COVERAGE FACTORS'!C57 -> 0 | M84: =N84 -> 0 | N84: =G16*'COVERAGE FACTORS'!C61 -> 0
G85: 0 | H85: =I85 -> 0 | I85: =K16*('COVERAGE FACTORS'!C57+'COVERAGE FACTORS'!C59) -> 0 | M85: =N85 -> 0 | N85: =K16*(1-('COVERAGE FACTORS'!C57+'COVERAGE FACTORS'!C59+'COVERAGE FACTORS'!C53)) -> 0
G86: 0 | H86: =I86 -> 0 | I86: =O16*('COVERAGE FACTORS'!C57+'COVERAGE FACTORS'!C59) -> 0 | M86: =N86 -> 0 | N86: =O16*(1-('COVERAGE FACTORS'!C57+'COVERAGE FACTORS'!C59+'COVERAGE FACTORS'!C53)) -> 0
A87: =B87*(1-'ACCEPT RATES'!C17) -> 526.12254 | B87: =C87*(1+'ACCEPT RATES'!F17) -> 8582.7972 | C87: =(D34+D46+D60+D70+D79)*('COVERAGE FACTORS'!C55+'COVERAGE FACTORS'!C59) -> 8500.1136 | G87: 0 | H87: =I87 -> 0 | I87: =(D34+D46+D60+D70+D79)*'COVERAGE FACTORS'!C57+(J34+J46+J60+J70+J79)*('COVERAGE FACTORS'!C57+'COVERAGE FACTORS'!C59) -> 0 | M87: =N87 -> 1920.9327 | N87: =D81+J81+(O34+O46+O60+O70+O79)+(D34+D46+D60+D70+D79)*'COVERAGE FACTORS'!C61+(J34+J46+J60+J70+J79)*(1-('COVERAGE FACTORS'!C57+'COVERAGE FACTORS'!C59))+D120 -> 1920.9327
D88: =SUM(C83:C87)-D81 -> 8079.0673 | J88: =SUM(I83:I87)-J81 -> 0 | O88: =SUM(N83:N87) -> 1920.9327
D89: Finalized to Carrier Route | J89: Finalized to Carrier Route | O89: Finalized to Carrier Route
D91: Rejects
D92: IS | E92: IP
D93: =SUM(A95:A99)*(1-'ACCEPT RATES'!G24)+SUM(B95:B99)*'ACCEPT RATES'!J24 -> 0 | E93: =SUM(B95:B99)*'ACCEPT RATES'!I24 -> 0
A94: REC | B94: FSS | E94: Inc Sec
A95: =B95*(1-'ACCEPT RATES'!C24) -> 0 | B95: =C95*(1+'ACCEPT RATES'!F17) -> 0 | C95: =C16*'COVERAGE FACTORS'!C53 -> 0 | E95: Manual
A96: =B96*(1-'ACCEPT RATES'!D24) -> 0 | B96: =C96*(1+'ACCEPT RATES'!F17) -> 0 | C96: =G16*'COVERAGE FACTORS'!C53 -> 0
A97: =B97*(1-'ACCEPT RATES'!C24) -> 0 | B97: =C97*(1+'ACCEPT RATES'!F17) -> 0 | C97: =K16*'COVERAGE FACTORS'!C53 -> 0
A98: =B98*(1-'ACCEPT RATES'!D24) -> 0 | B98: =C98*(1+'ACCEPT RATES'!F17) -> 0 | C98: =O16*'COVERAGE FACTORS'!C53 -> 0
A99: =B99*(1-'ACCEPT RATES'!C24) -> 0 | B99: =C99*(1+'ACCEPT RATES'!F17) -> 0 | C99: =(D16+D34+D46+D60+D70+D79)*'COVERAGE FACTORS'!C53+D114 -> 0
D100: =SUM(C95:C99)-D93-E93 -> 0
D101: Finalized to DPS
D106: =A112*(1-'ACCEPT RATES'!G17)+B112*('ACCEPT RATES'!I17+'ACCEPT RATES'!J17) -> 0 | E106: Rejects | G106: This section of the model requires the iterative calculation function within Excel to be enabled. An iterative process is used to account for the flow of FSS out-of-scheme rejects. FSS out-of-scheme rejects flow upstream to Incoming Primary (IP) operations where they are sorted to the correct scheme. If the correct scheme is worked on the FSS the piece will flow downstream to the FSS operation, this creates the iterative flow within the model.
A107: REC | B107: Inc Prim AFSM100 - FSS Reject | E107: Inc Prim
E108: Manual
A112: =B112*(1-'ACCEPT RATES'!$C$17) -> 0 | B112: =C112*(1+'ACCEPT RATES'!$F$17) -> 0 | C112: =E93 -> 0
D113: =($C$112-$D$106)*(1-'COVERAGE FACTORS'!$C$66) -> 0 | E113: Inc Sec Mach
D114: =($C$112-$D$106)*'COVERAGE FACTORS'!$C$66 -> 0 | E114: FSS
D120: =A126*'ACCEPT RATES'!H17+B126*('ACCEPT RATES'!I17+'ACCEPT RATES'!J17) -> 0 | E120: Rejects
A121: REC | B121: Inc Sec AFSM100 - FSS Reject | E121: Inc Sec
E122: Manual
A126: =B126*(1-'ACCEPT RATES'!$C$17) -> 0 | B126: =C126*(1+'ACCEPT RATES'!$F$17) -> 0 | C126: =$D$93+$D$113 -> 0
D127: =C126-D120 -> 0
D128: Finalized to Carrier Route

Sheet ADC NONAUTO COST
A1: ADC NONAUTO PRESORT
A2: COST SHEET
C4: ="(1)" -> (1) | D4: ="(2)" -> (2) | E4: ="(3)" -> (3) | F4: ="(4)" -> (4) | G4: ="(5)" -> (5) | H4: ="(6)" -> (6) | I4: ="(7)" -> (7) | J4: ="(8)" -> (8) | K4: ="(9)" -> (9)
D6: Bundles | F6: Direct | H6: Premium | I6: Premium | J6: Total | K6: Weighted
D7: or Pieces | E7: Wage | F7: Cents | G7: Piggyback | H7: Pay | I7: Pay | J7: Cents | K7: Cents
A8: Operation | C8: Volume | D8: Per Hour | E8: Rate | F8: Per Piece | G8: Factor | H8: Factor | I8: Adjust | J8: Per Piece | K8: Per Piece
A10: Outgoing Primary (Bundles)
B11: APPS | C11: ='ADC AUTO COST'!C11 -> 0 | D11: =PRODUCTIVITIES!$E$8 -> 175.66894 | E11: ='WAGE RATES'!$D$6 -> 50.107175 | F11: =E11*100/D11 -> 28.523639 | G11: =PIGGYBACKS!$B$5 -> 1.8052502 | H11: ='WAGE RATES'!$D$10 -> 1.0285306 | I11: =(H11-1)*F11 -> 0.81379702 | J11: =F11*G11+I11 -> 52.306103 | K11: =C11*$J11/'ADC NONAUTO MODEL'!$G$6 -> 0
B12: APBS / LIPS | C12: ='ADC AUTO COST'!C12 -> 0 | D12: =PRODUCTIVITIES!$E$10 -> 194.60203 | E12: ='WAGE RATES'!$D$6 -> 50.107175 | F12: =E12*100/D12 -> 25.748537 | G12: =PIGGYBACKS!$B$6 -> 1.6056413 | H12: ='WAGE RATES'!$D$10 -> 1.0285306 | I12: =(H12-1)*F12 -> 0.73462165 | J12: =F12*G12+I12 -> 42.077535 | K12: =C12*$J12/'ADC NONAUTO MODEL'!$G$6 -> 0
B13: Manual | C13: ='ADC AUTO COST'!C13 -> 282.01526 | D13: =PRODUCTIVITIES!$E$12 -> 388.77899 | E13: ='WAGE RATES'!$D$6 -> 50.107175 | F13: =E13*100/D13 -> 12.888344 | G13: =PIGGYBACKS!$B$7 -> 1.5985379 | H13: ='WAGE RATES'!$D$10 -> 1.0285306 | I13: =(H13-1)*F13 -> 0.36771242 | J13: =F13*G13+I13 -> 20.970219 | K13: =C13*$J13/'ADC NONAUTO MODEL'!$G$6 -> 0.59139218
A15: Incoming MMP (Bundles)
B16: APPS | C16: ='ADC AUTO COST'!C16 -> 132.74643 | D16: =PRODUCTIVITIES!$E$9 -> 204.15275 | E16: ='WAGE RATES'!$D$6 -> 50.107175 | F16: =E16*100/D16 -> 24.543962 | G16: =PIGGYBACKS!$B$5 -> 1.8052502 | H16: ='WAGE RATES'!$D$10 -> 1.0285306 | I16: =(H16-1)*F16 -> 0.70025439 | J16: =F16*G16+I16 -> 45.008248 | K16: =C16*$J16/'ADC NONAUTO MODEL'!$G$6 -> 0.59746842
B17: APBS / LIPS | C17: ='ADC AUTO COST'!C17 -> 161.06481 | D17: =PRODUCTIVITIES!$E$11 -> 163.71091 | E17: ='WAGE RATES'!$D$6 -> 50.107175 | F17: =E17*100/D17 -> 30.607108 | G17: =PIGGYBACKS!$B$6 -> 1.6056413 | H17: ='WAGE RATES'!$D$10 -> 1.0285306 | I17: =(H17-1)*F17 -> 0.87323969 | J17: =F17*G17+I17 -> 50.017276 | K17: =C17*$J17/'ADC NONAUTO MODEL'!$G$6 -> 0.80560229
B18: Manual | C18: ='ADC AUTO COST'!C18 -> 0 | D18: =PRODUCTIVITIES!$E$13 -> 388.77899 | E18: ='WAGE RATES'!$D$6 -> 50.107175 | F18: =E18*100/D18 -> 12.888344 | G18: =PIGGYBACKS!$B$7 -> 1.5985379 | H18: ='WAGE RATES'!$D$10 -> 1.0285306 | I18: =(H18-1)*F18 -> 0.36771242 | J18: =F18*G18+I18 -> 20.970219 | K18: =C18*$J18/'ADC NONAUTO MODEL'!$G$6 -> 0
A20: Incoming Primary (Bundles)
B21: APPS | C21: ='ADC AUTO COST'!C21 -> 0 | D21: =PRODUCTIVITIES!$E$9 -> 204.15275 | E21: ='WAGE RATES'!$D$6 -> 50.107175 | F21: =E21*100/D21 -> 24.543962 | G21: =PIGGYBACKS!$B$5 -> 1.8052502 | H21: ='WAGE RATES'!$D$10 -> 1.0285306 | I21: =(H21-1)*F21 -> 0.70025439 | J21: =F21*G21+I21 -> 45.008248 | K21: =C21*$J21/'ADC NONAUTO MODEL'!$G$6 -> 0
B22: APBS / LIPS | C22: ='ADC AUTO COST'!C22 -> 0 | D22: =PRODUCTIVITIES!$E$11 -> 163.71091 | E22: ='WAGE RATES'!$D$6 -> 50.107175 | F22: =E22*100/D22 -> 30.607108 | G22: =PIGGYBACKS!$B$6 -> 1.6056413 | H22: ='WAGE RATES'!$D$10 -> 1.0285306 | I22: =(H22-1)*F22 -> 0.87323969 | J22: =F22*G22+I22 -> 50.017276 | K22: =C22*$J22/'ADC NONAUTO MODEL'!$G$6 -> 0
B23: Manual | C23: ='ADC AUTO COST'!C23 -> 0 | D23: =PRODUCTIVITIES!$E$14 -> 388.77899 | E23: ='WAGE RATES'!$D$6 -> 50.107175 | F23: =E23*100/D23 -> 12.888344 | G23: =PIGGYBACKS!$B$7 -> 1.5985379 | H23: ='WAGE RATES'!$D$10 -> 1.0285306 | I23: =(H23-1)*F23 -> 0.36771242 | J23: =F23*G23+I23 -> 20.970219 | K23: =C23*$J23/'ADC NONAUTO MODEL'!$G$6 -> 0
A25: Incoming Secondary (Bundles)
B26: APPS | C26: ='ADC AUTO COST'!C26 -> 0 | D26: =PRODUCTIVITIES!$E$9 -> 204.15275 | E26: ='WAGE RATES'!$D$6 -> 50.107175 | F26: =E26*100/D26 -> 24.543962 | G26: =PIGGYBACKS!$B$5 -> 1.8052502 | H26: ='WAGE RATES'!$D$10 -> 1.0285306 | I26: =(H26-1)*F26 -> 0.70025439 | J26: =F26*G26+I26 -> 45.008248 | K26: =C26*$J26/'ADC NONAUTO MODEL'!$G$6 -> 0
B27: APBS / LIPS | C27: ='ADC AUTO COST'!C27 -> 0 | D27: =PRODUCTIVITIES!$E$11 -> 163.71091 | E27: ='WAGE RATES'!$D$6 -> 50.107175 | F27: =E27*100/D27 -> 30.607108 | G27: =PIGGYBACKS!$B$6 -> 1.6056413 | H27: ='WAGE RATES'!$D$10 -> 1.0285306 | I27: =(H27-1)*F27 -> 0.87323969 | J27: =F27*G27+I27 -> 50.017276 | K27: =C27*$J27/'ADC NONAUTO MODEL'!$G$6 -> 0
B28: Manual | C28: ='ADC AUTO COST'!C28 -> 0 | D28: =PRODUCTIVITIES!E15 -> 279.1383 | E28: ='WAGE RATES'!$D$6 -> 50.107175 | F28: =E28*100/D28 -> 17.950663 | G28: =PIGGYBACKS!$B$7 -> 1.5985379 | H28: ='WAGE RATES'!$D$10 -> 1.0285306 | I28: =(H28-1)*F28 -> 0.51214348 | J28: =F28*G28+I28 -> 29.206957 | K28: =C28*$J28/'ADC NONAUTO MODEL'!$G$6 -> 0
A30: Outgoing Primary (Piece)
B31: AFSM100 Auto | C31: =SUM('ADC NONAUTO MODEL'!$B$25:$B$29) -> 112.22673 | D31: =PRODUCTIVITIES!$E$23*'COVERAGE FACTORS'!$C$25+PRODUCTIVITIES!$E$17*(1-'COVERAGE FACTORS'!$C$25) -> 1572.5271 | E31: ='WAGE RATES'!$D$6 -> 50.107175 | F31: =E31*100/D31 -> 3.1864109 | G31: =PIGGYBACKS!$B$8 -> 1.6305774 | H31: ='WAGE RATES'!$D$10 -> 1.0285306 | I31: =(H31-1)*F31 -> 0.09091027 | J31: =F31*G31+I31 -> 5.2865999 | K31: =C31*$J31/'ADC NONAUTO MODEL'!$G$6 -> 0.059329783
B32: REC Keying | C32: =SUM('ADC NONAUTO MODEL'!$A$25:$A$29) -> 29.592419 | D32: =PRODUCTIVITIES!$E$16 -> 888.01171 | E32: ='WAGE RATES'!$D$5 -> 54.14236 | F32: =E32*100/D32 -> 6.0970322 | G32: =PIGGYBACKS!$B$9 -> 1.2615773 | H32: ='WAGE RATES'!$D$10 -> 1.0285306 | I32: =(H32-1)*F32 -> 0.17395209 | J32: =F32*G32+I32 -> 7.8658297 | K32: =C32*$J32/'ADC NONAUTO MODEL'!$G$6 -> 0.023276893
B33: UFSM1000 Auto | C33: =SUM('ADC NONAUTO MODEL'!$H$25:$H$29) -> 0 | D33: =PRODUCTIVITIES!$E$30 -> 1.0273269 | E33: ='WAGE RATES'!$D$6 -> 50.107175 | F33: =E33*100/D33 -> 4877.4324 | G33: =PIGGYBACKS!$B$10 -> 1.6305774 | H33: ='WAGE RATES'!$D$10 -> 1.0285306 | I33: =(H33-1)*F33 -> 139.15616 | J33: =F33*G33+I33 -> 8092.1873 | K33: =C33*$J33/'ADC NONAUTO MODEL'!$G$6 -> 0
B34: UFSM1000 Keying | C34: =SUM('ADC NONAUTO MODEL'!$G$25:$G$29) -> 0 | D34: =PRODUCTIVITIES!$E$36 -> 1.0273269 | E34: ='WAGE RATES'!$D$6 -> 50.107175 | F34: =E34*100/D34 -> 4877.4324 | G34: =PIGGYBACKS!$B$10 -> 1.6305774 | H34: ='WAGE RATES'!$D$10 -> 1.0285306 | I34: =(H34-1)*F34 -> 139.15616 | J34: =F34*G34+I34 -> 8092.1873 | K34: =C34*$J34/'ADC NONAUTO MODEL'!$G$6 -> 0
B35: Manual | C35: =SUM('ADC NONAUTO MODEL'!$M$25:$M$29) -> 6.824055 | D35: =PRODUCTIVITIES!$E$42 -> 620.26372 | E35: ='WAGE RATES'!$D$6 -> 50.107175 | F35: =E35*100/D35 -> 8.0783662 | G35: =PIGGYBACKS!$B$12 -> 1.3622907 | H35: ='WAGE RATES'!$D$10 -> 1.0285306 | I35: =(H35-1)*F35 -> 0.23048077 | J35: =F35*G35+I35 -> 11.235564 | K35: =C35*$J35/'ADC NONAUTO MODEL'!$G$6 -> 0.0076672108
A37: Outgoing Secondary (Piece)
B38: AFSM100 Auto | C38: =SUM('ADC NONAUTO MODEL'!$B$38:$B$42) -> 13.637659 | D38: =PRODUCTIVITIES!$E$24*'COVERAGE FACTORS'!$C$25+PRODUCTIVITIES!$E$18*(1-'COVERAGE FACTORS'!$C$25) -> 2267.7698 | E38: ='WAGE RATES'!$D$6 -> 50.107175 | F38: =E38*100/D38 -> 2.2095353 | G38: =PIGGYBACKS!$B$8 -> 1.6305774 | H38: ='WAGE RATES'!$D$10 -> 1.0285306 | I38: =(H38-1)*F38 -> 0.063039405 | J38: =F38*G38+I38 -> 3.6658578 | K38: =C38*$J38/'ADC NONAUTO MODEL'!$G$6 -> 0.0049993718
B39: REC Keying | C39: =SUM('ADC NONAUTO MODEL'!$A$38:$A$42) -> 0.83598383 | D39: =PRODUCTIVITIES!$E$16 -> 888.01171 | E39: ='WAGE RATES'!$D$5 -> 54.14236 | F39: =E39*100/D39 -> 6.0970322 | G39: =PIGGYBACKS!$B$9 -> 1.2615773 | H39: ='WAGE RATES'!$D$10 -> 1.0285306 | I39: =(H39-1)*F39 -> 0.17395209 | J39: =F39*G39+I39 -> 7.8658297 | K39: =C39*$J39/'ADC NONAUTO MODEL'!$G$6 -> 0.00065757064
B40: UFSM1000 Auto | C40: =SUM('ADC NONAUTO MODEL'!$H$38:$H$42) -> 0 | D40: =PRODUCTIVITIES!$E$31 -> 1.0273269 | E40: ='WAGE RATES'!$D$6 -> 50.107175 | F40: =E40*100/D40 -> 4877.4324 | G40: =PIGGYBACKS!$B$10 -> 1.6305774 | H40: ='WAGE RATES'!$D$10 -> 1.0285306 | I40: =(H40-1)*F40 -> 139.15616 | J40: =F40*G40+I40 -> 8092.1873 | K40: =C40*$J40/'ADC NONAUTO MODEL'!$G$6 -> 0
B41: UFSM1000 Keying | C41: =SUM('ADC NONAUTO MODEL'!$G$38:$G$42) -> 0 | D41: =PRODUCTIVITIES!$E$37 -> 1.0273269 | E41: ='WAGE RATES'!$D$6 -> 50.107175 | F41: =E41*100/D41 -> 4877.4324 | G41: =PIGGYBACKS!$B$10 -> 1.6305774 | H41: ='WAGE RATES'!$D$10 -> 1.0285306 | I41: =(H41-1)*F41 -> 139.15616 | J41: =F41*G41+I41 -> 8092.1873 | K41: =C41*$J41/'ADC NONAUTO MODEL'!$G$6 -> 0
B42: Manual | C42: =SUM('ADC NONAUTO MODEL'!$M$38:$M$42) -> 1.8463697 | D42: =PRODUCTIVITIES!$E$43 -> 490.62129 | E42: ='WAGE RATES'!$D$6 -> 50.107175 | F42: =E42*100/D42 -> 10.213005 | G42: =PIGGYBACKS!$B$12 -> 1.3622907 | H42: ='WAGE RATES'!$D$10 -> 1.0285306 | I42: =(H42-1)*F42 -> 0.29138332 | J42: =F42*G42+I42 -> 14.204465 | K42: =C42*$J42/'ADC NONAUTO MODEL'!$G$6 -> 0.0026226693
A44: Incoming MMP (Piece)
B45: AFSM100 Auto | C45: =SUM('ADC NONAUTO MODEL'!$B$53:$B$57) -> 10000.278 | D45: =PRODUCTIVITIES!$E$25*'COVERAGE FACTORS'!$C$25+PRODUCTIVITIES!$E$19*(1-'COVERAGE FACTORS'!$C$25) -> 1572.9754 | E45: ='WAGE RATES'!$D$6 -> 50.107175 | F45: =E45*100/D45 -> 3.1855028 | G45: =PIGGYBACKS!$B$8 -> 1.6305774 | H45: ='WAGE RATES'!$D$10 -> 1.0285306 | I45: =(H45-1)*F45 -> 0.090884361 | J45: =F45*G45+I45 -> 5.2850933 | K45: =C45*$J45/'ADC NONAUTO MODEL'!$G$6 -> 5.2852402
B46: REC Keying | C46: =SUM('ADC NONAUTO MODEL'!$A$53:$A$57) -> 2623.9264 | D46: =PRODUCTIVITIES!$E$16 -> 888.01171 | E46: ='WAGE RATES'!$D$5 -> 54.14236 | F46: =E46*100/D46 -> 6.0970322 | G46: =PIGGYBACKS!$B$9 -> 1.2615773 | H46: ='WAGE RATES'!$D$10 -> 1.0285306 | I46: =(H46-1)*F46 -> 0.17395209 | J46: =F46*G46+I46 -> 7.8658297 | K46: =C46*$J46/'ADC NONAUTO MODEL'!$G$6 -> 2.0639358
B47: UFSM1000 Auto | C47: =SUM('ADC NONAUTO MODEL'!$H$53:$H$57) -> 0 | D47: =PRODUCTIVITIES!$E$32 -> 1.0273269 | E47: ='WAGE RATES'!$D$6 -> 50.107175 | F47: =E47*100/D47 -> 4877.4324 | G47: =PIGGYBACKS!$B$10 -> 1.6305774 | H47: ='WAGE RATES'!$D$10 -> 1.0285306 | I47: =(H47-1)*F47 -> 139.15616 | J47: =F47*G47+I47 -> 8092.1873 | K47: =C47*$J47/'ADC NONAUTO MODEL'!$G$6 -> 0
B48: UFSM1000 Keying | C48: =SUM('ADC NONAUTO MODEL'!$G$53:$G$57) -> 0 | D48: =PRODUCTIVITIES!$E$38 -> 1.0273269 | E48: ='WAGE RATES'!$D$6 -> 50.107175 | F48: =E48*100/D48 -> 4877.4324 | G48: =PIGGYBACKS!$B$10 -> 1.6305774 | H48: ='WAGE RATES'!$D$10 -> 1.0285306 | I48: =(H48-1)*F48 -> 139.15616 | J48: =F48*G48+I48 -> 8092.1873 | K48: =C48*$J48/'ADC NONAUTO MODEL'!$G$6 -> 0
B49: Manual | C49: =SUM('ADC NONAUTO MODEL'!$M$53:$M$57) -> 928.21209 | D49: =PRODUCTIVITIES!$E$44 -> 692.96374 | E49: ='WAGE RATES'!$D$6 -> 50.107175 | F49: =E49*100/D49 -> 7.2308508 | G49: =PIGGYBACKS!$B$12 -> 1.3622907 | H49: ='WAGE RATES'!$D$10 -> 1.0285306 | I49: =(H49-1)*F49 -> 0.20630064 | J49: =F49*G49+I49 -> 10.056822 | K49: =C49*$J49/'ADC NONAUTO MODEL'!$G$6 -> 0.93348635
A51: Incoming SCF (Piece)
B52: AFSM100 Auto | C52: =SUM('ADC NONAUTO MODEL'!$B$64:$B$68) -> 1928.083 | D52: =PRODUCTIVITIES!$E$26*'COVERAGE FACTORS'!$C$25+PRODUCTIVITIES!$E$20*(1-'COVERAGE FACTORS'!$C$25) -> 2073.5492 | E52: ='WAGE RATES'!$D$6 -> 50.107175 | F52: =E52*100/D52 -> 2.4164932 | G52: =PIGGYBACKS!$B$8 -> 1.6305774 | H52: ='WAGE RATES'!$D$10 -> 1.0285306 | I52: =(H52-1)*F52 -> 0.068944043 | J52: =F52*G52+I52 -> 4.0092233 | K52: =C52*$J52/'ADC NONAUTO MODEL'!$G$6 -> 0.77301154
B53: REC Keying | C53: =SUM('ADC NONAUTO MODEL'!$A$64:$A$68) -> 118.19083 | D53: =PRODUCTIVITIES!$E$16 -> 888.01171 | E53: ='WAGE RATES'!$D$5 -> 54.14236 | F53: =E53*100/D53 -> 6.0970322 | G53: =PIGGYBACKS!$B$9 -> 1.2615773 | H53: ='WAGE RATES'!$D$10 -> 1.0285306 | I53: =(H53-1)*F53 -> 0.17395209 | J53: =F53*G53+I53 -> 7.8658297 | K53: =C53*$J53/'ADC NONAUTO MODEL'!$G$6 -> 0.092966894
B54: UFSM1000 Auto | C54: =SUM('ADC NONAUTO MODEL'!$H$64:$H$68) -> 0 | D54: =PRODUCTIVITIES!$E$33 -> 1.0273269 | E54: ='WAGE RATES'!$D$6 -> 50.107175 | F54: =E54*100/D54 -> 4877.4324 | G54: =PIGGYBACKS!$B$10 -> 1.6305774 | H54: ='WAGE RATES'!$D$10 -> 1.0285306 | I54: =(H54-1)*F54 -> 139.15616 | J54: =F54*G54+I54 -> 8092.1873 | K54: =C54*$J54/'ADC NONAUTO MODEL'!$G$6 -> 0
B55: UFSM1000 Keying | C55: =SUM('ADC NONAUTO MODEL'!$G$64:$G$68) -> 0 | D55: =PRODUCTIVITIES!$E$39 -> 1.0273269 | E55: ='WAGE RATES'!$D$6 -> 50.107175 | F55: =E55*100/D55 -> 4877.4324 | G55: =PIGGYBACKS!$B$10 -> 1.6305774 | H55: ='WAGE RATES'!$D$10 -> 1.0285306 | I55: =(H55-1)*F55 -> 139.15616 | J55: =F55*G55+I55 -> 8092.1873 | K55: =C55*$J55/'ADC NONAUTO MODEL'!$G$6 -> 0
B56: Manual | C56: =SUM('ADC NONAUTO MODEL'!$M$64:$M$68) -> 348.38884 | D56: =PRODUCTIVITIES!$E$45 -> 600.65917 | E56: ='WAGE RATES'!$D$6 -> 50.107175 | F56: =E56*100/D56 -> 8.342031 | G56: =PIGGYBACKS!$B$12 -> 1.3622907 | H56: ='WAGE RATES'!$D$10 -> 1.0285306 | I56: =(H56-1)*F56 -> 0.23800329 | J56: =F56*G56+I56 -> 11.602275 | K56: =C56*$J56/'ADC NONAUTO MODEL'!$G$6 -> 0.4042103
A58: Incoming Primary (Piece)
B59: AFSM100 Auto | C59: =SUM('ADC NONAUTO MODEL'!$B$74:$B$78)+SUM('ADC NONAUTO MODEL'!$B$108:$B$112) -> 631.89003 | D59: =PRODUCTIVITIES!$E$27*'COVERAGE FACTORS'!$C$25+PRODUCTIVITIES!$E$21*(1-'COVERAGE FACTORS'!$C$25) -> 1117.4154 | E59: ='WAGE RATES'!$D$6 -> 50.107175 | F59: =E59*100/D59 -> 4.484203 | G59: =PIGGYBACKS!$B$8 -> 1.6305774 | H59: ='WAGE RATES'!$D$10 -> 1.0285306 | I59: =(H59-1)*F59 -> 0.12793708 | J59: =F59*G59+I59 -> 7.4397772 | K59: =C59*$J59/'ADC NONAUTO MODEL'!$G$6 -> 0.4701121
B60: REC Keying | C60: =SUM('ADC NONAUTO MODEL'!$A$74:$A$78)+SUM('ADC NONAUTO MODEL'!$A$108:$A$112) -> 38.734642 | D60: =PRODUCTIVITIES!$E$16 -> 888.01171 | E60: ='WAGE RATES'!$D$5 -> 54.14236 | F60: =E60*100/D60 -> 6.0970322 | G60: =PIGGYBACKS!$B$9 -> 1.2615773 | H60: ='WAGE RATES'!$D$10 -> 1.0285306 | I60: =(H60-1)*F60 -> 0.17395209 | J60: =F60*G60+I60 -> 7.8658297 | K60: =C60*$J60/'ADC NONAUTO MODEL'!$G$6 -> 0.03046801
B61: UFSM1000 Auto | C61: =SUM('ADC NONAUTO MODEL'!$H$74:$H$78) -> 0 | D61: =PRODUCTIVITIES!$E$34 -> 1.0273269 | E61: ='WAGE RATES'!$D$6 -> 50.107175 | F61: =E61*100/D61 -> 4877.4324 | G61: =PIGGYBACKS!$B$10 -> 1.6305774 | H61: ='WAGE RATES'!$D$10 -> 1.0285306 | I61: =(H61-1)*F61 -> 139.15616 | J61: =F61*G61+I61 -> 8092.1873 | K61: =C61*$J61/'ADC NONAUTO MODEL'!$G$6 -> 0
B62: UFSM1000 Keying | C62: =SUM('ADC NONAUTO MODEL'!$G$74:$G$78) -> 0 | D62: =PRODUCTIVITIES!$E$40 -> 1.0273269 | E62: ='WAGE RATES'!$D$6 -> 50.107175 | F62: =E62*100/D62 -> 4877.4324 | G62: =PIGGYBACKS!$B$10 -> 1.6305774 | H62: ='WAGE RATES'!$D$10 -> 1.0285306 | I62: =(H62-1)*F62 -> 139.15616 | J62: =F62*G62+I62 -> 8092.1873 | K62: =C62*$J62/'ADC NONAUTO MODEL'!$G$6 -> 0
B63: Manual | C63: =SUM('ADC NONAUTO MODEL'!$M$74:$M$78) -> 82.843801 | D63: =PRODUCTIVITIES!$E$46 -> 753.40918 | E63: ='WAGE RATES'!$D$6 -> 50.107175 | F63: =E63*100/D63 -> 6.6507253 | G63: =PIGGYBACKS!$B$12 -> 1.3622907 | H63: ='WAGE RATES'!$D$10 -> 1.0285306 | I63: =(H63-1)*F63 -> 0.1897493 | J63: =F63*G63+I63 -> 9.2499707 | K63: =C63*$J63/'ADC NONAUTO MODEL'!$G$6 -> 0.076630273
A65: Incoming Secondary (Piece)
B66: AFSM100 Auto | C66: =SUM('ADC NONAUTO MODEL'!$B$83:$B$87)+SUM('ADC NONAUTO MODEL'!$B$122:$B$126) -> 8965.4331 | D66: =PRODUCTIVITIES!$E$28*'COVERAGE FACTORS'!$C$25+PRODUCTIVITIES!$E$22*(1-'COVERAGE FACTORS'!$C$25) -> 1858.2572 | E66: ='WAGE RATES'!$D$6 -> 50.107175 | F66: =E66*100/D66 -> 2.6964606 | G66: =PIGGYBACKS!$B$8 -> 1.6305774 | H66: ='WAGE RATES'!$D$10 -> 1.0285306 | I66: =(H66-1)*F66 -> 0.076931686 | J66: =F66*G66+I66 -> 4.4737195 | K66: =C66*$J66/'ADC NONAUTO MODEL'!$G$6 -> 4.0108833
B67: REC Keying | C67: =SUM('ADC NONAUTO MODEL'!$A$83:$A$87)+SUM('ADC NONAUTO MODEL'!$A$122:$A$126) -> 549.57799 | D67: =PRODUCTIVITIES!$E$16 -> 888.01171 | E67: ='WAGE RATES'!$D$5 -> 54.14236 | F67: =E67*100/D67 -> 6.0970322 | G67: =PIGGYBACKS!$B$9 -> 1.2615773 | H67: ='WAGE RATES'!$D$10 -> 1.0285306 | I67: =(H67-1)*F67 -> 0.17395209 | J67: =F67*G67+I67 -> 7.8658297 | K67: =C67*$J67/'ADC NONAUTO MODEL'!$G$6 -> 0.43228868
B68: UFSM1000 Auto | C68: =SUM('ADC NONAUTO MODEL'!$H$83:$H$87) -> 0 | D68: =PRODUCTIVITIES!$E$35 -> 1.0273269 | E68: ='WAGE RATES'!$D$6 -> 50.107175 | F68: =E68*100/D68 -> 4877.4324 | G68: =PIGGYBACKS!$B$10 -> 1.6305774 | H68: ='WAGE RATES'!$D$10 -> 1.0285306 | I68: =(H68-1)*F68 -> 139.15616 | J68: =F68*G68+I68 -> 8092.1873 | K68: =C68*$J68/'ADC NONAUTO MODEL'!$G$6 -> 0
B69: UFSM1000 Keying | C69: =SUM('ADC NONAUTO MODEL'!$G$83:$G$87) -> 0 | D69: =PRODUCTIVITIES!$E$41 -> 1.0273269 | E69: ='WAGE RATES'!$D$6 -> 50.107175 | F69: =E69*100/D69 -> 4877.4324 | G69: =PIGGYBACKS!$B$10 -> 1.6305774 | H69: ='WAGE RATES'!$D$10 -> 1.0285306 | I69: =(H69-1)*F69 -> 139.15616 | J69: =F69*G69+I69 -> 8092.1873 | K69: =C69*$J69/'ADC NONAUTO MODEL'!$G$6 -> 0
B70: Manual | C70: =SUM('ADC NONAUTO MODEL'!$M$83:$M$87) -> 1560.754 | D70: =PRODUCTIVITIES!$E$47 -> 675.89316 | E70: ='WAGE RATES'!$D$6 -> 50.107175 | F70: =E70*100/D70 -> 7.4134756 | G70: =PIGGYBACKS!$B$12 -> 1.3622907 | H70: ='WAGE RATES'!$D$10 -> 1.0285306 | I70: =(H70-1)*F70 -> 0.21151104 | J70: =F70*G70+I70 -> 10.31082 | K70: =C70*$J70/'ADC NONAUTO MODEL'!$G$6 -> 1.6092654
A72: FSS
B73: FSS | C73: 0 | D73: 0 | E73: 0 | F73: 0 | G73: 0 | H73: 0 | I73: 0 | J73: 0 | K73: =C73*$J73/'MADC NONAUTO MODEL'!$G$6 -> 0
B74: REC Keying | C74: =SUM('ADC NONAUTO MODEL'!$A$95:$A$99) -> 0 | D74: =PRODUCTIVITIES!E16 -> 888.01171 | E74: ='WAGE RATES'!D5 -> 54.14236 | F74: =E74*100/D74 -> 6.0970322 | G74: =PIGGYBACKS!B9 -> 1.2615773 | H74: ='WAGE RATES'!$D$10 -> 1.0285306 | I74: =(H74-1)*F74 -> 0.17395209 | J74: =F74*G74+I74 -> 7.8658297 | K74: =C74*$J74/'ADC NONAUTO MODEL'!$G$6 -> 0
K76: ="(10)" -> (10)
J77: MODEL COST = | K77: =SUM(K11:K74) -> 18.275515
A81: ="(1)" -> (1) | B81: Values From Pages 14 and 34 | F81: ="(6)" -> (6) | G81: Values From Page 31
A82: ="(2)" -> (2) | B82: Values From Page 30 | F82: ="(7)" -> (7) | G82: [ (6) - 1 ] * (4)
A83: ="(3)" -> (3) | B83: Values From Page 31 | F83: ="(8)" -> (8) | G83: (4) * (5) + (7)
A84: ="(4)" -> (4) | B84: [ (3) * (100 cents/dollar) ] / (2) | F84: ="(9)" -> (9) | G84: (1) * (8) / 10,000 Pieces
A85: ="(5)" -> (5) | B85: Values From Page 32 | F85: ="(10)" -> (10) | G85: Sum (9)

Sheet ADC NONAUTO MODEL
A1: ='ADC NONAUTO COST'!A1 -> ADC NONAUTO PRESORT
A2: MAIL FLOW MODEL
A6: PCS IN = | C6: =SUM(C11:C16)+SUM(G11:G16)+SUM(K11:K16)+SUM(O11:O16) -> 10000 | E6: PCS OUT = | G6: =D88+J88+O88+D100+D127 -> 10000
A10: PIECE ENTRY POINTS:
B11: BC Mach Out Prim | C11: 0 | F11: Non-BC Mach Out Prim | G11: ='ADC AUTO MODEL'!C11 -> 110.81906 | J11: BC Nonmach Out Prim | K11: 0 | N11: Non-BC Nonmach Out Prim | O11: ='ADC AUTO MODEL'!K11 -> 0
B12: BC Mach Out Sec | C12: 0 | F12: Non-BC Mach Out Sec | G12: ='ADC AUTO MODEL'!C12 -> 0 | J12: BC Nonmach Out Sec | K12: 0 | N12: Non-BC Nonmach Out Sec | O12: ='ADC AUTO MODEL'!K12 -> 0
B13: BC Mach Inc MMP | C13: 0 | F13: Non-BC Mach Inc MMP | G13: ='ADC AUTO MODEL'!C13 -> 9889.1809 | J13: BC Nonmach Inc MMP | K13: 0 | N13: Non-BC Nonmach Inc MMP | O13: ='ADC AUTO MODEL'!K13 -> 0
B14: BC Mach Inc SCF | C14: 0 | F14: Non-BC Mach Inc SCF | G14: ='ADC AUTO MODEL'!C14 -> 0 | J14: BC Nonmach Inc SCF | K14: 0 | N14: Non-BC Nonmach Inc SCF | O14: ='ADC AUTO MODEL'!K14 -> 0
B15: BC Mach Inc Prim | C15: 0 | F15: Non-BC Mach Inc Prim | G15: ='ADC AUTO MODEL'!C15 -> 0 | J15: BC Nonmach Inc Prim | K15: 0 | N15: Non-BC Nonmach Inc Prim | O15: ='ADC AUTO MODEL'!K15 -> 0
B16: BC Mach Inc Sec | C16: 0 | F16: Non-BC Mach Inc Sec | G16: ='ADC AUTO MODEL'!C16 -> 0 | J16: BC Nonmach Inc Sec | K16: 0 | N16: Non-BC Nonmach Inc Sec | O16: ='ADC AUTO MODEL'!K16 -> 0
C21: MACHINABLE OUTGOING | L21: NONMACHINABLE OUTGOING
D23: =SUM(A25:A29)*(1-'ACCEPT RATES'!G14)+SUM(C25:C29)*SUM('ACCEPT RATES'!I14:J14) -> 6.8235447 | E23: Rejects | J23: =SUM(G25:G29)*(1-'ACCEPT RATES'!E19) -> 0 | K23: Rejects
A24: REC | B24: Out Prim AFSM100 | E24: Out Prim | G24: Keyed | H24: Out Prim UFSM1000 | K24: Out Prim | M24: Out Prim Manual
A25: =B25*(1-'ACCEPT RATES'!C14) -> 0 | B25: =C25*(1+'ACCEPT RATES'!F14) -> 0 | C25: =C11*('COVERAGE FACTORS'!C15+'COVERAGE FACTORS'!C19) -> 0 | E25: Manual | G25: =H25*(1-'ACCEPT RATES'!C19) -> 0 | H25: =I25 -> 0 | I25: =C11*'COVERAGE FACTORS'!C17 -> 0 | K25: Manual | M25: =N25 -> 0 | N25: =C11*'COVERAGE FACTORS'!C21 -> 0
A26: =B26*(1-'ACCEPT RATES'!D14) -> 29.592419 | B26: =C26*(1+'ACCEPT RATES'!F14) -> 112.22673 | C26: =G11*('COVERAGE FACTORS'!C15+'COVERAGE FACTORS'!C19) -> 110.81855 | G26: =H26*(1-'ACCEPT RATES'!D19) -> 0 | H26: =I26 -> 0 | I26: =G11*'COVERAGE FACTORS'!C17 -> 0 | M26: =N26 -> 0.00051036147 | N26: =G11*'COVERAGE FACTORS'!C21 -> 0.00051036147
G27: =H27*(1-'ACCEPT RATES'!C19) -> 0 | H27: =I27 -> 0 | I27: =K11*('COVERAGE FACTORS'!C17+'COVERAGE FACTORS'!C19) -> 0 | M27: =N27 -> 0 | N27: =K11*(1-('COVERAGE FACTORS'!C17+'COVERAGE FACTORS'!C19)) -> 0
G28: =H28*(1-'ACCEPT RATES'!D19) -> 0 | H28: =I28 -> 0 | I28: =O11*('COVERAGE FACTORS'!C17+'COVERAGE FACTORS'!C19) -> 0 | M28: =N28 -> 0 | N28: =O11*(1-('COVERAGE FACTORS'!C17+'COVERAGE FACTORS'!C19)) -> 0
M29: =N29 -> 6.8235447 | N29: =D23+J23 -> 6.8235447
D30: =(SUM(C25:C29)-D23)*'PIECE DENSITIES'!C6 -> 13.316587 | E30: Out Sec Mach | J30: =(SUM(I25:I29)-J23)*'PIECE DENSITIES'!C11 -> 0 | K30: Out Sec Nonmach | O30: =SUM(N25:N29)*'PIECE DENSITIES'!C16 -> 0.61060095 | P30: Out Sec Manual
D31: =(SUM(C25:C29)-D23)*'PIECE DENSITIES'!D6 -> 53.901562 | E31: Inc MMP Mach | J31: =(SUM(I25:I29)-J23)*'PIECE DENSITIES'!D11 -> 0 | K31: Inc MMP Nonmach | O31: =SUM(N25:N29)*'PIECE DENSITIES'!D16 -> 3.9623996 | P31: Inc MMP Manual
D32: =(SUM(C25:C29)-D23)*'PIECE DENSITIES'!E6 -> 29.110672 | E32: Inc SCF Mach | J32: =(SUM(I25:I29)-J23)*'PIECE DENSITIES'!E11 -> 0 | K32: Inc SCF Nonmach | O32: =SUM(N25:N29)*'PIECE DENSITIES'!E16 -> 1.7456415 | P32: Inc SCF Manual
D33: =(SUM(C25:C29)-D23)*'PIECE DENSITIES'!F6 -> 7.6661862 | E33: Inc Prim Mach | J33: =(SUM(I25:I29)-J23)*'PIECE DENSITIES'!F11 -> 0 | K33: Inc Prim Nonmach | O33: =SUM(N25:N29)*'PIECE DENSITIES'!F16 -> 0.50541296 | P33: Inc Prim Manual
D34: =(SUM(C25:C29)-D23)*'PIECE DENSITIES'!G6 -> 0 | E34: Inc Sec Mach | J34: =(SUM(I25:I29)-J23)*'PIECE DENSITIES'!G11 -> 0 | K34: Inc Sec Nonmach | O34: =SUM(N25:N29)*'PIECE DENSITIES'!G16 -> 0 | P34: Inc Sec Manual
D36: =SUM(A38:A42)*(1-'ACCEPT RATES'!G15)+SUM(C38:C42)*SUM('ACCEPT RATES'!I15:J15) -> 1.2357687 | E36: Rejects | J36: =SUM(G38:G42)*(1-'ACCEPT RATES'!E20) -> 0 | K36: Rejects
A37: REC | B37: Out Sec AFSM100 | E37: Out Sec | G37: Keyed | H37: Out Sec UFSM1000 | K37: Out Sec | M37: Out Sec Manual
A38: =B38*(1-'ACCEPT RATES'!C15) -> 0 | B38: =C38*(1+'ACCEPT RATES'!F15+'PIECE DENSITIES'!C7) -> 0 | C38: =C12*('COVERAGE FACTORS'!C15+'COVERAGE FACTORS'!C19) -> 0 | E38: Manual | G38: =H38*(1-'ACCEPT RATES'!C20) -> 0 | H38: =I38*(1+'PIECE DENSITIES'!C12) -> 0 | I38: =C12*'COVERAGE FACTORS'!C17 -> 0 | K38: Manual | M38: =N38 -> 0 | N38: =C12*'COVERAGE FACTORS'!C21 -> 0
A39: =B39*(1-'ACCEPT RATES'!D15) -> 0 | B39: =C39*(1+'ACCEPT RATES'!F15+'PIECE DENSITIES'!C7) -> 0 | C39: =G12*('COVERAGE FACTORS'!C15+'COVERAGE FACTORS'!C19) -> 0 | G39: =H39*(1-'ACCEPT RATES'!D20) -> 0 | H39: =I39*(1+'PIECE DENSITIES'!C12) -> 0 | I39: =G12*'COVERAGE FACTORS'!C17 -> 0 | M39: =N39 -> 0 | N39: =G12*'COVERAGE FACTORS'!C21 -> 0
G40: =H40*(1-'ACCEPT RATES'!C20) -> 0 | H40: =I40*(1+'PIECE DENSITIES'!C12) -> 0 | I40: =K12*('COVERAGE FACTORS'!C17+'COVERAGE FACTORS'!C19) -> 0 | M40: =N40 -> 0 | N40: =K12*(1-('COVERAGE FACTORS'!C17+'COVERAGE FACTORS'!C19)) -> 0
G41: =H41*(1-'ACCEPT RATES'!D20) -> 0 | H41: =I41*(1+'PIECE DENSITIES'!C12) -> 0 | I41: =O12*('COVERAGE FACTORS'!C17+'COVERAGE FACTORS'!C19) -> 0 | M41: =N41 -> 0 | N41: =O12*(1-('COVERAGE FACTORS'!C17+'COVERAGE FACTORS'!C19)) -> 0
A42: =B42*(1-'ACCEPT RATES'!C15) -> 0.83598383 | B42: =C42*(1+'ACCEPT RATES'!F15+'PIECE DENSITIES'!C7) -> 13.637659 | C42: =D30 -> 13.316587 | G42: =IF(SUM(C11:C16)>0,H42*(1-'ACCEPT RATES'!C20),H42*(1-'ACCEPT RATES'!D20)) -> 0 | H42: =I42*(1+'PIECE DENSITIES'!C12) -> 0 | I42: =J30 -> 0 | M42: =N42 -> 1.8463697 | N42: =D36+J36+O30 -> 1.8463697
D43: =(SUM(C38:C42)-D36)*'PIECE DENSITIES'!D7 -> 9.9762633 | E43: Inc MMP Mach | J43: =(SUM(I38:I42)-J36)*'PIECE DENSITIES'!D12 -> 0 | K43: Inc MMP Nonmach | O43: =SUM(N38:N42)*'PIECE DENSITIES'!D17 -> 1.306941 | P43: Inc MMP Manual
D44: =(SUM(C38:C42)-D36)*'PIECE DENSITIES'!E7 -> 0.83376222 | E44: Inc SCF Mach | J44: =(SUM(I38:I42)-J36)*'PIECE DENSITIES'!E12 -> 0 | K44: Inc SCF Nonmach | O44: =SUM(N38:N42)*'PIECE DENSITIES'!E17 -> 0.0057297238 | P44: Inc SCF Manual
D45: =(SUM(C38:C42)-D36)*'PIECE DENSITIES'!F7 -> 0.088810893 | E45: Inc Prim Mach | J45: =(SUM(I38:I42)-J36)*'PIECE DENSITIES'!F12 -> 0 | K45: Inc Prim Nonmach | O45: =SUM(N38:N42)*'PIECE DENSITIES'!F17 -> 0.036679256 | P45: Inc Prim Manual
D46: =(SUM(C38:C42)-D36)*'PIECE DENSITIES'!G7 -> 1.1819817 | E46: Inc Sec Mach | J46: =(SUM(I38:I42)-J36)*'PIECE DENSITIES'!G12 -> 0 | K46: Inc Sec Nonmach | O46: =SUM(N38:N42)*'PIECE DENSITIES'!G17 -> 0.49701971 | P46: Inc Sec Manual
C49: MACHINABLE INCOMING | L49: NONMACHINABLE INCOMING
D51: =SUM(A53:A57)*(1-'ACCEPT RATES'!G16)+SUM(C53:C57)*SUM('ACCEPT RATES'!I16:J16) -> 862.9994 | E51: Rejects | J51: =SUM(G53:G57)*(1-'ACCEPT RATES'!E21) -> 0 | K51: Rejects
A52: REC | B52: Inc MMP AFSM100 | E52: Inc MMP | G52: Keyed | H52: Inc MMP UFSM1000 | K52: Inc MMP | M52: Inc MMP Manual
A53: =B53*(1-'ACCEPT RATES'!C16) -> 0 | B53: =C53*(1+'ACCEPT RATES'!F16+'PIECE DENSITIES'!D8) -> 0 | C53: =C13*('COVERAGE FACTORS'!C39+'COVERAGE FACTORS'!C43) -> 0 | E53: Manual | G53: =H53*(1-'ACCEPT RATES'!C21) -> 0 | H53: =I53*(1+'PIECE DENSITIES'!D13) -> 0 | I53: =C13*'COVERAGE FACTORS'!C41 -> 0 | K53: Manual | M53: =N53 -> 0 | N53: =C13*'COVERAGE FACTORS'!C45 -> 0
A54: =B54*(1-'ACCEPT RATES'!D16) -> 2619.9921 | B54: =C54*(1+'ACCEPT RATES'!F16+'PIECE DENSITIES'!D8) -> 9936.0971 | C54: =G13*('COVERAGE FACTORS'!C39+'COVERAGE FACTORS'!C43) -> 9829.6223 | G54: =H54*(1-'ACCEPT RATES'!D21) -> 0 | H54: =I54*(1+'PIECE DENSITIES'!D13) -> 0 | I54: =G13*'COVERAGE FACTORS'!C41 -> 0 | M54: =N54 -> 59.558638 | N54: =G13*'COVERAGE FACTORS'!C45 -> 59.558638
G55: =H55*(1-'ACCEPT RATES'!C21) -> 0 | H55: =I55*(1+'PIECE DENSITIES'!D13) -> 0 | I55: =K13*('COVERAGE FACTORS'!C41+'COVERAGE FACTORS'!C43) -> 0 | M55: =N55 -> 0 | N55: =K13*(1-('COVERAGE FACTORS'!C41+'COVERAGE FACTORS'!C43)) -> 0
G56: =H56*(1-'ACCEPT RATES'!D21) -> 0 | H56: =I56*(1+'PIECE DENSITIES'!D13) -> 0 | I56: =O13*('COVERAGE FACTORS'!C41+'COVERAGE FACTORS'!C43) -> 0 | M56: =N56 -> 0 | N56: =O13*(1-('COVERAGE FACTORS'!C41+'COVERAGE FACTORS'!C43)) -> 0
A57: =B57*(1-'ACCEPT RATES'!C16) -> 3.9342656 | B57: =C57*(1+'ACCEPT RATES'!F16+'PIECE DENSITIES'!D8) -> 64.180873 | C57: =(D31+D43)*('COVERAGE FACTORS'!C39+'COVERAGE FACTORS'!C43) -> 63.493114 | G57: =IF(SUM(C11:C16)>0,H57*(1-'ACCEPT RATES'!C21),H57*(1-'ACCEPT RATES'!D21)) -> 0 | H57: =I57*(1+'PIECE DENSITIES'!D13) -> 0 | I57: =(D31+D43)*'COVERAGE FACTORS'!C41+(J31+J43)*('COVERAGE FACTORS'!C41+'COVERAGE FACTORS'!C43) -> 0 | M57: =N57 -> 868.65345 | N57: =D51+J51+O31+O43+(D31+D43)*'COVERAGE FACTORS'!C45+(J31+J43)*(1-('COVERAGE FACTORS'!C41+'COVERAGE FACTORS'!C43)) -> 868.65345
D58: =(SUM(C53:C57)-D51)*'PIECE DENSITIES'!E8 -> 1796.458 | E58: Inc SCF Mach | J58: =(SUM(I53:I57)-J51)*'PIECE DENSITIES'!E13 -> 0 | K58: Inc SCF Nonmach | O58: =SUM(N53:N57)*'PIECE DENSITIES'!E18 -> 245.29292 | P58: Inc SCF Manual
D59: =(SUM(C53:C57)-D51)*'PIECE DENSITIES'!F8 -> 583.24648 | E59: Inc Prim Mach | J59: =(SUM(I53:I57)-J51)*'PIECE DENSITIES'!F13 -> 0 | K59: Inc Prim Nonmach | O59: =SUM(N53:N57)*'PIECE DENSITIES'!F18 -> 38.499213 | P59: Inc Prim Manual
D60: =(SUM(C53:C57)-D51)*'PIECE DENSITIES'!G8 -> 6650.4115 | E60: Inc Sec Mach | J60: =(SUM(I53:I57)-J51)*'PIECE DENSITIES'!G13 -> 0 | K60: Inc Sec Nonmach | O60: =SUM(N53:N57)*'PIECE DENSITIES'!G18 -> 644.41996 | P60: Inc Sec Manual
D62: =SUM(A64:A68)*(1-'ACCEPT RATES'!G17)+SUM(C64:C68)*SUM('ACCEPT RATES'!I17:J17) -> 90.344845 | E62: Rejects | J62: =SUM(G64:G68)*(1-'ACCEPT RATES'!E22) -> 0 | K62: Rejects
A63: REC | B63: Inc SCF AFSM100 | E63: Inc SCF | G63: Keyed | H63: Inc SCF UFSM1000 | K63: Inc SCF | M63: Inc SCF Manual
A64: =B64*(1-'ACCEPT RATES'!C17) -> 0 | B64: =C64*(1+'ACCEPT RATES'!F17+'PIECE DENSITIES'!E9) -> 0 | C64: =C14*('COVERAGE FACTORS'!C39+'COVERAGE FACTORS'!C43) -> 0 | E64: Manual | G64: =H64*(1-'ACCEPT RATES'!C22) -> 0 | H64: =I64*(1+'PIECE DENSITIES'!E14) -> 0 | I64: =C14*'COVERAGE FACTORS'!C41 -> 0 | K64: Manual | M64: =N64 -> 0 | N64: =C14*'COVERAGE FACTORS'!C45 -> 0
A65: =B65*(1-'ACCEPT RATES'!D17) -> 0 | B65: =C65*(1+'ACCEPT RATES'!F17+'PIECE DENSITIES'!E9) -> 0 | C65: =G14*('COVERAGE FACTORS'!C39+'COVERAGE FACTORS'!C43) -> 0 | G65: =H65*(1-'ACCEPT RATES'!D22) -> 0 | H65: =I65*(1+'PIECE DENSITIES'!E14) -> 0 | I65: =G14*'COVERAGE FACTORS'!C41 -> 0 | M65: =N65 -> 0 | N65: =G14*'COVERAGE FACTORS'!C45 -> 0
G66: =H66*(1-'ACCEPT RATES'!C22) -> 0 | H66: =I66*(1+'PIECE DENSITIES'!E14) -> 0 | I66: =K14*('COVERAGE FACTORS'!C41+'COVERAGE FACTORS'!C43) -> 0 | M66: =N66 -> 0 | N66: =K14*(1-('COVERAGE FACTORS'!C41+'COVERAGE FACTORS'!C43)) -> 0
G67: =H67*(1-'ACCEPT RATES'!D22) -> 0 | H67: =I67*(1+'PIECE DENSITIES'!E14) -> 0 | I67: =O14*('COVERAGE FACTORS'!C41+'COVERAGE FACTORS'!C43) -> 0 | M67: =N67 -> 0 | N67: =O14*(1-('COVERAGE FACTORS'!C41+'COVERAGE FACTORS'!C43)) -> 0
A68: =B68*(1-'ACCEPT RATES'!C17) -> 118.19083 | B68: =C68*(1+'ACCEPT RATES'!F17+'PIECE DENSITIES'!E9) -> 1928.083 | C68: =(D32+D44+D58)*('COVERAGE FACTORS'!C39+'COVERAGE FACTORS'!C43) -> 1815.4028 | G68: =IF(SUM(C11:C16)>0, H68*(1-'ACCEPT RATES'!C22),H68*(1-'ACCEPT RATES'!D22)) -> 0 | H68: =I68*(1+'PIECE DENSITIES'!E14) -> 0 | I68: =(D32+D44+D58)*'COVERAGE FACTORS'!C41+(J32+J44+J58)*('COVERAGE FACTORS'!C41+'COVERAGE FACTORS'!C43) -> 0 | M68: =N68 -> 348.38884 | N68: =D62+J62+O32+O44+O58+(D32+D44+D58)*'COVERAGE FACTORS'!C45+(J32+J44+J58)*(1-('COVERAGE FACTORS'!C41+'COVERAGE FACTORS'!C43)) -> 348.38884
D69: =(SUM(C64:C68)-D62)*'PIECE DENSITIES'!F9 -> 38.592946 | E69: Inc Prim Mach | J69: =(SUM(I64:I68)-J62)*'PIECE DENSITIES'!F14 -> 0 | K69: Inc Prim Nonmach | O69: =SUM(N64:N68)*'PIECE DENSITIES'!F19 -> 9.0120625 | P69: Inc Prim Manual
D70: =(SUM(C64:C68)-D62)*'PIECE DENSITIES'!G9 -> 1686.465 | E70: Inc Sec Mach | J70: =(SUM(I64:I68)-J62)*'PIECE DENSITIES'!G14 -> 0 | K70: Inc Sec Nonmach | O70: =SUM(N64:N68)*'PIECE DENSITIES'!G19 -> 339.37677 | P70: Inc Sec Manual
D72: =SUM(A74:A78)*(1-'ACCEPT RATES'!G17)+SUM(C74:C78)*SUM('ACCEPT RATES'!I17:J17) -> 30.998634 | E72: Rejects | J72: =SUM(G74:G78)*(1-'ACCEPT RATES'!E22) -> 0 | K72: Rejects
A73: REC | B73: Inc Prim AFSM100 | E73: Inc Prim | G73: Keyed | H73: Inc Prim UFSM1000 | K73: Inc Prim | M73: Inc Prim Manual
A74: =B74*(1-'ACCEPT RATES'!C17) -> 0 | B74: =C74*(1+'ACCEPT RATES'!F17) -> 0 | C74: =C15*('COVERAGE FACTORS'!C39+'COVERAGE FACTORS'!C43) -> 0 | E74: Manual | G74: =H74*(1-'ACCEPT RATES'!C22) -> 0 | H74: =I74 -> 0 | I74: =C15*'COVERAGE FACTORS'!C41 -> 0 | K74: Manual | M74: =N74 -> 0 | N74: =C15*'COVERAGE FACTORS'!C45 -> 0
A75: =B75*(1-'ACCEPT RATES'!D17) -> 0 | B75: =C75*(1+'ACCEPT RATES'!F17) -> 0 | C75: =G15*('COVERAGE FACTORS'!C39+'COVERAGE FACTORS'!C43) -> 0 | G75: =H75*(1-'ACCEPT RATES'!D22) -> 0 | H75: =I75 -> 0 | I75: =G15*'COVERAGE FACTORS'!C41 -> 0 | M75: =N75 -> 0 | N75: =G15*'COVERAGE FACTORS'!C45 -> 0
G76: =H76*(1-'ACCEPT RATES'!C22) -> 0 | H76: =I76 -> 0 | I76: =K15*('COVERAGE FACTORS'!C41+'COVERAGE FACTORS'!C43) -> 0 | M76: =N76 -> 0 | N76: =K15*(1-('COVERAGE FACTORS'!C41+'COVERAGE FACTORS'!C43)) -> 0
G77: =H77*(1-'ACCEPT RATES'!D22) -> 0 | H77: =I77 -> 0 | I77: =O15*('COVERAGE FACTORS'!C41+'COVERAGE FACTORS'!C43) -> 0 | M77: =N77 -> 0 | N77: =O15*(1-('COVERAGE FACTORS'!C41+'COVERAGE FACTORS'!C43)) -> 0
A78: =B78*(1-'ACCEPT RATES'!C17) -> 38.734642 | B78: =C78*(1+'ACCEPT RATES'!F17) -> 631.89003 | C78: =(D33+D45+D59+D69)*('COVERAGE FACTORS'!C39+'COVERAGE FACTORS'!C43) -> 625.80262 | G78: =IF(SUM(C11:C16)>0,H78*(1-'ACCEPT RATES'!C22),H78*(1-'ACCEPT RATES'!D22)) -> 0 | H78: =I78 -> 0 | I78: =(D33+D45+D59+D69)*'COVERAGE FACTORS'!C41+(J33+J45+J59+J69)*('COVERAGE FACTORS'!C41+'COVERAGE FACTORS'!C43) -> 0 | M78: =N78 -> 82.843801 | N78: =D72+J72+O33+O45+O59+O69+(D33+D45+D59+D69)*'COVERAGE FACTORS'!C45+(J33+J45+J59+J69)*(1-('COVERAGE FACTORS'!C41+'COVERAGE FACTORS'!C43))+D106 -> 82.843801
D79: =SUM(C74:C78)-D72 -> 594.80399 | E79: Inc Sec Mach | J79: =SUM(I74:I78)-J72 -> 0 | K79: Inc Sec Nonmach | O79: =SUM(N74:N78) -> 82.843801 | P79: Inc Sec Manual
D81: =SUM(A83:A87)*(1-'ACCEPT RATES'!G17)+SUM(C83:C87)*SUM('ACCEPT RATES'!I17:J17) -> 439.81732 | E81: Rejects | J81: =I85*(1-'ACCEPT RATES'!C22) -> 0 | K81: Rejects
A82: REC | B82: Inc Sec AFSM100 | E82: Inc Sec | G82: Keyed | H82: Inc Sec UFSM1000 | K82: Inc Sec | M82: Inc Sec Manual
A83: =B83*(1-'ACCEPT RATES'!C17) -> 0 | B83: =C83*(1+'ACCEPT RATES'!F17) -> 0 | C83: =C16*('COVERAGE FACTORS'!C55+'COVERAGE FACTORS'!C59) -> 0 | E83: Manual | G83: 0 | H83: =I83 -> 0 | I83: =C16*'COVERAGE FACTORS'!C57 -> 0 | K83: Manual | M83: =N83 -> 0 | N83: =C16*'COVERAGE FACTORS'!C61 -> 0
A84: =B84*(1-'ACCEPT RATES'!D17) -> 0 | B84: =C84*(1+'ACCEPT RATES'!F17) -> 0 | C84: =G16*('COVERAGE FACTORS'!C55+'COVERAGE FACTORS'!C59) -> 0 | G84: 0 | H84: =I84 -> 0 | I84: =G16*'COVERAGE FACTORS'!C57 -> 0 | M84: =N84 -> 0 | N84: =G16*'COVERAGE FACTORS'!C61 -> 0
G85: 0 | H85: =I85 -> 0 | I85: =K16*('COVERAGE FACTORS'!C57+'COVERAGE FACTORS'!C59) -> 0 | M85: =N85 -> 0 | N85: =K16*(1-('COVERAGE FACTORS'!C57+'COVERAGE FACTORS'!C59+'COVERAGE FACTORS'!C53)) -> 0
G86: 0 | H86: =I86 -> 0 | I86: =O16*('COVERAGE FACTORS'!C57+'COVERAGE FACTORS'!C59) -> 0 | M86: =N86 -> 0 | N86: =O16*(1-('COVERAGE FACTORS'!C57+'COVERAGE FACTORS'!C59+'COVERAGE FACTORS'!C53)) -> 0
A87: =B87*(1-'ACCEPT RATES'!C17) -> 549.57799 | B87: =C87*(1+'ACCEPT RATES'!F17) -> 8965.4331 | C87: =(D34+D46+D60+D70+D79)*('COVERAGE FACTORS'!C55+'COVERAGE FACTORS'!C59) -> 8879.0633 | G87: 0 | H87: =I87 -> 0 | I87: =(D34+D46+D60+D70+D79)*'COVERAGE FACTORS'!C57+(J34+J46+J60+J70+J79)*('COVERAGE FACTORS'!C57+'COVERAGE FACTORS'!C59) -> 0 | M87: =N87 -> 1560.754 | N87: =D81+J81+(O34+O46+O60+O70+O79)+(D34+D46+D60+D70+D79)*'COVERAGE FACTORS'!C61+(J34+J46+J60+J70+J79)*(1-('COVERAGE FACTORS'!C57+'COVERAGE FACTORS'!C59))+D120 -> 1560.754
A88: \ | D88: =SUM(C83:C87)-D81 -> 8439.246 | J88: =SUM(I83:I87)-J81 -> 0 | O88: =SUM(N83:N87) -> 1560.754
D89: Finalized to Carrier Route | J89: Finalized to Carrier Route | O89: Finalized to Carrier Route
D91: Rejects
D92: IS | E92: IP
D93: =SUM(A95:A99)*(1-'ACCEPT RATES'!G24)+SUM(B95:B99)*'ACCEPT RATES'!J24 -> 0 | E93: =SUM(B95:B99)*'ACCEPT RATES'!I24 -> 0
A94: REC | B94: FSS | E94: Inc Sec
A95: =B95*(1-'ACCEPT RATES'!C24) -> 0 | B95: =C95*(1+'ACCEPT RATES'!F17) -> 0 | C95: =C16*'COVERAGE FACTORS'!C53 -> 0 | E95: Manual
A96: =B96*(1-'ACCEPT RATES'!D24) -> 0 | B96: =C96*(1+'ACCEPT RATES'!F17) -> 0 | C96: =G16*'COVERAGE FACTORS'!C53 -> 0
A97: =B97*(1-'ACCEPT RATES'!C24) -> 0 | B97: =C97*(1+'ACCEPT RATES'!F17) -> 0 | C97: =K16*'COVERAGE FACTORS'!C53 -> 0
A98: =B98*(1-'ACCEPT RATES'!D24) -> 0 | B98: =C98*(1+'ACCEPT RATES'!F17) -> 0 | C98: =O16*'COVERAGE FACTORS'!C53 -> 0
A99: =B99*(1-'ACCEPT RATES'!C24) -> 0 | B99: =C99*(1+'ACCEPT RATES'!F17) -> 0 | C99: =(D16+D34+D46+D60+D70+D79)*'COVERAGE FACTORS'!C53+D114 -> 0
D100: =SUM(C95:C99)-D93-E93 -> 0
D101: Finalized to DPS
D106: =A112*(1-'ACCEPT RATES'!G17)+B112*('ACCEPT RATES'!I17+'ACCEPT RATES'!J17) -> 0 | E106: Rejects | G106: This section of the model requires the iterative calculation function within Excel to be enabled. An iterative process is used to account for the flow of FSS out-of-scheme rejects. FSS out-of-scheme rejects flow upstream to Incoming Primary (IP) operations where they are sorted to the correct scheme. If the correct scheme is worked on the FSS the piece will flow downstream to the FSS operation, this creates the iterative flow within the model.
A107: REC | B107: Inc Prim AFSM100 - FSS Reject | E107: Inc Prim
E108: Manual
A112: =B112*(1-'ACCEPT RATES'!$C$17) -> 0 | B112: =C112*(1+'ACCEPT RATES'!$F$17) -> 0 | C112: =E93 -> 0
D113: =($C$112-$D$106)*(1-'COVERAGE FACTORS'!$C$66) -> 0 | E113: Inc Sec Mach
D114: =($C$112-$D$106)*'COVERAGE FACTORS'!$C$66 -> 0 | E114: FSS
D120: =A126*'ACCEPT RATES'!H17+B126*('ACCEPT RATES'!I17+'ACCEPT RATES'!J17) -> 0 | E120: Rejects
A121: REC | B121: Inc Sec AFSM100 - FSS Reject | E121: Inc Sec
E122: Manual
A126: =B126*(1-'ACCEPT RATES'!$C$17) -> 0 | B126: =C126*(1+'ACCEPT RATES'!$F$17) -> 0 | C126: =$D$93+$D$113 -> 0
D127: =C126-D120 -> 0
D128: Finalized to Carrier Route

Sheet 3D NONAUTO COST
A1: 3-DIGIT NONAUTO PRESORT
A2: COST SHEET
C4: ="(1)" -> (1) | D4: ="(2)" -> (2) | E4: ="(3)" -> (3) | F4: ="(4)" -> (4) | G4: ="(5)" -> (5) | H4: ="(6)" -> (6) | I4: ="(7)" -> (7) | J4: ="(8)" -> (8) | K4: ="(9)" -> (9)
D6: Bundles | F6: Direct | H6: Premium | I6: Premium | J6: Total | K6: Weighted
D7: or Pieces | E7: Wage | F7: Cents | G7: Piggyback | H7: Pay | I7: Pay | J7: Cents | K7: Cents
A8: Operation | C8: Volume | D8: Per Hour | E8: Rate | F8: Per Piece | G8: Factor | H8: Factor | I8: Adjust | J8: Per Piece | K8: Per Piece
A10: Outgoing Primary (Bundles)
B11: APPS | C11: ='3D AUTO COST'!C11 -> 0 | D11: =PRODUCTIVITIES!$E$8 -> 175.66894 | E11: ='WAGE RATES'!$D$6 -> 50.107175 | F11: =E11*100/D11 -> 28.523639 | G11: =PIGGYBACKS!$B$5 -> 1.8052502 | H11: ='WAGE RATES'!$D$10 -> 1.0285306 | I11: =(H11-1)*F11 -> 0.81379702 | J11: =F11*G11+I11 -> 52.306103 | K11: =C11*J11/'3D NONAUTO MODEL'!$G$6 -> 0
B12: APBS / LIPS | C12: ='3D AUTO COST'!C12 -> 0 | D12: =PRODUCTIVITIES!$E$10 -> 194.60203 | E12: ='WAGE RATES'!$D$6 -> 50.107175 | F12: =E12*100/D12 -> 25.748537 | G12: =PIGGYBACKS!$B$6 -> 1.6056413 | H12: ='WAGE RATES'!$D$10 -> 1.0285306 | I12: =(H12-1)*F12 -> 0.73462165 | J12: =F12*G12+I12 -> 42.077535 | K12: =C12*J12/'3D NONAUTO MODEL'!$G$6 -> 0
B13: Manual | C13: ='3D AUTO COST'!C13 -> 138.39317 | D13: =PRODUCTIVITIES!$E$12 -> 388.77899 | E13: ='WAGE RATES'!$D$6 -> 50.107175 | F13: =E13*100/D13 -> 12.888344 | G13: =PIGGYBACKS!$B$7 -> 1.5985379 | H13: ='WAGE RATES'!$D$10 -> 1.0285306 | I13: =(H13-1)*F13 -> 0.36771242 | J13: =F13*G13+I13 -> 20.970219 | K13: =C13*J13/'3D NONAUTO MODEL'!$G$6 -> 0.2902135
A15: Incoming MMP (Bundles)
B16: APPS | C16: ='3D AUTO COST'!C16 -> 95.80376 | D16: =PRODUCTIVITIES!$E$9 -> 204.15275 | E16: ='WAGE RATES'!$D$6 -> 50.107175 | F16: =E16*100/D16 -> 24.543962 | G16: =PIGGYBACKS!$B$5 -> 1.8052502 | H16: ='WAGE RATES'!$D$10 -> 1.0285306 | I16: =(H16-1)*F16 -> 0.70025439 | J16: =F16*G16+I16 -> 45.008248 | K16: =C16*J16/'3D NONAUTO MODEL'!$G$6 -> 0.43119594
B17: APBS / LIPS | C17: ='3D AUTO COST'!C17 -> 116.24128 | D17: =PRODUCTIVITIES!$E$11 -> 163.71091 | E17: ='WAGE RATES'!$D$6 -> 50.107175 | F17: =E17*100/D17 -> 30.607108 | G17: =PIGGYBACKS!$B$6 -> 1.6056413 | H17: ='WAGE RATES'!$D$10 -> 1.0285306 | I17: =(H17-1)*F17 -> 0.87323969 | J17: =F17*G17+I17 -> 50.017276 | K17: =C17*J17/'3D NONAUTO MODEL'!$G$6 -> 0.5814072
B18: Manual | C18: ='3D AUTO COST'!C18 -> 0 | D18: =PRODUCTIVITIES!$E$13 -> 388.77899 | E18: ='WAGE RATES'!$D$6 -> 50.107175 | F18: =E18*100/D18 -> 12.888344 | G18: =PIGGYBACKS!$B$7 -> 1.5985379 | H18: ='WAGE RATES'!$D$10 -> 1.0285306 | I18: =(H18-1)*F18 -> 0.36771242 | J18: =F18*G18+I18 -> 20.970219 | K18: =C18*J18/'3D NONAUTO MODEL'!$G$6 -> 0
A20: Incoming Primary (Bundles)
B21: APPS | C21: ='3D AUTO COST'!C21 -> 18.826558 | D21: =PRODUCTIVITIES!$E$9 -> 204.15275 | E21: ='WAGE RATES'!$D$6 -> 50.107175 | F21: =E21*100/D21 -> 24.543962 | G21: =PIGGYBACKS!$B$5 -> 1.8052502 | H21: ='WAGE RATES'!$D$10 -> 1.0285306 | I21: =(H21-1)*F21 -> 0.70025439 | J21: =F21*G21+I21 -> 45.008248 | K21: =C21*J21/'3D NONAUTO MODEL'!$G$6 -> 0.084735038
B22: APBS / LIPS | C22: ='3D AUTO COST'!C22 -> 22.842768 | D22: =PRODUCTIVITIES!$E$11 -> 163.71091 | E22: ='WAGE RATES'!$D$6 -> 50.107175 | F22: =E22*100/D22 -> 30.607108 | G22: =PIGGYBACKS!$B$6 -> 1.6056413 | H22: ='WAGE RATES'!$D$10 -> 1.0285306 | I22: =(H22-1)*F22 -> 0.87323969 | J22: =F22*G22+I22 -> 50.017276 | K22: =C22*J22/'3D NONAUTO MODEL'!$G$6 -> 0.1142533
B23: Manual | C23: ='3D AUTO COST'!C23 -> 1.3235894 | D23: =PRODUCTIVITIES!$E$14 -> 388.77899 | E23: ='WAGE RATES'!$D$6 -> 50.107175 | F23: =E23*100/D23 -> 12.888344 | G23: =PIGGYBACKS!$B$7 -> 1.5985379 | H23: ='WAGE RATES'!$D$10 -> 1.0285306 | I23: =(H23-1)*F23 -> 0.36771242 | J23: =F23*G23+I23 -> 20.970219 | K23: =C23*J23/'3D NONAUTO MODEL'!$G$6 -> 0.002775596
A25: Incoming Secondary (Bundles)
B26: APPS | C26: ='3D AUTO COST'!C26 -> 0 | D26: =PRODUCTIVITIES!$E$9 -> 204.15275 | E26: ='WAGE RATES'!$D$6 -> 50.107175 | F26: =E26*100/D26 -> 24.543962 | G26: =PIGGYBACKS!$B$5 -> 1.8052502 | H26: ='WAGE RATES'!$D$10 -> 1.0285306 | I26: =(H26-1)*F26 -> 0.70025439 | J26: =F26*G26+I26 -> 45.008248 | K26: =C26*J26/'3D NONAUTO MODEL'!$G$6 -> 0
B27: APBS / LIPS | C27: ='3D AUTO COST'!C27 -> 0 | D27: =PRODUCTIVITIES!$E$11 -> 163.71091 | E27: ='WAGE RATES'!$D$6 -> 50.107175 | F27: =E27*100/D27 -> 30.607108 | G27: =PIGGYBACKS!$B$6 -> 1.6056413 | H27: ='WAGE RATES'!$D$10 -> 1.0285306 | I27: =(H27-1)*F27 -> 0.87323969 | J27: =F27*G27+I27 -> 50.017276 | K27: =C27*J27/'3D NONAUTO MODEL'!$G$6 -> 0
B28: Manual | C28: ='3D AUTO COST'!C28 -> 0 | D28: =PRODUCTIVITIES!E15 -> 279.1383 | E28: ='WAGE RATES'!$D$6 -> 50.107175 | F28: =E28*100/D28 -> 17.950663 | G28: =PIGGYBACKS!$B$7 -> 1.5985379 | H28: ='WAGE RATES'!$D$10 -> 1.0285306 | I28: =(H28-1)*F28 -> 0.51214348 | J28: =F28*G28+I28 -> 29.206957 | K28: =C28*J28/'3D NONAUTO MODEL'!$G$6 -> 0
A30: Outgoing Primary (Piece)
B31: AFSM100 Auto | C31: =SUM('3D NONAUTO MODEL'!$B$25:$B$29) -> 10.652911 | D31: =PRODUCTIVITIES!$E$23*'COVERAGE FACTORS'!$C$25+PRODUCTIVITIES!$E$17*(1-'COVERAGE FACTORS'!$C$25) -> 1572.5271 | E31: ='WAGE RATES'!$D$6 -> 50.107175 | F31: =E31*100/D31 -> 3.1864109 | G31: =PIGGYBACKS!$B$8 -> 1.6305774 | H31: ='WAGE RATES'!$D$10 -> 1.0285306 | I31: =(H31-1)*F31 -> 0.09091027 | J31: =F31*G31+I31 -> 5.2865999 | K31: =C31*J31/'3D NONAUTO MODEL'!$G$6 -> 0.0056317681
B32: REC Keying | C32: =SUM('3D NONAUTO MODEL'!$A$25:$A$29) -> 2.8090047 | D32: =PRODUCTIVITIES!$E$16 -> 888.01171 | E32: ='WAGE RATES'!$D$5 -> 54.14236 | F32: =E32*100/D32 -> 6.0970322 | G32: =PIGGYBACKS!$B$9 -> 1.2615773 | H32: ='WAGE RATES'!$D$10 -> 1.0285306 | I32: =(H32-1)*F32 -> 0.17395209 | J32: =F32*G32+I32 -> 7.8658297 | K32: =C32*J32/'3D NONAUTO MODEL'!$G$6 -> 0.0022095153
B33: UFSM1000 Auto | C33: =SUM('3D NONAUTO MODEL'!$H$25:$H$29) -> 0 | D33: =PRODUCTIVITIES!$E$30 -> 1.0273269 | E33: ='WAGE RATES'!$D$6 -> 50.107175 | F33: =E33*100/D33 -> 4877.4324 | G33: =PIGGYBACKS!$B$10 -> 1.6305774 | H33: ='WAGE RATES'!$D$10 -> 1.0285306 | I33: =(H33-1)*F33 -> 139.15616 | J33: =F33*G33+I33 -> 8092.1873 | K33: =C33*J33/'3D NONAUTO MODEL'!$G$6 -> 0
B34: UFSM1000 Keying | C34: =SUM('3D NONAUTO MODEL'!$G$25:$G$29) -> 0 | D34: =PRODUCTIVITIES!$E$36 -> 1.0273269 | E34: ='WAGE RATES'!$D$6 -> 50.107175 | F34: =E34*100/D34 -> 4877.4324 | G34: =PIGGYBACKS!$B$10 -> 1.6305774 | H34: ='WAGE RATES'!$D$10 -> 1.0285306 | I34: =(H34-1)*F34 -> 139.15616 | J34: =F34*G34+I34 -> 8092.1873 | K34: =C34*J34/'3D NONAUTO MODEL'!$G$6 -> 0
B35: Manual | C35: =SUM('3D NONAUTO MODEL'!$M$25:$M$29) -> 0.64776059 | D35: =PRODUCTIVITIES!$E$42 -> 620.26372 | E35: ='WAGE RATES'!$D$6 -> 50.107175 | F35: =E35*100/D35 -> 8.0783662 | G35: =PIGGYBACKS!$B$12 -> 1.3622907 | H35: ='WAGE RATES'!$D$10 -> 1.0285306 | I35: =(H35-1)*F35 -> 0.23048077 | J35: =F35*G35+I35 -> 11.235564 | K35: =C35*J35/'3D NONAUTO MODEL'!$G$6 -> 0.00072779557
A37: Outgoing Secondary (Piece)
B38: AFSM100 Auto | C38: =SUM('3D NONAUTO MODEL'!$B$38:$B$42) -> 1.2945291 | D38: =PRODUCTIVITIES!$E$24*'COVERAGE FACTORS'!$C$25+PRODUCTIVITIES!$E$18*(1-'COVERAGE FACTORS'!$C$25) -> 2267.7698 | E38: ='WAGE RATES'!$D$6 -> 50.107175 | F38: =E38*100/D38 -> 2.2095353 | G38: =PIGGYBACKS!$B$8 -> 1.6305774 | H38: ='WAGE RATES'!$D$10 -> 1.0285306 | I38: =(H38-1)*F38 -> 0.063039405 | J38: =F38*G38+I38 -> 3.6658578 | K38: =C38*J38/'3D NONAUTO MODEL'!$G$6 -> 0.00047455596
B39: REC Keying | C39: =SUM('3D NONAUTO MODEL'!$A$38:$A$42) -> 0.079354193 | D39: =PRODUCTIVITIES!$E$16 -> 888.01171 | E39: ='WAGE RATES'!$D$5 -> 54.14236 | F39: =E39*100/D39 -> 6.0970322 | G39: =PIGGYBACKS!$B$9 -> 1.2615773 | H39: ='WAGE RATES'!$D$10 -> 1.0285306 | I39: =(H39-1)*F39 -> 0.17395209 | J39: =F39*G39+I39 -> 7.8658297 | K39: =C39*J39/'3D NONAUTO MODEL'!$G$6 -> 6.2418657e-05
B40: UFSM1000 Auto | C40: =SUM('3D NONAUTO MODEL'!$H$38:$H$42) -> 0 | D40: =PRODUCTIVITIES!$E$31 -> 1.0273269 | E40: ='WAGE RATES'!$D$6 -> 50.107175 | F40: =E40*100/D40 -> 4877.4324 | G40: =PIGGYBACKS!$B$10 -> 1.6305774 | H40: ='WAGE RATES'!$D$10 -> 1.0285306 | I40: =(H40-1)*F40 -> 139.15616 | J40: =F40*G40+I40 -> 8092.1873 | K40: =C40*J40/'3D NONAUTO MODEL'!$G$6 -> 0
B41: UFSM1000 Keying | C41: =SUM('3D NONAUTO MODEL'!$G$38:$G$42) -> 0 | D41: =PRODUCTIVITIES!$E$37 -> 1.0273269 | E41: ='WAGE RATES'!$D$6 -> 50.107175 | F41: =E41*100/D41 -> 4877.4324 | G41: =PIGGYBACKS!$B$10 -> 1.6305774 | H41: ='WAGE RATES'!$D$10 -> 1.0285306 | I41: =(H41-1)*F41 -> 139.15616 | J41: =F41*G41+I41 -> 8092.1873 | K41: =C41*J41/'3D NONAUTO MODEL'!$G$6 -> 0
B42: Manual | C42: =SUM('3D NONAUTO MODEL'!$M$38:$M$42) -> 0.17526317 | D42: =PRODUCTIVITIES!$E$43 -> 490.62129 | E42: ='WAGE RATES'!$D$6 -> 50.107175 | F42: =E42*100/D42 -> 10.213005 | G42: =PIGGYBACKS!$B$12 -> 1.3622907 | H42: ='WAGE RATES'!$D$10 -> 1.0285306 | I42: =(H42-1)*F42 -> 0.29138332 | J42: =F42*G42+I42 -> 14.204465 | K42: =C42*J42/'3D NONAUTO MODEL'!$G$6 -> 0.00024895195
A44: Incoming MMP (Piece)
B45: AFSM100 Auto | C45: =SUM('3D NONAUTO MODEL'!$B$53:$B$57) -> 74.003869 | D45: =PRODUCTIVITIES!$E$25*'COVERAGE FACTORS'!$C$25+PRODUCTIVITIES!$E$19*(1-'COVERAGE FACTORS'!$C$25) -> 1572.9754 | E45: ='WAGE RATES'!$D$6 -> 50.107175 | F45: =E45*100/D45 -> 3.1855028 | G45: =PIGGYBACKS!$B$8 -> 1.6305774 | H45: ='WAGE RATES'!$D$10 -> 1.0285306 | I45: =(H45-1)*F45 -> 0.090884361 | J45: =F45*G45+I45 -> 5.2850933 | K45: =C45*J45/'3D NONAUTO MODEL'!$G$6 -> 0.039111736
B46: REC Keying | C46: =SUM('3D NONAUTO MODEL'!$A$53:$A$57) -> 18.280676 | D46: =PRODUCTIVITIES!$E$16 -> 888.01171 | E46: ='WAGE RATES'!$D$5 -> 54.14236 | F46: =E46*100/D46 -> 6.0970322 | G46: =PIGGYBACKS!$B$9 -> 1.2615773 | H46: ='WAGE RATES'!$D$10 -> 1.0285306 | I46: =(H46-1)*F46 -> 0.17395209 | J46: =F46*G46+I46 -> 7.8658297 | K46: =C46*J46/'3D NONAUTO MODEL'!$G$6 -> 0.014379269
B47: UFSM1000 Auto | C47: =SUM('3D NONAUTO MODEL'!$H$53:$H$57) -> 0 | D47: =PRODUCTIVITIES!$E$32 -> 1.0273269 | E47: ='WAGE RATES'!$D$6 -> 50.107175 | F47: =E47*100/D47 -> 4877.4324 | G47: =PIGGYBACKS!$B$10 -> 1.6305774 | H47: ='WAGE RATES'!$D$10 -> 1.0285306 | I47: =(H47-1)*F47 -> 139.15616 | J47: =F47*G47+I47 -> 8092.1873 | K47: =C47*J47/'3D NONAUTO MODEL'!$G$6 -> 0
B48: UFSM1000 Keying | C48: =SUM('3D NONAUTO MODEL'!$G$53:$G$57) -> 0 | D48: =PRODUCTIVITIES!$E$38 -> 1.0273269 | E48: ='WAGE RATES'!$D$6 -> 50.107175 | F48: =E48*100/D48 -> 4877.4324 | G48: =PIGGYBACKS!$B$10 -> 1.6305774 | H48: ='WAGE RATES'!$D$10 -> 1.0285306 | I48: =(H48-1)*F48 -> 139.15616 | J48: =F48*G48+I48 -> 8092.1873 | K48: =C48*J48/'3D NONAUTO MODEL'!$G$6 -> 0
B49: Manual | C49: =SUM('3D NONAUTO MODEL'!$M$53:$M$57) -> 7.2480901 | D49: =PRODUCTIVITIES!$E$44 -> 692.96374 | E49: ='WAGE RATES'!$D$6 -> 50.107175 | F49: =E49*100/D49 -> 7.2308508 | G49: =PIGGYBACKS!$B$12 -> 1.3622907 | H49: ='WAGE RATES'!$D$10 -> 1.0285306 | I49: =(H49-1)*F49 -> 0.20630064 | J49: =F49*G49+I49 -> 10.056822 | K49: =C49*J49/'3D NONAUTO MODEL'!$G$6 -> 0.0072892749
A51: Incoming SCF (Piece)
B52: AFSM100 Auto | C52: =SUM('3D NONAUTO MODEL'!$B$64:$B$68) -> 10491.319 | D52: =PRODUCTIVITIES!$E$26*'COVERAGE FACTORS'!$C$25+PRODUCTIVITIES!$E$20*(1-'COVERAGE FACTORS'!$C$25) -> 2073.5492 | E52: ='WAGE RATES'!$D$6 -> 50.107175 | F52: =E52*100/D52 -> 2.4164932 | G52: =PIGGYBACKS!$B$8 -> 1.6305774 | H52: ='WAGE RATES'!$D$10 -> 1.0285306 | I52: =(H52-1)*F52 -> 0.068944043 | J52: =F52*G52+I52 -> 4.0092233 | K52: =C52*J52/'3D NONAUTO MODEL'!$G$6 -> 4.2062042
B53: REC Keying | C53: =SUM('3D NONAUTO MODEL'!$A$64:$A$68) -> 2762.9444 | D53: =PRODUCTIVITIES!$E$16 -> 888.01171 | E53: ='WAGE RATES'!$D$5 -> 54.14236 | F53: =E53*100/D53 -> 6.0970322 | G53: =PIGGYBACKS!$B$9 -> 1.2615773 | H53: ='WAGE RATES'!$D$10 -> 1.0285306 | I53: =(H53-1)*F53 -> 0.17395209 | J53: =F53*G53+I53 -> 7.8658297 | K53: =C53*J53/'3D NONAUTO MODEL'!$G$6 -> 2.173285
B54: UFSM1000 Auto | C54: =SUM('3D NONAUTO MODEL'!$H$64:$H$68) -> 0 | D54: =PRODUCTIVITIES!$E$33 -> 1.0273269 | E54: ='WAGE RATES'!$D$6 -> 50.107175 | F54: =E54*100/D54 -> 4877.4324 | G54: =PIGGYBACKS!$B$10 -> 1.6305774 | H54: ='WAGE RATES'!$D$10 -> 1.0285306 | I54: =(H54-1)*F54 -> 139.15616 | J54: =F54*G54+I54 -> 8092.1873 | K54: =C54*J54/'3D NONAUTO MODEL'!$G$6 -> 0
B55: UFSM1000 Keying | C55: =SUM('3D NONAUTO MODEL'!$G$64:$G$68) -> 0 | D55: =PRODUCTIVITIES!$E$39 -> 1.0273269 | E55: ='WAGE RATES'!$D$6 -> 50.107175 | F55: =E55*100/D55 -> 4877.4324 | G55: =PIGGYBACKS!$B$10 -> 1.6305774 | H55: ='WAGE RATES'!$D$10 -> 1.0285306 | I55: =(H55-1)*F55 -> 139.15616 | J55: =F55*G55+I55 -> 8092.1873 | K55: =C55*J55/'3D NONAUTO MODEL'!$G$6 -> 0
B56: Manual | C56: =SUM('3D NONAUTO MODEL'!$M$64:$M$68) -> 706.49755 | D56: =PRODUCTIVITIES!$E$45 -> 600.65917 | E56: ='WAGE RATES'!$D$6 -> 50.107175 | F56: =E56*100/D56 -> 8.342031 | G56: =PIGGYBACKS!$B$12 -> 1.3622907 | H56: ='WAGE RATES'!$D$10 -> 1.0285306 | I56: =(H56-1)*F56 -> 0.23800329 | J56: =F56*G56+I56 -> 11.602275 | K56: =C56*J56/'3D NONAUTO MODEL'!$G$6 -> 0.81969787
A58: Incoming Primary (Piece)
B59: AFSM100 Auto | C59: =SUM('3D NONAUTO MODEL'!$B$74:$B$78)+SUM('3D NONAUTO MODEL'!$B$108:$B$112) -> 212.40363 | D59: =PRODUCTIVITIES!$E$27*'COVERAGE FACTORS'!$C$25+PRODUCTIVITIES!$E$21*(1-'COVERAGE FACTORS'!$C$25) -> 1117.4154 | E59: ='WAGE RATES'!$D$6 -> 50.107175 | F59: =E59*100/D59 -> 4.484203 | G59: =PIGGYBACKS!$B$8 -> 1.6305774 | H59: ='WAGE RATES'!$D$10 -> 1.0285306 | I59: =(H59-1)*F59 -> 0.12793708 | J59: =F59*G59+I59 -> 7.4397772 | K59: =C59*J59/'3D NONAUTO MODEL'!$G$6 -> 0.15802357
B60: REC Keying | C60: =SUM('3D NONAUTO MODEL'!$A$74:$A$78)+SUM('3D NONAUTO MODEL'!$A$108:$A$112) -> 13.02027 | D60: =PRODUCTIVITIES!$E$16 -> 888.01171 | E60: ='WAGE RATES'!$D$5 -> 54.14236 | F60: =E60*100/D60 -> 6.0970322 | G60: =PIGGYBACKS!$B$9 -> 1.2615773 | H60: ='WAGE RATES'!$D$10 -> 1.0285306 | I60: =(H60-1)*F60 -> 0.17395209 | J60: =F60*G60+I60 -> 7.8658297 | K60: =C60*J60/'3D NONAUTO MODEL'!$G$6 -> 0.010241523
B61: UFSM1000 Auto | C61: =SUM('3D NONAUTO MODEL'!$H$74:$H$78) -> 0 | D61: =PRODUCTIVITIES!$E$34 -> 1.0273269 | E61: ='WAGE RATES'!$D$6 -> 50.107175 | F61: =E61*100/D61 -> 4877.4324 | G61: =PIGGYBACKS!$B$10 -> 1.6305774 | H61: ='WAGE RATES'!$D$10 -> 1.0285306 | I61: =(H61-1)*F61 -> 139.15616 | J61: =F61*G61+I61 -> 8092.1873 | K61: =C61*J61/'3D NONAUTO MODEL'!$G$6 -> 0
B62: UFSM1000 Keying | C62: =SUM('3D NONAUTO MODEL'!$G$74:$G$78) -> 0 | D62: =PRODUCTIVITIES!$E$40 -> 1.0273269 | E62: ='WAGE RATES'!$D$6 -> 50.107175 | F62: =E62*100/D62 -> 4877.4324 | G62: =PIGGYBACKS!$B$10 -> 1.6305774 | H62: ='WAGE RATES'!$D$10 -> 1.0285306 | I62: =(H62-1)*F62 -> 139.15616 | J62: =F62*G62+I62 -> 8092.1873 | K62: =C62*J62/'3D NONAUTO MODEL'!$G$6 -> 0
B63: Manual | C63: =SUM('3D NONAUTO MODEL'!$M$74:$M$78) -> 30.322104 | D63: =PRODUCTIVITIES!$E$46 -> 753.40918 | E63: ='WAGE RATES'!$D$6 -> 50.107175 | F63: =E63*100/D63 -> 6.6507253 | G63: =PIGGYBACKS!$B$12 -> 1.3622907 | H63: ='WAGE RATES'!$D$10 -> 1.0285306 | I63: =(H63-1)*F63 -> 0.1897493 | J63: =F63*G63+I63 -> 9.2499707 | K63: =C63*J63/'3D NONAUTO MODEL'!$G$6 -> 0.028047857
A65: Incoming Secondary (Piece)
B66: AFSM100 Auto | C66: =SUM('3D NONAUTO MODEL'!$B$83:$B$87)+SUM('3D NONAUTO MODEL'!$B$122:$B$126) -> 9310.1999 | D66: =PRODUCTIVITIES!$E$28*'COVERAGE FACTORS'!$C$25+PRODUCTIVITIES!$E$22*(1-'COVERAGE FACTORS'!$C$25) -> 1858.2572 | E66: ='WAGE RATES'!$D$6 -> 50.107175 | F66: =E66*100/D66 -> 2.6964606 | G66: =PIGGYBACKS!$B$8 -> 1.6305774 | H66: ='WAGE RATES'!$D$10 -> 1.0285306 | I66: =(H66-1)*F66 -> 0.076931686 | J66: =F66*G66+I66 -> 4.4737195 | K66: =C66*J66/'3D NONAUTO MODEL'!$G$6 -> 4.1651223
B67: REC Keying | C67: =SUM('3D NONAUTO MODEL'!$A$83:$A$87)+SUM('3D NONAUTO MODEL'!$A$122:$A$126) -> 570.71207 | D67: =PRODUCTIVITIES!$E$16 -> 888.01171 | E67: ='WAGE RATES'!$D$5 -> 54.14236 | F67: =E67*100/D67 -> 6.0970322 | G67: =PIGGYBACKS!$B$9 -> 1.2615773 | H67: ='WAGE RATES'!$D$10 -> 1.0285306 | I67: =(H67-1)*F67 -> 0.17395209 | J67: =F67*G67+I67 -> 7.8658297 | K67: =C67*J67/'3D NONAUTO MODEL'!$G$6 -> 0.44891239
B68: UFSM1000 Auto | C68: =SUM('3D NONAUTO MODEL'!$H$83:$H$87) -> 0 | D68: =PRODUCTIVITIES!$E$35 -> 1.0273269 | E68: ='WAGE RATES'!$D$6 -> 50.107175 | F68: =E68*100/D68 -> 4877.4324 | G68: =PIGGYBACKS!$B$10 -> 1.6305774 | H68: ='WAGE RATES'!$D$10 -> 1.0285306 | I68: =(H68-1)*F68 -> 139.15616 | J68: =F68*G68+I68 -> 8092.1873 | K68: =C68*J68/'3D NONAUTO MODEL'!$G$6 -> 0
B69: UFSM1000 Keying | C69: =SUM('3D NONAUTO MODEL'!$G$83:$G$87) -> 0 | D69: =PRODUCTIVITIES!$E$41 -> 1.0273269 | E69: ='WAGE RATES'!$D$6 -> 50.107175 | F69: =E69*100/D69 -> 4877.4324 | G69: =PIGGYBACKS!$B$10 -> 1.6305774 | H69: ='WAGE RATES'!$D$10 -> 1.0285306 | I69: =(H69-1)*F69 -> 139.15616 | J69: =F69*G69+I69 -> 8092.1873 | K69: =C69*J69/'3D NONAUTO MODEL'!$G$6 -> 0
B70: Manual | C70: =SUM('3D NONAUTO MODEL'!$M$83:$M$87) -> 1236.2218 | D70: =PRODUCTIVITIES!$E$47 -> 675.89316 | E70: ='WAGE RATES'!$D$6 -> 50.107175 | F70: =E70*100/D70 -> 7.4134756 | G70: =PIGGYBACKS!$B$12 -> 1.3622907 | H70: ='WAGE RATES'!$D$10 -> 1.0285306 | I70: =(H70-1)*F70 -> 0.21151104 | J70: =F70*G70+I70 -> 10.31082 | K70: =C70*J70/'3D NONAUTO MODEL'!$G$6 -> 1.2746461
A72: FSS
B73: FSS | C73: 0 | D73: 0 | E73: 0 | F73: 0 | G73: 0 | H73: 0 | I73: 0 | J73: 0 | K73: =C73*$J73/'MADC NONAUTO MODEL'!$G$6 -> 0
B74: REC Keying | C74: =SUM('3D NONAUTO MODEL'!$A$95:$A$99) -> 0 | D74: =PRODUCTIVITIES!E16 -> 888.01171 | E74: ='WAGE RATES'!D5 -> 54.14236 | F74: =E74*100/D74 -> 6.0970322 | G74: =PIGGYBACKS!B9 -> 1.2615773 | H74: ='WAGE RATES'!$D$10 -> 1.0285306 | I74: =(H74-1)*F74 -> 0.17395209 | J74: =F74*G74+I74 -> 7.8658297 | K74: =C74*J74/'3D NONAUTO MODEL'!$G$6 -> 0
K76: ="(10)" -> (10)
J77: MODEL COST = | K77: =SUM(K11:K74) -> 14.858897
A81: ="(1)" -> (1) | B81: Values From Pages 16 and 34 | F81: ="(6)" -> (6) | G81: Values From Page 31
A82: ="(2)" -> (2) | B82: Values From Page 30 | F82: ="(7)" -> (7) | G82: [ (6) - 1 ] * (4)
A83: ="(3)" -> (3) | B83: Values From Page 31 | F83: ="(8)" -> (8) | G83: (4) * (5) + (7)
A84: ="(4)" -> (4) | B84: [ (3) * (100 cents/dollar) ] / (2) | F84: ="(9)" -> (9) | G84: (1) * (8) / 10,000 Pieces
A85: ="(5)" -> (5) | B85: Values From Page 32 | F85: ="(10)" -> (10) | G85: Sum (9)

Sheet 3D NONAUTO MODEL
A1: ='3D NONAUTO COST'!A1 -> 3-DIGIT NONAUTO PRESORT
A2: MAIL FLOW MODEL
A6: PCS IN = | C6: =SUM(C11:C16)+SUM(G11:G16)+SUM(K11:K16)+SUM(O11:O16) -> 10000 | E6: PCS OUT = | G6: =D88+J88+O88+D100+D127 -> 10000
A10: PIECE ENTRY POINTS:
B11: BC Mach Out Prim | C11: 0 | F11: Non-BC Mach Out Prim | G11: ='3D AUTO MODEL'!C11 -> 10.519291 | J11: BC Nonmach Out Prim | K11: 0 | N11: Non-BC Nonmach Out Prim | O11: ='3D AUTO MODEL'!K11 -> 0
B12: BC Mach Out Sec | C12: 0 | F12: Non-BC Mach Out Sec | G12: ='3D AUTO MODEL'!C12 -> 0 | J12: BC Nonmach Out Sec | K12: 0 | N12: Non-BC Nonmach Out Sec | O12: ='3D AUTO MODEL'!K12 -> 0
B13: BC Mach Inc MMP | C13: 0 | F13: Non-BC Mach Inc MMP | G13: ='3D AUTO MODEL'!C13 -> 67.590957 | J13: BC Nonmach Inc MMP | K13: 0 | N13: Non-BC Nonmach Inc MMP | O13: ='3D AUTO MODEL'!K13 -> 0
B14: BC Mach Inc SCF | C14: 0 | F14: Non-BC Mach Inc SCF | G14: ='3D AUTO MODEL'!C14 -> 9921.8898 | J14: BC Nonmach Inc SCF | K14: 0 | N14: Non-BC Nonmach Inc SCF | O14: ='3D AUTO MODEL'!K14 -> 0
B15: BC Mach Inc Prim | C15: 0 | F15: Non-BC Mach Inc Prim | G15: ='3D AUTO MODEL'!C15 -> 0 | J15: BC Nonmach Inc Prim | K15: 0 | N15: Non-BC Nonmach Inc Prim | O15: ='3D AUTO MODEL'!K15 -> 0
B16: BC Mach Inc Sec | C16: 0 | F16: Non-BC Mach Inc Sec | G16: ='3D AUTO MODEL'!C16 -> 0 | J16: BC Nonmach Inc Sec | K16: 0 | N16: Non-BC Nonmach Inc Sec | O16: ='3D AUTO MODEL'!K16 -> 0
C21: MACHINABLE OUTGOING | L21: NONMACHINABLE OUTGOING
D23: =SUM(A25:A29)*(1-'ACCEPT RATES'!G14)+SUM(C25:C29)*SUM('ACCEPT RATES'!I14:J14) -> 0.64771214 | E23: Rejects | J23: =SUM(G25:G29)*(1-'ACCEPT RATES'!E19) -> 0 | K23: Rejects
A24: REC | B24: Out Prim AFSM100 | E24: Out Prim | G24: Keyed | H24: Out Prim UFSM1000 | K24: Out Prim | M24: Out Prim Manual
A25: =B25*(1-'ACCEPT RATES'!C14) -> 0 | B25: =C25*(1+'ACCEPT RATES'!F14) -> 0 | C25: =C11*('COVERAGE FACTORS'!C15+'COVERAGE FACTORS'!C19) -> 0 | E25: Manual | G25: =H25*(1-'ACCEPT RATES'!C19) -> 0 | H25: =I25 -> 0 | I25: =C11*'COVERAGE FACTORS'!C17 -> 0 | K25: Manual | M25: =N25 -> 0 | N25: =C11*'COVERAGE FACTORS'!C21 -> 0
A26: =B26*(1-'ACCEPT RATES'!D14) -> 2.8090047 | B26: =C26*(1+'ACCEPT RATES'!F14) -> 10.652911 | C26: =G11*('COVERAGE FACTORS'!C15+'COVERAGE FACTORS'!C19) -> 10.519243 | G26: =H26*(1-'ACCEPT RATES'!D19) -> 0 | H26: =I26 -> 0 | I26: =G11*'COVERAGE FACTORS'!C17 -> 0 | M26: =N26 -> 4.8445102e-05 | N26: =G11*'COVERAGE FACTORS'!C21 -> 4.8445102e-05
G27: =H27*(1-'ACCEPT RATES'!C19) -> 0 | H27: =I27 -> 0 | I27: =K11*('COVERAGE FACTORS'!C17+'COVERAGE FACTORS'!C19) -> 0 | M27: =N27 -> 0 | N27: =K11*(1-('COVERAGE FACTORS'!C17+'COVERAGE FACTORS'!C19)) -> 0
G28: =H28*(1-'ACCEPT RATES'!D19) -> 0 | H28: =I28 -> 0 | I28: =O11*('COVERAGE FACTORS'!C17+'COVERAGE FACTORS'!C19) -> 0 | M28: =N28 -> 0 | N28: =O11*(1-('COVERAGE FACTORS'!C17+'COVERAGE FACTORS'!C19)) -> 0
M29: =N29 -> 0.64771214 | N29: =D23+J23 -> 0.64771214
D30: =(SUM(C25:C29)-D23)*'PIECE DENSITIES'!C6 -> 1.264052 | E30: Out Sec Mach | J30: =(SUM(I25:I29)-J23)*'PIECE DENSITIES'!C11 -> 0 | K30: Out Sec Nonmach | O30: =SUM(N25:N29)*'PIECE DENSITIES'!C16 -> 0.057960147 | P30: Out Sec Manual
D31: =(SUM(C25:C29)-D23)*'PIECE DENSITIES'!D6 -> 5.1165044 | E31: Inc MMP Mach | J31: =(SUM(I25:I29)-J23)*'PIECE DENSITIES'!D11 -> 0 | K31: Inc MMP Nonmach | O31: =SUM(N25:N29)*'PIECE DENSITIES'!D16 -> 0.37612333 | P31: Inc MMP Manual
D32: =(SUM(C25:C29)-D23)*'PIECE DENSITIES'!E6 -> 2.7632758 | E32: Inc SCF Mach | J32: =(SUM(I25:I29)-J23)*'PIECE DENSITIES'!E11 -> 0 | K32: Inc SCF Nonmach | O32: =SUM(N25:N29)*'PIECE DENSITIES'!E16 -> 0.16570174 | P32: Inc SCF Manual
D33: =(SUM(C25:C29)-D23)*'PIECE DENSITIES'!F6 -> 0.7276983 | E33: Inc Prim Mach | J33: =(SUM(I25:I29)-J23)*'PIECE DENSITIES'!F11 -> 0 | K33: Inc Prim Nonmach | O33: =SUM(N25:N29)*'PIECE DENSITIES'!F16 -> 0.047975375 | P33: Inc Prim Manual
D34: =(SUM(C25:C29)-D23)*'PIECE DENSITIES'!G6 -> 0 | E34: Inc Sec Mach | J34: =(SUM(I25:I29)-J23)*'PIECE DENSITIES'!G11 -> 0 | K34: Inc Sec Nonmach | O34: =SUM(N25:N29)*'PIECE DENSITIES'!G16 -> 0 | P34: Inc Sec Manual
D36: =SUM(A38:A42)*(1-'ACCEPT RATES'!G15)+SUM(C38:C42)*SUM('ACCEPT RATES'!I15:J15) -> 0.11730302 | E36: Rejects | J36: =SUM(G38:G42)*(1-'ACCEPT RATES'!E20) -> 0 | K36: Rejects
A37: REC | B37: Out Sec AFSM100 | E37: Out Sec | G37: Keyed | H37: Out Sec UFSM1000 | K37: Out Sec | M37: Out Sec Manual
A38: =B38*(1-'ACCEPT RATES'!C15) -> 0 | B38: =C38*(1+'ACCEPT RATES'!F15+'PIECE DENSITIES'!C7) -> 0 | C38: =C12*('COVERAGE FACTORS'!C15+'COVERAGE FACTORS'!C19) -> 0 | E38: Manual | G38: =H38*(1-'ACCEPT RATES'!C20) -> 0 | H38: =I38*(1+'PIECE DENSITIES'!C12) -> 0 | I38: =C12*'COVERAGE FACTORS'!C17 -> 0 | K38: Manual | M38: =N38 -> 0 | N38: =C12*'COVERAGE FACTORS'!C21 -> 0
A39: =B39*(1-'ACCEPT RATES'!D15) -> 0 | B39: =C39*(1+'ACCEPT RATES'!F15+'PIECE DENSITIES'!C7) -> 0 | C39: =G12*('COVERAGE FACTORS'!C15+'COVERAGE FACTORS'!C19) -> 0 | G39: =H39*(1-'ACCEPT RATES'!D20) -> 0 | H39: =I39*(1+'PIECE DENSITIES'!C12) -> 0 | I39: =G12*'COVERAGE FACTORS'!C17 -> 0 | M39: =N39 -> 0 | N39: =G12*'COVERAGE FACTORS'!C21 -> 0
G40: =H40*(1-'ACCEPT RATES'!C20) -> 0 | H40: =I40*(1+'PIECE DENSITIES'!C12) -> 0 | I40: =K12*('COVERAGE FACTORS'!C17+'COVERAGE FACTORS'!C19) -> 0 | M40: =N40 -> 0 | N40: =K12*(1-('COVERAGE FACTORS'!C17+'COVERAGE FACTORS'!C19)) -> 0
G41: =H41*(1-'ACCEPT RATES'!D20) -> 0 | H41: =I41*(1+'PIECE DENSITIES'!C12) -> 0 | I41: =O12*('COVERAGE FACTORS'!C17+'COVERAGE FACTORS'!C19) -> 0 | M41: =N41 -> 0 | N41: =O12*(1-('COVERAGE FACTORS'!C17+'COVERAGE FACTORS'!C19)) -> 0
A42: =B42*(1-'ACCEPT RATES'!C15) -> 0.079354193 | B42: =C42*(1+'ACCEPT RATES'!F15+'PIECE DENSITIES'!C7) -> 1.2945291 | C42: =D30 -> 1.264052 | G42: =IF(SUM(C11:C16)>0,H42*(1-'ACCEPT RATES'!C20),H42*(1-'ACCEPT RATES'!D20)) -> 0 | H42: =I42*(1+'PIECE DENSITIES'!C12) -> 0 | I42: =J30 -> 0 | M42: =N42 -> 0.17526317 | N42: =D36+J36+O30 -> 0.17526317
D43: =(SUM(C38:C42)-D36)*'PIECE DENSITIES'!D7 -> 0.94697802 | E43: Inc MMP Mach | J43: =(SUM(I38:I42)-J36)*'PIECE DENSITIES'!D12 -> 0 | K43: Inc MMP Nonmach | O43: =SUM(N38:N42)*'PIECE DENSITIES'!D17 -> 0.12405891 | P43: Inc MMP Manual
D44: =(SUM(C38:C42)-D36)*'PIECE DENSITIES'!E7 -> 0.079143311 | E44: Inc SCF Mach | J44: =(SUM(I38:I42)-J36)*'PIECE DENSITIES'!E12 -> 0 | K44: Inc SCF Nonmach | O44: =SUM(N38:N42)*'PIECE DENSITIES'!E17 -> 0.00054388326 | P44: Inc SCF Manual
D45: =(SUM(C38:C42)-D36)*'PIECE DENSITIES'!F7 -> 0.0084302069 | E45: Inc Prim Mach | J45: =(SUM(I38:I42)-J36)*'PIECE DENSITIES'!F12 -> 0 | K45: Inc Prim Nonmach | O45: =SUM(N38:N42)*'PIECE DENSITIES'!F17 -> 0.0034817094 | P45: Inc Prim Manual
D46: =(SUM(C38:C42)-D36)*'PIECE DENSITIES'!G7 -> 0.11219739 | E46: Inc Sec Mach | J46: =(SUM(I38:I42)-J36)*'PIECE DENSITIES'!G12 -> 0 | K46: Inc Sec Nonmach | O46: =SUM(N38:N42)*'PIECE DENSITIES'!G17 -> 0.047178661 | P46: Inc Sec Manual
C49: MACHINABLE INCOMING | L49: NONMACHINABLE INCOMING
D51: =SUM(A53:A57)*(1-'ACCEPT RATES'!G16)+SUM(C53:C57)*SUM('ACCEPT RATES'!I16:J16) -> 6.3043162 | E51: Rejects | J51: =SUM(G53:G57)*(1-'ACCEPT RATES'!E21) -> 0 | K51: Rejects
A52: REC | B52: Inc MMP AFSM100 | E52: Inc MMP | G52: Keyed | H52: Inc MMP UFSM1000 | K52: Inc MMP | M52: Inc MMP Manual
A53: =B53*(1-'ACCEPT RATES'!C16) -> 0 | B53: =C53*(1+'ACCEPT RATES'!F16+'PIECE DENSITIES'!D8) -> 0 | C53: =C13*('COVERAGE FACTORS'!C39+'COVERAGE FACTORS'!C43) -> 0 | E53: Manual | G53: =H53*(1-'ACCEPT RATES'!C21) -> 0 | H53: =I53*(1+'PIECE DENSITIES'!D13) -> 0 | I53: =C13*'COVERAGE FACTORS'!C41 -> 0 | K53: Manual | M53: =N53 -> 0 | N53: =C13*'COVERAGE FACTORS'!C45 -> 0
A54: =B54*(1-'ACCEPT RATES'!D16) -> 17.907223 | B54: =C54*(1+'ACCEPT RATES'!F16+'PIECE DENSITIES'!D8) -> 67.911621 | C54: =G13*('COVERAGE FACTORS'!C39+'COVERAGE FACTORS'!C43) -> 67.183883 | G54: =H54*(1-'ACCEPT RATES'!D21) -> 0 | H54: =I54*(1+'PIECE DENSITIES'!D13) -> 0 | I54: =G13*'COVERAGE FACTORS'!C41 -> 0 | M54: =N54 -> 0.40707368 | N54: =G13*'COVERAGE FACTORS'!C45 -> 0.40707368
G55: =H55*(1-'ACCEPT RATES'!C21) -> 0 | H55: =I55*(1+'PIECE DENSITIES'!D13) -> 0 | I55: =K13*('COVERAGE FACTORS'!C41+'COVERAGE FACTORS'!C43) -> 0 | M55: =N55 -> 0 | N55: =K13*(1-('COVERAGE FACTORS'!C41+'COVERAGE FACTORS'!C43)) -> 0
G56: =H56*(1-'ACCEPT RATES'!D21) -> 0 | H56: =I56*(1+'PIECE DENSITIES'!D13) -> 0 | I56: =O13*('COVERAGE FACTORS'!C41+'COVERAGE FACTORS'!C43) -> 0 | M56: =N56 -> 0 | N56: =O13*(1-('COVERAGE FACTORS'!C41+'COVERAGE FACTORS'!C43)) -> 0
A57: =B57*(1-'ACCEPT RATES'!C16) -> 0.37345276 | B57: =C57*(1+'ACCEPT RATES'!F16+'PIECE DENSITIES'!D8) -> 6.0922487 | C57: =(D31+D43)*('COVERAGE FACTORS'!C39+'COVERAGE FACTORS'!C43) -> 6.0269644 | G57: =IF(SUM(C11:C16)>0,H57*(1-'ACCEPT RATES'!C21),H57*(1-'ACCEPT RATES'!D21)) -> 0 | H57: =I57*(1+'PIECE DENSITIES'!D13) -> 0 | I57: =(D31+D43)*'COVERAGE FACTORS'!C41+(J31+J43)*('COVERAGE FACTORS'!C41+'COVERAGE FACTORS'!C43) -> 0 | M57: =N57 -> 6.8410164 | N57: =D51+J51+O31+O43+(D31+D43)*'COVERAGE FACTORS'!C45+(J31+J43)*(1-('COVERAGE FACTORS'!C41+'COVERAGE FACTORS'!C43)) -> 6.8410164
D58: =(SUM(C53:C57)-D51)*'PIECE DENSITIES'!E8 -> 13.310435 | E58: Inc SCF Mach | J58: =(SUM(I53:I57)-J51)*'PIECE DENSITIES'!E13 -> 0 | K58: Inc SCF Nonmach | O58: =SUM(N53:N57)*'PIECE DENSITIES'!E18 -> 1.9154083 | P58: Inc SCF Manual
D59: =(SUM(C53:C57)-D51)*'PIECE DENSITIES'!F8 -> 4.3214283 | E59: Inc Prim Mach | J59: =(SUM(I53:I57)-J51)*'PIECE DENSITIES'!F13 -> 0 | K59: Inc Prim Nonmach | O59: =SUM(N53:N57)*'PIECE DENSITIES'!F18 -> 0.30062716 | P59: Inc Prim Manual
D60: =(SUM(C53:C57)-D51)*'PIECE DENSITIES'!G8 -> 49.274668 | E60: Inc Sec Mach | J60: =(SUM(I53:I57)-J51)*'PIECE DENSITIES'!G13 -> 0 | K60: Inc Sec Nonmach | O60: =SUM(N53:N57)*'PIECE DENSITIES'!G18 -> 5.0320546 | P60: Inc Sec Manual
D62: =SUM(A64:A68)*(1-'ACCEPT RATES'!G17)+SUM(C64:C68)*SUM('ACCEPT RATES'!I17:J17) -> 644.56298 | E62: Rejects | J62: =SUM(G64:G68)*(1-'ACCEPT RATES'!E22) -> 0 | K62: Rejects
A63: REC | B63: Inc SCF AFSM100 | E63: Inc SCF | G63: Keyed | H63: Inc SCF UFSM1000 | K63: Inc SCF | M63: Inc SCF Manual
A64: =B64*(1-'ACCEPT RATES'!C17) -> 0 | B64: =C64*(1+'ACCEPT RATES'!F17+'PIECE DENSITIES'!E9) -> 0 | C64: =C14*('COVERAGE FACTORS'!C39+'COVERAGE FACTORS'!C43) -> 0 | E64: Manual | G64: =H64*(1-'ACCEPT RATES'!C22) -> 0 | H64: =I64*(1+'PIECE DENSITIES'!E14) -> 0 | I64: =C14*'COVERAGE FACTORS'!C41 -> 0 | K64: Manual | M64: =N64 -> 0 | N64: =C14*'COVERAGE FACTORS'!C45 -> 0
A65: =B65*(1-'ACCEPT RATES'!D17) -> 2761.8991 | B65: =C65*(1+'ACCEPT RATES'!F17+'PIECE DENSITIES'!E9) -> 10474.267 | C65: =G14*('COVERAGE FACTORS'!C39+'COVERAGE FACTORS'!C43) -> 9862.1341 | G65: =H65*(1-'ACCEPT RATES'!D22) -> 0 | H65: =I65*(1+'PIECE DENSITIES'!E14) -> 0 | I65: =G14*'COVERAGE FACTORS'!C41 -> 0 | M65: =N65 -> 59.75563 | N65: =G14*'COVERAGE FACTORS'!C45 -> 59.75563
G66: =H66*(1-'ACCEPT RATES'!C22) -> 0 | H66: =I66*(1+'PIECE DENSITIES'!E14) -> 0 | I66: =K14*('COVERAGE FACTORS'!C41+'COVERAGE FACTORS'!C43) -> 0 | M66: =N66 -> 0 | N66: =K14*(1-('COVERAGE FACTORS'!C41+'COVERAGE FACTORS'!C43)) -> 0
G67: =H67*(1-'ACCEPT RATES'!D22) -> 0 | H67: =I67*(1+'PIECE DENSITIES'!E14) -> 0 | I67: =O14*('COVERAGE FACTORS'!C41+'COVERAGE FACTORS'!C43) -> 0 | M67: =N67 -> 0 | N67: =O14*(1-('COVERAGE FACTORS'!C41+'COVERAGE FACTORS'!C43)) -> 0
A68: =B68*(1-'ACCEPT RATES'!C17) -> 1.0452895 | B68: =C68*(1+'ACCEPT RATES'!F17+'PIECE DENSITIES'!E9) -> 17.052126 | C68: =(D32+D44+D58)*('COVERAGE FACTORS'!C39+'COVERAGE FACTORS'!C43) -> 16.055572 | G68: =IF(SUM(C11:C16)>0, H68*(1-'ACCEPT RATES'!C22),H68*(1-'ACCEPT RATES'!D22)) -> 0 | H68: =I68*(1+'PIECE DENSITIES'!E14) -> 0 | I68: =(D32+D44+D58)*'COVERAGE FACTORS'!C41+(J32+J44+J58)*('COVERAGE FACTORS'!C41+'COVERAGE FACTORS'!C43) -> 0 | M68: =N68 -> 646.74192 | N68: =D62+J62+O32+O44+O58+(D32+D44+D58)*'COVERAGE FACTORS'!C45+(J32+J44+J58)*(1-('COVERAGE FACTORS'!C41+'COVERAGE FACTORS'!C43)) -> 646.74192
D69: =(SUM(C64:C68)-D62)*'PIECE DENSITIES'!F9 -> 206.57443 | E69: Inc Prim Mach | J69: =(SUM(I64:I68)-J62)*'PIECE DENSITIES'!F14 -> 0 | K69: Inc Prim Nonmach | O69: =SUM(N64:N68)*'PIECE DENSITIES'!F19 -> 18.275557 | P69: Inc Prim Manual
D70: =(SUM(C64:C68)-D62)*'PIECE DENSITIES'!G9 -> 9027.0523 | E70: Inc Sec Mach | J70: =(SUM(I64:I68)-J62)*'PIECE DENSITIES'!G14 -> 0 | K70: Inc Sec Nonmach | O70: =SUM(N64:N68)*'PIECE DENSITIES'!G19 -> 688.22199 | P70: Inc Sec Manual
D72: =SUM(A74:A78)*(1-'ACCEPT RATES'!G17)+SUM(C74:C78)*SUM('ACCEPT RATES'!I17:J17) -> 10.419887 | E72: Rejects | J72: =SUM(G74:G78)*(1-'ACCEPT RATES'!E22) -> 0 | K72: Rejects
A73: REC | B73: Inc Prim AFSM100 | E73: Inc Prim | G73: Keyed | H73: Inc Prim UFSM1000 | K73: Inc Prim | M73: Inc Prim Manual
A74: =B74*(1-'ACCEPT RATES'!C17) -> 0 | B74: =C74*(1+'ACCEPT RATES'!F17) -> 0 | C74: =C15*('COVERAGE FACTORS'!C39+'COVERAGE FACTORS'!C43) -> 0 | E74: Manual | G74: =H74*(1-'ACCEPT RATES'!C22) -> 0 | H74: =I74 -> 0 | I74: =C15*'COVERAGE FACTORS'!C41 -> 0 | K74: Manual | M74: =N74 -> 0 | N74: =C15*'COVERAGE FACTORS'!C45 -> 0
A75: =B75*(1-'ACCEPT RATES'!D17) -> 0 | B75: =C75*(1+'ACCEPT RATES'!F17) -> 0 | C75: =G15*('COVERAGE FACTORS'!C39+'COVERAGE FACTORS'!C43) -> 0 | G75: =H75*(1-'ACCEPT RATES'!D22) -> 0 | H75: =I75 -> 0 | I75: =G15*'COVERAGE FACTORS'!C41 -> 0 | M75: =N75 -> 0 | N75: =G15*'COVERAGE FACTORS'!C45 -> 0
G76: =H76*(1-'ACCEPT RATES'!C22) -> 0 | H76: =I76 -> 0 | I76: =K15*('COVERAGE FACTORS'!C41+'COVERAGE FACTORS'!C43) -> 0 | M76: =N76 -> 0 | N76: =K15*(1-('COVERAGE FACTORS'!C41+'COVERAGE FACTORS'!C43)) -> 0
G77: =H77*(1-'ACCEPT RATES'!D22) -> 0 | H77: =I77 -> 0 | I77: =O15*('COVERAGE FACTORS'!C41+'COVERAGE FACTORS'!C43) -> 0 | M77: =N77 -> 0 | N77: =O15*(1-('COVERAGE FACTORS'!C41+'COVERAGE FACTORS'!C43)) -> 0
A78: =B78*(1-'ACCEPT RATES'!C17) -> 13.02027 | B78: =C78*(1+'ACCEPT RATES'!F17) -> 212.40363 | C78: =(D33+D45+D59+D69)*('COVERAGE FACTORS'!C39+'COVERAGE FACTORS'!C43) -> 210.35741 | G78: =IF(SUM(C11:C16)>0,H78*(1-'ACCEPT RATES'!C22),H78*(1-'ACCEPT RATES'!D22)) -> 0 | H78: =I78 -> 0 | I78: =(D33+D45+D59+D69)*'COVERAGE FACTORS'!C41+(J33+J45+J59+J69)*('COVERAGE FACTORS'!C41+'COVERAGE FACTORS'!C43) -> 0 | M78: =N78 -> 30.322104 | N78: =D72+J72+O33+O45+O59+O69+(D33+D45+D59+D69)*'COVERAGE FACTORS'!C45+(J33+J45+J59+J69)*(1-('COVERAGE FACTORS'!C41+'COVERAGE FACTORS'!C43))+D106 -> 30.322104
D79: =SUM(C74:C78)-D72 -> 199.93753 | E79: Inc Sec Mach | J79: =SUM(I74:I78)-J72 -> 0 | K79: Inc Sec Nonmach | O79: =SUM(N74:N78) -> 30.322104 | P79: Inc Sec Manual
D81: =SUM(A83:A87)*(1-'ACCEPT RATES'!G17)+SUM(C83:C87)*SUM('ACCEPT RATES'!I17:J17) -> 456.73055 | E81: Rejects | J81: =I85*(1-'ACCEPT RATES'!C22) -> 0 | K81: Rejects
A82: REC | B82: Inc Sec AFSM100 | E82: Inc Sec | G82: Keyed | H82: Inc Sec UFSM1000 | K82: Inc Sec | M82: Inc Sec Manual
A83: =B83*(1-'ACCEPT RATES'!C17) -> 0 | B83: =C83*(1+'ACCEPT RATES'!F17) -> 0 | C83: =C16*('COVERAGE FACTORS'!C55+'COVERAGE FACTORS'!C59) -> 0 | E83: Manual | G83: 0 | H83: =I83 -> 0 | I83: =C16*'COVERAGE FACTORS'!C57 -> 0 | K83: Manual | M83: =N83 -> 0 | N83: =C16*'COVERAGE FACTORS'!C61 -> 0
A84: =B84*(1-'ACCEPT RATES'!D17) -> 0 | B84: =C84*(1+'ACCEPT RATES'!F17) -> 0 | C84: =G16*('COVERAGE FACTORS'!C55+'COVERAGE FACTORS'!C59) -> 0 | G84: 0 | H84: =I84 -> 0 | I84: =G16*'COVERAGE FACTORS'!C57 -> 0 | M84: =N84 -> 0 | N84: =G16*'COVERAGE FACTORS'!C61 -> 0
G85: 0 | H85: =I85 -> 0 | I85: =K16*('COVERAGE FACTORS'!C57+'COVERAGE FACTORS'!C59) -> 0 | M85: =N85 -> 0 | N85: =K16*(1-('COVERAGE FACTORS'!C57+'COVERAGE FACTORS'!C59+'COVERAGE FACTORS'!C53)) -> 0
G86: 0 | H86: =I86 -> 0 | I86: =O16*('COVERAGE FACTORS'!C57+'COVERAGE FACTORS'!C59) -> 0 | M86: =N86 -> 0 | N86: =O16*(1-('COVERAGE FACTORS'!C57+'COVERAGE FACTORS'!C59+'COVERAGE FACTORS'!C53)) -> 0
A87: =B87*(1-'ACCEPT RATES'!C17) -> 570.71207 | B87: =C87*(1+'ACCEPT RATES'!F17) -> 9310.1999 | C87: =(D34+D46+D60+D70+D79)*('COVERAGE FACTORS'!C55+'COVERAGE FACTORS'!C59) -> 9220.5087 | G87: 0 | H87: =I87 -> 0 | I87: =(D34+D46+D60+D70+D79)*'COVERAGE FACTORS'!C57+(J34+J46+J60+J70+J79)*('COVERAGE FACTORS'!C57+'COVERAGE FACTORS'!C59) -> 0 | M87: =N87 -> 1236.2218 | N87: =D81+J81+(O34+O46+O60+O70+O79)+(D34+D46+D60+D70+D79)*'COVERAGE FACTORS'!C61+(J34+J46+J60+J70+J79)*(1-('COVERAGE FACTORS'!C57+'COVERAGE FACTORS'!C59))+D120 -> 1236.2218
D88: =SUM(C83:C87)-D81 -> 8763.7782 | J88: =SUM(I83:I87)-J81 -> 0 | O88: =SUM(N83:N87) -> 1236.2218
D89: Finalized to Carrier Route | J89: Finalized to Carrier Route | O89: Finalized to Carrier Route
D91: Rejects
D92: IS | E92: IP
D93: =SUM(A95:A99)*(1-'ACCEPT RATES'!G24)+SUM(B95:B99)*'ACCEPT RATES'!J24 -> 0 | E93: =SUM(B95:B99)*'ACCEPT RATES'!I24 -> 0
A94: REC | B94: FSS | E94: Inc Sec
A95: =B95*(1-'ACCEPT RATES'!C24) -> 0 | B95: =C95*(1+'ACCEPT RATES'!F17) -> 0 | C95: =C16*'COVERAGE FACTORS'!C53 -> 0 | E95: Manual
A96: =B96*(1-'ACCEPT RATES'!D24) -> 0 | B96: =C96*(1+'ACCEPT RATES'!F17) -> 0 | C96: =G16*'COVERAGE FACTORS'!C53 -> 0
A97: =B97*(1-'ACCEPT RATES'!C24) -> 0 | B97: =C97*(1+'ACCEPT RATES'!F17) -> 0 | C97: =K16*'COVERAGE FACTORS'!C53 -> 0
A98: =B98*(1-'ACCEPT RATES'!D24) -> 0 | B98: =C98*(1+'ACCEPT RATES'!F17) -> 0 | C98: =O16*'COVERAGE FACTORS'!C53 -> 0
A99: =B99*(1-'ACCEPT RATES'!C24) -> 0 | B99: =C99*(1+'ACCEPT RATES'!F17) -> 0 | C99: =(D16+D34+D46+D60+D70+D79)*'COVERAGE FACTORS'!C53+D114 -> 0
D100: =SUM(C95:C99)-D93-E93 -> 0
D101: Finalized to DPS
D106: =A112*(1-'ACCEPT RATES'!G17)+B112*('ACCEPT RATES'!I17+'ACCEPT RATES'!J17) -> 0 | E106: Rejects | G106: This section of the model requires the iterative calculation function within Excel to be enabled. An iterative process is used to account for the flow of FSS out-of-scheme rejects. FSS out-of-scheme rejects flow upstream to Incoming Primary (IP) operations where they are sorted to the correct scheme. If the correct scheme is worked on the FSS the piece will flow downstream to the FSS operation, this creates the iterative flow within the model.
A107: REC | B107: Inc Prim AFSM100 - FSS Reject | E107: Inc Prim
E108: Manual
A112: =B112*(1-'ACCEPT RATES'!$C$17) -> 0 | B112: =C112*(1+'ACCEPT RATES'!$F$17) -> 0 | C112: =E93 -> 0
