Workbook
Name ARFN5_IN_1991: AnimasRiverTotalOutflow!$E$4:$E$80
Name ARFN5_IN_1992: AnimasRiverTotalOutflow!$F$4:$F$80
Name ARFN5_IN_1993: AnimasRiverTotalOutflow!$G$4:$G$80
Name ARFN5_IN_1994: AnimasRiverTotalOutflow!$H$4:$H$80
Name ARFN5_IN_1995: AnimasRiverTotalOutflow!$I$4:$I$80
Name ARFN5_IN_1996: AnimasRiverTotalOutflow!$J$4:$J$80
Name ARFN5_IN_1997: AnimasRiverTotalOutflow!$K$4:$K$80
Name ARFN5_IN_1998: AnimasRiverTotalOutflow!$L$4:$L$80
Name ARFN5_IN_1999: AnimasRiverTotalOutflow!$M$4:$M$80
Name ARFN5_IN_2000: AnimasRiverTotalOutflow!$N$4:$N$80
Name ARFN5_IN_2001: AnimasRiverTotalOutflow!$O$4:$O$80
Name ARFN5_IN_2002: AnimasRiverTotalOutflow!$P$4:$P$80
Name ARFN5_IN_2003: AnimasRiverTotalOutflow!$Q$4:$Q$80
Name ARFN5_IN_2004: AnimasRiverTotalOutflow!$R$4:$R$80
Name ARFN5_IN_2005: AnimasRiverTotalOutflow!$S$4:$S$80
Name ARFN5_IN_2006: AnimasRiverTotalOutflow!$T$4:$T$80
Name ARFN5_IN_2007: AnimasRiverTotalOutflow!$U$4:$U$80
Name ARFN5_IN_2008: AnimasRiverTotalOutflow!$V$4:$V$80
Name ARFN5_IN_2009: AnimasRiverTotalOutflow!$W$4:$W$80
Name ARFN5_IN_2010: AnimasRiverTotalOutflow!$X$4:$X$80
Name ARFN5_IN_2011: AnimasRiverTotalOutflow!$Y$4:$Y$80
Name ARFN5_IN_2012: AnimasRiverTotalOutflow!$Z$4:$Z$80
Name ARFN5_IN_2013: AnimasRiverTotalOutflow!$AA$4:$AA$80
Name ARFN5_IN_2014: AnimasRiverTotalOutflow!$AB$4:$AB$80
Name ARFN5_IN_2015: AnimasRiverTotalOutflow!$AC$4:$AC$80
Name ARFN5_IN_2016: AnimasRiverTotalOutflow!$AD$4:$AD$80
Name ARFN5_IN_2017: AnimasRiverTotalOutflow!$AE$4:$AE$80
Name ARFN5_IN_2018: AnimasRiverTotalOutflow!$AF$4:$AF$80
Name ARFN5_IN_2019: AnimasRiverTotalOutflow!$AG$4:$AG$80
Name ARFN5_IN_2020: AnimasRiverTotalOutflow!$AH$4:$AH$80
Name ARFN5_IN_2021: AnimasRiverTotalOutflow!$AS$4:$AS$80
Name ARFN5_IN_2022: AnimasRiverTotalOutflow!$AT$4:$AT$80
Name ARFN5_IN_2023: AnimasRiverTotalOutflow!$AU$4:$AU$80
Name ARFN5_IN_2024: AnimasRiverTotalOutflow!$AV$4:$AV$80
Name ARFN5_IN_2025: AnimasRiverTotalOutflow!$AW$4:$AW$80
Name ARFN5_IN_2026: AnimasRiverTotalOutflow!$AX$4:$AX$80
Name ARFN5_IN_2027: AnimasRiverTotalOutflow!$AY$4:$AY$80
Name ARFN5_IN_2028: AnimasRiverTotalOutflow!$AZ$4:$AZ$80
Name ARFN5_IN_2029: AnimasRiverTotalOutflow!$BA$4:$BA$80
Name ARFN5_IN_Max: AnimasRiverTotalOutflow!$B$4:$B$80
Name ARFN5_IN_Min: AnimasRiverTotalOutflow!$C$4:$C$80
Name ARFN5_IN_Most: AnimasRiverTotalOutflow!$D$4:$D$80
Name ARFN5_IN_TIME: AnimasRiverTotalOutflow!$A$4:$A$80
Name BlwImpGainsAbvDavis: GainsAboveDavis!$A$4:$A$71
Name BMESA_IN_1991: BlueMesaInflow.Unregulated!$E$4:$E$80
Name BMESA_IN_1992: BlueMesaInflow.Unregulated!$F$4:$F$80
Name BMESA_IN_1993: BlueMesaInflow.Unregulated!$G$4:$G$80
Name BMESA_IN_1994: BlueMesaInflow.Unregulated!$H$4:$H$80
Name BMESA_IN_1995: BlueMesaInflow.Unregulated!$I$4:$I$80
Name BMESA_IN_1996: BlueMesaInflow.Unregulated!$J$4:$J$80
Name BMESA_IN_1997: BlueMesaInflow.Unregulated!$K$4:$K$80
Name BMESA_IN_1998: BlueMesaInflow.Unregulated!$L$4:$L$80
Name BMESA_IN_1999: BlueMesaInflow.Unregulated!$M$4:$M$80
Name BMESA_IN_2000: BlueMesaInflow.Unregulated!$N$4:$N$80
Name BMESA_IN_2001: BlueMesaInflow.Unregulated!$O$4:$O$80
Name BMESA_IN_2002: BlueMesaInflow.Unregulated!$P$4:$P$80
Name BMESA_IN_2003: BlueMesaInflow.Unregulated!$Q$4:$Q$80
Name BMESA_IN_2004: BlueMesaInflow.Unregulated!$R$4:$R$80
Name BMESA_IN_2005: BlueMesaInflow.Unregulated!$S$4:$S$80
Name BMESA_IN_2006: BlueMesaInflow.Unregulated!$T$4:$T$80

Sheet BlueMesaInflow.Unregulated
B2: Max | C2: Min | D2: Most | E2: 1991 | F2: 1992 | G2: 1993 | H2: 1994 | I2: 1995 | J2: 1996 | K2: 1997 | L2: 1998 | M2: 1999 | N2: 2000 | O2: 2001 | P2: 2002 | Q2: 2003 | R2: 2004 | S2: 2005 | T2: 2006 | U2: 2007 | V2: 2008 | W2: 2009 | X2: 2010 | Y2: 2011 | Z2: 2012 | AA2: 2013 | AB2: 2014 | AC2: 2015 | AD2: 2016 | AE2: 2017 | AF2: 2018 | AG2: 2019 | AH2: 2020
B3: Trace1 | C3: Trace2 | D3: Trace3 | E3: Trace4 | F3: Trace5 | G3: Trace6 | H3: Trace7 | I3: Trace8 | J3: Trace9 | K3: Trace10 | L3: Trace11 | M3: Trace12 | N3: Trace13 | O3: Trace14 | P3: Trace15 | Q3: Trace16 | R3: Trace17 | S3: Trace18 | T3: Trace19 | U3: Trace20 | V3: Trace21 | W3: Trace22 | X3: Trace23 | Y3: Trace24 | Z3: Trace25 | AA3: Trace26 | AB3: Trace27 | AC3: Trace28 | AD3: Trace29 | AE3: Trace30 | AF3: Trace31 | AG3: Trace32 | AH3: Trace33
A4: 46143 | B4: 104 | C4: 34 | D4: 62 | E4: 51.192 | F4: 77.856 | G4: 69.178 | H4: 61.133 | I4: 75.285 | J4: 54.677 | K4: 60.78 | L4: 47.445 | M4: 73.932 | N4: 72.81 | O4: 80.834 | P4: 47.331 | Q4: 75.35 | R4: 59.336 | S4: 76.31 | T4: 59.152 | U4: 66.08 | V4: 62.867 | W4: 72.003 | X4: 54.454 | Y4: 52.76 | Z4: 59.722 | AA4: 66.037 | AB4: 71.437 | AC4: 59.046 | AD4: 64.128 | AE4: 57.324 | AF4: 63.663 | AG4: 43.948 | AH4: 61.051
A5: 46174 | B5: 79 | C5: 26 | D5: 47 | E5: 50.45 | F5: 66.42 | G5: 54.639 | H5: 35.686 | I5: 151.109 | J5: 26.466 | K5: 70.771 | L5: 32.897 | M5: 71.572 | N5: 37.373 | O5: 44.918 | P5: 26.251 | Q5: 53.883 | R5: 29.075 | S5: 42.026 | T5: 29.796 | U5: 41.42 | V5: 58.682 | W5: 41.614 | X5: 49.082 | Y5: 66.009 | Z5: 24.196 | AA5: 43.96 | AB5: 55.972 | AC5: 139.574 | AD5: 57.19 | AE5: 55.588 | AF5: 26.236 | AG5: 87.425 | AH5: 36.457
A6: 46204 | B6: 40 | C6: 13 | D6: 24 | E6: 27.402 | F6: 35.702 | G6: 26.173 | H6: 19.781 | I6: 81.968 | J6: 17.775 | K6: 31.261 | L6: 19.138 | M6: 37.418 | N6: 21.805 | O6: 23.629 | P6: 17.896 | Q6: 22.884 | R6: 19.504 | S6: 22.676 | T6: 22.781 | U6: 24.371 | V6: 26.924 | W6: 23.375 | X6: 23.303 | Y6: 29.336 | Z6: 17.88 | AA6: 26.975 | AB6: 25.862 | AC6: 56.892 | AD6: 27.265 | AE6: 28.509 | AF6: 17.862 | AG6: 37.121 | AH6: 21.424
A7: 46235 | B7: 38 | C7: 22 | D7: 27 | E7: 25.886 | F7: 39.061 | G7: 24.007 | H7: 21.291 | I7: 39.664 | J7: 18.172 | K7: 30.455 | L7: 20.805 | M7: 33.921 | N7: 27.493 | O7: 31.832 | P7: 18.956 | Q7: 26.161 | R7: 21.034 | S7: 26.895 | T7: 27.795 | U7: 27.815 | V7: 25.754 | W7: 22.254 | X7: 27.543 | Y7: 23.826 | Z7: 20.968 | AA7: 28.639 | AB7: 27.105 | AC7: 34.467 | AD7: 27.999 | AE7: 27.263 | AF7: 18.747 | AG7: 28.232 | AH7: 21.173
A8: 46266 | B8: 31 | C8: 23 | D8: 21 | E8: 19.346 | F8: 30.729 | G8: 22.603 | H8: 20.426 | I8: 29.755 | J8: 17.152 | K8: 26.158 | L8: 16.721 | M8: 24.622 | N8: 22.114 | O8: 20.506 | P8: 18.917 | Q8: 42.954 | R8: 21.448 | S8: 20.906 | T8: 23.136 | U8: 28.212 | V8: 19.346 | W8: 18.306 | X8: 18.348 | Y8: 18.482 | Z8: 18.439 | AA8: 44.154 | AB8: 31.735 | AC8: 27.773 | AD8: 21.094 | AE8: 19.221 | AF8: 16.163 | AG8: 19.497 | AH8: 24.018
A9: 46296 | B9: 40 | C9: 32 | D9: 26 | E9: 18.268 | F9: 23.062 | G9: 23.581 | H9: 26.362 | I9: 33.986 | J9: 24.809 | K9: 30.558 | L9: 25.722 | M9: 22.706 | N9: 20.762 | O9: 20.685 | P9: 26.544 | Q9: 26.399 | R9: 21.878 | S9: 32.898 | T9: 41.79 | U9: 29.446 | V9: 20.616 | W9: 22.002 | X9: 20.543 | Y9: 21.438 | Z9: 18.143 | AA9: 41.095 | AB9: 39.08 | AC9: 24.696 | AD9: 20.011 | AE9: 22.734 | AF9: 18.676 | AG9: 19.841 | AH9: 24.714
A10: 46327 | B10: 31 | C10: 29 | D10: 27 | E10: 17.829 | F10: 19.149 | G10: 19.563 | H10: 20.909 | I10: 25.685 | J10: 22.095 | K10: 23.415 | L10: 22.363 | M10: 18.699 | N10: 17.786 | O10: 21.286 | P10: 17.643 | Q10: 19.298 | R10: 19.846 | S10: 26.295 | T10: 30.547 | U10: 24.99 | V10: 17.876 | W10: 20.397 | X10: 21.455 | Y10: 18.127 | Z10: 15.089 | AA10: 26.431 | AB10: 24.408 | AC10: 22.758 | AD10: 16.785 | AE10: 19.283 | AF10: 17.562 | AG10: 17.676 | AH10: 27.304
A11: 46357 | B11: 26 | C11: 25 | D11: 26 | E11: 16.345 | F11: 17.245 | G11: 15.99 | H11: 16.683 | I11: 24.12 | J11: 17.75 | K11: 18.567 | L11: 20.621 | M11: 16.415 | N11: 15.646 | O11: 16.855 | P11: 15.25 | Q11: 17.447 | R11: 16.07 | S11: 18.91 | T11: 20.817 | U11: 17.868 | V11: 15.654 | W11: 16.281 | X11: 18 | Y11: 15.712 | Z11: 13.555 | AA11: 20.063 | AB11: 19.55 | AC11: 19.93 | AD11: 15.621 | AE11: 18.377 | AF11: 14.06 | AG11: 16.465 | AH11: 21.283
A12: 46388 | B12: 25 | C12: 24 | D12: 25 | E12: 14.77 | F12: 16.29 | G12: 14.755 | H12: 15.279 | I12: 20.494 | J12: 14.991 | K12: 16.819 | L12: 17.852 | M12: 17.091 | N12: 14.697 | O12: 14.718 | P12: 14.664 | Q12: 15.84 | R12: 15.847 | S12: 16.375 | T12: 17.761 | U12: 14.885 | V12: 14.498 | W12: 14.597 | X12: 16.73 | Y12: 15.359 | Z12: 12.642 | AA12: 17.627 | AB12: 17.281 | AC12: 18.554 | AD12: 14.549 | AE12: 15.854 | AF12: 13.025 | AG12: 15.249 | AH12: 16.964
A13: 46419 | B13: 23 | C13: 23 | D13: 23 | E13: 14.095 | F13: 15.163 | G13: 12.615 | H13: 18.125 | I13: 20.915 | J13: 12.394 | K13: 14.995 | L13: 17.788 | M13: 18.095 | N13: 14.586 | O13: 12.575 | P13: 17.055 | Q13: 13.74 | R13: 14.419 | S13: 13.468 | T13: 17.016 | U13: 12.168 | V13: 13.145 | W13: 12.201 | X13: 14.114 | Y13: 13.043 | Z13: 11.15 | AA13: 17.565 | AB13: 21.823 | AC13: 17.391 | AD13: 19.671 | AE13: 17.978 | AF13: 11.268 | AG13: 13.753 | AH13: 16.452
A14: 46447 | B14: 41 | C14: 35 | D14: 38 | E14: 25.362 | F14: 28.653 | G14: 28.231 | H14: 38.135 | I14: 30.218 | J14: 30.765 | K14: 29.186 | L14: 27.042 | M14: 23.203 | N14: 23.921 | O14: 16.945 | P14: 27.172 | Q14: 40.266 | R14: 19.875 | S14: 21.546 | T14: 42.686 | U14: 13.208 | V14: 29.269 | W14: 15.506 | X14: 25.521 | Y14: 27.086 | Z14: 18.052 | AA14: 23.981 | AB14: 38.912 | AC14: 31.701 | AD14: 49.555 | AE14: 19.844 | AF14: 16.361 | AG14: 24.709 | AH14: 22.651
A15: 46478 | B15: 93 | C15: 64 | D15: 78 | E15: 59.122 | F15: 62.348 | G15: 53.541 | H15: 47.57 | I15: 75.934 | J15: 61.553 | K15: 45.383 | L15: 38.462 | M15: 68.532 | N15: 51.301 | O15: 46.848 | P15: 48.717 | Q15: 84.812 | R15: 53.389 | S15: 71.258 | T15: 71.291 | U15: 42.613 | V15: 45.498 | W15: 41.236 | X15: 57.16 | Y15: 60.662 | Z15: 35.122 | AA15: 59.684 | AB15: 59.718 | AC15: 53.747 | AD15: 94.223 | AE15: 34.794 | AF15: 66.558 | AG15: 38.179 | AH15: 43.974
... A27: 46844 | B27: 78 | C27: 78 | D27: 78 | E27: 66.888 | F27: 72.964 | G27: 56.482 | H27: 94.64 | I27: 76.73 | J27: 59.808 | K27: 47.382 | L27: 83.425 | M27: 59.674 | N27: 53.425 | O27: 48.884 | P27: 93.075 | Q27: 61.409 | R27: 87.822 | S27: 87.479 | T27: 45.837 | U27: 63.798 | V27: 50.601 | W27: 61.528 | X27: 80.324 | Y27: 35.569 | Z27: 64.882 | AA27: 75.048 | AB27: 57.646 | AC27: 104.504 | AD27: 46.929 | AE27: 71.541 | AF27: 49.286 | AG27: 47.991 | AH27: 72.34
A28: 46874 | B28: 204 | C28: 204 | D28: 204 | E28: 276.128 | F28: 213.497 | G28: 234.748 | H28: 356.015 | I28: 315.677 | J28: 192.775 | K28: 199.268 | L28: 239.515 | M28: 239.348 | N28: 93.77 | O28: 164.316 | P28: 221.205 | Q28: 259.3 | R28: 231.465 | S28: 217.218 | T28: 230.583 | U28: 300.339 | V28: 119.187 | W28: 143.048 | X28: 140.149 | Y28: 100.016 | Z28: 237.002 | AA28: 158.81 | AB28: 156.772 | AC28: 247.936 | AD28: 161.059 | AE28: 170.184 | AF28: 179.907 | AG28: 132.201 | AH28: 206.946 | ALQ28: #N/A
A29: 46905 | B29: 251 | C29: 251 | D29: 251 | E29: 400.167 | F29: 207.821 | G29: 568.981 | H29: 305.269 | I29: 476.434 | J29: 201.141 | K29: 316.779 | L29: 146.325 | M29: 177.313 | N29: 53.319 | O29: 198.071 | P29: 134.741 | Q29: 273.315 | R29: 176.785 | S29: 159.618 | T29: 466.237 | U29: 252.008 | V29: 251.968 | W29: 415.551 | X29: 51.816 | Y29: 143.85 | Z29: 317.23 | AA29: 341.142 | AB29: 279.851 | AC29: 379.109 | AD29: 71.333 | AE29: 397.044 | AF29: 186.174 | AG29: 261.066 | AH29: 153.497 | ALQ29: #N/A
A30: 46935 | B30: 86 | C30: 86 | D30: 86 | E30: 175.228 | F30: 63.338 | G30: 418.378 | H30: 108.214 | I30: 161.479 | J30: 95.417 | K30: 204.72 | L30: 49.417 | M30: 55.927 | N30: 23.546 | O30: 55.005 | P30: 52.821 | Q30: 106.141 | R30: 69.144 | S30: 61.811 | T30: 204.533 | U30: 126.242 | V30: 66.85 | W30: 215.168 | X30: 27.483 | Y30: 53.029 | Z30: 97.475 | AA30: 113.501 | AB30: 89.245 | AC30: 124.909 | AD30: 31.46 | AE30: 243.574 | AF30: 58.344 | AG30: 109.917 | AH30: 63.101 | ALQ30: #N/A
A31: 46966 | B31: 55 | C31: 55 | D31: 55 | E31: 67.133 | F31: 42.069 | G31: 121.368 | H31: 53.171 | I31: 79.096 | J31: 48.871 | K31: 84.706 | L31: 43.657 | M31: 50.756 | N31: 20.756 | O31: 40.843 | P31: 36.87 | Q31: 56.74 | R31: 48.323 | S31: 45.15 | T31: 76.451 | U31: 52.647 | V31: 47.78 | W31: 67.798 | X31: 27.948 | Y31: 37.532 | Z31: 55.396 | AA31: 52.488 | AB31: 51.993 | AC31: 61.638 | AD31: 26.101 | AE31: 79.06 | AF31: 38.729 | AG31: 52.626 | AH31: 52.642 | ALQ31: #N/A
A32: 46997 | B32: 35 | C32: 35 | D32: 35 | E32: 47.446 | F32: 33.636 | G32: 63.244 | H32: 38.747 | I32: 54.152 | J32: 31.632 | K32: 45.518 | L32: 32.229 | M32: 29.374 | N32: 20.419 | O32: 53.857 | P32: 32.886 | Q32: 37.271 | R32: 36.301 | S32: 39.508 | T32: 43.277 | U32: 35.69 | V32: 27.418 | W32: 38.805 | X32: 22.952 | Y32: 52.384 | Z32: 51.552 | AA32: 37.928 | AB32: 33.812 | AC32: 38.139 | AD32: 21.31 | AE32: 41.596 | AF32: 36.266 | AG32: 32.513 | AH32: 36.827 | ALQ32: #N/A
A33: 47027 | B33: 40 | C33: 31 | D33: 36 | E33: 43.794 | F33: 39.924 | G33: 56.948 | H33: 45.721 | I33: 54.733 | J33: 41.064 | K33: 36.772 | L33: 28.689 | M33: 28.409 | N33: 27.534 | O33: 32.511 | P33: 30.793 | Q33: 48.055 | R33: 57.038 | S33: 39.377 | T33: 39.447 | U33: 37.32 | V33: 28.636 | W33: 37.939 | X33: 22.082 | Y33: 45.313 | Z33: 56.532 | AA33: 32.779 | AB33: 29.679 | AC33: 39.222 | AD33: 23.93 | AE33: 36.08 | AF33: 35.302 | AG33: 27.663 | AH33: 27.716 | ALQ33: #N/A
A34: 47058 | B34: 33 | C34: 29 | D34: 31 | E34: 35.109 | F34: 30.754 | G34: 43.104 | H34: 38.967 | I34: 41.508 | J34: 33.479 | K34: 29.295 | L34: 25.059 | M34: 27.565 | N34: 18.168 | O34: 24.251 | P34: 27.799 | Q34: 36.849 | R34: 40.258 | S34: 31.969 | T34: 33.469 | U34: 32.985 | V34: 28.538 | W34: 31.028 | X34: 18.343 | Y34: 29.304 | Z34: 35.928 | AA34: 29.242 | AB34: 25.458 | AC34: 33.29 | AD34: 21.877 | AE34: 30.968 | AF34: 36.297 | AG34: 26.064 | AH34: 23.579 | ALQ34: #N/A
A35: 47088 | B35: 26 | C35: 26 | D35: 26 | E35: 29.825 | F35: 25.483 | G35: 39.162 | H35: 32.423 | I35: 33.342 | J35: 30.307 | K35: 25.879 | L35: 22.078 | M35: 22.281 | N35: 15.699 | O35: 21.809 | P35: 22.852 | Q35: 27.519 | R35: 28.353 | S35: 23.437 | T35: 29.491 | U35: 26.993 | V35: 23.936 | W35: 27.099 | X35: 16.562 | Y35: 22.358 | Z35: 28.994 | AA35: 25.757 | AB35: 23.285 | AC35: 30.514 | AD35: 17.908 | AE35: 28.372 | AF35: 28.799 | AG35: 23.385 | AH35: 21.104 | ALQ35: #N/A
A36: 47119 | B36: 25 | C36: 25 | D36: 25 | E36: 27.119 | F36: 23.124 | G36: 33.407 | H36: 27.858 | I36: 29.645 | J36: 26.408 | K36: 25.748 | L36: 20.457 | M36: 19.531 | N36: 15.261 | O36: 19.697 | P36: 21.863 | Q36: 23.939 | R36: 24.211 | S36: 19.673 | T36: 26.894 | U36: 24.098 | V36: 21.893 | W36: 25.558 | X36: 15.349 | Y36: 19.602 | Z36: 25.521 | AA36: 23.741 | AB36: 21.388 | AC36: 26.638 | AD36: 16.444 | AE36: 25.863 | AF36: 23.455 | AG36: 21.232 | AH36: 19.749 | ALQ36: #N/A
A37: 47150 | B37: 23 | C37: 23 | D37: 23 | E37: 22.779 | F37: 25.04 | G37: 32.017 | H37: 22.839 | I37: 25.412 | J37: 24.934 | K37: 25.163 | L37: 19.282 | M37: 16.51 | N37: 17.216 | O37: 16.978 | P37: 19.308 | Q37: 19.614 | R37: 22.382 | S37: 16.017 | T37: 23.394 | U37: 19.959 | V37: 18.398 | W37: 21.339 | X37: 13.364 | Y37: 19.535 | Z37: 29.054 | AA37: 21.854 | AB37: 25.426 | AC37: 27.035 | AD37: 14.054 | AE37: 22.439 | AF37: 21.778 | AG37: 19.463 | AH37: 18.005 | ALQ37: #N/A
A38: 47178 | B38: 38 | C38: 38 | D38: 38 | E38: 40.207 | F38: 45.549 | G38: 41.276 | H38: 43.86 | I38: 42.188 | J38: 35.998 | K38: 30.754 | L38: 28.903 | M38: 21.396 | N38: 27.652 | O38: 43.974 | P38: 24.861 | Q38: 28.222 | R38: 52.713 | S38: 17.226 | T38: 41.206 | U38: 23.941 | V38: 30.222 | W38: 37.468 | X38: 20.311 | Y38: 25.749 | Z38: 50.485 | AA38: 36.681 | AB38: 57.046 | AC38: 29.234 | AD38: 19.718 | AE38: 34.23 | AF38: 28.098 | AG38: 32.171 | AH38: 32.758 | ALQ38: #N/A
A39: 47209 | B39: 78 | C39: 78 | D39: 78 | E39: 73.416 | F39: 59.77 | G39: 95.332 | H39: 78.134 | I39: 61.928 | J39: 50.213 | K39: 84.778 | L39: 58.907 | M39: 54.23 | N39: 50.172 | O39: 92.081 | P39: 60.562 | Q39: 88.699 | R39: 88.968 | S39: 46.697 | T39: 61.343 | U39: 53.758 | V39: 63.419 | W39: 80.937 | X39: 37.138 | Y39: 64.39 | Z39: 74.971 | AA39: 59.793 | AB39: 106.222 | AC39: 48.205 | AD39: 75.101 | AE39: 49.426 | AF39: 50.626 | AG39: 73.387 | AH39: 68.188 | ALQ39: #N/A
... A68: 48092 | B68: 35 | C68: 35 | D68: 35 | E68: 38.98 | F68: 55.09 | G68: 32.582 | H68: 46.333 | I68: 32.788 | J68: 30.222 | K68: 20.389 | L68: 54.208 | M68: 32.732 | N68: 36.911 | O68: 36.293 | P68: 39.821 | Q68: 43.454 | R68: 35.837 | S68: 28.553 | T68: 39.314 | U68: 23.102 | V68: 52.666 | W68: 50.639 | X68: 37.885 | Y68: 34.201 | Z68: 38.398 | AA68: 21.659 | AB68: 42.174 | AC68: 36.331 | AD68: 33.326 | AE68: 37.917 | AF68: 47.637 | AG68: 33.687 | AH68: 33.687 | ALQ68: #N/A
ALQ69: #N/A
ALQ70: #N/A
ALQ71: #N/A
ALQ72: #N/A

Sheet CrystalInflow.Unregulated
B2: Max | C2: Min | D2: Most | E2: 1991 | F2: 1992 | G2: 1993 | H2: 1994 | I2: 1995 | J2: 1996 | K2: 1997 | L2: 1998 | M2: 1999 | N2: 2000 | O2: 2001 | P2: 2002 | Q2: 2003 | R2: 2004 | S2: 2005 | T2: 2006 | U2: 2007 | V2: 2008 | W2: 2009 | X2: 2010 | Y2: 2011 | Z2: 2012 | AA2: 2013 | AB2: 2014 | AC2: 2015 | AD2: 2016 | AE2: 2017 | AF2: 2018 | AG2: 2019 | AH2: 2020
B3: Trace1 | C3: Trace2 | D3: Trace3 | E3: Trace4 | F3: Trace5 | G3: Trace6 | H3: Trace7 | I3: Trace8 | J3: Trace9 | K3: Trace10 | L3: Trace11 | M3: Trace12 | N3: Trace13 | O3: Trace14 | P3: Trace15 | Q3: Trace16 | R3: Trace17 | S3: Trace18 | T3: Trace19 | U3: Trace20 | V3: Trace21 | W3: Trace22 | X3: Trace23 | Y3: Trace24 | Z3: Trace25 | AA3: Trace26 | AB3: Trace27 | AC3: Trace28 | AD3: Trace29 | AE3: Trace30 | AF3: Trace31 | AG3: Trace32 | AH3: Trace33
A4: 46143 | B4: 126 | C4: 43 | D4: 75 | E4: 59.983 | F4: 94.667 | G4: 85.703 | H4: 74.949 | I4: 90.948 | J4: 66.322 | K4: 72.099 | L4: 56.194 | M4: 91.675 | N4: 88.531 | O4: 101.278 | P4: 56.885 | Q4: 87.319 | R4: 71.43 | S4: 88.924 | T4: 71.365 | U4: 82.999 | V4: 75.051 | W4: 86.001 | X4: 62.717 | Y4: 67.712 | Z4: 71.211 | AA4: 76.578 | AB4: 84.904 | AC4: 75.166 | AD4: 74.671 | AE4: 69.797 | AF4: 77.146 | AG4: 52.933 | AH4: 72.43
A5: 46174 | B5: 87 | C5: 30 | D5: 52 | E5: 56.118 | F5: 80.323 | G5: 61.369 | H5: 39.803 | I5: 171.089 | J5: 28.827 | K5: 78.307 | L5: 36.517 | M5: 83.917 | N5: 41.256 | O5: 49.848 | P5: 29.077 | Q5: 58.05 | R5: 31.456 | S5: 45.356 | T5: 32.548 | U5: 48.096 | V5: 67.402 | W5: 45.506 | X5: 54.152 | Y5: 79.616 | Z5: 26.596 | AA5: 47.319 | AB5: 64.136 | AC5: 164.153 | AD5: 64.572 | AE5: 64.719 | AF5: 28.648 | AG5: 101.67 | AH5: 40.047
A6: 46204 | B6: 45 | C6: 16 | D6: 27 | E6: 30.625 | F6: 39.795 | G6: 29.17 | H6: 22.322 | I6: 91.868 | J6: 20.201 | K6: 34.485 | L6: 21.589 | M6: 43.066 | N6: 24.385 | O6: 26.612 | P6: 20.43 | Q6: 25.486 | R6: 21.979 | S6: 25.26 | T6: 25.749 | U6: 27.388 | V6: 30.035 | W6: 26.202 | X6: 26.121 | Y6: 33.223 | Z6: 20.379 | AA6: 29.735 | AB6: 29.166 | AC6: 62.39 | AD6: 30.57 | AE6: 31.932 | AF6: 20.262 | AG6: 41.2 | AH6: 24.445
A7: 46235 | B7: 43 | C7: 25 | D7: 31 | E7: 29.528 | F7: 45.847 | G7: 27.731 | H7: 24.576 | I7: 45.007 | J7: 21.308 | K7: 35.024 | L7: 24.226 | M7: 40.767 | N7: 31.531 | O7: 36.547 | P7: 22.382 | Q7: 29.994 | R7: 24.358 | S7: 30.696 | T7: 32.704 | U7: 32.893 | V7: 29.502 | W7: 25.684 | X7: 32.227 | Y7: 27.663 | Z7: 24.719 | AA7: 33.199 | AB7: 32.172 | AC7: 38.921 | AD7: 31.962 | AE7: 31.304 | AF7: 21.951 | AG7: 32.347 | AH7: 24.926
A8: 46266 | B8: 38 | C8: 27 | D8: 25 | E8: 22.841 | F8: 36.266 | G8: 26.925 | H8: 24.895 | I8: 34.965 | J8: 20.829 | K8: 33.348 | L8: 19.958 | M8: 30.316 | N8: 26.046 | O8: 24.543 | P8: 22.905 | Q8: 54.331 | R8: 28.247 | S8: 24.24 | T8: 27.907 | U8: 36.843 | V8: 23.017 | W8: 21.621 | X8: 21.797 | Y8: 22.128 | Z8: 21.727 | AA8: 52.988 | AB8: 39.069 | AC8: 31.932 | AD8: 25.105 | AE8: 22.803 | AF8: 19.353 | AG8: 22.971 | AH8: 27.897
A9: 46296 | B9: 48 | C9: 38 | D9: 31 | E9: 21.404 | F9: 27.043 | G9: 28.3 | H9: 35.3 | I9: 40.985 | J9: 35.885 | K9: 43.308 | L9: 33.877 | M9: 27.16 | N9: 26.508 | O9: 24.723 | P9: 36.273 | Q9: 32.046 | R9: 29.692 | S9: 41.469 | T9: 63.727 | U9: 42.357 | V9: 24.607 | W9: 26.503 | X9: 25.357 | Y9: 27.226 | Z9: 21.184 | AA9: 52.767 | AB9: 51.654 | AC9: 29.686 | AD9: 23.782 | AE9: 26.953 | AF9: 22.856 | AG9: 23.152 | AH9: 30.117
A10: 46327 | B10: 38 | C10: 35 | D10: 32 | E10: 22.359 | F10: 23.371 | G10: 24.054 | H10: 28.124 | I10: 31.21 | J10: 29.783 | K10: 32.22 | L10: 30.626 | M10: 22.996 | N10: 23.806 | O10: 25.447 | P10: 23.755 | Q10: 23.932 | R10: 27.771 | S10: 33.811 | T10: 42.814 | U10: 34.345 | V10: 22.62 | W10: 25.986 | X10: 27.258 | Y10: 23.407 | Z10: 18.514 | AA10: 34.065 | AB10: 30.85 | AC10: 28.55 | AD10: 20.588 | AE10: 23.887 | AF10: 22.474 | AG10: 21.538 | AH10: 34.911
A11: 46357 | B11: 32 | C11: 31 | D11: 32 | E11: 20.557 | F11: 21.225 | G11: 19.887 | H11: 21.393 | I11: 29.852 | J11: 23.307 | K11: 23.892 | L11: 27.371 | M11: 20.456 | N11: 20.342 | O11: 20.591 | P11: 20.081 | Q11: 22.089 | R11: 21.202 | S11: 23.653 | T11: 28.704 | U11: 23.553 | V11: 20.06 | W11: 20.418 | X11: 22.931 | Y11: 20.229 | Z11: 16.947 | AA11: 25.31 | AB11: 25.126 | AC11: 25.071 | AD11: 19.638 | AE11: 22.735 | AF11: 17.867 | AG11: 20.499 | AH11: 26.846
A12: 46388 | B12: 30 | C12: 30 | D12: 31 | E12: 18.406 | F12: 20.1 | G12: 18.392 | H12: 19.507 | I12: 25.043 | J12: 19.849 | K12: 21.572 | L12: 23.54 | M12: 21.525 | N12: 18.923 | O12: 18.113 | P12: 19.062 | Q12: 19.818 | R12: 21.297 | S12: 20.33 | T12: 24.134 | U12: 19.404 | V12: 18.323 | W12: 18.106 | X12: 21.104 | Y12: 20.04 | Z12: 15.836 | AA12: 21.962 | AB12: 21.934 | AC12: 22.957 | AD12: 18.797 | AE12: 19.975 | AF12: 16.54 | AG12: 18.906 | AH12: 21.141
A13: 46419 | B13: 28 | C13: 28 | D13: 29 | E13: 17.685 | F13: 18.873 | G13: 15.815 | H13: 23.151 | I13: 26.093 | J13: 16.095 | K13: 19.106 | L13: 24.025 | M13: 23.039 | N13: 18.843 | O13: 15.494 | P13: 22.491 | Q13: 17.133 | R13: 19.039 | S13: 16.692 | T13: 24.903 | U13: 15.759 | V13: 17.01 | W13: 15.122 | X13: 17.538 | Y13: 16.861 | Z13: 14.1 | AA13: 23.312 | AB13: 28.42 | AC13: 22.057 | AD13: 26.143 | AE13: 23.235 | AF13: 14.562 | AG13: 17.457 | AH13: 20.833
A14: 46447 | B14: 50 | C14: 42 | D14: 46 | E14: 35.348 | F14: 37.195 | G14: 36.347 | H14: 52.809 | I14: 38.993 | J14: 43.709 | K14: 37.803 | L14: 39.48 | M14: 30.339 | N14: 30.99 | O14: 21.695 | P14: 38.07 | Q14: 54.26 | R14: 26.298 | S14: 27.64 | T14: 68.93 | U14: 18.328 | V14: 39.051 | W14: 19.756 | X14: 34.139 | Y14: 37.887 | Z14: 22.819 | AA14: 34.762 | AB14: 52.636 | AC14: 42.513 | AD14: 67.985 | AE14: 25.798 | AF14: 24.161 | AG14: 32.116 | AH14: 30.411
A15: 46478 | B15: 117 | C15: 82 | D15: 100 | E15: 83.014 | F15: 89.253 | G15: 71.324 | H15: 65.32 | I15: 100.898 | J15: 92.221 | K15: 67.452 | L15: 59.781 | M15: 88.966 | N15: 71.654 | O15: 58.141 | P15: 71.658 | Q15: 127.875 | R15: 73.061 | S15: 96.443 | T15: 115.27 | U15: 67.635 | V15: 64.407 | W15: 56.886 | X15: 87.112 | Y15: 88.517 | Z15: 47.068 | AA15: 78.304 | AB15: 82.284 | AC15: 77.583 | AD15: 126.187 | AE15: 49.885 | AF15: 101.913 | AG15: 51.246 | AH15: 58.278
... A27: 46844 | B27: 100 | C27: 100 | D27: 100 | E27: 97.416 | F27: 95.765 | G27: 77.418 | H27: 124.829 | I27: 113.607 | J27: 88.85 | K27: 75.567 | L27: 107.972 | M27: 84.097 | N27: 66.963 | O27: 71.738 | P27: 140.3 | Q27: 85.153 | R27: 118.637 | S27: 138.376 | T27: 75.867 | U27: 89.512 | V27: 70.296 | W27: 95.306 | X27: 115.813 | Y27: 49.035 | Z27: 85.311 | AA27: 101.584 | AB27: 83.354 | AC27: 141.978 | AD27: 66.424 | AE27: 111.301 | AF27: 66.47 | AG27: 63.613 | AH27: 101.101
A28: 46874 | B28: 251 | C28: 251 | D28: 251 | E28: 343.113 | F28: 266.995 | G28: 304.077 | H28: 431.317 | I28: 418.224 | J28: 260.526 | K28: 283.488 | L28: 296.957 | M28: 318.447 | N28: 111.016 | O28: 200.192 | P28: 278.96 | Q28: 328.836 | R28: 290.56 | S28: 296.751 | T28: 329.797 | U28: 380.321 | V28: 161.712 | W28: 215.196 | X28: 179.547 | Y28: 124.378 | Z28: 297.488 | AA28: 211.011 | AB28: 206.983 | AC28: 316.059 | AD28: 196.666 | AE28: 248.95 | AF28: 223.18 | AG28: 173.994 | AH28: 258.586 | ALQ28: #N/A
A29: 46905 | B29: 293 | C29: 293 | D29: 293 | E29: 460.594 | F29: 242.781 | G29: 672.189 | H29: 350.177 | I29: 574.158 | J29: 248.788 | K29: 400.198 | L29: 178.735 | M29: 220.105 | N29: 60.817 | O29: 230.442 | P29: 164.517 | Q29: 328.629 | R29: 209.637 | S29: 210.063 | T29: 571.369 | U29: 302.089 | V29: 318.114 | W29: 514.263 | X29: 65.031 | Y29: 167.906 | Z29: 381.748 | AA29: 415.581 | AB29: 350.806 | AC29: 455.73 | AD29: 80.348 | AE29: 489.504 | AF29: 222.831 | AG29: 315.65 | AH29: 190.807 | ALQ29: #N/A
A30: 46935 | B30: 98 | C30: 98 | D30: 98 | E30: 191.985 | F30: 68.807 | G30: 481.469 | H30: 117.383 | I30: 183.177 | J30: 113.444 | K30: 248.134 | L30: 54.566 | M30: 62.32 | N30: 26.273 | O30: 59.727 | P30: 58.913 | Q30: 118.938 | R30: 76.292 | S30: 71.126 | T30: 234.618 | U30: 142.1 | V30: 76.321 | W30: 246.71 | X30: 31.321 | Y30: 57.899 | Z30: 109.49 | AA30: 128.005 | AB30: 104.583 | AC30: 138.59 | AD30: 34.66 | AE30: 289.838 | AF30: 65.276 | AG30: 128.101 | AH30: 70.583 | ALQ30: #N/A
A31: 46966 | B31: 63 | C31: 63 | D31: 63 | E31: 73.266 | F31: 46.09 | G31: 131.81 | H31: 57.996 | I31: 88.443 | J31: 55.075 | K31: 97.874 | L31: 48.617 | M31: 56.687 | N31: 23.58 | O31: 45.144 | P31: 41.34 | Q31: 62.572 | R31: 55.61 | S31: 53.591 | T31: 84.586 | U31: 58.493 | V31: 55.136 | W31: 74.876 | X31: 32.569 | Y31: 42.161 | Z31: 63.214 | AA31: 57.516 | AB31: 57.812 | AC31: 67.944 | AD31: 29.275 | AE31: 88.705 | AF31: 43.604 | AG31: 58.069 | AH31: 60.646 | ALQ31: #N/A
A32: 46997 | B32: 42 | C32: 42 | D32: 42 | E32: 52.895 | F32: 38.972 | G32: 70.512 | H32: 43.824 | I32: 65.184 | J32: 36.2 | K32: 53.571 | L32: 36.396 | M32: 33.721 | N32: 23.614 | O32: 65.548 | P32: 41.668 | Q32: 41.225 | R32: 41.987 | S32: 50.496 | T32: 49.193 | U32: 40.181 | V32: 31.592 | W32: 43.842 | X32: 26.437 | Y32: 60.79 | Z32: 60.615 | AA32: 41.721 | AB32: 38.823 | AC32: 43.002 | AD32: 24.221 | AE32: 46.75 | AF32: 40.381 | AG32: 36.714 | AH32: 42.2 | ALQ32: #N/A
A33: 47027 | B33: 48 | C33: 38 | D33: 43 | E33: 51.778 | F33: 51.979 | G33: 67.305 | H33: 61.564 | I33: 74.13 | J33: 54.809 | K33: 43.887 | L33: 36.937 | M33: 34.356 | N33: 37.496 | O33: 39.446 | P33: 41.825 | Q33: 61.162 | R33: 84.593 | S33: 56.901 | T33: 47.987 | U33: 45.335 | V33: 36.126 | W33: 47.708 | X33: 26.697 | Y33: 58.532 | Z33: 72.692 | AA33: 39.465 | AB33: 35.942 | AC33: 46.337 | AD33: 29.235 | AE33: 43.051 | AF33: 43.051 | AG33: 32.784 | AH33: 33.201 | ALQ33: #N/A
A34: 47058 | B34: 39 | C34: 35 | D34: 37 | E34: 42.071 | F34: 39.733 | G34: 51.309 | H34: 49.551 | I34: 54 | J34: 45.181 | K34: 35.836 | L34: 33.031 | M34: 33.319 | N34: 24.226 | O34: 29.991 | P34: 38.257 | Q34: 46.781 | R34: 54.719 | S34: 44.016 | T34: 42.23 | U34: 41.824 | V34: 36.621 | W34: 39.187 | X34: 23.238 | Y34: 37.81 | Z34: 44.283 | AA34: 36.378 | AB34: 31.37 | AC34: 40.595 | AD34: 27.57 | AE34: 38.174 | AF34: 46.113 | AG34: 32.561 | AH34: 29.115 | ALQ34: #N/A
A35: 47088 | B35: 32 | C35: 32 | D35: 32 | E35: 36.014 | F35: 31.622 | G35: 47.207 | H35: 40.196 | I35: 41.437 | J35: 39.964 | K35: 32.028 | L35: 28.319 | M35: 27.488 | N35: 20.508 | O35: 27.438 | P35: 29.853 | Q35: 34.099 | R35: 37.667 | S35: 31.335 | T35: 37.565 | U35: 33.626 | V35: 30.737 | W35: 34.226 | X35: 21.338 | Y35: 28.193 | Z35: 36.297 | AA35: 32.157 | AB35: 29.303 | AC35: 37.222 | AD35: 22.46 | AE35: 35.565 | AF35: 36.065 | AG35: 29.234 | AH35: 26.278 | ALQ35: #N/A
A36: 47119 | B36: 31 | C36: 31 | D36: 31 | E36: 32.849 | F36: 28.65 | G36: 39.9 | H36: 34.634 | I36: 36.909 | J36: 34.537 | K36: 32.213 | L36: 26.045 | M36: 24.273 | N36: 19.722 | O36: 24.548 | P36: 29.063 | Q36: 29.525 | R36: 31.797 | S36: 26.1 | T36: 33.98 | U36: 29.808 | V36: 27.834 | W36: 32.698 | X36: 19.811 | Y36: 24.476 | Z36: 31.676 | AA36: 29.27 | AB36: 27.474 | AC36: 32.933 | AD36: 20.632 | AE36: 32.37 | AF36: 29.059 | AG36: 26.412 | AH36: 24.651 | ALQ36: #N/A
A37: 47150 | B37: 29 | C37: 29 | D37: 29 | E37: 27.74 | F37: 31.409 | G37: 39.069 | H37: 28.068 | I37: 31.587 | J37: 33.466 | K37: 31.889 | L37: 24.68 | M37: 20.558 | N37: 22.612 | O37: 21.13 | P37: 25.366 | Q37: 24.193 | R37: 31.657 | S37: 21.173 | T37: 30.095 | U37: 24.678 | V37: 23.133 | W37: 27.16 | X37: 17.375 | Y37: 26.085 | Z37: 37.231 | AA37: 27.588 | AB37: 33.82 | AC37: 34.288 | AD37: 17.936 | AE37: 28.609 | AF37: 27.412 | AG37: 24.4 | AH37: 22.681 | ALQ37: #N/A
A38: 47178 | B38: 46 | C38: 46 | D38: 46 | E38: 50.992 | F38: 62.4 | G38: 52.138 | H38: 59.903 | I38: 54.537 | J38: 52.361 | K38: 40.076 | L38: 37.422 | M38: 27.566 | N38: 38.749 | O38: 59.628 | P38: 33.046 | Q38: 35.988 | R38: 82.249 | S38: 24.383 | T38: 55.313 | U38: 30.391 | V38: 40.813 | W38: 52.123 | X38: 26.287 | Y38: 37.264 | Z38: 67.452 | AA38: 49.093 | AB38: 79.027 | AC38: 37.337 | AD38: 28.648 | AE38: 44.985 | AF38: 37.359 | AG38: 44.908 | AH38: 43.459 | ALQ38: #N/A
A39: 47209 | B39: 100 | C39: 100 | D39: 100 | E39: 96.332 | F39: 81.199 | G39: 125.471 | H39: 114.026 | I39: 91.046 | J39: 78.923 | K39: 109.593 | L39: 82.446 | M39: 67.925 | N39: 73.509 | O39: 138.903 | P39: 83.846 | Q39: 119.745 | R39: 140.153 | S39: 76.712 | T39: 86.419 | U39: 74.242 | V39: 97.733 | W39: 116.525 | X39: 50.864 | Y39: 84.935 | Z39: 101.443 | AA39: 85.838 | AB39: 144.091 | AC39: 67.937 | AD39: 115.796 | AE39: 66.662 | AF39: 67.015 | AG39: 102.369 | AH39: 99.148 | ALQ39: #N/A
... A68: 48092 | B68: 42 | C68: 42 | D68: 42 | E68: 44.066 | F68: 66.108 | G68: 37.199 | H68: 54.432 | I68: 37.007 | J68: 34.658 | K68: 23.506 | L68: 65.975 | M68: 41.489 | N68: 40.823 | O68: 41.853 | P68: 50.822 | Q68: 49.378 | R68: 40.411 | S68: 32.845 | T68: 44.393 | U68: 26.618 | V68: 61.019 | W68: 59.199 | X68: 41.69 | Y68: 39.232 | Z68: 43.227 | AA68: 24.613 | AB68: 47.372 | AC68: 40.454 | AD68: 37.63 | AE68: 43.508 | AF68: 53.115 | AG68: 39.054 | AH68: 39.054 | ALQ68: #N/A
ALQ69: #N/A
ALQ70: #N/A
ALQ71: #N/A
ALQ72: #N/A

Sheet Fontenelle.Inflow
B2: Max | C2: Min | D2: Most | E2: 1991 | F2: 1992 | G2: 1993 | H2: 1994 | I2: 1995 | J2: 1996 | K2: 1997 | L2: 1998 | M2: 1999 | N2: 2000 | O2: 2001 | P2: 2002 | Q2: 2003 | R2: 2004 | S2: 2005 | T2: 2006 | U2: 2007 | V2: 2008 | W2: 2009 | X2: 2010 | Y2: 2011 | Z2: 2012 | AA2: 2013 | AB2: 2014 | AC2: 2015 | AD2: 2016 | AE2: 2017 | AF2: 2018 | AG2: 2019 | AH2: 2020
B3: Trace1 | C3: Trace2 | D3: Trace3 | E3: Trace4 | F3: Trace5 | G3: Trace6 | H3: Trace7 | I3: Trace8 | J3: Trace9 | K3: Trace10 | L3: Trace11 | M3: Trace12 | N3: Trace13 | O3: Trace14 | P3: Trace15 | Q3: Trace16 | R3: Trace17 | S3: Trace18 | T3: Trace19 | U3: Trace20 | V3: Trace21 | W3: Trace22 | X3: Trace23 | Y3: Trace24 | Z3: Trace25 | AA3: Trace26 | AB3: Trace27 | AC3: Trace28 | AD3: Trace29 | AE3: Trace30 | AF3: Trace31 | AG3: Trace32 | AH3: Trace33
A4: 46143 | B4: 116 | C4: 31 | D4: 65 | E4: 71.309 | F4: 116.082 | G4: 125.307 | H4: 94.97 | I4: 46.156 | J4: 50.23 | K4: 70.582 | L4: 56.938 | M4: 47.198 | N4: 94.013 | O4: 79.179 | P4: 42.917 | Q4: 53.486 | R4: 59.012 | S4: 84.136 | T4: 85.641 | U4: 97.502 | V4: 64.401 | W4: 60.607 | X4: 23.563 | Y4: 35.261 | Z4: 60.387 | AA4: 72.708 | AB4: 65.599 | AC4: 66.589 | AD4: 90.384 | AE4: 57.24 | AF4: 94.388 | AG4: 38.356 | AH4: 39.451
A5: 46174 | B5: 293 | C5: 77 | D5: 165 | E5: 240.777 | F5: 104.633 | G5: 182.475 | H5: 113.384 | I5: 275.589 | J5: 211.899 | K5: 184.874 | L5: 169.08 | M5: 197.96 | N5: 147.31 | O5: 97.689 | P5: 149.876 | Q5: 134.671 | R5: 187.952 | S5: 198.852 | T5: 76.902 | U5: 77.141 | V5: 160.311 | W5: 237.688 | X5: 187.125 | Y5: 131.907 | Z5: 126.498 | AA5: 88.255 | AB5: 128.59 | AC5: 232.86 | AD5: 194.191 | AE5: 121.115 | AF5: 190.812 | AG5: 160.92 | AH5: 183.543
A6: 46204 | B6: 140 | C6: 37 | D6: 79 | E6: 103.652 | F6: 59.26 | G6: 111.446 | H6: 21.085 | I6: 209.791 | J6: 84.194 | K6: 66.188 | L6: 209.256 | M6: 106.724 | N6: 39.6 | O6: 26.428 | P6: 54.233 | Q6: 42.278 | R6: 139.894 | S6: 130.152 | T6: 8.981 | U6: 18.618 | V6: 101.166 | W6: 174.431 | X6: 174.643 | Y6: 184.696 | Z6: 44.848 | AA6: 31.696 | AB6: 73.856 | AC6: 134.859 | AD6: 59.34 | AE6: 45.098 | AF6: 65.947 | AG6: 116.678 | AH6: 84.144
A7: 46235 | B7: 60 | C7: 27 | D7: 30 | E7: 44.895 | F7: 23.848 | G7: 98.673 | H7: 17.18 | I7: 68.439 | J7: 30.005 | K7: 46.271 | L7: 61.822 | M7: 39.061 | N7: 22.001 | O7: 16.739 | P7: 23.165 | Q7: 20.031 | R7: 48.961 | S7: 43.91 | T7: 14.71 | U7: 22.497 | V7: 31.495 | W7: 47.846 | X7: 52.45 | Y7: 49.691 | Z7: 20.11 | AA7: 18.025 | AB7: 29.995 | AC7: 39.668 | AD7: 26.626 | AE7: 21.453 | AF7: 26.317 | AG7: 38.617 | AH7: 27.608
A8: 46266 | B8: 42 | C8: 26 | D8: 27 | E8: 41.277 | F8: 22.615 | G8: 38.6 | H8: 17.109 | I8: 35.03 | J8: 22.384 | K8: 40.817 | L8: 32.225 | M8: 36.715 | N8: 27.741 | O8: 16.183 | P8: 25.879 | Q8: 23.57 | R8: 39.411 | S8: 27.41 | T8: 15.897 | U8: 20.217 | V8: 28.418 | W8: 26.59 | X8: 32.317 | Y8: 28.122 | Z8: 16.526 | AA8: 24.194 | AB8: 29.124 | AC8: 28.512 | AD8: 26.223 | AE8: 24.742 | AF8: 19.902 | AG8: 31.36 | AH8: 20.394
A9: 46296 | B9: 51 | C9: 39 | D9: 36 | E9: 35.27 | F9: 25.271 | G9: 40.85 | H9: 32.37 | I9: 42.65 | J9: 31.291 | K9: 50.699 | L9: 42.153 | M9: 32.16 | N9: 33.108 | O9: 22.494 | P9: 33.857 | Q9: 24.61 | R9: 44.415 | S9: 36.156 | T9: 37.035 | U9: 41.39 | V9: 32.452 | W9: 38.803 | X9: 33.087 | Y9: 36.762 | Z9: 23.008 | AA9: 34.296 | AB9: 87.353 | AC9: 43.378 | AD9: 65.809 | AE9: 43.562 | AF9: 28.919 | AG9: 37.667 | AH9: 26.51
A10: 46327 | B10: 45 | C10: 39 | D10: 38 | E10: 36.648 | F10: 26.616 | G10: 34.97 | H10: 30.303 | I10: 40.194 | J10: 33.85 | K10: 34.502 | L10: 35.034 | M10: 30.339 | N10: 30.196 | O10: 31.459 | P10: 29.542 | Q10: 26.636 | R10: 44.365 | S10: 33.853 | T10: 28.584 | U10: 34.992 | V10: 35.48 | W10: 38.073 | X10: 33.87 | Y10: 35.135 | Z10: 30.218 | AA10: 29.623 | AB10: 43.844 | AC10: 34.466 | AD10: 66.924 | AE10: 37.398 | AF10: 31.106 | AG10: 32.309 | AH10: 31.495
A11: 46357 | B11: 34 | C11: 32 | D11: 32 | E11: 31.496 | F11: 22.856 | G11: 29.235 | H11: 23.868 | I11: 39.797 | J11: 31.515 | K11: 26.919 | L11: 30.895 | M11: 26.157 | N11: 24.597 | O11: 23.979 | P11: 24.304 | Q11: 22.622 | R11: 31.237 | S11: 29.519 | T11: 24.791 | U11: 25.383 | V11: 27.943 | W11: 30.314 | X11: 28.395 | Y11: 28.033 | Z11: 25.164 | AA11: 23.592 | AB11: 32.534 | AC11: 28.286 | AD11: 37.194 | AE11: 33.589 | AF11: 25.422 | AG11: 26.72 | AH11: 26.14
A12: 46388 | B12: 33 | C12: 29 | D12: 31 | E12: 26.969 | F12: 20.541 | G12: 25.443 | H12: 20.679 | I12: 30.948 | J12: 32.757 | K12: 22.97 | L12: 26.135 | M12: 22.954 | N12: 21.36 | O12: 19.849 | P12: 21.179 | Q12: 20.178 | R12: 26.222 | S12: 29.536 | T12: 23.184 | U12: 20.983 | V12: 25.805 | W12: 25.946 | X12: 25.684 | Y12: 25.556 | Z12: 21.076 | AA12: 20.908 | AB12: 30.11 | AC12: 25.064 | AD12: 29.885 | AE12: 28.767 | AF12: 22.173 | AG12: 23.059 | AH12: 22.295
A13: 46419 | B13: 31 | C13: 27 | D13: 29 | E13: 23.52 | F13: 19.14 | G13: 21.791 | H13: 29.001 | I13: 35.096 | J13: 26.513 | K13: 19.74 | L13: 24.317 | M13: 24.018 | N13: 18.936 | O13: 17.35 | P13: 27.031 | Q13: 18.941 | R13: 23.33 | S13: 24.891 | T13: 22.262 | U13: 17.921 | V13: 24.727 | W13: 22.089 | X13: 24.096 | Y13: 24.338 | Z13: 18.85 | AA13: 25.368 | AB13: 34.089 | AC13: 30.519 | AD13: 41.917 | AE13: 26.517 | AF13: 22.456 | AG13: 20.834 | AH13: 23.63
A14: 46447 | B14: 64 | C14: 43 | D14: 51 | E14: 44.99 | F14: 41.94 | G14: 43.334 | H14: 58.644 | I14: 52.174 | J14: 50.554 | K14: 38.321 | L14: 41.348 | M14: 34.142 | N14: 32.643 | O14: 26.22 | P14: 35.545 | Q14: 50.6 | R14: 44.808 | S14: 33.66 | T14: 55.602 | U14: 26.167 | V14: 44.227 | W14: 32.266 | X14: 32.028 | Y14: 52.707 | Z14: 33.359 | AA14: 38.694 | AB14: 61.907 | AC14: 50.116 | AD14: 124.707 | AE14: 33.863 | AF14: 36.946 | AG14: 38.869 | AH14: 30.948
A15: 46478 | B15: 97 | C15: 65 | D15: 77 | E15: 62.066 | F15: 63.2 | G15: 78.954 | H15: 57.642 | I15: 106.606 | J15: 79.439 | K15: 67.707 | L15: 56.308 | M15: 68.555 | N15: 43.397 | O15: 55.63 | P15: 58.884 | Q15: 101.37 | R15: 68.834 | S15: 90.347 | T15: 59.308 | U15: 31.542 | V15: 73.064 | W15: 45.632 | X15: 55.651 | Y15: 108.41 | Z15: 40.636 | AA15: 68.764 | AB15: 67.735 | AC15: 79.469 | AD15: 244.487 | AE15: 63.805 | AF15: 86.729 | AG15: 57.478 | AH15: 53.612
... A63: 47939 | B63: 77 | C63: 77 | D63: 77 | E63: 112.04 | F63: 90.81 | G63: 84.086 | H63: 63.018 | I63: 81.028 | J63: 47.116 | K63: 55.945 | L63: 59.662 | M63: 105.551 | N63: 71.202 | O63: 97.101 | P63: 68.613 | Q63: 32.552 | R63: 77.279 | S63: 52.149 | T63: 55.538 | U63: 131.142 | V63: 45.522 | W63: 68.824 | X63: 81.628 | Y63: 82.67 | Z63: 246.178 | AA63: 84.36 | AB63: 97.57 | AC63: 63.146 | AD63: 59.435 | AE63: 65.467 | AF63: 62.087 | AG63: 89.89 | AH63: 61.275
A64: 47969 | B64: 166 | C64: 166 | D64: 166 | E64: 154.675 | F64: 340.5 | G64: 162.293 | H64: 179.53 | I64: 173.235 | J64: 104.024 | K64: 50.479 | L64: 72.114 | M64: 100.908 | N64: 137.246 | O64: 234.853 | P64: 173.004 | Q64: 107.737 | R64: 137.413 | S64: 27.255 | T64: 144.788 | U64: 178.287 | V64: 71.157 | W64: 174.63 | X64: 188.582 | Y64: 127.266 | Z64: 368.149 | AA64: 275.84 | AB64: 87.038 | AC64: 125.673 | AD64: 81.97 | AE64: 151.075 | AF64: 200.793 | AG64: 193.472 | AH64: 193.472 | ALQ64: #N/A
A65: 48000 | B65: 301 | C65: 301 | D65: 301 | E65: 582.794 | F65: 712.318 | G65: 310.288 | H65: 533.898 | I65: 217.381 | J65: 119.214 | K65: 188.091 | L65: 209.056 | M65: 244.785 | N65: 362.429 | O65: 277.598 | P65: 64.304 | Q65: 272.16 | R65: 448.301 | S65: 202.232 | T65: 400.637 | U65: 207.884 | V65: 95.417 | W65: 442.824 | X65: 297.39 | Y65: 276.537 | Z65: 711.41 | AA65: 453.814 | AB65: 268.394 | AC65: 342.059 | AD65: 331.853 | AE65: 57.319 | AF65: 345.762 | AG65: 149.803 | AH65: 149.803 | ALQ65: #N/A
A66: 48030 | B66: 146 | C66: 146 | D66: 146 | E66: 282.358 | F66: 311.74 | G66: 354.608 | H66: 321.549 | I66: 65.439 | J66: 31.353 | K66: 78.955 | L66: 72.474 | M66: 166.212 | N66: 254.024 | O66: 78.081 | P66: 11.795 | Q66: 190.748 | R66: 343.871 | S66: 177.434 | T66: 599.543 | U66: 72.352 | V66: 37.059 | W66: 286.57 | X66: 132.428 | Y66: 90.021 | Z66: 355.95 | AA66: 196.289 | AB66: 211.662 | AC66: 167.735 | AD66: 161.405 | AE66: 31.328 | AF66: 222.926 | AG66: 28.749 | AH66: 28.749 | ALQ66: #N/A
A67: 48061 | B67: 59 | C67: 59 | D67: 59 | E67: 90.536 | F67: 151.24 | G67: 119.655 | H67: 112.274 | I67: 38.287 | J67: 21.42 | K67: 34.104 | L67: 34.042 | M67: 66.57 | N67: 83.482 | O67: 45.837 | P67: 28.127 | Q67: 61.363 | R67: 107.546 | S67: 59.454 | T67: 175.972 | U67: 38.57 | V67: 24.267 | W67: 97.829 | X67: 52.337 | Y67: 43.788 | Z67: 116.154 | AA67: 71.858 | AB67: 78.987 | AC67: 59.837 | AD67: 71.806 | AE67: 20.696 | AF67: 170.384 | AG67: 26.899 | AH67: 26.899 | ALQ67: #N/A
A68: 48092 | B68: 39 | C68: 39 | D68: 39 | E68: 54.884 | F68: 95.901 | G68: 57.275 | H68: 78.413 | I68: 43.031 | J68: 20.429 | K68: 34.676 | L68: 34.42 | M68: 53.825 | N68: 47.122 | O68: 37.296 | P68: 27.023 | Q68: 46.292 | R68: 52.28 | S68: 39.269 | T68: 77.937 | U68: 30.676 | V68: 30.832 | W68: 66.876 | X68: 40.735 | Y68: 39.289 | Z68: 80.368 | AA68: 45.647 | AB68: 55.304 | AC68: 39.595 | AD68: 57.993 | AE68: 24.504 | AF68: 67.416 | AG68: 25.915 | AH68: 25.915 | ALQ68: #N/A
ALQ69: #N/A
ALQ70: #N/A
ALQ71: #N/A
ALQ72: #N/A

Sheet PowellInflow.Unregulated
B2: Max | C2: Min | D2: Most | E2: 1991 | F2: 1992 | G2: 1993 | H2: 1994 | I2: 1995 | J2: 1996 | K2: 1997 | L2: 1998 | M2: 1999 | N2: 2000 | O2: 2001 | P2: 2002 | Q2: 2003 | R2: 2004 | S2: 2005 | T2: 2006 | U2: 2007 | V2: 2008 | W2: 2009 | X2: 2010 | Y2: 2011 | Z2: 2012 | AA2: 2013 | AB2: 2014 | AC2: 2015 | AD2: 2016 | AE2: 2017 | AF2: 2018 | AG2: 2019 | AH2: 2020
B3: Trace1 | C3: Trace2 | D3: Trace3 | E3: Trace4 | F3: Trace5 | G3: Trace6 | H3: Trace7 | I3: Trace8 | J3: Trace9 | K3: Trace10 | L3: Trace11 | M3: Trace12 | N3: Trace13 | O3: Trace14 | P3: Trace15 | Q3: Trace16 | R3: Trace17 | S3: Trace18 | T3: Trace19 | U3: Trace20 | V3: Trace21 | W3: Trace22 | X3: Trace23 | Y3: Trace24 | Z3: Trace25 | AA3: Trace26 | AB3: Trace27 | AC3: Trace28 | AD3: Trace29 | AE3: Trace30 | AF3: Trace31 | AG3: Trace32 | AH3: Trace33
A4: 46143 | B4: 517 | C4: 54 | D4: 180 | E4: 51.395 | F4: 348.96 | G4: 269.281 | H4: 158.187 | I4: 510.752 | J4: 135.529 | K4: 232.891 | L4: 70.603 | M4: 225.964 | N4: 231.63 | O4: 330 | P4: 0.786 | Q4: 257.723 | R4: 157.843 | S4: 245.381 | T4: 153.234 | U4: 334.9 | V4: 161.762 | W4: 268.076 | X4: 43.182 | Y4: 168.438 | Z4: 130.101 | AA4: 183.059 | AB4: 176.941 | AC4: 442.604 | AD4: 445.834 | AE4: 154.461 | AF4: 262.386 | AG4: 117.187 | AH4: 137.937
A5: 46174 | B5: 631 | C5: 66 | D5: 220 | E5: 273.853 | F5: 231.427 | G5: 270.768 | H5: 40.422 | I5: 910.382 | J5: 70.995 | K5: 315.692 | L5: 133.908 | M5: 388.236 | N5: 113.59 | O5: 87.793 | P5: 25.94 | Q5: 257.801 | R5: 3.032 | S5: 258.068 | T5: 28.386 | U5: 82.249 | V5: 234.836 | W5: 208.573 | X5: 296.066 | Y5: 358.72 | Z5: -22.666 | AA5: 93.912 | AB5: 241.356 | AC5: 728.782 | AD5: 250.952 | AE5: 164.434 | AF5: 33.089 | AG5: 473.611 | AH5: 82.559
A6: 46204 | B6: 80 | C6: 8 | D6: 28 | E6: 60.514 | F6: 27.307 | G6: 42.362 | H6: -71.661 | I6: 531.827 | J6: 0.955 | K6: 39.41 | L6: 105.638 | M6: 149.861 | N6: -44.827 | O6: -40.641 | P6: -52.164 | Q6: -9.019 | R6: 28.693 | S6: 80.451 | T6: -60.922 | U6: -52.672 | V6: 58.23 | W6: 115.339 | X6: 107.08 | Y6: 170.684 | Z6: -37.886 | AA6: -32.264 | AB6: 6.674 | AC6: 251.491 | AD6: 31.536 | AE6: -1.652 | AF6: -31.591 | AG6: 207.43 | AH6: -19.372
A7: 46235 | B7: 181 | C7: 107 | D7: 100 | E7: 108.269 | F7: 107.994 | G7: 138.624 | H7: 21.181 | I7: 238.626 | J7: 31.34 | K7: 190.302 | L7: 122.733 | M7: 242.351 | N7: 31.421 | O7: 78.507 | P7: 26.898 | Q7: 60.407 | R7: 67.694 | S7: 104.08 | T7: 66.011 | U7: 97.441 | V7: 91.405 | W7: 90.081 | X7: 143.668 | Y7: 126.046 | Z7: 47.851 | AA7: 105.32 | AB7: 105.495 | AC7: 149.826 | AD7: 118.358 | AE7: 71.32 | AF7: 36.461 | AG7: 102.559 | AH7: 35.437
A8: 46266 | B8: 273 | C8: 178 | D8: 150 | E8: 200.617 | F8: 162.837 | G8: 209.901 | H8: 121.746 | I8: 205.875 | J8: 121.759 | K8: 291.608 | L8: 142.757 | M8: 232.989 | N8: 111.136 | O8: 99.501 | P8: 151.029 | Q8: 228.744 | R8: 172.2 | S8: 122.561 | T8: 142.592 | U8: 177.428 | V8: 148.971 | W8: 103.384 | X8: 129.226 | Y8: 160.499 | Z8: 83.517 | AA8: 307.828 | AB8: 204.601 | AC8: 164.825 | AD8: 194.95 | AE8: 98.308 | AF8: 76.229 | AG8: 112.658 | AH8: 95.205
A9: 46296 | B9: 516 | C9: 350 | D9: 271 | E9: 214.349 | F9: 202.883 | G9: 296.221 | H9: 304.271 | I9: 354.534 | J9: 316.032 | K9: 554.869 | L9: 296.039 | M9: 230.647 | N9: 303.101 | O9: 179.128 | P9: 293.92 | Q9: 239.689 | R9: 376.475 | S9: 360.503 | T9: 846.34 | U9: 395.72 | V9: 232.268 | W9: 221.799 | X9: 324.075 | Y9: 328.55 | Z9: 173.548 | AA9: 481.564 | AB9: 482.89 | AC9: 329.427 | AD9: 328.104 | AE9: 296.419 | AF9: 284.133 | AG9: 222.275 | AH9: 201.608
A10: 46327 | B10: 456 | C10: 429 | D10: 371 | E10: 330.946 | F10: 288.498 | G10: 340.323 | H10: 355.922 | I10: 370.096 | J10: 377.899 | K10: 406.504 | L10: 424.583 | M10: 275.252 | N10: 320.74 | O10: 272.321 | P10: 315.164 | Q10: 303.561 | R10: 504.672 | S10: 386.105 | T10: 458.387 | U10: 388.264 | V10: 297.932 | W10: 312.082 | X10: 356.981 | Y10: 360.358 | Z10: 245.046 | AA10: 429.956 | AB10: 367.593 | AC10: 356.99 | AD10: 345.071 | AE10: 301.877 | AF10: 313.238 | AG10: 300.268 | AH10: 327.697
A11: 46357 | B11: 354 | C11: 347 | D11: 361 | E11: 284.528 | F11: 249.55 | G11: 257.626 | H11: 277.589 | I11: 337.648 | J11: 352.034 | K11: 294.813 | L11: 320.571 | M11: 250.901 | N11: 248.109 | O11: 250.047 | P11: 255.009 | Q11: 277.984 | R11: 310.725 | S11: 279.883 | T11: 313.553 | U11: 329.673 | V11: 273.188 | W11: 268.904 | X11: 322.688 | Y11: 286.614 | Z11: 236.702 | AA11: 300.138 | AB11: 294.919 | AC11: 295.125 | AD11: 298.307 | AE11: 270.192 | AF11: 249.927 | AG11: 294.991 | AH11: 274.567
A12: 46388 | B12: 364 | C12: 333 | D12: 350 | E12: 237.875 | F12: 320.985 | G12: 220.874 | H12: 261.403 | I12: 284.238 | J12: 313.992 | K12: 257.844 | L12: 251.779 | M12: 229.026 | N12: 224.821 | O12: 210.826 | P12: 217.926 | Q12: 239.605 | R12: 450.948 | S12: 250.582 | T12: 260.814 | U12: 261.305 | V12: 258.267 | W12: 234.334 | X12: 298.679 | Y12: 256.468 | Z12: 213.514 | AA12: 242.243 | AB12: 264.631 | AC12: 266.913 | AD12: 324.868 | AE12: 227.48 | AF12: 226.23 | AG12: 247.821 | AH12: 217.119
A13: 46419 | B13: 398 | C13: 378 | D13: 397 | E13: 256.069 | F13: 420.931 | G13: 195.653 | H13: 281.084 | I13: 294.707 | J13: 288.359 | K13: 260.873 | L13: 242.621 | M13: 258.196 | N13: 206.174 | O13: 159.507 | P13: 235.448 | Q13: 207.648 | R13: 453.67 | S13: 204.549 | T13: 264.423 | U13: 243.305 | V13: 255.386 | W13: 264.612 | X13: 243.493 | Y13: 228.103 | Z13: 207.105 | AA13: 234.636 | AB13: 344.743 | AC13: 298.787 | AD13: 447.09 | AE13: 218.133 | AF13: 230.421 | AG13: 214.317 | AH13: 202.981
A14: 46447 | B14: 660 | C14: 564 | D14: 614 | E14: 451.584 | F14: 497.674 | G14: 392.835 | H14: 808.256 | I14: 462.182 | J14: 626.722 | K14: 356.646 | L14: 346.334 | M14: 361.275 | N14: 397.733 | O14: 208.143 | P14: 392.945 | Q14: 531.967 | R14: 608.971 | S14: 304.498 | T14: 633.129 | U14: 343.763 | V14: 456.155 | W14: 404.486 | X14: 389.596 | Y14: 362.563 | Z14: 292.756 | AA14: 403.319 | AB14: 540.783 | AC14: 485.563 | AD14: 1037.175 | AE14: 277.195 | AF14: 472.263 | AG14: 370.541 | AH14: 326.552
A15: 46478 | B15: 1106 | C15: 716 | D15: 920 | E15: 852.851 | F15: 1176.78 | G15: 620.391 | H15: 745.263 | I15: 792.913 | J15: 1171.287 | K15: 761.23 | L15: 488.302 | M15: 604.021 | N15: 656.599 | O15: 369.782 | P15: 530.398 | Q15: 1218.578 | R15: 1232.239 | S15: 795.686 | T15: 948.591 | U15: 552.886 | V15: 573.86 | W15: 534.482 | X15: 928.965 | Y15: 797.799 | Z15: 280.688 | AA15: 575.788 | AB15: 542.845 | AC15: 708.988 | AD15: 1685.067 | AE15: 305.969 | AF15: 1024.375 | AG15: 435.99 | AH15: 363.5
... A63: 47939 | B63: 920 | C63: 920 | D63: 920 | E63: 1054.729 | F63: 1422.399 | G63: 1087.801 | H63: 712.34 | I63: 818.231 | J63: 787.499 | K63: 477.264 | L63: 553.846 | M63: 1378.734 | N63: 1396.574 | O63: 1071.401 | P63: 1168.752 | Q63: 666.288 | R63: 793.882 | S63: 733.533 | T63: 1107.199 | U63: 1194.504 | V63: 368.945 | W63: 666.445 | X63: 714.785 | Y63: 766.359 | Z63: 1881.444 | AA63: 490.274 | AB63: 1113.686 | AC63: 626.607 | AD63: 484.727 | AE63: 1020.845 | AF63: 1322.077 | AG63: 1001.244 | AH63: 914.814
A64: 47969 | B64: 2060 | C64: 2060 | D64: 2060 | E64: 3029.1 | F64: 4003.339 | G64: 2660.645 | H64: 2192.649 | I64: 2023.39 | J64: 2254.13 | K64: 302.246 | L64: 1405.591 | M64: 1775.783 | N64: 2997.564 | O64: 2392.268 | P64: 2074.589 | Q64: 2150.605 | R64: 2767.837 | S64: 988.465 | T64: 2409.257 | U64: 1367.706 | V64: 753.78 | W64: 1672.363 | X64: 1419.685 | Y64: 2033.998 | Z64: 2471.448 | AA64: 1275.5 | AB64: 2464.55 | AC64: 1570.331 | AD64: 1000.218 | AE64: 1882.442 | AF64: 3481.887 | AG64: 2091.294 | AH64: 2091.294 | ALQ64: #N/A
A65: 48000 | B65: 2423 | C65: 2423 | D65: 2423 | E65: 2887.08 | F65: 4852.396 | G65: 2548.119 | H65: 3311.496 | I65: 1394.195 | J65: 1557.36 | K65: 387.319 | L65: 2128.235 | M65: 1030.879 | N65: 3526.776 | O65: 2006.026 | P65: 1160.007 | Q65: 3711.269 | R65: 2567.931 | S65: 2575.158 | T65: 5040.035 | U65: 433.112 | V65: 1239.434 | W65: 2957.754 | X65: 2199.399 | Y65: 2500.478 | Z65: 3245.023 | AA65: 960.248 | AB65: 3767.66 | AC65: 1778.969 | AD65: 2358.643 | AE65: 1162.015 | AF65: 4362.314 | AG65: 1634.534 | AH65: 1634.534 | ALQ65: #N/A
A66: 48030 | B66: 711 | C66: 711 | D66: 711 | E66: 1181.504 | F66: 1750.979 | G66: 1515.153 | H66: 1850.712 | I66: 257.115 | J66: 342.784 | K66: 15.012 | L66: 507.362 | M66: 405.432 | N66: 1468.558 | O66: 500.561 | P66: 317.82 | Q66: 1877.132 | R66: 1537.053 | S66: 876.904 | T66: 3676.848 | U66: 105.676 | V66: 298.007 | W66: 1071.355 | X66: 798.586 | Y66: 748.196 | Z66: 1157.116 | AA66: 251.464 | AB66: 2261.459 | AC66: 472.299 | AD66: 983.838 | AE66: 413.715 | AF66: 1916.485 | AG66: 319.135 | AH66: 319.135 | ALQ66: #N/A
A67: 48061 | B67: 371 | C67: 371 | D67: 371 | E67: 376.492 | F67: 852.817 | G67: 564.695 | H67: 765.008 | I67: 167.756 | J67: 258.345 | K67: 61.115 | L67: 217.653 | M67: 208.321 | N67: 508.284 | O67: 314.475 | P67: 290.395 | Q67: 577.079 | R67: 459.511 | S67: 415.942 | T67: 861.172 | U67: 156.741 | V67: 239.971 | W67: 453.135 | X67: 289.834 | Y67: 355.199 | Z67: 496.203 | AA67: 159.638 | AB67: 596.23 | AC67: 227.05 | AD67: 380.136 | AE67: 286.19 | AF67: 705.966 | AG67: 200.621 | AH67: 200.621 | ALQ67: #N/A
A68: 48092 | B68: 316 | C68: 316 | D68: 316 | E68: 383.245 | F68: 761.05 | G68: 423.399 | H68: 526.585 | I68: 249.704 | J68: 233.817 | K68: 205.942 | L68: 399.987 | M68: 334.229 | N68: 388.919 | O68: 362.926 | P68: 359.503 | Q68: 440.978 | R68: 324.223 | S68: 295.624 | T68: 548.14 | U68: 190.671 | V68: 476.812 | W68: 459.066 | X68: 268.628 | Y68: 381.75 | Z68: 367.839 | AA68: 175.395 | AB68: 388.227 | AC68: 247.691 | AD68: 414.929 | AE68: 310.412 | AF68: 602.97 | AG68: 312.232 | AH68: 312.232 | ALQ68: #N/A
ALQ69: #N/A
ALQ70: #N/A
ALQ71: #N/A
ALQ72: #N/A

Sheet FlamingGorgeInflow.Unregulated
B2: Max | C2: Min | D2: Most | E2: 1991 | F2: 1992 | G2: 1993 | H2: 1994 | I2: 1995 | J2: 1996 | K2: 1997 | L2: 1998 | M2: 1999 | N2: 2000 | O2: 2001 | P2: 2002 | Q2: 2003 | R2: 2004 | S2: 2005 | T2: 2006 | U2: 2007 | V2: 2008 | W2: 2009 | X2: 2010 | Y2: 2011 | Z2: 2012 | AA2: 2013 | AB2: 2014 | AC2: 2015 | AD2: 2016 | AE2: 2017 | AF2: 2018 | AG2: 2019 | AH2: 2020
B3: Trace1 | C3: Trace2 | D3: Trace3 | E3: Trace4 | F3: Trace5 | G3: Trace6 | H3: Trace7 | I3: Trace8 | J3: Trace9 | K3: Trace10 | L3: Trace11 | M3: Trace12 | N3: Trace13 | O3: Trace14 | P3: Trace15 | Q3: Trace16 | R3: Trace17 | S3: Trace18 | T3: Trace19 | U3: Trace20 | V3: Trace21 | W3: Trace22 | X3: Trace23 | Y3: Trace24 | Z3: Trace25 | AA3: Trace26 | AB3: Trace27 | AC3: Trace28 | AD3: Trace29 | AE3: Trace30 | AF3: Trace31 | AG3: Trace32 | AH3: Trace33
A4: 46143 | B4: 127 | C4: 32 | D4: 70 | E4: 80.453 | F4: 124.738 | G4: 140.512 | H4: 98.898 | I4: 64.816 | J4: 60.345 | K4: 78.419 | L4: 65.378 | M4: 54.66 | N4: 97.864 | O4: 87.636 | P4: 48.781 | Q4: 63.51 | R4: 66.774 | S4: 96.576 | T4: 90.891 | U4: 113.616 | V4: 69.528 | W4: 66.171 | X4: 35.406 | Y4: 57.164 | Z4: 68.538 | AA4: 78.591 | AB4: 70.472 | AC4: 99.515 | AD4: 223.746 | AE4: 66.355 | AF4: 103.637 | AG4: 57.773 | AH4: 47.118
A5: 46174 | B5: 319 | C5: 79 | D5: 175 | E5: 261.594 | F5: 103.433 | G5: 188.816 | H5: 115.122 | I5: 313.879 | J5: 206.962 | K5: 177.663 | L5: 181.973 | M5: 201.332 | N5: 147.838 | O5: 100.575 | P5: 144.304 | Q5: 151.519 | R5: 176.72 | S5: 193.506 | T5: 79.804 | U5: 78.874 | V5: 157.841 | W5: 231.955 | X5: 186.901 | Y5: 148.139 | Z5: 119.698 | AA5: 88.776 | AB5: 130.109 | AC5: 240.505 | AD5: 218.678 | AE5: 116.09 | AF5: 187.973 | AG5: 173.28 | AH5: 177.224
A6: 46204 | B6: 153 | C6: 38 | D6: 84 | E6: 115.282 | F6: 65.158 | G6: 115.66 | H6: 21.962 | I6: 230.385 | J6: 91.464 | K6: 71.157 | L6: 219.817 | M6: 115.127 | N6: 41.82 | O6: 29.365 | P6: 59.499 | Q6: 59.758 | R6: 149.26 | S6: 141.796 | T6: 8.996 | U6: 17.811 | V6: 110.3 | W6: 188.787 | X6: 188.036 | Y6: 198.353 | Z6: 48.978 | AA6: 32.53 | AB6: 77.839 | AC6: 150.784 | AD6: 72.801 | AE6: 51.639 | AF6: 71.302 | AG6: 122.989 | AH6: 90.161
A7: 46235 | B7: 68 | C7: 29 | D7: 34 | E7: 51.723 | F7: 25.223 | G7: 105.312 | H7: 17.621 | I7: 75.23 | J7: 31.931 | K7: 52.823 | L7: 67.471 | M7: 42.016 | N7: 22.173 | O7: 18.797 | P7: 25.34 | Q7: 23.785 | R7: 51.117 | S7: 46.355 | T7: 15.221 | U7: 23.774 | V7: 33.727 | W7: 52.004 | X7: 55.553 | Y7: 54.322 | Z7: 20.511 | AA7: 18.494 | AB7: 35.564 | AC7: 43.595 | AD7: 34.273 | AE7: 24.772 | AF7: 27.576 | AG7: 41.369 | AH7: 28.744
A8: 46266 | B8: 47 | C8: 28 | D8: 28 | E8: 45.195 | F8: 21.989 | G8: 39.615 | H8: 16.161 | I8: 37.06 | J8: 23.554 | K8: 43.274 | L8: 32.284 | M8: 38.332 | N8: 29.349 | O8: 15.434 | P8: 26.169 | Q8: 25.314 | R8: 39.934 | S8: 27.757 | T8: 15.92 | U8: 20.538 | V8: 31.554 | W8: 25.982 | X8: 32.784 | Y8: 29.149 | Z8: 15.258 | AA8: 23.849 | AB8: 35.151 | AC8: 28.243 | AD8: 36.926 | AE8: 24.967 | AF8: 18.953 | AG8: 32.404 | AH8: 20.839
A9: 46296 | B9: 61 | C9: 44 | D9: 40 | E9: 39.275 | F9: 25.941 | G9: 46.12 | H9: 49.195 | I9: 47.332 | J9: 34.333 | K9: 58.391 | L9: 46.076 | M9: 34.53 | N9: 38.788 | O9: 23.057 | P9: 38.151 | Q9: 27.859 | R9: 51.378 | S9: 37.182 | T9: 41.24 | U9: 52.532 | V9: 35.627 | W9: 40.783 | X9: 34.532 | Y9: 43.644 | Z9: 24.032 | AA9: 51.03 | AB9: 99.442 | AC9: 45.895 | AD9: 83.479 | AE9: 50.297 | AF9: 35.001 | AG9: 42.319 | AH9: 28.239
A10: 46327 | B10: 55 | C10: 46 | D10: 44 | E10: 50.539 | F10: 30.893 | G10: 43.98 | H10: 39.433 | I10: 49.701 | J10: 45.513 | K10: 41.091 | L10: 44.384 | M10: 36.961 | N10: 37.274 | O10: 35.254 | P10: 35.19 | Q10: 35.799 | R10: 72.527 | S10: 40.378 | T10: 34.649 | U10: 43.851 | V10: 42.716 | W10: 46.002 | X10: 41.186 | Y10: 45.894 | Z10: 35.712 | AA10: 39.003 | AB10: 54.246 | AC10: 42.885 | AD10: 84.76 | AE10: 45.325 | AF10: 39.738 | AG10: 39.964 | AH10: 37.178
A11: 46357 | B11: 37 | C11: 33 | D11: 34 | E11: 41.763 | F11: 25.995 | G11: 36.5 | H11: 29.329 | I11: 50.155 | J11: 41.307 | K11: 31.639 | L11: 39.698 | M11: 31.89 | N11: 28.195 | O11: 27.769 | P11: 27.77 | Q11: 28.187 | R11: 42.3 | S11: 34.516 | T11: 28.595 | U11: 30.02 | V11: 33.749 | W11: 37.244 | X11: 35.74 | Y11: 37.126 | Z11: 28.56 | AA11: 28.591 | AB11: 41.48 | AC11: 36.508 | AD11: 52.04 | AE11: 40.336 | AF11: 29.578 | AG11: 34.042 | AH11: 29.985
A12: 46388 | B12: 45 | C12: 40 | D12: 42 | E12: 33.246 | F12: 23.678 | G12: 30.383 | H12: 27.387 | I12: 39.834 | J12: 57.038 | K12: 27.457 | L12: 32.917 | M12: 26.748 | N12: 24.979 | O12: 23.406 | P12: 24.961 | Q12: 25.631 | R12: 35.818 | S12: 34.72 | T12: 27.065 | U12: 25.064 | V12: 29.579 | W12: 32.531 | X12: 32.389 | Y12: 33.617 | Z12: 24.117 | AA12: 25.871 | AB12: 39.73 | AC12: 30.135 | AD12: 43.434 | AE12: 33.541 | AF12: 26.056 | AG12: 29.592 | AH12: 25.779
A13: 46419 | B13: 50 | C13: 42 | D13: 43 | E13: 36.893 | F13: 26.164 | G13: 30.398 | H13: 45.609 | I13: 51.419 | J13: 42.895 | K13: 28.381 | L13: 33.502 | M13: 34.657 | N13: 26.547 | O13: 24.873 | P13: 37.607 | Q13: 28.301 | R13: 36.178 | S13: 33.666 | T13: 32.857 | U13: 25.505 | V13: 33.606 | W13: 29.366 | X13: 33.022 | Y13: 34.553 | Z13: 26.192 | AA13: 37.56 | AB13: 50.169 | AC13: 45.222 | AD13: 83.445 | AE13: 38.079 | AF13: 29.708 | AG13: 28.943 | AH13: 33.556
A14: 46447 | B14: 120 | C14: 68 | D14: 85 | E14: 112.352 | F14: 90.052 | G14: 90.855 | H14: 104.661 | I14: 86.708 | J14: 99.469 | K14: 73.769 | L14: 72.564 | M14: 58.215 | N14: 61.862 | O14: 49.144 | P14: 63.199 | Q14: 92.527 | R14: 83.04 | S14: 59.639 | T14: 87.835 | U14: 47.18 | V14: 73.361 | W14: 53.035 | X14: 61.622 | Y14: 87.583 | Z14: 58.542 | AA14: 68.272 | AB14: 91.006 | AC14: 88.414 | AD14: 326.359 | AE14: 60.781 | AF14: 64.535 | AG14: 86.672 | AH14: 53.565
A15: 46478 | B15: 146 | C15: 91 | D15: 111 | E15: 109.72 | F15: 154.935 | G15: 112.224 | H15: 88.046 | I15: 139.048 | J15: 123.416 | K15: 136.019 | L15: 92.852 | M15: 93.715 | N15: 95.82 | O15: 79.374 | P15: 87.947 | Q15: 140.673 | R15: 119.423 | S15: 121.453 | T15: 88.006 | U15: 52.389 | V15: 113.011 | W15: 73.841 | X15: 193.578 | Y15: 147.468 | Z15: 63.144 | AA15: 88.802 | AB15: 90.757 | AC15: 139.845 | AD15: 519.515 | AE15: 85.84 | AF15: 253.732 | AG15: 115.452 | AH15: 75.478
... A63: 47939 | B63: 111 | C63: 111 | D63: 111 | E63: 158.951 | F63: 140.446 | G63: 162.785 | H63: 109.172 | I63: 117.363 | J63: 104.315 | K63: 83.898 | L63: 90.098 | M63: 149.07 | N63: 125.049 | O63: 134.864 | P63: 100.605 | Q63: 54.54 | R63: 121.223 | S63: 85.558 | T63: 197.659 | U63: 193.145 | V63: 72.403 | W63: 91.727 | X63: 108.213 | Y63: 145.508 | Z63: 537.05 | AA63: 120.231 | AB63: 273.542 | AC63: 130.707 | AD63: 87.253 | AE63: 117.598 | AF63: 159.566 | AG63: 137.366 | AH63: 96.814
A64: 47969 | B64: 239 | C64: 239 | D64: 239 | E64: 251.258 | F64: 471.325 | G64: 255.956 | H64: 358.982 | I64: 200.501 | J64: 169.236 | K64: 56.971 | L64: 86.394 | M64: 122.818 | N64: 267.222 | O64: 292.926 | P64: 211.597 | Q64: 134.25 | R64: 192.198 | S64: 62.678 | T64: 351.736 | U64: 232.076 | V64: 93.6 | W64: 198.336 | X64: 243.508 | Y64: 394.263 | Z64: 573.842 | AA64: 324.883 | AB64: 183.325 | AC64: 171.084 | AD64: 117.962 | AE64: 192.219 | AF64: 333.204 | AG64: 237.754 | AH64: 237.754 | ALQ64: #N/A
A65: 48000 | B65: 389 | C65: 389 | D65: 389 | E65: 690.51 | F65: 854.378 | G65: 467.58 | H65: 753.176 | I65: 239.883 | J65: 152.862 | K65: 189.329 | L65: 248.564 | M65: 246.15 | N65: 468.378 | O65: 327.515 | P65: 77.262 | Q65: 325.782 | R65: 526.976 | S65: 276.911 | T65: 683.838 | U65: 217.216 | V65: 104.842 | W65: 490.053 | X65: 353.874 | Y65: 414.702 | Z65: 870.83 | AA65: 500.528 | AB65: 355.049 | AC65: 397.873 | AD65: 414.636 | AE65: 73.924 | AF65: 461.72 | AG65: 183.208 | AH65: 183.208 | ALQ65: #N/A
A66: 48030 | B66: 161 | C66: 161 | D66: 161 | E66: 308 | F66: 341.532 | G66: 436.478 | H66: 383.832 | I66: 71.944 | J66: 39.278 | K66: 85.556 | L66: 96.321 | M66: 177.169 | N66: 299.447 | O66: 84.727 | P66: 11.123 | Q66: 222.508 | R66: 390.073 | S66: 213.903 | T66: 792.393 | U66: 79.701 | V66: 39 | W66: 299.607 | X66: 152.504 | Y66: 124.184 | Z66: 406.433 | AA66: 211.78 | AB66: 247.534 | AC66: 184.118 | AD66: 185.706 | AE66: 38.582 | AF66: 257.157 | AG66: 34.689 | AH66: 34.689 | ALQ66: #N/A
A67: 48061 | B67: 66 | C67: 66 | D67: 66 | E67: 100.06 | F67: 170.068 | G67: 142.722 | H67: 131.765 | I67: 42.159 | J67: 25.687 | K67: 36.561 | L67: 40.398 | M67: 71.111 | N67: 96.032 | O67: 49.787 | P67: 30.007 | Q67: 68.743 | R67: 120.535 | S67: 68.89 | T67: 206.983 | U67: 42.802 | V67: 25.966 | W67: 110.314 | X67: 59.078 | Y67: 63.573 | Z67: 146.021 | AA67: 81.679 | AB67: 95.152 | AC67: 68.966 | AD67: 86.244 | AE67: 26.128 | AF67: 190.909 | AG67: 32.674 | AH67: 32.674 | ALQ67: #N/A
A68: 48092 | B68: 43 | C68: 43 | D68: 43 | E68: 61.808 | F68: 108.269 | G68: 66.403 | H68: 94.356 | I68: 48.905 | J68: 22.254 | K68: 34.215 | L68: 37.752 | M68: 56.921 | N68: 54.064 | O68: 40.196 | P68: 28.629 | Q68: 54.944 | R68: 55.851 | S68: 43.857 | T68: 90.755 | U68: 32.891 | V68: 30.334 | W68: 78.913 | X68: 42.163 | Y68: 63.253 | Z68: 99.736 | AA68: 51.116 | AB68: 68.362 | AC68: 48.557 | AD68: 70.194 | AE68: 27.483 | AF68: 77.295 | AG68: 28.775 | AH68: 28.775 | ALQ68: #N/A
ALQ69: #N/A
ALQ70: #N/A
ALQ71: #N/A
ALQ72: #N/A

Sheet MorrowPointInflow.Unregulated
A1: MPOIN_IN_
B2: Max | C2: Min | D2: Most | E2: 1991 | F2: 1992 | G2: 1993 | H2: 1994 | I2: 1995 | J2: 1996 | K2: 1997 | L2: 1998 | M2: 1999 | N2: 2000 | O2: 2001 | P2: 2002 | Q2: 2003 | R2: 2004 | S2: 2005 | T2: 2006 | U2: 2007 | V2: 2008 | W2: 2009 | X2: 2010 | Y2: 2011 | Z2: 2012 | AA2: 2013 | AB2: 2014 | AC2: 2015 | AD2: 2016 | AE2: 2017 | AF2: 2018 | AG2: 2019 | AH2: 2020
B3: Trace1 | C3: Trace2 | D3: Trace3 | E3: Trace4 | F3: Trace5 | G3: Trace6 | H3: Trace7 | I3: Trace8 | J3: Trace9 | K3: Trace10 | L3: Trace11 | M3: Trace12 | N3: Trace13 | O3: Trace14 | P3: Trace15 | Q3: Trace16 | R3: Trace17 | S3: Trace18 | T3: Trace19 | U3: Trace20 | V3: Trace21 | W3: Trace22 | X3: Trace23 | Y3: Trace24 | Z3: Trace25 | AA3: Trace26 | AB3: Trace27 | AC3: Trace28 | AD3: Trace29 | AE3: Trace30 | AF3: Trace31 | AG3: Trace32 | AH3: Trace33
A4: 46143 | B4: 113 | C4: 39 | D4: 68 | E4: 56.235 | F4: 85.29 | G4: 76.564 | H4: 67.472 | I4: 81.172 | J4: 60.265 | K4: 66.555 | L4: 52.167 | M4: 81.526 | N4: 79.473 | O4: 89.5 | P4: 52.209 | Q4: 80.769 | R4: 65.149 | S4: 82.163 | T4: 64.893 | U4: 73.774 | V4: 68.529 | W4: 78.154 | X4: 58.862 | Y4: 59.064 | Z4: 65.241 | AA4: 71.321 | AB4: 77.755 | AC4: 65.005 | AD4: 69.405 | AE4: 63.618 | AF4: 69.806 | AG4: 48.482 | AH4: 66.432
A5: 46174 | B5: 82 | C5: 28 | D5: 49 | E5: 52.367 | F5: 70.969 | G5: 57.053 | H5: 37.534 | I5: 155.462 | J5: 27.925 | K5: 72.496 | L5: 34.597 | M5: 75.34 | N5: 39.205 | O5: 46.94 | P5: 27.783 | Q5: 55.492 | R5: 30.516 | S5: 43.659 | T5: 31.411 | U5: 43.905 | V5: 61.721 | W5: 43.279 | X5: 51.06 | Y5: 70.423 | Z5: 25.763 | AA5: 45.409 | AB5: 58.811 | AC5: 145.557 | AD5: 59.474 | AE5: 58.477 | AF5: 27.772 | AG5: 91.658 | AH5: 38
A6: 46204 | B6: 42 | C6: 14 | D6: 25 | E6: 28.421 | F6: 36.842 | G6: 27.182 | H6: 20.748 | I6: 82.762 | J6: 18.707 | K6: 32.127 | L6: 20.084 | M6: 38.919 | N6: 22.672 | O6: 24.611 | P6: 18.862 | Q6: 23.753 | R6: 20.389 | S6: 23.547 | T6: 23.739 | U6: 25.389 | V6: 27.937 | W6: 24.263 | X6: 24.279 | Y6: 30.555 | Z6: 18.76 | AA6: 27.658 | AB6: 26.872 | AC6: 57.9 | AD6: 28.177 | AE6: 29.572 | AF6: 18.793 | AG6: 38.194 | AH6: 22.545
A7: 46235 | B7: 38 | C7: 23 | D7: 28 | E7: 26.756 | F7: 40.545 | G7: 24.952 | H7: 22.118 | I7: 40.639 | J7: 19.037 | K7: 31.507 | L7: 21.795 | M7: 35.502 | N7: 28.5 | O7: 32.845 | P7: 19.921 | Q7: 27.084 | R7: 21.889 | S7: 27.756 | T7: 29.01 | U7: 29.307 | V7: 26.63 | W7: 23.125 | X7: 28.569 | Y7: 24.81 | Z7: 21.991 | AA7: 29.673 | AB7: 28.374 | AC7: 35.396 | AD7: 28.776 | AE7: 28.244 | AF7: 19.628 | AG7: 29.294 | AH7: 22.344
A8: 46266 | B8: 33 | C8: 23 | D8: 22 | E8: 20.243 | F8: 32.428 | G8: 23.89 | H8: 21.827 | I8: 30.769 | J8: 18.166 | K8: 27.808 | L8: 17.699 | M8: 26.059 | N8: 23.289 | O8: 21.591 | P8: 19.933 | Q8: 45.58 | R8: 23.167 | S8: 21.739 | T8: 24.233 | U8: 29.951 | V8: 20.304 | W8: 19.231 | X8: 19.306 | Y8: 19.508 | Z8: 19.355 | AA8: 45.528 | AB8: 33.027 | AC8: 28.758 | AD8: 22.173 | AE8: 20.205 | AF8: 17.13 | AG8: 20.52 | AH8: 24.964
A9: 46296 | B9: 42 | C9: 33 | D9: 27 | E9: 19.393 | F9: 24.524 | G9: 24.999 | H9: 28.917 | I9: 36.043 | J9: 27.948 | K9: 33.951 | L9: 28.084 | M9: 24.089 | N9: 22.561 | O9: 21.945 | P9: 29.222 | Q9: 28.241 | R9: 23.946 | S9: 35.321 | T9: 47.102 | U9: 32.454 | V9: 21.922 | W9: 23.394 | X9: 21.98 | Y9: 23.186 | Z9: 19.266 | AA9: 43.923 | AB9: 42.23 | AC9: 26.144 | AD9: 21.285 | AE9: 24.134 | AF9: 20.006 | AG9: 21.058 | AH9: 26.401
A10: 46327 | B10: 33 | C10: 31 | D10: 28 | E10: 19.052 | F10: 20.358 | G10: 20.817 | H10: 22.992 | I10: 27.2 | J10: 24.52 | K10: 26.016 | L10: 25.003 | M10: 19.885 | N10: 19.656 | O10: 22.421 | P10: 19.167 | Q10: 20.572 | R10: 22.518 | S10: 28.125 | T10: 34.197 | U10: 27.394 | V10: 19.215 | W10: 22.109 | X10: 23.017 | Y10: 19.602 | Z10: 16.068 | AA10: 28.679 | AB10: 25.979 | AC10: 24.245 | AD10: 17.827 | AE10: 20.59 | AF10: 19.02 | AG10: 18.765 | AH10: 29.7
A11: 46357 | B11: 28 | C11: 27 | D11: 27 | E11: 17.587 | F11: 18.365 | G11: 17.09 | H11: 18.12 | I11: 25.795 | J11: 19.699 | K11: 20.15 | L11: 22.927 | M11: 17.522 | N11: 17.094 | O11: 17.901 | P11: 16.658 | Q11: 18.79 | R11: 17.75 | S11: 20.227 | T11: 23.005 | U11: 19.273 | V11: 16.942 | W11: 17.536 | X11: 19.468 | Y11: 17.055 | Z11: 14.561 | AA11: 21.636 | AB11: 21.153 | AC11: 21.417 | AD11: 16.71 | AE11: 19.64 | AF11: 15.2 | AG11: 17.546 | AH11: 23.147
A12: 46388 | B12: 26 | C12: 26 | D12: 26 | E12: 15.877 | F12: 17.351 | G12: 15.823 | H12: 16.613 | I12: 21.808 | J12: 16.546 | K12: 18.335 | L12: 19.755 | M12: 18.283 | N12: 16.006 | O12: 15.653 | P12: 15.988 | Q12: 17.056 | R12: 17.807 | S12: 17.58 | T12: 19.468 | U12: 16.067 | V12: 15.688 | W12: 15.663 | X12: 18.14 | Y12: 16.823 | Z12: 13.615 | AA12: 18.93 | AB12: 18.692 | AC12: 19.874 | AD12: 15.772 | AE12: 17.084 | AF12: 14.095 | AG12: 16.298 | AH12: 18.329
A13: 46419 | B13: 25 | C13: 25 | D13: 25 | E13: 15.178 | F13: 16.264 | G13: 13.589 | H13: 19.826 | I13: 22.474 | J13: 13.582 | K13: 16.26 | L13: 19.729 | M13: 19.63 | N13: 15.919 | O13: 13.358 | P13: 18.719 | Q13: 14.79 | R13: 16.075 | S13: 14.466 | T13: 18.793 | U13: 13.138 | V13: 14.366 | W13: 13.09 | X13: 15.179 | Y13: 14.211 | Z13: 12.069 | AA13: 19.202 | AB13: 24.215 | AC13: 18.891 | AD13: 21.703 | AE13: 19.646 | AF13: 12.424 | AG13: 14.917 | AH13: 17.898
A14: 46447 | B14: 43 | C14: 37 | D14: 40 | E14: 28.334 | F14: 31.461 | G14: 31.393 | H14: 42.565 | I14: 33.032 | J14: 34.71 | K14: 32.061 | L14: 30.652 | M14: 25.682 | N14: 26.703 | O14: 18.567 | P14: 30.138 | Q14: 44.98 | R14: 22.299 | S14: 23.818 | T14: 47.956 | U14: 14.723 | V14: 32.818 | W14: 16.974 | X14: 28.062 | Y14: 30.563 | Z14: 19.841 | AA14: 26.896 | AB14: 43.125 | AC14: 35.377 | AD14: 55.078 | AE14: 22.036 | AF14: 19.204 | AG14: 27.504 | AH14: 25.036
A15: 46478 | B15: 105 | C15: 72 | D15: 89 | E15: 66.351 | F15: 70.303 | G15: 59.794 | H15: 52.807 | I15: 83.634 | J15: 71.828 | K15: 52.008 | L15: 47.444 | M15: 76.598 | N15: 59.766 | O15: 51.84 | P15: 55.405 | Q15: 97.725 | R15: 61.088 | S15: 80.596 | T15: 86.022 | U15: 49.28 | V15: 51.805 | W15: 47.921 | X15: 64.373 | Y15: 69.446 | Z15: 40.128 | AA15: 65.907 | AB15: 67.74 | AC15: 61.772 | AD15: 106.111 | AE15: 39.821 | AF15: 77.589 | AG15: 43.757 | AH15: 48.727
... A63: 47939 | B63: 89 | C63: 89 | D63: 89 | E63: 105.547 | F63: 90.891 | G63: 69.564 | H63: 59.858 | I63: 95.683 | J63: 69.379 | K63: 59.451 | L63: 55.907 | M63: 106.575 | N63: 69.544 | O63: 98.46 | P63: 102.15 | Q63: 55.274 | R63: 70.057 | S63: 61.166 | T63: 71.76 | U63: 92.854 | V63: 42.9 | W63: 71.124 | X63: 85.815 | Y63: 68.754 | Z63: 121.343 | AA63: 52.705 | AB63: 81.878 | AC63: 57.285 | AD63: 56.254 | AE63: 78.516 | AF63: 74.945 | AG63: 81.409 | AH63: 66.202
A64: 47969 | B64: 226 | C64: 226 | D64: 226 | E64: 382.048 | F64: 350.547 | G64: 212.168 | H64: 239.743 | I64: 263.024 | J64: 266.89 | K64: 98.649 | L64: 177.816 | M64: 239.598 | N64: 277.315 | O64: 249.731 | P64: 245.893 | Q64: 269.34 | R64: 320.887 | S64: 130.839 | T64: 175.246 | U64: 154.887 | V64: 110.11 | W64: 249.177 | X64: 177.34 | Y64: 178.762 | Z64: 265.31 | AA64: 171.299 | AB64: 208.833 | AC64: 196.377 | AD64: 145.933 | AE64: 221.774 | AF64: 303.372 | AG64: 231.646 | AH64: 231.646 | ALQ64: #N/A
A65: 48000 | B65: 265 | C65: 265 | D65: 265 | E65: 321.355 | F65: 511.212 | G65: 224.631 | H65: 348.816 | I65: 160.678 | J65: 200.635 | K65: 61.258 | L65: 211.802 | M65: 146.369 | N65: 297.807 | O65: 193.214 | P65: 177.738 | Q65: 503.851 | R65: 272.36 | S65: 281.138 | T65: 449.416 | U65: 58.41 | V65: 157.91 | W65: 348.692 | X65: 367.205 | Y65: 304.625 | Z65: 407.577 | AA65: 79.149 | AB65: 432.874 | AC65: 199.848 | AD65: 282.72 | AE65: 171.026 | AF65: 423.259 | AG65: 220.369 | AH65: 220.369 | ALQ65: #N/A
A66: 48030 | B66: 90 | C66: 90 | D66: 90 | E66: 113.217 | F66: 177.01 | G66: 106.751 | H66: 220.253 | I66: 53.45 | J66: 61.766 | K66: 26.188 | L66: 58.19 | M66: 56.058 | N66: 117.145 | O66: 73.543 | P66: 66.949 | Q66: 216.556 | R66: 138.023 | S66: 75.253 | T66: 226.873 | U66: 30.096 | V66: 58.033 | W66: 105.609 | X66: 119.652 | Y66: 96.574 | Z66: 135.446 | AA66: 34.503 | AB66: 259.834 | AC66: 62.382 | AD66: 121.805 | AE66: 68.175 | AF66: 182.986 | AG66: 66.705 | AH66: 66.705 | ALQ66: #N/A
A67: 48061 | B67: 56 | C67: 56 | D67: 56 | E67: 56.304 | F67: 86.139 | G67: 54.167 | H67: 91.484 | I67: 47.291 | J67: 54.84 | K67: 22.841 | L67: 43.492 | M67: 39.239 | N67: 60.694 | O67: 52.471 | P67: 49.458 | Q67: 81.222 | R67: 57.096 | S67: 52.709 | T67: 72.303 | U67: 30.579 | V67: 41.741 | W67: 59.76 | X67: 55.462 | Y67: 55.637 | Z67: 66.668 | AA67: 28.543 | AB67: 84.571 | AC67: 41.724 | AD67: 57.405 | AE67: 56.342 | AF67: 70.871 | AG67: 44.507 | AH67: 44.507 | ALQ67: #N/A
A68: 48092 | B68: 36 | C68: 36 | D68: 36 | E68: 41.389 | F68: 59.357 | G68: 35.135 | H68: 49.97 | I68: 35.217 | J68: 32.57 | K68: 21.897 | L68: 58.302 | M68: 35.928 | N68: 39.096 | O68: 38.645 | P68: 43.413 | Q68: 46.595 | R68: 38.35 | S68: 30.813 | T68: 41.994 | U68: 24.939 | V68: 55.317 | W68: 53.51 | X68: 40.077 | Y68: 36.747 | Z68: 40.949 | AA68: 23.255 | AB68: 45.209 | AC68: 38.54 | AD68: 35.511 | AE68: 40.67 | AF68: 50.492 | AG68: 36.254 | AH68: 36.254 | ALQ68: #N/A
ALQ69: #N/A
ALQ70: #N/A
ALQ71: #N/A
ALQ72: #N/A

Sheet NavajoInflow.ModUnregulated
B2: Max | C2: Min | D2: Most | E2: 1991 | F2: 1992 | G2: 1993 | H2: 1994 | I2: 1995 | J2: 1996 | K2: 1997 | L2: 1998 | M2: 1999 | N2: 2000 | O2: 2001 | P2: 2002 | Q2: 2003 | R2: 2004 | S2: 2005 | T2: 2006 | U2: 2007 | V2: 2008 | W2: 2009 | X2: 2010 | Y2: 2011 | Z2: 2012 | AA2: 2013 | AB2: 2014 | AC2: 2015 | AD2: 2016 | AE2: 2017 | AF2: 2018 | AG2: 2019 | AH2: 2020
B3: Trace1 | C3: Trace2 | D3: Trace3 | E3: Trace4 | F3: Trace5 | G3: Trace6 | H3: Trace7 | I3: Trace8 | J3: Trace9 | K3: Trace10 | L3: Trace11 | M3: Trace12 | N3: Trace13 | O3: Trace14 | P3: Trace15 | Q3: Trace16 | R3: Trace17 | S3: Trace18 | T3: Trace19 | U3: Trace20 | V3: Trace21 | W3: Trace22 | X3: Trace23 | Y3: Trace24 | Z3: Trace25 | AA3: Trace26 | AB3: Trace27 | AC3: Trace28 | AD3: Trace29 | AE3: Trace30 | AF3: Trace31 | AG3: Trace32 | AH3: Trace33
A4: 46143 | B4: 172 | C4: 47 | D4: 90 | E4: 86.088 | F4: 131.762 | G4: 106.946 | H4: 94.012 | I4: 90.065 | J4: 84.151 | K4: 102.306 | L4: 72.058 | M4: 73.157 | N4: 85.062 | O4: 103.223 | P4: 72.724 | Q4: 91.945 | R4: 86.077 | S4: 83.557 | T4: 89.935 | U4: 121.406 | V4: 90.654 | W4: 99.369 | X4: 68.346 | Y4: 82.509 | Z4: 90.101 | AA4: 86.078 | AB4: 98.651 | AC4: 157.313 | AD4: 91.074 | AE4: 98.206 | AF4: 82.321 | AG4: 88.95 | AH4: 81.451
A5: 46174 | B5: 27 | C5: 7 | D5: 14 | E5: 40.057 | F5: 33.514 | G5: 26.953 | H5: 18.126 | I5: 80.855 | J5: 2.808 | K5: 31.313 | L5: 5.841 | M5: 27.891 | N5: -0.527 | O5: 2.504 | P5: 1.43 | Q5: 14.547 | R5: -2.859 | S5: 9.695 | T5: 0.448 | U5: 20.037 | V5: 22.967 | W5: 11.202 | X5: 12.412 | Y5: 36.168 | Z5: -3.268 | AA5: 4.033 | AB5: 21.165 | AC5: 159.73 | AD5: 24.625 | AE5: 13.453 | AF5: -1.288 | AG5: 74.902 | AH5: 0.576
A6: 46204 | B6: -17 | C6: -5 | D6: -9 | E6: 0.265 | F6: 3.367 | G6: -12.287 | H6: -11.794 | I6: 20.183 | J6: -8.681 | K6: -0.993 | L6: -4.087 | M6: 19.226 | N6: -15.304 | O6: -12.71 | P6: -14.37 | Q6: -15.41 | R6: -11.968 | S6: -15.177 | T6: 3.529 | U6: -9.719 | V6: -6.725 | W6: -11.43 | X6: -10.863 | Y6: -8.486 | Z6: -9.338 | AA6: -8.602 | AB6: -10.579 | AC6: 15.014 | AD6: -11.365 | AE6: -10.579 | AF6: -14.619 | AG6: -7.407 | AH6: -9.458
A7: 46235 | B7: 2 | C7: 3 | D7: 2 | E7: 7.134 | F7: 29.939 | G7: 32.221 | H7: -0.729 | I7: 11.51 | J7: 0.449 | K7: 17.594 | L7: 8.099 | M7: 70.538 | N7: 0.784 | O7: 15.106 | P7: 3.043 | Q7: -2.587 | R7: 0.957 | S7: 4.787 | T7: 25.692 | U7: 18.761 | V7: 0.753 | W7: -4.215 | X7: 12.942 | Y7: -7.355 | Z7: -0.89 | AA7: 14.335 | AB7: -1.899 | AC7: 0.122 | AD7: 9.098 | AE7: 0.148 | AF7: -0.907 | AG7: -6 | AH7: -0.075
A8: 46266 | B8: 22 | C8: 13 | D8: 25 | E8: 53.603 | F8: 31.236 | G8: 59.806 | H8: 46.479 | I8: 18.768 | J8: 27.058 | K8: 58.651 | L8: 20.062 | M8: 60.071 | N8: 17.646 | O8: 17.603 | P8: 27.624 | Q8: 45.306 | R8: 50.67 | S8: 21.05 | T8: 41.877 | U8: 23.385 | V8: 30.637 | W8: 17.757 | X8: 33.634 | Y8: 18.896 | Z8: 17.356 | AA8: 90.378 | AB8: 26.615 | AC8: 6.647 | AD8: 19.868 | AE8: 22.806 | AF8: 14.789 | AG8: 14.226 | AH8: 18.179
A9: 46296 | B9: 47 | C9: 25 | D9: 30 | E9: 20.771 | F9: 20.027 | G9: 27.345 | H9: 39.99 | I9: 26.123 | J9: 29.097 | K9: 83.087 | L9: 38.387 | M9: 20.889 | N9: 30.983 | O9: 14.53 | P9: 30.269 | Q9: 20.967 | R9: 52.811 | S9: 53.473 | T9: 115.566 | U9: 43.324 | V9: 23.566 | W9: 19.241 | X9: 27.636 | Y9: 52.818 | Z9: 13.607 | AA9: 51.216 | AB9: 46.216 | AC9: 27.062 | AD9: 17.448 | AE9: 35.248 | AF9: 22.34 | AG9: 13.828 | AH9: 19.173
A10: 46327 | B10: 31 | C10: 29 | D10: 28 | E10: 24.267 | F10: 19.499 | G10: 22.464 | H10: 36.325 | I10: 21.514 | J10: 33.762 | K10: 37.387 | L10: 52.726 | M10: 17.882 | N10: 23.922 | O10: 14.098 | P10: 29.214 | Q10: 23.896 | R10: 38.065 | S10: 32.558 | T10: 45.352 | U10: 22.048 | V10: 26.495 | W10: 20.697 | X10: 23.96 | Y10: 29.755 | Z10: 13.936 | AA10: 30.868 | AB10: 27.069 | AC10: 29.293 | AD10: 19.426 | AE10: 20.932 | AF10: 17.912 | AG10: 14.986 | AH10: 23.502
A11: 46357 | B11: 23 | C11: 24 | D11: 24 | E11: 21.101 | F11: 16.626 | G11: 18.303 | H11: 23.592 | I11: 18.223 | J11: 26.615 | K11: 25.013 | L11: 29.865 | M11: 15.366 | N11: 18.023 | O11: 13.763 | P11: 18.702 | Q11: 22.203 | R11: 26.618 | S11: 19.577 | T11: 25.862 | U11: 38.247 | V11: 19.244 | W11: 14.801 | X11: 20.856 | Y11: 20.387 | Z11: 13.282 | AA11: 23.772 | AB11: 20.047 | AC11: 21.943 | AD11: 22.651 | AE11: 18.247 | AF11: 14.19 | AG11: 17.133 | AH11: 17.624
A12: 46388 | B12: 21 | C12: 24 | D12: 22 | E12: 16.823 | F12: 19.789 | G12: 18.008 | H12: 19.806 | I12: 16.154 | J12: 20.881 | K12: 22.582 | L12: 21.704 | M12: 17.724 | N12: 17.575 | O12: 13.177 | P12: 18.908 | Q12: 18.307 | R12: 34.218 | S12: 16.773 | T12: 22.072 | U12: 22.623 | V12: 17.534 | W12: 13.323 | X12: 17.277 | Y12: 22.234 | Z12: 16.176 | AA12: 21.054 | AB12: 21.003 | AC12: 17.459 | AD12: 26.544 | AE12: 15.372 | AF12: 13.409 | AG12: 16.206 | AH12: 13.64
A13: 46419 | B13: 31 | C13: 27 | D13: 29 | E13: 22.265 | F13: 20.454 | G13: 18.004 | H13: 39.165 | I13: 25.637 | J13: 22.272 | K13: 20.809 | L13: 23.884 | M13: 20.501 | N13: 20.805 | O13: 13.029 | P13: 23.877 | Q13: 20.295 | R13: 44.336 | S13: 14.609 | T13: 33.607 | U13: 18.596 | V13: 24.893 | W13: 14.234 | X13: 19.289 | Y13: 21.207 | Z13: 19.002 | AA13: 26.879 | AB13: 31.753 | AC13: 33.732 | AD13: 66.704 | AE13: 16.143 | AF13: 17.008 | AG13: 17.505 | AH13: 21.537
A14: 46447 | B14: 102 | C14: 74 | D14: 92 | E14: 53.298 | F14: 88.306 | G14: 56.258 | H14: 159.584 | I14: 33.786 | J14: 131.146 | K14: 57.733 | L14: 44.122 | M14: 40.643 | N14: 64.407 | O14: 21.45 | P14: 48.037 | Q14: 93.585 | R14: 99.991 | S14: 31.578 | T14: 119.89 | U14: 73.969 | V14: 55.691 | W14: 41.943 | X14: 47.016 | Y14: 57.344 | Z14: 38.059 | AA14: 52.618 | AB14: 64.328 | AC14: 54.348 | AD14: 167.186 | AE14: 26.822 | AF14: 93.565 | AG14: 37.503 | AH14: 33.638
A15: 46478 | B15: 185 | C15: 110 | D15: 147 | E15: 209.168 | F15: 235.884 | G15: 144.548 | H15: 189.141 | I15: 70.858 | J15: 212.378 | K15: 121.809 | L15: 96.785 | M15: 108.466 | N15: 191.949 | O15: 50.203 | P15: 67.967 | Q15: 192.508 | R15: 284.712 | S15: 113.935 | T15: 139.744 | U15: 248.03 | V15: 101.629 | W15: 136.809 | X15: 95.763 | Y15: 143.928 | Z15: 48.356 | AA15: 90.349 | AB15: 61.046 | AC15: 95.346 | AD15: 183.467 | AE15: 55.856 | AF15: 188.389 | AG15: 55.552 | AH15: 61.735
... A63: 47939 | B63: 147 | C63: 147 | D63: 147 | E63: 88.079 | F63: 224.924 | G63: 144.792 | H63: 111.206 | I63: 120.999 | J63: 203.247 | K63: 59.89 | L63: 66.778 | M63: 203.173 | N63: 311.985 | O63: 138.708 | P63: 146.557 | Q63: 275.646 | R63: 124.248 | S63: 160.936 | T63: 111.261 | U63: 158.4 | V63: 52.863 | W63: 92.821 | X63: 65.296 | Y63: 94.897 | Z63: 193.671 | AA63: 66.566 | AB63: 192.695 | AC63: 70.095 | AD63: 67.642 | AE63: 225.468 | AF63: 267.157 | AG63: 175.328 | AH63: 215.417
A64: 47969 | B64: 251 | C64: 251 | D64: 251 | E64: 207.187 | F64: 390.036 | G64: 258.927 | H64: 296.633 | I64: 185.389 | J64: 433.262 | K64: 60.62 | L64: 190.922 | M64: 292.888 | N64: 536.66 | O64: 230.292 | P64: 285.469 | Q64: 374.011 | R64: 381.869 | S64: 216.477 | T64: 196.677 | U64: 206.191 | V64: 138.35 | W64: 193.87 | X64: 179.22 | Y64: 197.417 | Z64: 236.84 | AA64: 132.059 | AB64: 311.224 | AC64: 177.004 | AD64: 196.822 | AE64: 317.203 | AF64: 457.533 | AG64: 303.733 | AH64: 303.733 | ALQ64: #N/A
A65: 48000 | B65: 187 | C65: 187 | D65: 187 | E65: 66.916 | F65: 369.63 | G65: 168.821 | H65: 302.817 | I65: 47.984 | J65: 193.576 | K65: 13.14 | L65: 99.913 | M65: 130.321 | N65: 357.964 | O65: 74.733 | P65: 157.737 | Q65: 334.755 | R65: 158.981 | S65: 217.702 | T65: 238.87 | U65: 62.664 | V65: 77.874 | W65: 170.1 | X65: 220.916 | Y65: 219.086 | Z65: 218.858 | AA65: 30.076 | AB65: 385.174 | AC65: 63.543 | AD65: 257.337 | AE65: 142.12 | AF65: 336.232 | AG65: 206.158 | AH65: 206.158 | ALQ65: #N/A
A66: 48030 | B66: 33 | C66: 33 | D66: 33 | E66: 10.053 | F66: 91.832 | G66: 72.548 | H66: 170.991 | I66: -7.894 | J66: 29.02 | K66: 18.065 | L66: -4.5 | M66: 22.889 | N66: 99.053 | O66: 26.445 | P66: 23.621 | Q66: 86.803 | R66: 32.306 | S66: 32.074 | T66: 52.562 | U66: 6.314 | V66: 26.714 | W66: 14.099 | X66: 32.221 | Y66: 21.938 | Z66: 33.744 | AA66: 20.519 | AB66: 127.192 | AC66: 0.871 | AD66: 92.766 | AE66: 51.208 | AF66: 85.989 | AG66: 19.361 | AH66: 19.361 | ALQ66: #N/A
A67: 48061 | B67: 24 | C67: 24 | D67: 24 | E67: -2.127 | F67: 69.291 | G67: 24.09 | H67: 125.797 | I67: -4.404 | J67: 41.4 | K67: 17.944 | L67: 15.407 | M67: -0.685 | N67: 34.859 | O67: 36.951 | P67: 42.967 | Q67: 36.423 | R67: -0.587 | S67: 36.257 | T67: 10.527 | U67: -7.401 | V67: 39.733 | W67: 9.257 | X67: 4.589 | Y67: 27.473 | Z67: 22.606 | AA67: 18.171 | AB67: 35.608 | AC67: 7.374 | AD67: 36.342 | AE67: 60.677 | AF67: 93.151 | AG67: 9.794 | AH67: 9.794 | ALQ67: #N/A
A68: 48092 | B68: 31 | C68: 31 | D68: 31 | E68: 22.237 | F68: 86.676 | G68: 13.683 | H68: 77.541 | I68: 14.603 | J68: 8.484 | K68: 27.706 | L68: 51.415 | M68: 57.514 | N68: 22.708 | O68: 42.25 | P68: 34.444 | Q68: 36.968 | R68: 9.24 | S68: 44.735 | T68: 15.321 | U68: 17.995 | V68: 99.475 | W68: 17.23 | X68: 8.422 | Y68: 11.344 | Z68: 15.641 | AA68: 17.115 | AB68: 9.095 | AC68: 21.776 | AD68: 68.654 | AE68: 38.892 | AF68: 74.186 | AG68: 54.597 | AH68: 54.597 | ALQ68: #N/A
ALQ69: #N/A
ALQ70: #N/A
ALQ71: #N/A
ALQ72: #N/A

Sheet TaylorPark.Inflow
B2: Max | C2: Min | D2: Most | E2: 1991 | F2: 1992 | G2: 1993 | H2: 1994 | I2: 1995 | J2: 1996 | K2: 1997 | L2: 1998 | M2: 1999 | N2: 2000 | O2: 2001 | P2: 2002 | Q2: 2003 | R2: 2004 | S2: 2005 | T2: 2006 | U2: 2007 | V2: 2008 | W2: 2009 | X2: 2010 | Y2: 2011 | Z2: 2012 | AA2: 2013 | AB2: 2014 | AC2: 2015 | AD2: 2016 | AE2: 2017 | AF2: 2018 | AG2: 2019 | AH2: 2020
B3: Trace1 | C3: Trace2 | D3: Trace3 | E3: Trace4 | F3: Trace5 | G3: Trace6 | H3: Trace7 | I3: Trace8 | J3: Trace9 | K3: Trace10 | L3: Trace11 | M3: Trace12 | N3: Trace13 | O3: Trace14 | P3: Trace15 | Q3: Trace16 | R3: Trace17 | S3: Trace18 | T3: Trace19 | U3: Trace20 | V3: Trace21 | W3: Trace22 | X3: Trace23 | Y3: Trace24 | Z3: Trace25 | AA3: Trace26 | AB3: Trace27 | AC3: Trace28 | AD3: Trace29 | AE3: Trace30 | AF3: Trace31 | AG3: Trace32 | AH3: Trace33
A4: 46143 | B4: 17 | C4: 8 | D4: 12 | E4: 10.798 | F4: 13.61 | G4: 11.301 | H4: 11.989 | I4: 10.942 | J4: 11.13 | K4: 13.051 | L4: 9.711 | M4: 12.13 | N4: 13.589 | O4: 13.261 | P4: 10.517 | Q4: 12.56 | R4: 11.723 | S4: 12.759 | T4: 11.886 | U4: 12.173 | V4: 11.591 | W4: 13.882 | X4: 10.139 | Y4: 9.911 | Z4: 12.51 | AA4: 13.194 | AB4: 12.425 | AC4: 10.279 | AD4: 11.96 | AE4: 12.445 | AF4: 12.011 | AG4: 8.448 | AH4: 12.315
A5: 46174 | B5: 13 | C5: 6 | D5: 9 | E5: 10.787 | F5: 12.189 | G5: 8.717 | H5: 7.332 | I5: 23.153 | J5: 6.745 | K5: 14.205 | L5: 5.954 | M5: 11.491 | N5: 7.826 | O5: 7.973 | P5: 6.063 | Q5: 9.689 | R5: 6.192 | S5: 8.398 | T5: 7.444 | U5: 7.524 | V5: 11.9 | W5: 9.762 | X5: 9.774 | Y5: 10.866 | Z5: 6.338 | AA5: 9.652 | AB5: 8.919 | AC5: 20.968 | AD5: 9.739 | AE5: 9.081 | AF5: 6.084 | AG5: 14.419 | AH5: 7.189
A6: 46204 | B6: 8 | C6: 4 | D6: 6 | E6: 5.989 | F6: 7.923 | G6: 5.372 | H6: 4.849 | I6: 15.5 | J6: 4.714 | K6: 7.157 | L6: 4.729 | M6: 6.618 | N6: 5.833 | O6: 5.167 | P6: 4.601 | Q6: 5.644 | R6: 4.572 | S6: 5.419 | T6: 5.22 | U6: 5.197 | V6: 6.268 | W6: 5.714 | X6: 5.586 | Y6: 6.343 | Z6: 5.198 | AA6: 6.119 | AB6: 5.419 | AC6: 9.815 | AD6: 5.614 | AE6: 5.914 | AF6: 4.442 | AG6: 7.171 | AH6: 5.033
A7: 46235 | B7: 5 | C7: 4 | D7: 5 | E7: 4.674 | F7: 7.128 | G7: 4.512 | H7: 4.142 | I7: 8.515 | J7: 4.045 | K7: 6.356 | L7: 4.143 | M7: 5.599 | N7: 5.001 | O7: 5.124 | P7: 3.931 | Q7: 4.61 | R7: 4.115 | S7: 5.569 | T7: 4.959 | U7: 4.999 | V7: 4.861 | W7: 4.654 | X7: 5.728 | Y7: 5.203 | Z7: 4.379 | AA7: 5.882 | AB7: 5.065 | AC7: 6.279 | AD7: 5.098 | AE7: 6.087 | AF7: 3.936 | AG7: 5.305 | AH7: 4.54
A8: 46266 | B8: 6 | C8: 5 | D8: 4 | E8: 3.712 | F8: 5.678 | G8: 4.146 | H8: 3.485 | I8: 6.929 | J8: 3.574 | K8: 4.877 | L8: 3.205 | M8: 4.293 | N8: 3.842 | O8: 3.942 | P8: 3.3 | Q8: 5.762 | R8: 3.434 | S8: 3.992 | T8: 4.464 | U8: 4.611 | V8: 3.888 | W8: 3.761 | X8: 3.93 | Y8: 3.814 | Z8: 3.764 | AA8: 5.341 | AB8: 5.666 | AC8: 5.009 | AD8: 4.082 | AE8: 4.065 | AF8: 3.234 | AG8: 4.008 | AH8: 5.087
A9: 46296 | B9: 7 | C9: 6 | D9: 5 | E9: 3.149 | F9: 3.925 | G9: 4.041 | H9: 4.248 | I9: 6.148 | J9: 3.486 | K9: 4.476 | L9: 3.858 | M9: 3.679 | N9: 3.293 | O9: 3.208 | P9: 3.986 | Q9: 4.031 | R9: 3.429 | S9: 4.573 | T9: 5.955 | U9: 4.43 | V9: 3.818 | W9: 4.243 | X9: 3.452 | Y9: 3.731 | Z9: 3.167 | AA9: 5.532 | AB9: 6.499 | AC9: 4.043 | AD9: 3.313 | AE9: 4.388 | AF9: 3.09 | AG9: 3.357 | AH9: 4.504
A10: 46327 | B10: 5 | C10: 4 | D10: 4 | E10: 2.787 | F10: 3.278 | G10: 3.344 | H10: 3.372 | I10: 4.735 | J10: 3.609 | K10: 3.711 | L10: 3 | M10: 3.157 | N10: 2.759 | O10: 3.438 | P10: 2.756 | Q10: 3.073 | R10: 2.984 | S10: 4.052 | T10: 4.257 | U10: 3.686 | V10: 3.288 | W10: 3.699 | X10: 3.761 | Y10: 3.144 | Z10: 2.688 | AA10: 3.686 | AB10: 4.14 | AC10: 3.496 | AD10: 2.81 | AE10: 3.69 | AF10: 2.956 | AG10: 3.015 | AH10: 4.782
A11: 46357 | B11: 5 | C11: 4 | D11: 4 | E11: 2.68 | F11: 3.032 | G11: 2.739 | H11: 2.834 | I11: 4.38 | J11: 3.091 | K11: 3.261 | L11: 3.01 | M11: 2.838 | N11: 2.569 | O11: 2.849 | P11: 2.436 | Q11: 2.792 | R11: 2.534 | S11: 3.158 | T11: 3.284 | U11: 2.872 | V11: 2.862 | W11: 2.956 | X11: 3.046 | Y11: 2.764 | Z11: 2.434 | AA11: 3.129 | AB11: 3.213 | AC11: 3.339 | AD11: 2.583 | AE11: 3.471 | AF11: 2.441 | AG11: 2.872 | AH11: 3.627
A12: 46388 | B12: 5 | C12: 4 | D12: 5 | E12: 2.47 | F12: 2.803 | G12: 2.483 | H12: 2.522 | I12: 3.73 | J12: 2.541 | K12: 2.946 | L12: 2.461 | M12: 2.642 | N12: 2.386 | O12: 2.537 | P12: 2.249 | Q12: 2.503 | R12: 2.308 | S12: 2.759 | T12: 2.846 | U12: 2.466 | V12: 2.569 | W12: 2.654 | X12: 2.66 | Y12: 2.583 | Z12: 2.226 | AA12: 2.863 | AB12: 2.88 | AC12: 3.076 | AD12: 2.318 | AE12: 2.86 | AF12: 2.227 | AG12: 2.63 | AH12: 2.911
A13: 46419 | B13: 4 | C13: 4 | D13: 4 | E13: 2.16 | F13: 2.369 | G13: 2.087 | H13: 2.204 | I13: 3.031 | J13: 2.068 | K13: 2.426 | L13: 2.078 | M13: 2.24 | N13: 2.014 | O13: 2.09 | P13: 2.025 | Q13: 2.074 | R13: 1.919 | S13: 2.258 | T13: 2.398 | U13: 2.002 | V13: 2.145 | W13: 2.19 | X13: 2.183 | Y13: 2.126 | Z13: 1.906 | AA13: 2.365 | AB13: 2.933 | AC13: 2.712 | AD13: 1.954 | AE13: 2.438 | AF13: 1.876 | AG13: 2.173 | AH13: 2.412
A14: 46447 | B14: 5 | C14: 4 | D14: 5 | E14: 2.643 | F14: 2.85 | G14: 2.819 | H14: 3.508 | I14: 3.329 | J14: 3.091 | K14: 2.967 | L14: 3.129 | M14: 2.581 | N14: 2.466 | O14: 2.249 | P14: 2.641 | Q14: 4.111 | R14: 2.126 | S14: 2.466 | T14: 4.525 | U14: 2.035 | V14: 2.984 | W14: 2.223 | X14: 2.503 | Y14: 3.211 | Z14: 2.099 | AA14: 2.36 | AB14: 4.058 | AC14: 3.45 | AD14: 3.79 | AE14: 2.655 | AF14: 1.902 | AG14: 2.546 | AH14: 2.594
A15: 46478 | B15: 10 | C15: 8 | D15: 9 | E15: 7.49 | F15: 6.012 | G15: 6.238 | H15: 4.925 | I15: 7.196 | J15: 5.43 | K15: 4.742 | L15: 5.107 | M15: 7.488 | N15: 6.055 | O15: 6.459 | P15: 5.578 | Q15: 9.013 | R15: 5.604 | S15: 7.847 | T15: 7.203 | U15: 2.93 | V15: 4.733 | W15: 5.381 | X15: 5.52 | Y15: 9.389 | Z15: 4.209 | AA15: 4.757 | AB15: 6.942 | AC15: 6.31 | AD15: 8.444 | AE15: 5.356 | AF15: 5.597 | AG15: 5.086 | AH15: 5.791
... A63: 47939 | B63: 9 | C63: 9 | D63: 9 | E63: 10.142 | F63: 8.145 | G63: 7.083 | H63: 6.593 | I63: 9.88 | J63: 7.134 | K63: 7.439 | L63: 5.794 | M63: 9.965 | N63: 6.452 | O63: 9.256 | P63: 9.494 | Q63: 3.743 | R63: 7.093 | S63: 7.096 | T63: 6.65 | U63: 12.943 | V63: 4.871 | W63: 5.407 | X63: 9.717 | Y63: 7.179 | Z63: 9.792 | AA63: 7.319 | AB63: 6.542 | AC63: 7.156 | AD63: 6.943 | AE63: 8.976 | AF63: 6.641 | AG63: 9.144 | AH63: 6.667
A64: 47969 | B64: 26 | C64: 26 | D64: 26 | E64: 56.535 | F64: 38.723 | G64: 23.248 | H64: 23.342 | I64: 34.134 | J64: 25.885 | K64: 17.47 | L64: 21.537 | M64: 27.646 | N64: 24.5 | O64: 31.852 | P64: 29.784 | Q64: 24.756 | R64: 38.176 | S64: 16.577 | T64: 21.459 | U64: 24.573 | V64: 16.449 | W64: 27.093 | X64: 20.314 | Y64: 17.4 | Z64: 31.766 | AA64: 30.458 | AB64: 21.074 | AC64: 26.62 | AD64: 21.603 | AE64: 26.908 | AF64: 32.994 | AG64: 30.932 | AH64: 30.932 | ALQ64: #N/A
A65: 48000 | B65: 40 | C65: 40 | D65: 40 | E65: 61.632 | F65: 73.056 | G65: 32.433 | H65: 48.517 | I65: 25.755 | J65: 26.03 | K65: 13.234 | L65: 33.691 | M65: 22.042 | N65: 35.488 | O65: 36.495 | P65: 27.898 | Q65: 75.245 | R65: 41.614 | S65: 42.116 | T65: 66.918 | U65: 11.67 | V65: 29.634 | W65: 51.251 | X65: 51.581 | Y65: 42.22 | Z65: 53.412 | AA65: 18.661 | AB65: 58.077 | AC65: 33.401 | AD65: 42.887 | AE65: 26.704 | AF65: 63.87 | AG65: 41.193 | AH65: 41.193 | ALQ65: #N/A
A66: 48030 | B66: 15 | C66: 15 | D66: 15 | E66: 23.677 | F66: 27.61 | G66: 16.223 | H66: 29.427 | I66: 10.859 | J66: 10.209 | K66: 6.271 | L66: 12.059 | M66: 9.133 | N66: 15.099 | O66: 12.955 | P66: 11.734 | Q66: 37.028 | R66: 21.883 | S66: 14.264 | T66: 40.923 | U66: 7.281 | V66: 12.163 | W66: 18.683 | X66: 17.909 | Y66: 15.256 | Z66: 20.445 | AA66: 8.283 | AB66: 37.23 | AC66: 12.294 | AD66: 17.144 | AE66: 13.201 | AF66: 31.168 | AG66: 15.225 | AH66: 15.225 | ALQ66: #N/A
A67: 48061 | B67: 8 | C67: 8 | D67: 8 | E67: 10.822 | F67: 13.495 | G67: 8.358 | H67: 12.367 | I67: 7.132 | J67: 7.034 | K67: 4.346 | L67: 6.656 | M67: 5.978 | N67: 8.861 | O67: 8.074 | P67: 7.413 | Q67: 13.144 | R67: 9.653 | S67: 9.088 | T67: 14.573 | U67: 5.443 | V67: 7.592 | W67: 9.78 | X67: 8.492 | Y67: 8.332 | Z67: 12.033 | AA67: 5.667 | AB67: 13.315 | AC67: 7.444 | AD67: 8.232 | AE67: 8.687 | AF67: 12.243 | AG67: 7.75 | AH67: 7.75 | ALQ67: #N/A
A68: 48092 | B68: 7 | C68: 7 | D68: 7 | E68: 8.191 | F68: 9.143 | G68: 5.927 | H68: 7.779 | I68: 5.514 | J68: 5.255 | K68: 3.657 | L68: 7.305 | M68: 4.875 | N68: 5.91 | O68: 6.662 | P68: 6.397 | Q68: 8.35 | R68: 6.787 | S68: 6.008 | T68: 8.433 | U68: 4.779 | V68: 6.546 | W68: 9.149 | X68: 6.47 | Y68: 6.087 | Z68: 7.528 | AA68: 4.723 | AB68: 7.971 | AC68: 7.368 | AD68: 5.939 | AE68: 6.689 | AF68: 8.86 | AG68: 6.266 | AH68: 6.266 | ALQ68: #N/A
ALQ69: #N/A
ALQ70: #N/A
ALQ71: #N/A
ALQ72: #N/A

Sheet Vallecito.Inflow
B2: Max | C2: Min | D2: Most | E2: 1991 | F2: 1992 | G2: 1993 | H2: 1994 | I2: 1995 | J2: 1996 | K2: 1997 | L2: 1998 | M2: 1999 | N2: 2000 | O2: 2001 | P2: 2002 | Q2: 2003 | R2: 2004 | S2: 2005 | T2: 2006 | U2: 2007 | V2: 2008 | W2: 2009 | X2: 2010 | Y2: 2011 | Z2: 2012 | AA2: 2013 | AB2: 2014 | AC2: 2015 | AD2: 2016 | AE2: 2017 | AF2: 2018 | AG2: 2019 | AH2: 2020
B3: Trace1 | C3: Trace2 | D3: Trace3 | E3: Trace4 | F3: Trace5 | G3: Trace6 | H3: Trace7 | I3: Trace8 | J3: Trace9 | K3: Trace10 | L3: Trace11 | M3: Trace12 | N3: Trace13 | O3: Trace14 | P3: Trace15 | Q3: Trace16 | R3: Trace17 | S3: Trace18 | T3: Trace19 | U3: Trace20 | V3: Trace21 | W3: Trace22 | X3: Trace23 | Y3: Trace24 | Z3: Trace25 | AA3: Trace26 | AB3: Trace27 | AC3: Trace28 | AD3: Trace29 | AE3: Trace30 | AF3: Trace31 | AG3: Trace32 | AH3: Trace33
A4: 46143 | B4: 53 | C4: 26 | D4: 36 | E4: 36.282 | F4: 49.223 | G4: 39.547 | H4: 37.106 | I4: 28.377 | J4: 34.767 | K4: 39.943 | L4: 32.17 | M4: 31.049 | N4: 36.21 | O4: 36.378 | P4: 31.135 | Q4: 37.621 | R4: 35.34 | S4: 32.725 | T4: 35.79 | U4: 45.819 | V4: 37.394 | W4: 39.5 | X4: 28.768 | Y4: 33.092 | Z4: 35.363 | AA4: 35.491 | AB4: 40.921 | AC4: 46.385 | AD4: 36.315 | AE4: 38.221 | AF4: 34.348 | AG4: 28.369 | AH4: 34.612
A5: 46174 | B5: 23 | C5: 12 | D5: 16 | E5: 22.532 | F5: 21.874 | G5: 19.134 | H5: 16.446 | I5: 35.711 | J5: 12.483 | K5: 22.024 | L5: 13.025 | M5: 23.382 | N5: 11.806 | O5: 11.541 | P5: 12.486 | Q5: 15.862 | R5: 10.821 | S5: 13.719 | T5: 12.294 | U5: 17.146 | V5: 18.707 | W5: 13.907 | X5: 13.943 | Y5: 27.705 | Z5: 11.163 | AA5: 13.939 | AB5: 18.445 | AC5: 60.705 | AD5: 21.39 | AE5: 16.138 | AF5: 11.858 | AG5: 33.444 | AH5: 11.75
A6: 46204 | B6: 10 | C6: 5 | D6: 7 | E6: 9.582 | F6: 10.232 | G6: 6.996 | H6: 6.98 | I6: 14.466 | J6: 7.285 | K6: 9.867 | L6: 8.056 | M6: 19.35 | N6: 5.523 | O6: 6.019 | P6: 5.693 | Q6: 6.913 | R6: 6.573 | S6: 6.35 | T6: 8.961 | U6: 8.636 | V6: 8.406 | W6: 7.004 | X6: 6.476 | Y6: 8.969 | Z6: 6.827 | AA6: 6.904 | AB6: 7.164 | AC6: 16.402 | AD6: 6.994 | AE6: 6.76 | AF6: 5.607 | AG6: 9.065 | AH6: 6.928
A7: 46235 | B7: 11 | C7: 6 | D7: 7 | E7: 6.662 | F7: 11.473 | G7: 7.714 | H7: 6.081 | I7: 8.585 | J7: 5.624 | K7: 11.643 | L7: 6.709 | M7: 28.999 | N7: 5.444 | O7: 11.774 | P7: 4.752 | Q7: 7.291 | R7: 4.593 | S7: 8.005 | T7: 8.411 | U7: 20.585 | V7: 6.129 | W7: 4.653 | X7: 7.563 | Y7: 6.038 | Z7: 5.009 | AA7: 8.111 | AB7: 7.45 | AC7: 9.007 | AD7: 8.472 | AE7: 6.126 | AF7: 4.2 | AG7: 4.705 | AH7: 5.422
A8: 46266 | B8: 17 | C8: 10 | D8: 8 | E8: 20.946 | F8: 10.265 | G8: 11.57 | H8: 11.101 | I8: 7.635 | J8: 6.529 | K8: 18.315 | L8: 6.963 | M8: 22.422 | N8: 5.564 | O8: 6.267 | P8: 9.804 | Q8: 17.212 | R8: 13.557 | S8: 6.701 | T8: 10.097 | U8: 14.823 | V8: 8.657 | W8: 5.016 | X8: 6.915 | Y8: 5.923 | Z8: 4.554 | AA8: 26.23 | AB8: 11.323 | AC8: 8.154 | AD8: 7.846 | AE8: 4.694 | AF8: 3.948 | AG8: 4.327 | AH8: 4.791
A9: 46296 | B9: 17 | C9: 10 | D9: 9 | E9: 9.101 | F9: 6.394 | G9: 7.238 | H9: 9.196 | I9: 8.136 | J9: 10.501 | K9: 23.561 | L9: 7.181 | M9: 10.542 | N9: 6.185 | O9: 4.932 | P9: 10.407 | Q9: 8.839 | R9: 16.914 | S9: 15.163 | T9: 30.539 | U9: 14.676 | V9: 7.121 | W9: 5.771 | X9: 9.921 | Y9: 8.597 | Z9: 4.168 | AA9: 16.493 | AB9: 20.513 | AC9: 9.002 | AD9: 7.516 | AE9: 5.794 | AF9: 4.933 | AG9: 4.167 | AH9: 4.847
A10: 46327 | B10: 9 | C10: 8 | D10: 8 | E10: 5.761 | F10: 4.982 | G10: 4.929 | H10: 6.748 | I10: 6.165 | J10: 6.626 | K10: 10.091 | L10: 6.375 | M10: 6.093 | N10: 4.781 | O10: 4.317 | P10: 6.265 | Q10: 5.443 | R10: 9.347 | S10: 10.485 | T10: 12.746 | U10: 7.504 | V10: 6.168 | W10: 5.126 | X10: 7.343 | Y10: 6.288 | Z10: 3.676 | AA10: 8.375 | AB10: 9.569 | AC10: 6.671 | AD10: 4.931 | AE10: 4.501 | AF10: 4.511 | AG10: 3.733 | AH10: 5.267
A11: 46357 | B11: 6 | C11: 6 | D11: 7 | E11: 4.738 | F11: 4.393 | G11: 4.244 | H11: 4.724 | I11: 5.193 | J11: 4.991 | K11: 6.157 | L11: 5.398 | M11: 4.963 | N11: 3.995 | O11: 3.706 | P11: 4.852 | Q11: 4.656 | R11: 6.004 | S11: 6.165 | T11: 7.279 | U11: 5.743 | V11: 4.939 | W11: 3.934 | X11: 4.82 | Y11: 4.895 | Z11: 3.598 | AA11: 5.818 | AB11: 6.199 | AC11: 5.403 | AD11: 4.113 | AE11: 4.042 | AF11: 3.672 | AG11: 3.559 | AH11: 4.342
A12: 46388 | B12: 6 | C12: 6 | D12: 6 | E12: 4.148 | F12: 3.926 | G12: 3.907 | H12: 4.022 | I12: 4.268 | J12: 4.093 | K12: 4.925 | L12: 4.246 | M12: 4.539 | N12: 3.641 | O12: 3.373 | P12: 4.128 | Q12: 4.011 | R12: 5.11 | S12: 4.817 | T12: 5.417 | U12: 4.678 | V12: 3.971 | W12: 3.426 | X12: 3.922 | Y12: 4.538 | Z12: 3.288 | AA12: 4.905 | AB12: 5.211 | AC12: 4.564 | AD12: 3.736 | AE12: 3.591 | AF12: 3.264 | AG12: 3.314 | AH12: 3.53
A13: 46419 | B13: 5 | C13: 5 | D13: 5 | E13: 3.686 | F13: 3.246 | G13: 3.232 | H13: 4.592 | I13: 4.623 | J13: 3.337 | K13: 3.962 | L13: 3.746 | M13: 4.136 | N13: 2.985 | O13: 2.934 | P13: 3.906 | Q13: 3.416 | R13: 4.293 | S13: 3.862 | T13: 5.23 | U13: 3.669 | V13: 3.507 | W13: 2.821 | X13: 3.206 | Y13: 3.43 | Z13: 2.888 | AA13: 4.789 | AB13: 6.18 | AC13: 5.166 | AD13: 3.755 | AE13: 3.376 | AF13: 2.701 | AG13: 2.843 | AH13: 3.365
A14: 46447 | B14: 11 | C14: 8 | D14: 10 | E14: 5.304 | F14: 5.293 | G14: 6.677 | H14: 9.197 | I14: 5.428 | J14: 11.965 | K14: 6.38 | L14: 6.396 | M14: 5.283 | N14: 6.007 | O14: 3.979 | P14: 5.759 | Q14: 11.269 | R14: 7.755 | S14: 5.073 | T14: 15.912 | U14: 4.609 | V14: 6.359 | W14: 3.226 | X14: 5.037 | Y14: 7.177 | Z14: 4.217 | AA14: 7.365 | AB14: 11.307 | AC14: 7.776 | AD14: 10.414 | AE14: 4.038 | AF14: 3.409 | AG14: 4.21 | AH14: 3.537
A15: 46478 | B15: 28 | C15: 20 | D15: 23 | E15: 31.138 | F15: 15.89 | G15: 23.388 | H15: 15.895 | I15: 15.104 | J15: 24.044 | K15: 12.67 | L15: 13.602 | M15: 24.573 | N15: 27.031 | O15: 14.205 | P15: 16.336 | Q15: 35.899 | R15: 27.912 | S15: 22.5 | T15: 25.115 | U15: 12.984 | V15: 14.473 | W15: 12.118 | X15: 13.288 | Y15: 30.307 | Z15: 8.746 | AA15: 20.915 | AB15: 17.188 | AC15: 17.526 | AD15: 24.295 | AE15: 11.571 | AF15: 18.544 | AG15: 11.175 | AH15: 7.726
... A63: 47939 | B63: 23 | C63: 23 | D63: 23 | E63: 18.143 | F63: 25.461 | G63: 14.923 | H63: 15.778 | I63: 26.89 | J63: 29.04 | K63: 16.129 | L63: 15.852 | M63: 37.653 | N63: 30.4 | O63: 26.536 | P63: 26.171 | Q63: 14.201 | R63: 17.047 | S63: 13.909 | T63: 14.635 | U63: 33.649 | V63: 9.514 | W63: 20.965 | X63: 18.314 | Y63: 17.774 | Z63: 25.962 | AA63: 13.262 | AB63: 17.883 | AC63: 13.375 | AD63: 8.467 | AE63: 33.033 | AF63: 17.539 | AG63: 27.51 | AH63: 18.67
A64: 47969 | B64: 68 | C64: 68 | D64: 68 | E64: 67.225 | F64: 93.72 | G64: 65.025 | H64: 67.231 | I64: 64.985 | J64: 109.438 | K64: 27.304 | L64: 61.999 | M64: 85.657 | N64: 114.973 | O64: 66.903 | P64: 78.528 | Q64: 77.529 | R64: 95.147 | S64: 48.821 | T64: 53.986 | U64: 64.416 | V64: 41.637 | W64: 63.766 | X64: 50.757 | Y64: 52.358 | Z64: 62.123 | AA64: 35.777 | AB64: 58.044 | AC64: 62.419 | AD64: 49.172 | AE64: 82.554 | AF64: 94.667 | AG64: 76.92 | AH64: 76.92 | ALQ64: #N/A
A65: 48000 | B65: 62 | C65: 62 | D65: 62 | E65: 33.048 | F65: 119.24 | G65: 56.168 | H65: 104.241 | I65: 29.653 | J65: 65.024 | K65: 11.72 | L65: 40.363 | M65: 48.673 | N65: 108.635 | O65: 33.827 | P65: 57.449 | Q65: 99.416 | R65: 48.573 | S65: 63.2 | T65: 95.154 | U65: 29.381 | V65: 32.006 | W65: 74.911 | X65: 91.952 | Y65: 76.6 | Z65: 77.649 | AA65: 11.873 | AB65: 127.751 | AC65: 38.117 | AD65: 76.105 | AE65: 46.821 | AF65: 105.137 | AG65: 63.977 | AH65: 63.977 | ALQ65: #N/A
A66: 48030 | B66: 21 | C66: 21 | D66: 21 | E66: 12.943 | F66: 33.926 | G66: 25.38 | H66: 71.22 | I66: 9.043 | J66: 19.294 | K66: 5.63 | L66: 11.868 | M66: 16.254 | N66: 37.795 | O66: 14.955 | P66: 18.603 | Q66: 32.321 | R66: 15.905 | S66: 15.351 | T66: 29.161 | U66: 12.036 | V66: 11.151 | W66: 17.671 | X66: 23.305 | Y66: 16.011 | Z66: 18.894 | AA66: 5.489 | AB66: 49.19 | AC66: 11.27 | AD66: 26.992 | AE66: 18.995 | AF66: 34.034 | AG66: 14.65 | AH66: 14.65 | ALQ66: #N/A
A67: 48061 | B67: 15 | C67: 15 | D67: 15 | E67: 7.971 | F67: 24.103 | G67: 12.846 | H67: 44.574 | I67: 7.391 | J67: 21.67 | K67: 4.811 | L67: 9.698 | M67: 7.614 | N67: 19.904 | O67: 11.937 | P67: 28.967 | Q67: 13.93 | R67: 7.194 | S67: 12.137 | T67: 11.493 | U67: 7.245 | V67: 10.235 | W67: 12.103 | X67: 11.289 | Y67: 12.635 | Z67: 11.125 | AA67: 4.267 | AB67: 12.046 | AC67: 7.156 | AD67: 12.154 | AE67: 16.401 | AF67: 17.056 | AG67: 9.47 | AH67: 9.47 | ALQ67: #N/A
A68: 48092 | B68: 16 | C68: 16 | D68: 16 | E68: 8.106 | F68: 25.053 | G68: 10.515 | H68: 27.017 | I68: 6.956 | J68: 9.659 | K68: 9.524 | L68: 19.947 | M68: 17.459 | N68: 12.133 | O68: 12.519 | P68: 17.914 | Q68: 13.281 | R68: 6.803 | S68: 9.185 | T68: 8.41 | U68: 5.805 | V68: 28.417 | W68: 14.617 | X68: 9.003 | Y68: 10.128 | Z68: 6.768 | AA68: 3.681 | AB68: 6.844 | AC68: 5.904 | AD68: 26.844 | AE68: 12.804 | AF68: 16.94 | AG68: 14.755 | AH68: 14.755 | ALQ68: #N/A
ALQ69: #N/A
ALQ70: #N/A
ALQ71: #N/A
ALQ72: #N/A

Sheet YampaRiverInflow.TotalOutflow
B1: 272.6903
B2: Max | C2: Min | D2: Most | E2: 1991 | F2: 1992 | G2: 1993 | H2: 1994 | I2: 1995 | J2: 1996 | K2: 1997 | L2: 1998 | M2: 1999 | N2: 2000 | O2: 2001 | P2: 2002 | Q2: 2003 | R2: 2004 | S2: 2005 | T2: 2006 | U2: 2007 | V2: 2008 | W2: 2009 | X2: 2010 | Y2: 2011 | Z2: 2012 | AA2: 2013 | AB2: 2014 | AC2: 2015 | AD2: 2016 | AE2: 2017 | AF2: 2018 | AG2: 2019 | AH2: 2020
B3: Trace1 | C3: Trace2 | D3: Trace3 | E3: Trace4 | F3: Trace5 | G3: Trace6 | H3: Trace7 | I3: Trace8 | J3: Trace9 | K3: Trace10 | L3: Trace11 | M3: Trace12 | N3: Trace13 | O3: Trace14 | P3: Trace15 | Q3: Trace16 | R3: Trace17 | S3: Trace18 | T3: Trace19 | U3: Trace20 | V3: Trace21 | W3: Trace22 | X3: Trace23 | Y3: Trace24 | Z3: Trace25 | AA3: Trace26 | AB3: Trace27 | AC3: Trace28 | AD3: Trace29 | AE3: Trace30 | AF3: Trace31 | AG3: Trace32 | AH3: Trace33
A4: 46143 | B4: 365 | C4: 75 | D4: 160 | E4: 155.937 | F4: 176.759 | G4: 154.481 | H4: 145.513 | I4: 342.215 | J4: 146.236 | K4: 175.046 | L4: 146.997 | M4: 191.501 | N4: 174.374 | O4: 157.003 | P4: 113.996 | Q4: 194.02 | R4: 153.735 | S4: 183.333 | T4: 162.667 | U4: 160.015 | V4: 186.466 | W4: 164.99 | X4: 197.743 | Y4: 181.849 | Z4: 139.602 | AA4: 147.23 | AB4: 159.985 | AC4: 209.885 | AD4: 227.212 | AE4: 149.656 | AF4: 158.257 | AG4: 138.594 | AH4: 155.163
A5: 46174 | B5: 132 | C5: 27 | D5: 58 | E5: 52.591 | F5: 52.256 | G5: 79.727 | H5: 21.381 | I5: 229.666 | J5: 47.138 | K5: 93.281 | L5: 93.942 | M5: 95.704 | N5: 49.64 | O5: 32.024 | P5: 33.801 | Q5: 78.663 | R5: 34.037 | S5: 122.438 | T5: 31.403 | U5: 32.068 | V5: 83.019 | W5: 63.956 | X5: 129.2 | Y5: 88.098 | Z5: 21.521 | AA5: 35.692 | AB5: 61.505 | AC5: 105.91 | AD5: 67.535 | AE5: 54.495 | AF5: 18.242 | AG5: 140.538 | AH5: 36.479
A6: 46204 | B6: 7 | C6: 1 | D6: 3 | E6: 2.843 | F6: 3.414 | G6: 4.995 | H6: 2.434 | I6: 37.046 | J6: 2.71 | K6: 4.362 | L6: 12.456 | M6: 5.18 | N6: 2.607 | O6: 2.443 | P6: 2.46 | Q6: 2.926 | R6: 3.074 | S6: 7.434 | T6: 2.497 | U6: 2.465 | V6: 4.62 | W6: 4.423 | X6: 8.851 | Y6: 6.474 | Z6: 2.421 | AA6: 2.5 | AB6: 2.88 | AC6: 9.093 | AD6: 3.796 | AE6: 2.772 | AF6: 2.427 | AG6: 34.275 | AH6: 2.466
A7: 46235 | B7: 9 | C7: 6 | D7: 3 | E7: 2.803 | F7: 3.479 | G7: 3.004 | H7: 2.8 | I7: 7.79 | J7: 2.723 | K7: 9.441 | L7: 5.927 | M7: 3.274 | N7: 2.619 | O7: 2.996 | P7: 2.652 | Q7: 2.754 | R7: 2.747 | S7: 3.218 | T7: 2.728 | U7: 2.658 | V7: 3.192 | W7: 3.235 | X7: 3.891 | Y7: 3.277 | Z7: 2.707 | AA7: 2.682 | AB7: 9.19 | AC7: 4.108 | AD7: 3.016 | AE7: 2.702 | AF7: 2.602 | AG7: 7.26 | AH7: 2.649
A8: 46266 | B8: 11 | C8: 7 | D8: 4 | E8: 4.633 | F8: 3.328 | G8: 4.266 | H8: 2.815 | I8: 6.539 | J8: 3.485 | K8: 39.031 | L8: 3.479 | M8: 4.023 | N8: 7.045 | O8: 3.149 | P8: 2.892 | Q8: 5.45 | R8: 7.643 | S8: 3.458 | T8: 10.606 | U8: 6.391 | V8: 4.665 | W8: 2.983 | X8: 3.589 | Y8: 7.585 | Z8: 2.429 | AA8: 10.694 | AB8: 15.567 | AC8: 3.977 | AD8: 3.177 | AE8: 3.018 | AF8: 2.329 | AG8: 4.713 | AH8: 2.56
A9: 46296 | B9: 32 | C9: 22 | D9: 14 | E9: 9.716 | F9: 9.5 | G9: 23.992 | H9: 12.972 | I9: 30.268 | J9: 13.486 | K9: 61.928 | L9: 25.797 | M9: 11.056 | N9: 26.578 | O9: 11.355 | P9: 16.584 | Q9: 11.218 | R9: 27.091 | S9: 20.198 | T9: 35.264 | U9: 34.501 | V9: 11.256 | W9: 19.021 | X9: 15.15 | Y9: 18.525 | Z9: 9.43 | AA9: 35.892 | AB9: 23.228 | AC9: 10.693 | AD9: 12.079 | AE9: 27.619 | AF9: 17.389 | AG9: 12.68 | AH9: 16.144
A10: 46327 | B10: 31 | C10: 28 | D10: 23 | E10: 17.324 | F10: 16.422 | G10: 22.593 | H10: 18.397 | I10: 29.382 | J10: 34.9 | K10: 29.954 | L10: 25.104 | M10: 15.392 | N10: 18.231 | O10: 17.498 | P10: 16.363 | Q10: 17.806 | R10: 34.401 | S10: 21.863 | T10: 33.093 | U10: 28.303 | V10: 18.002 | W10: 22.29 | X10: 36.176 | Y10: 21.88 | Z10: 16.388 | AA10: 32.078 | AB10: 22.967 | AC10: 18.7 | AD10: 16.855 | AE10: 22.114 | AF10: 20.099 | AG10: 19.795 | AH10: 26.701
A11: 46357 | B11: 24 | C11: 25 | D11: 25 | E11: 15.564 | F11: 15.892 | G11: 16.454 | H11: 15.469 | I11: 31.094 | J11: 33.347 | K11: 20.395 | L11: 27.301 | M11: 15.438 | N11: 15.91 | O11: 15.257 | P11: 16.354 | Q11: 19.742 | R11: 19.327 | S11: 17.539 | T11: 22.407 | U11: 17.604 | V11: 17.712 | W11: 16.872 | X11: 24.685 | Y11: 17.925 | Z11: 16.243 | AA11: 20.52 | AB11: 21.482 | AC11: 19.006 | AD11: 16.104 | AE11: 21.382 | AF11: 15.427 | AG11: 21.185 | AH11: 20.626
A12: 46388 | B12: 25 | C12: 25 | D12: 25 | E12: 14.766 | F12: 15.686 | G12: 15.133 | H12: 17.203 | I12: 22.769 | J12: 23.369 | K12: 19.07 | L12: 19.381 | M12: 18.715 | N12: 14.729 | O12: 14.136 | P12: 15.474 | Q12: 16.969 | R12: 23.131 | S12: 20.365 | T12: 17.903 | U12: 16.015 | V12: 16.838 | W12: 15.068 | X12: 22.014 | Y12: 18.448 | Z12: 14.639 | AA12: 17.351 | AB12: 19.094 | AC12: 17.707 | AD12: 15.593 | AE12: 18.851 | AF12: 14.416 | AG12: 18.006 | AH12: 16.86
A13: 46419 | B13: 26 | C13: 25 | D13: 25 | E13: 14.375 | F13: 13.46 | G13: 13.659 | H13: 25.682 | I13: 26.811 | J13: 17.963 | K13: 19.663 | L13: 20.49 | M13: 26.71 | N13: 13.311 | O13: 12.33 | P13: 23.852 | Q13: 15.159 | R13: 25.566 | S13: 15.752 | T13: 20.661 | U13: 14.043 | V13: 19.356 | W13: 12.986 | X13: 17.961 | Y13: 16.356 | Z13: 13.643 | AA13: 18.385 | AB13: 38.086 | AC13: 19.617 | AD13: 34.749 | AE13: 23.14 | AF13: 14.141 | AG13: 15.597 | AH13: 16.157
A14: 46447 | B14: 83 | C14: 65 | D14: 74 | E14: 54.527 | F14: 39.619 | G14: 56.66 | H14: 80.432 | I14: 55.838 | J14: 65.009 | K14: 59.041 | L14: 64.659 | M14: 50.156 | N14: 39.198 | O14: 22.066 | P14: 51.218 | Q14: 87.244 | R14: 43.409 | S14: 35.556 | T14: 105.196 | U14: 21.368 | V14: 74.736 | W14: 24.683 | X14: 48.196 | Y14: 62.08 | Z14: 34.288 | AA14: 57.411 | AB14: 71.853 | AC14: 59.684 | AD14: 126.787 | AE14: 45.451 | AF14: 25.275 | AG14: 50.374 | AH14: 35.642
A15: 46478 | B15: 246 | C15: 165 | D15: 203 | E15: 153.457 | F15: 191.032 | G15: 184.455 | H15: 114.178 | I15: 296.161 | J15: 221.129 | K15: 220.383 | L15: 182.701 | M15: 178.666 | N15: 164.819 | O15: 113.597 | P15: 217.434 | Q15: 227.159 | R15: 182.032 | S15: 277.96 | T15: 187.008 | U15: 90.519 | V15: 224.278 | W15: 157.349 | X15: 314.635 | Y15: 188.045 | Z15: 104.194 | AA15: 223.856 | AB15: 129.343 | AC15: 251.175 | AD15: 187.985 | AE15: 121.046 | AF15: 198.499 | AG15: 172.77 | AH15: 120.476
... A63: 47939 | B63: 203 | C63: 203 | D63: 203 | E63: 340.104 | F63: 262.91 | G63: 281.015 | H63: 227.974 | I63: 215.366 | J63: 191.354 | K63: 131.72 | L63: 228.459 | M63: 264.126 | N63: 209.35 | O63: 318.243 | P63: 230.876 | Q63: 101.496 | R63: 271.68 | S63: 202.285 | T63: 356.152 | U63: 265.243 | V63: 117.069 | W63: 254.399 | X63: 172.878 | Y63: 265.129 | Z63: 220.541 | AA63: 145.798 | AB63: 216.129 | AC63: 204.703 | AD63: 143.563 | AE63: 182.125 | AF63: 204.34 | AG63: 249.548 | AH63: 134.259
A64: 47969 | B64: 513 | C64: 513 | D64: 513 | E64: 798.351 | F64: 952.45 | G64: 691.348 | H64: 635.624 | I64: 546.233 | J64: 463.568 | K64: 204.406 | L64: 617.753 | M64: 441.696 | N64: 576.772 | O64: 668.929 | P64: 430.699 | Q64: 637.525 | R64: 760.176 | S64: 447.04 | T64: 917.368 | U64: 247.81 | V64: 358.765 | W64: 600.621 | X64: 382.382 | Y64: 652.662 | Z64: 485.165 | AA64: 392.638 | AB64: 491.791 | AC64: 566.979 | AD64: 457.992 | AE64: 371.354 | AF64: 727.913 | AG64: 459.506 | AH64: 459.506 | ALQ64: #N/A
A65: 48000 | B65: 367 | C65: 367 | D65: 367 | E65: 578.116 | F65: 805.914 | G65: 438.352 | H65: 499.01 | I65: 273.868 | J65: 207.177 | K65: 118.141 | L65: 400.245 | M65: 182.629 | N65: 440.432 | O65: 341.79 | P65: 135.554 | Q65: 700.376 | R65: 503.224 | S65: 551.989 | T65: 1094.814 | U65: 49.379 | V65: 255.455 | W65: 533.897 | X65: 241.702 | Y65: 455.04 | Z65: 355.324 | AA65: 141.128 | AB65: 596.23 | AC65: 354.596 | AD65: 359.207 | AE65: 131.537 | AF65: 652.674 | AG65: 172.844 | AH65: 172.844 | ALQ65: #N/A
A66: 48030 | B66: 60 | C66: 60 | D66: 60 | E66: 115.829 | F66: 148.534 | G66: 149.549 | H66: 98.426 | I66: 28.368 | J66: 23.433 | K66: 4.562 | L66: 59.862 | M66: 27.096 | N66: 80.481 | O66: 47.51 | P66: 12.088 | Q66: 188.346 | R66: 141.412 | S66: 102.985 | T66: 467.505 | U66: 3.385 | V66: 34.123 | W66: 105.848 | X66: 33.737 | Y66: 73.993 | Z66: 59.354 | AA66: 10.578 | AB66: 212.041 | AC66: 45.956 | AD66: 60.933 | AE66: 18.764 | AF66: 160.758 | AG66: 21.765 | AH66: 21.765 | ALQ66: #N/A
A67: 48061 | B67: 19 | C67: 19 | D67: 19 | E67: 23.242 | F67: 42.028 | G67: 33.84 | H67: 23.153 | I67: 9.374 | J67: 10.146 | K67: 3.265 | L67: 12.936 | M67: 8.742 | N67: 14.54 | O67: 14.781 | P67: 7.095 | Q67: 29.263 | R67: 27.623 | S67: 22.07 | T67: 70.46 | U67: 6.584 | V67: 10.944 | W67: 37.069 | X67: 9.953 | Y67: 17.703 | Z67: 14.747 | AA67: 5.648 | AB67: 32.458 | AC67: 12.118 | AD67: 14.552 | AE67: 8.778 | AF67: 29.113 | AG67: 9.268 | AH67: 9.268 | ALQ67: #N/A
A68: 48092 | B68: 13 | C68: 13 | D68: 13 | E68: 17.786 | F68: 86.314 | G68: 17.744 | H68: 18.22 | I68: 18.319 | J68: 10.275 | K68: 5.718 | L68: 15.623 | M68: 17.653 | N68: 10.042 | O68: 25.441 | P68: 15.84 | Q68: 20.652 | R68: 16.774 | S68: 13.585 | T68: 35.983 | U68: 8.066 | V68: 23.581 | W68: 35.305 | X68: 9.071 | Y68: 12.703 | Z68: 12.301 | AA68: 6.72 | AB68: 17.551 | AC68: 12.213 | AD68: 15.368 | AE68: 8.59 | AF68: 20.162 | AG68: 9.682 | AH68: 9.682 | ALQ68: #N/A
ALQ69: #N/A
ALQ70: #N/A
ALQ71: #N/A
ALQ72: #N/A

Sheet AnimasRiverTotalOutflow
B1: 10.8928
B2: Max | C2: Min | D2: Most | E2: 1991 | F2: 1992 | G2: 1993 | H2: 1994 | I2: 1995 | J2: 1996 | K2: 1997 | L2: 1998 | M2: 1999 | N2: 2000 | O2: 2001 | P2: 2002 | Q2: 2003 | R2: 2004 | S2: 2005 | T2: 2006 | U2: 2007 | V2: 2008 | W2: 2009 | X2: 2010 | Y2: 2011 | Z2: 2012 | AA2: 2013 | AB2: 2014 | AC2: 2015 | AD2: 2016 | AE2: 2017 | AF2: 2018 | AG2: 2019 | AH2: 2020
B3: Trace1 | C3: Trace2 | D3: Trace3 | E3: Trace4 | F3: Trace5 | G3: Trace6 | H3: Trace7 | I3: Trace8 | J3: Trace9 | K3: Trace10 | L3: Trace11 | M3: Trace12 | N3: Trace13 | O3: Trace14 | P3: Trace15 | Q3: Trace16 | R3: Trace17 | S3: Trace18 | T3: Trace19 | U3: Trace20 | V3: Trace21 | W3: Trace22 | X3: Trace23 | Y3: Trace24 | Z3: Trace25 | AA3: Trace26 | AB3: Trace27 | AC3: Trace28 | AD3: Trace29 | AE3: Trace30 | AF3: Trace31 | AG3: Trace32 | AH3: Trace33
A4: 46143 | B4: 98 | C4: 46 | D4: 63 | E4: 43.943 | F4: 80.245 | G4: 70.72 | H4: 60.422 | I4: 36.49 | J4: 63.384 | K4: 62.65 | L4: 52.947 | M4: 49.878 | N4: 68.085 | O4: 69.026 | P4: 52.887 | Q4: 61.962 | R4: 61.474 | S4: 59.738 | T4: 63.344 | U4: 70.016 | V4: 64.443 | W4: 74.193 | X4: 45.272 | Y4: 63.655 | Z4: 64.379 | AA4: 60.804 | AB4: 62.691 | AC4: 70.889 | AD4: 55.598 | AE4: 66.386 | AF4: 63.309 | AG4: 43.126 | AH4: 63.323
A5: 46174 | B5: 64 | C5: 30 | D5: 41 | E5: 59.384 | F5: 55.95 | G5: 49.863 | H5: 39.564 | I5: 90.62 | J5: 27.496 | K5: 67.202 | L5: 37.489 | M5: 64.143 | N5: 32.308 | O5: 30.763 | P5: 32.981 | Q5: 38.401 | R5: 27.21 | S5: 35.068 | T5: 33.458 | U5: 47.844 | V5: 49.865 | W5: 37.767 | X5: 42.436 | Y5: 74.981 | Z5: 26.403 | AA5: 34.679 | AB5: 51.89 | AC5: 146.298 | AD5: 62.718 | AE5: 45.337 | AF5: 28.201 | AG5: 87.717 | AH5: 39.174
A6: 46204 | B6: 26 | C6: 12 | D6: 17 | E6: 24.284 | F6: 25.383 | G6: 18.047 | H6: 14.336 | I6: 47.708 | J6: 15.233 | K6: 20.7 | L6: 16.553 | M6: 34.688 | N6: 11.647 | O6: 15.229 | P6: 12.218 | Q6: 13.34 | R6: 12.659 | S6: 14.497 | T6: 25.013 | U6: 21.38 | V6: 17.751 | W6: 16.697 | X6: 15.95 | Y6: 23.966 | Z6: 11.82 | AA6: 16.98 | AB6: 17.02 | AC6: 41.51 | AD6: 19.751 | AE6: 17.075 | AF6: 12.535 | AG6: 24.008 | AH6: 16.809
A7: 46235 | B7: 23 | C7: 12 | D7: 14 | E7: 16.512 | F7: 21.67 | G7: 13.968 | H7: 9.061 | I7: 23.552 | J7: 11.405 | K7: 32.037 | L7: 12.657 | M7: 52.687 | N7: 11.381 | O7: 19.01 | P7: 8.987 | Q7: 12.287 | R7: 9.168 | S7: 13.983 | T7: 24.325 | U7: 26.179 | V7: 11.844 | W7: 10.003 | X7: 19.627 | Y7: 14.018 | Z7: 9.926 | AA7: 22.481 | AB7: 16.432 | AC7: 21.172 | AD7: 20.382 | AE7: 14.017 | AF7: 8.29 | AG7: 11.589 | AH7: 11.492
A8: 46266 | B8: 27 | C8: 15 | D8: 17 | E8: 31.213 | F8: 17.212 | G8: 17.109 | H8: 21.363 | I8: 18.217 | J8: 15.97 | K8: 43.221 | L8: 13.393 | M8: 33.56 | N8: 11.805 | O8: 11.85 | P8: 21.469 | Q8: 27.624 | R8: 29.825 | S8: 11.771 | T8: 26.079 | U8: 27.455 | V8: 22.431 | W8: 9.541 | X8: 12.568 | Y8: 12.548 | Z8: 9.1 | AA8: 41.066 | AB8: 28.27 | AC8: 14.545 | AD8: 16.891 | AE8: 10.692 | AF8: 8.41 | AG8: 9.174 | AH8: 10.052
A9: 46296 | B9: 30 | C9: 17 | D9: 18 | E9: 15.349 | F9: 12.152 | G9: 13.971 | H9: 20.974 | I9: 17.346 | J9: 31.811 | K9: 41.543 | L9: 15.561 | M9: 16.781 | N9: 14.943 | O9: 10.633 | P9: 24.263 | Q9: 15.651 | R9: 34.511 | S9: 28.946 | T9: 73.409 | U9: 29.053 | V9: 15.765 | W9: 12.062 | X9: 17.466 | Y9: 22.54 | Z9: 8.583 | AA9: 30.965 | AB9: 37.559 | AC9: 18.847 | AD9: 13.689 | AE9: 11.905 | AF9: 11.553 | AG9: 8.921 | AH9: 11.237
A10: 46327 | B10: 18 | C10: 16 | D10: 16 | E10: 11.765 | F10: 10.628 | G10: 11.26 | H10: 16.235 | I10: 12.829 | J10: 17.123 | K10: 22.24 | L10: 14.68 | M10: 11.502 | N10: 12.087 | O10: 9.861 | P10: 14.29 | Q10: 11.183 | R10: 21.017 | S10: 19.411 | T10: 28.586 | U10: 17.778 | V10: 12.993 | W10: 12.672 | X10: 15.708 | Y10: 17.2 | Z10: 8.131 | AA10: 19.026 | AB10: 18.907 | AC10: 15.239 | AD10: 10.61 | AE10: 9.761 | AF10: 10.325 | AG10: 8.661 | AH10: 11.929
A11: 46357 | B11: 15 | C11: 14 | D11: 15 | E11: 10.501 | F11: 9.949 | G11: 10.29 | H11: 11.831 | I11: 11.502 | J11: 12.97 | K11: 14.436 | L11: 12.463 | M11: 10.372 | N11: 10.314 | O11: 9.075 | P11: 11.473 | Q11: 10.734 | R11: 14.32 | S11: 12.945 | T11: 16.877 | U11: 13.92 | V11: 11.271 | W11: 10.15 | X11: 12.035 | Y11: 12.611 | Z11: 8.717 | AA11: 14.259 | AB11: 14.334 | AC11: 12.63 | AD11: 10.227 | AE11: 9.458 | AF11: 9.03 | AG11: 9.313 | AH11: 10.56
A12: 46388 | B12: 13 | C12: 13 | D12: 13 | E12: 9.718 | F12: 9.585 | G12: 9.915 | H12: 10.468 | I12: 10.798 | J12: 10.977 | K12: 11.864 | L12: 10.625 | M12: 10.304 | N12: 9.723 | O12: 9.099 | P12: 10.45 | Q12: 9.896 | R12: 13.253 | S12: 11.261 | T12: 12.847 | U12: 11.578 | V12: 10.226 | W12: 9.312 | X12: 10.568 | Y12: 11.628 | Z12: 8.967 | AA12: 12.252 | AB12: 12.338 | AC12: 11.098 | AD12: 10.291 | AE12: 9.244 | AF12: 8.746 | AG12: 9.18 | AH12: 9.525
A13: 46419 | B13: 12 | C13: 12 | D13: 12 | E13: 8.843 | F13: 8.657 | G13: 8.547 | H13: 10.992 | I13: 11.67 | J13: 9.287 | K13: 9.798 | L13: 9.983 | M13: 9.839 | N13: 8.465 | O13: 8.1 | P13: 9.601 | Q13: 8.968 | R13: 11.769 | S13: 9.194 | T13: 12.069 | U13: 9.295 | V13: 9.52 | W13: 7.936 | X13: 9.01 | Y13: 9.218 | Z13: 8.714 | AA13: 12.145 | AB13: 13.88 | AC13: 12.032 | AD13: 11.984 | AE13: 9.11 | AF13: 7.747 | AG13: 8.293 | AH13: 8.901
A14: 46447 | B14: 26 | C14: 18 | D14: 23 | E14: 13.516 | F14: 13.746 | G14: 15.599 | H14: 27.316 | I14: 14.525 | J14: 33.187 | K14: 16.014 | L14: 15.08 | M14: 13.269 | N14: 15.32 | O14: 10.686 | P14: 13.933 | Q14: 28.82 | R14: 22.857 | S14: 11.807 | T14: 42.182 | U14: 11.92 | V14: 16.35 | W14: 9.424 | X14: 14.276 | Y14: 17.62 | Z14: 11.713 | AA14: 16.767 | AB14: 26.822 | AC14: 18.137 | AD14: 34.736 | AE14: 10.835 | AF14: 11.281 | AG14: 12.885 | AH14: 10.486
A15: 46478 | B15: 61 | C15: 40 | D15: 51 | E15: 56.131 | F15: 40.959 | G15: 46.105 | H15: 32.854 | I15: 32.409 | J15: 61.172 | K15: 34.316 | L15: 34.156 | M15: 44.202 | N15: 53.643 | O15: 32.657 | P15: 35.064 | Q15: 83.081 | R15: 69.053 | S15: 40.518 | T15: 65.621 | U15: 31.02 | V15: 33.401 | W15: 23.588 | X15: 31.759 | Y15: 68.629 | Z15: 17.219 | AA15: 45.857 | AB15: 40.757 | AC15: 38.218 | AD15: 71.835 | AE15: 24.502 | AF15: 44.063 | AG15: 21.822 | AH15: 18.22
... A63: 47939 | B63: 51 | C63: 51 | D63: 51 | E63: 40.325 | F63: 68.251 | G63: 44.395 | H63: 42.783 | I63: 52.092 | J63: 59.541 | K63: 37.868 | L63: 34.715 | M63: 88.893 | N63: 77.137 | O63: 52.391 | P63: 70.264 | Q63: 36.031 | R63: 42.334 | S63: 29.283 | T63: 37.484 | U63: 77.03 | V63: 19.299 | W63: 46.778 | X63: 43.904 | Y63: 39.173 | Z63: 77.881 | AA63: 29.301 | AB63: 44.313 | AC63: 27.709 | AD63: 20.785 | AE63: 64.714 | AF63: 46.346 | AG63: 58.78 | AH63: 39.671
A64: 47969 | B64: 135 | C64: 135 | D64: 135 | E64: 143.301 | F64: 199.585 | G64: 144.353 | H64: 151.445 | I64: 124.916 | J64: 228.834 | K64: 51.151 | L64: 115.612 | M64: 148.808 | N64: 234.055 | O64: 126.156 | P64: 151.705 | Q64: 183.149 | R64: 209.759 | S64: 85.186 | T64: 129.717 | U64: 113.638 | V64: 78.209 | W64: 111.721 | X64: 95.002 | Y64: 104.08 | Z64: 147.907 | AA64: 72.627 | AB64: 130.462 | AC64: 118.472 | AD64: 77.854 | AE64: 159.761 | AF64: 218.765 | AG64: 158.77 | AH64: 158.77 | ALQ64: #N/A
A65: 48000 | B65: 144 | C65: 144 | D65: 144 | E65: 98.292 | F65: 256.754 | G65: 126.37 | H65: 217.535 | I65: 73.542 | J65: 127.059 | K65: 29.722 | L65: 84.428 | M65: 95.998 | N65: 211.519 | O65: 83.313 | P65: 117.896 | Q65: 211.933 | R65: 116.257 | S65: 144.359 | T65: 218.492 | U65: 48.706 | V65: 61.751 | W65: 150.309 | X65: 182.414 | Y65: 167.347 | Z65: 166.83 | AA65: 30.646 | AB65: 261.461 | AC65: 88.289 | AD65: 151.616 | AE65: 109.489 | AF65: 225.376 | AG65: 144.077 | AH65: 144.077 | ALQ65: #N/A
A66: 48030 | B66: 51 | C66: 51 | D66: 51 | E66: 39.791 | F66: 92.498 | G66: 73.437 | H66: 141.838 | I66: 23.822 | J66: 52.774 | K66: 12.817 | L66: 27.116 | M66: 36.521 | N66: 83.225 | O66: 48.652 | P66: 47.004 | Q66: 81.13 | R66: 47.649 | S66: 42.205 | T66: 85.281 | U66: 19.95 | V66: 25.892 | W66: 47.91 | X66: 58.556 | Y66: 49.094 | Z66: 53.343 | AA66: 13.579 | AB66: 110.869 | AC66: 31.268 | AD66: 89.947 | AE66: 62.196 | AF66: 81.577 | AG66: 37.486 | AH66: 37.486 | ALQ66: #N/A
A67: 48061 | B67: 29 | C67: 29 | D67: 29 | E67: 19.198 | F67: 71.229 | G67: 30.032 | H67: 89.912 | I67: 16.307 | J67: 36.345 | K67: 9.647 | L67: 19.393 | M67: 18.53 | N67: 40.478 | O67: 34.633 | P67: 39.761 | Q67: 31.814 | R67: 21.099 | S67: 35.429 | T67: 28.191 | U67: 13.694 | V67: 26.915 | W67: 30.85 | X67: 24.751 | Y67: 33.599 | Z67: 30.995 | AA67: 9.171 | AB67: 33.829 | AC67: 16.934 | AD67: 34.727 | AE67: 36.886 | AF67: 38.623 | AG67: 19.105 | AH67: 19.105 | ALQ67: #N/A
A68: 48092 | B68: 26 | C68: 26 | D68: 26 | E68: 21.727 | F68: 62.81 | G68: 24.35 | H68: 44.795 | I68: 15.569 | J68: 18.951 | K68: 22.544 | L68: 33.852 | M68: 41.186 | N68: 23.558 | O68: 33.087 | P68: 36.615 | Q68: 37.072 | R68: 15.191 | S68: 18.933 | T68: 20.294 | U68: 11.164 | V68: 45.508 | W68: 38.084 | X68: 16.521 | Y68: 23.297 | Z68: 18.236 | AA68: 9.483 | AB68: 17.585 | AC68: 12.647 | AD68: 43.958 | AE68: 24.377 | AF68: 30.375 | AG68: 30.76 | AH68: 30.76 | ALQ68: #N/A
ALQ69: #N/A
ALQ70: #N/A
ALQ71: #N/A
ALQ72: #N/A

Sheet GainsCrystalToGJ
B1: Gains Crystal to Grand Junction
B2: Max | C2: Min | D2: Most | E2: 1991 | F2: 1992 | G2: 1993 | H2: 1994 | I2: 1995 | J2: 1996 | K2: 1997 | L2: 1998 | M2: 1999 | N2: 2000 | O2: 2001 | P2: 2002 | Q2: 2003 | R2: 2004 | S2: 2005 | T2: 2006 | U2: 2007 | V2: 2008 | W2: 2009 | X2: 2010 | Y2: 2011 | Z2: 2012 | AA2: 2013 | AB2: 2014 | AC2: 2015 | AD2: 2016 | AE2: 2017 | AF2: 2018 | AG2: 2019 | AH2: 2020
A3: =$A$1&A2 | B3: Trace1 | C3: Trace2 | D3: Trace3 | E3: Trace4 | F3: Trace5 | G3: Trace6 | H3: Trace7 | I3: Trace8 | J3: Trace9 | K3: Trace10 | L3: Trace11 | M3: Trace12 | N3: Trace13 | O3: Trace14 | P3: Trace15 | Q3: Trace16 | R3: Trace17 | S3: Trace18 | T3: Trace19 | U3: Trace20 | V3: Trace21 | W3: Trace22 | X3: Trace23 | Y3: Trace24 | Z3: Trace25 | AA3: Trace26 | AB3: Trace27 | AC3: Trace28 | AD3: Trace29 | AE3: Trace30 | AF3: Trace31 | AG3: Trace32 | AH3: Trace33
A4: 46143 | B4: 70 | C4: 29 | D4: 50 | E4: 40.276 | F4: 55.705 | G4: 49.924 | H4: 45.069 | I4: 58.07 | J4: 43.45 | K4: 45.632 | L4: 41.263 | M4: 54.249 | N4: 48.046 | O4: 53.827 | P4: 42.362 | Q4: 59.244 | R4: 44.348 | S4: 48.938 | T4: 47.599 | U4: 49.144 | V4: 47.853 | W4: 50.076 | X4: 44.982 | Y4: 56.435 | Z4: 50.999 | AA4: 56.182 | AB4: 52.352 | AC4: 67.221 | AD4: 50.439 | AE4: 49.073 | AF4: 51.209 | AG4: 51.351 | AH4: 50.289
A5: 46174 | B5: 73 | C5: 30 | D5: 52 | E5: 51.975 | F5: 68.745 | G5: 52.552 | H5: 45.224 | I5: 105.122 | J5: 38.27 | K5: 58.638 | L5: 45.002 | M5: 71.82 | N5: 43.753 | O5: 48.437 | P5: 43.178 | Q5: 55.251 | R5: 39.382 | S5: 50.651 | T5: 41.889 | U5: 45.386 | V5: 55.766 | W5: 49.974 | X5: 52.025 | Y5: 82.541 | Z5: 47.92 | AA5: 60.2 | AB5: 67.983 | AC5: 108.996 | AD5: 52.391 | AE5: 60.944 | AF5: 45.136 | AG5: 81.668 | AH5: 49.709
A6: 46204 | B6: 31 | C6: 13 | D6: 22 | E6: 20.305 | F6: 22.421 | G6: 20.964 | H6: 22.639 | I6: 35.877 | J6: 18.758 | K6: 19.134 | L6: 18.759 | M6: 23.092 | N6: 18.758 | O6: 18.759 | P6: 20.431 | Q6: 20.337 | R6: 20.067 | S6: 18.953 | T6: 19.664 | U6: 18.962 | V6: 19.048 | W6: 22.93 | X6: 21.579 | Y6: 23.367 | Z6: 27.423 | AA6: 30.806 | AB6: 31.17 | AC6: 36.951 | AD6: 26.211 | AE6: 22.987 | AF6: 23.631 | AG6: 22.808 | AH6: 23.024
A7: 46235 | B7: 41 | C7: 25 | D7: 25 | E7: 22.749 | F7: 26.101 | G7: 24.768 | H7: 23.712 | I7: 27.449 | J7: 19.89 | K7: 20.445 | L7: 20.802 | M7: 32.114 | N7: 22.02 | O7: 21.92 | P7: 23.441 | Q7: 23.251 | R7: 23.799 | S7: 21.351 | T7: 23.489 | U7: 22.336 | V7: 23.275 | W7: 25.232 | X7: 25.555 | Y7: 29.895 | Z7: 26.426 | AA7: 37.535 | AB7: 40.808 | AC7: 39.766 | AD7: 36.702 | AE7: 27.36 | AF7: 32.82 | AG7: 27.138 | AH7: 27.649
A8: 46266 | B8: 62 | C8: 47 | D8: 44 | E8: 30.286 | F8: 40.125 | G8: 40.049 | H8: 36.272 | I8: 48.482 | J8: 37.427 | K8: 43.813 | L8: 33.898 | M8: 40.931 | N8: 38.566 | O8: 40.297 | P8: 32.086 | Q8: 41.706 | R8: 48.41 | S8: 37.6 | T8: 45.153 | U8: 55.218 | V8: 45.299 | W8: 45.275 | X8: 42.031 | Y8: 53.014 | Z8: 40.704 | AA8: 58.663 | AB8: 67.254 | AC8: 55.23 | AD8: 53.464 | AE8: 46.274 | AF8: 46.839 | AG8: 44.187 | AH8: 45.914
A9: 46296 | B9: 84 | C9: 72 | D9: 60 | E9: 54.538 | F9: 59.093 | G9: 68.818 | H9: 58.812 | I9: 68.345 | J9: 68.133 | K9: 76.731 | L9: 62.845 | M9: 54.422 | N9: 65.488 | O9: 59.359 | P9: 52.335 | Q9: 55.437 | R9: 61.278 | S9: 70.58 | T9: 106.907 | U9: 88.063 | V9: 65.995 | W9: 68.689 | X9: 67.119 | Y9: 77.955 | Z9: 51.562 | AA9: 84.734 | AB9: 94.551 | AC9: 81.88 | AD9: 75.442 | AE9: 76.779 | AF9: 61.202 | AG9: 79.648 | AH9: 50.527
A10: 46327 | B10: 52 | C10: 49 | D10: 46 | E10: 36.785 | F10: 41.83 | G10: 41.417 | H10: 39.926 | I10: 45.452 | J10: 43.94 | K10: 46.928 | L10: 37.531 | M10: 37.791 | N10: 36.026 | O10: 37.502 | P10: 38.308 | Q10: 36.005 | R10: 43.091 | S10: 43.161 | T10: 53.278 | U10: 49.269 | V10: 35.733 | W10: 37.242 | X10: 38.58 | Y10: 38.837 | Z10: 33.46 | AA10: 44.341 | AB10: 41.736 | AC10: 39.623 | AD10: 36.269 | AE10: 37.186 | AF10: 37.041 | AG10: 37.633 | AH10: 38.745
A11: 46357 | B11: 40 | C11: 38 | D11: 40 | E11: 28.965 | F11: 29.566 | G11: 27.892 | H11: 29.581 | I11: 32.956 | J11: 32.601 | K11: 32.284 | L11: 30.379 | M11: 28.34 | N11: 27.339 | O11: 28.48 | P11: 28.617 | Q11: 29.558 | R11: 31.317 | S11: 30.027 | T11: 34.918 | U11: 35.702 | V11: 27.647 | W11: 27.709 | X11: 32.6 | Y11: 28.875 | Z11: 26.386 | AA11: 31.231 | AB11: 31.487 | AC11: 30.939 | AD11: 29.536 | AE11: 27.452 | AF11: 27.063 | AG11: 28.917 | AH11: 29.083
A12: 46388 | B12: 34 | C12: 33 | D12: 34 | E12: 24.426 | F12: 28.391 | G12: 24.107 | H12: 26.114 | I12: 27.366 | J12: 28.039 | K12: 28.493 | L12: 26.344 | M12: 26.172 | N12: 23.542 | O12: 24.474 | P12: 24.625 | Q12: 25.717 | R12: 34.722 | S12: 26.91 | T12: 29.6 | U12: 28.752 | V12: 24.687 | W12: 23.663 | X12: 28.255 | Y12: 25.66 | Z12: 23.468 | AA12: 26.138 | AB12: 27.082 | AC12: 26.942 | AD12: 29.36 | AE12: 23.447 | AF12: 24.225 | AG12: 24.945 | AH12: 24.191
A13: 46419 | B13: 31 | C13: 28 | D13: 30 | E13: 20.611 | F13: 24.198 | G13: 19.94 | H13: 23.732 | I13: 30.104 | J13: 22.163 | K13: 22.784 | L13: 22.221 | M13: 23.469 | N13: 19.964 | O13: 19.176 | P13: 21.068 | Q13: 20.458 | R13: 25.393 | S13: 20.49 | T13: 26.516 | U13: 23.983 | V13: 22.145 | W13: 18.911 | X13: 22.058 | Y13: 21.172 | Z13: 20.981 | AA13: 25.078 | AB13: 27.014 | AC13: 24.587 | AD13: 27.865 | AE13: 19.71 | AF13: 20.015 | AG13: 20.245 | AH13: 20.937
A14: 46447 | B14: 55 | C14: 39 | D14: 47 | E14: 35.973 | F14: 44.395 | G14: 38.336 | H14: 49.391 | I14: 41.058 | J14: 44.278 | K14: 44.307 | L14: 40.786 | M14: 33.848 | N14: 33.797 | O14: 28.673 | P14: 32.386 | Q14: 45.783 | R14: 35.803 | S14: 28.425 | T14: 68.364 | U14: 31.189 | V14: 37.952 | W14: 24.668 | X14: 34.532 | Y14: 36.21 | Z14: 25.637 | AA14: 30.31 | AB14: 40.565 | AC14: 32.336 | AD14: 46.428 | AE14: 26.552 | AF14: 30.808 | AG14: 30.524 | AH14: 28.627
A15: 46478 | B15: 146 | C15: 88 | D15: 120 | E15: 98.633 | F15: 114.945 | G15: 97.236 | H15: 86.548 | I15: 101.951 | J15: 108.388 | K15: 91.871 | L15: 90.752 | M15: 83.984 | N15: 76.926 | O15: 71.686 | P15: 87.627 | Q15: 132.56 | R15: 145.512 | S15: 132.289 | T15: 141.734 | U15: 65.097 | V15: 81.46 | W15: 72.084 | X15: 115.142 | Y15: 104.665 | Z15: 58.711 | AA15: 87.731 | AB15: 77.734 | AC15: 101.746 | AD15: 110.686 | AE15: 66.342 | AF15: 111.157 | AG15: 71.09 | AH15: 60.596
... A63: 47939 | B63: 120 | C63: 120 | D63: 120 | E63: 117.354 | F63: 122.101 | G63: 108.921 | H63: 104.052 | I63: 93.155 | J63: 82.126 | K63: 75.883 | L63: 87.736 | M63: 143.623 | N63: 158.745 | O63: 156.59 | P63: 152.36 | Q63: 71.467 | R63: 97.609 | S63: 82.829 | T63: 127.416 | U63: 124.536 | V63: 61.949 | W63: 93.048 | X63: 85.853 | Y63: 104.562 | Z63: 121.555 | AA63: 73.865 | AB63: 112.104 | AC63: 81.823 | AD63: 64.183 | AE63: 111.361 | AF63: 123.619 | AG63: 122.588 | AH63: 101.555
A64: 47969 | B64: 202 | C64: 202 | D64: 202 | E64: 229.538 | F64: 303.6 | G64: 270.631 | H64: 202.897 | I64: 179.407 | J64: 203.881 | K64: 116.33 | L64: 216.851 | M64: 200.459 | N64: 343.74 | O64: 236.765 | P64: 212.274 | Q64: 296.512 | R64: 282.679 | S64: 188.794 | T64: 267.754 | U64: 159.806 | V64: 163.055 | W64: 223.403 | X64: 188.66 | Y64: 207.091 | Z64: 205.731 | AA64: 148.226 | AB64: 288.504 | AC64: 181.746 | AD64: 150.305 | AE64: 214.676 | AF64: 398.304 | AG64: 233.198 | AH64: 233.198 | ALQ64: #N/A
A65: 48000 | B65: 132 | C65: 132 | D65: 132 | E65: 128.23 | F65: 262.417 | G65: 182.844 | H65: 185.522 | I65: 84.286 | J65: 109.861 | K65: 60.903 | L65: 127.869 | M65: 93.467 | N65: 231.61 | O65: 124.27 | P65: 106.018 | Q65: 282.342 | R65: 168.089 | S65: 189.888 | T65: 312.641 | U65: 70.348 | V65: 121.188 | W65: 183.18 | X65: 166.892 | Y65: 161.209 | Z65: 185.932 | AA65: 60.862 | AB65: 271.766 | AC65: 111.966 | AD65: 152.927 | AE65: 120.58 | AF65: 284.828 | AG65: 135.34 | AH65: 135.34 | ALQ65: #N/A
A66: 48030 | B66: 49 | C66: 49 | D66: 49 | E66: 35.214 | F66: 70.075 | G66: 68.616 | H66: 84.371 | I66: 22.79 | J66: 27.204 | K66: 23.022 | L66: 30.274 | M66: 27.977 | N66: 64.162 | O66: 33.552 | P66: 33.105 | Q66: 91.01 | R66: 67.781 | S66: 44.723 | T66: 117.042 | U66: 33.86 | V66: 41.488 | W66: 62.288 | X66: 58.286 | Y66: 56.294 | Z66: 49.612 | AA66: 26.055 | AB66: 105.096 | AC66: 30.18 | AD66: 55.402 | AE66: 39.44 | AF66: 101.728 | AG66: 32.914 | AH66: 32.914 | ALQ66: #N/A
A67: 48061 | B67: 52 | C67: 52 | D67: 52 | E67: 24.471 | F67: 43.112 | G67: 29.877 | H67: 57.572 | I67: 23.889 | J67: 26.296 | K67: 24.192 | L67: 24.201 | M67: 27.794 | N67: 34.073 | O67: 27.885 | P67: 27.958 | Q67: 45.313 | R67: 35.152 | S67: 39.52 | T67: 45.944 | U67: 29.967 | V67: 41.476 | W67: 53.216 | X67: 45.667 | Y67: 44.664 | Z67: 39.111 | AA67: 34.332 | AB67: 46.898 | AC67: 31.474 | AD67: 26.331 | AE67: 35.05 | AF67: 45.875 | AG67: 28.338 | AH67: 28.338 | ALQ67: #N/A
A68: 48092 | B68: 67 | C68: 67 | D68: 67 | E68: 46.527 | F68: 66.888 | G68: 45.53 | H68: 52.271 | I68: 43.869 | J68: 44.998 | K68: 33.625 | L68: 49.229 | M68: 58.92 | N68: 51.452 | O68: 54.79 | P68: 72.098 | Q68: 59.452 | R68: 53.766 | S68: 50.213 | T68: 66.058 | U68: 45.371 | V68: 66.811 | W68: 80.938 | X68: 60.253 | Y68: 61.077 | Z68: 55.366 | AA68: 48.816 | AB68: 55.416 | AC68: 50.496 | AD68: 38.349 | AE68: 47.702 | AF68: 58.081 | AG68: 44.368 | AH68: 44.368 | ALQ68: #N/A
ALQ69: #N/A
ALQ70: #N/A
ALQ71: #N/A
ALQ72: #N/A

Sheet PowellToMeadGainsGrandCanyon
B2: Max | C2: Min | D2: Most | E2: 1991 | F2: 1992 | G2: 1993 | H2: 1994 | I2: 1995 | J2: 1996 | K2: 1997 | L2: 1998 | M2: 1999 | N2: 2000 | O2: 2001 | P2: 2002 | Q2: 2003 | R2: 2004 | S2: 2005 | T2: 2006 | U2: 2007 | V2: 2008 | W2: 2009 | X2: 2010 | Y2: 2011 | Z2: 2012 | AA2: 2013 | AB2: 2014 | AC2: 2015 | AD2: 2016 | AE2: 2017 | AF2: 2018 | AG2: 2019 | AH2: 2020
B3: Trace1 | C3: Trace2 | D3: Trace3 | E3: Trace4 | F3: Trace5 | G3: Trace6 | H3: Trace7 | I3: Trace8 | J3: Trace9 | K3: Trace10 | L3: Trace11 | M3: Trace12 | N3: Trace13 | O3: Trace14 | P3: Trace15 | Q3: Trace16 | R3: Trace17 | S3: Trace18 | T3: Trace19 | U3: Trace20 | V3: Trace21 | W3: Trace22 | X3: Trace23 | Y3: Trace24 | Z3: Trace25 | AA3: Trace26 | AB3: Trace27 | AC3: Trace28 | AD3: Trace29 | AE3: Trace30 | AF3: Trace31 | AG3: Trace32 | AH3: Trace33
A4: =YampaRiverInflow.TotalOutflow!A4 -> 46143 | B4: 63.396 | C4: 7.531 | D4: 24.817 | E4: 24.65979 | F4: 21.803582 | G4: 0.190144 | H4: -5.505486 | I4: -26.211384 | J4: 7.73893 | K4: 15.47107 | L4: 41.13719 | M4: 13.28926 | N4: 27.57025 | O4: 34.69091 | P4: 21.16364 | Q4: 23.5438 | R4: 34.33388 | S4: 67.1405 | T4: 34.27438 | U4: 36.81322 | V4: 20.42975 | W4: 51.17321 | X4: 36.13849 | Y4: 21.02414 | Z4: 18.54512 | AA4: 27.25255 | AB4: 27.25261 | AC4: 28.95828 | AD4: 32.1327 | AE4: 29.57398 | AF4: 26.28137 | AG4: 27.57065 | AH4: 23.58381
A5: =YampaRiverInflow.TotalOutflow!A5 -> 46174 | B5: 25.91 | C5: -9.272 | D5: 27.519 | E5: 3.42592 | F5: 8.17292 | G5: 12.473674 | H5: 1.061094 | I5: 22.368066 | J5: -1.363304 | K5: 31.73554 | L5: 15.27273 | M5: 13.68595 | N5: 32.07273 | O5: 48.23802 | P5: 6.50579 | Q5: 14.28099 | R5: 20.82645 | S5: 11.9405 | T5: 14.67769 | U5: 31.73554 | V5: 13.4876 | W5: 35.54342 | X5: 23.7418 | Y5: 24.39593 | Z5: 22.73018 | AA5: 25.18963 | AB5: 26.0823 | AC5: 25.58633 | AD5: 28.5624 | AE5: 24.39705 | AF5: 26.5789 | AG5: 24.00035 | AH5: 22.73091
A6: =YampaRiverInflow.TotalOutflow!A6 -> 46204 | B6: 40.694 | C6: 21.297 | D6: 40.78 | E6: -0.527602 | F6: 14.44595 | G6: -5.402916 | H6: -9.198986 | I6: 30.87281 | J6: 7.830816 | K6: 31.93388 | L6: 33.12397 | M6: 30.34711 | N6: 21.12397 | O6: 19.95372 | P6: 10.1157 | Q6: 17.2562 | R6: 39.27273 | S6: 21.02479 | T6: 21.22314 | U6: 45.42149 | V6: 28.76033 | W6: 28.16483 | X6: 29.15656 | Y6: 31.53636 | Z6: 26.37967 | AA6: 61.68545 | AB6: 29.15657 | AC6: 33.52006 | AD6: 26.1822 | AE6: 32.1327 | AF6: 49.5875 | AG6: 22.01685 | AH6: 23.60365
A7: =YampaRiverInflow.TotalOutflow!A7 -> 46235 | B7: 81.248 | C7: 54.869 | D7: 66.073 | E7: 15.49898 | F7: 39.663324 | G7: -27.475498 | H7: -21.766008 | I7: 29.917686 | J7: 25.019824 | K7: 50.28099 | L7: 20.82645 | M7: 44.03306 | N7: 23.40496 | O7: 52.06612 | P7: 17.85124 | Q7: 42.04959 | R7: 50.57851 | S7: 28.36364 | T7: 66.44628 | U7: 91.63636 | V7: 39.27273 | W7: 23.60284 | X7: 91.04083 | Y7: 36.69338 | Z7: 68.60779 | AA7: 66.8425 | AB7: 41.05739 | AC7: 44.42929 | AD7: 41.85185 | AE7: 40.26505 | AF7: 38.8766 | AG7: 29.55415 | AH7: 23.60365
A8: =YampaRiverInflow.TotalOutflow!A8 -> 46266 | B8: 64.629 | C8: 48.221 | D8: 42.307 | E8: 19.180726 | F8: 38.334448 | G8: -11.254766 | H8: -1.109622 | I8: 14.51578 | J8: 21.00866 | K8: 59.24628 | L8: 36.09917 | M8: 49.19008 | N8: 39.13388 | O8: 48.4562 | P8: 103.95372 | Q8: 34.37355 | R8: 57.38182 | S8: 38.36033 | T8: 50.87603 | U8: 33.83802 | V8: 38.67769 | W8: 28.36329 | X8: 44.25095 | Y8: 41.25566 | Z8: 47.99972 | AA8: 78.70376 | AB8: 38.87568 | AC8: 32.72686 | AD8: 30.74425 | AE8: 24.11936 | AF8: 44.62875 | AG8: 21.97718 | AH8: 24.04002
A9: =YampaRiverInflow.TotalOutflow!A9 -> 46296 | B9: 51.898 | C9: 34.403 | D9: 44.053 | E9: 26.040344 | F9: 13.166246 | G9: 20.811032 | H9: 15.392738 | I9: 31.104226 | J9: 32.409004 | K9: 36.49587 | L9: 22.41322 | M9: 37.8843 | N9: 47.38512 | O9: 23.34545 | P9: 20.64793 | Q9: 30.66446 | R9: 41.07769 | S9: 31.06085 | T9: 69.75868 | U9: 20.94511 | V9: 34.90866 | W9: 24.79303 | X9: 40.6807 | Y9: 34.51185 | Z9: 29.51377 | AA9: 19.08072 | AB9: 42.44593 | AC9: 56.01286 | AD9: 29.23679 | AE9: 25.88468 | AF9: 63.21415 | AG9: 23.66316 | AH9: 24.97227
A10: =YampaRiverInflow.TotalOutflow!A10 -> 46327 | B10: 25.907 | C10: 29.671 | D10: 26.126 | E10: 17.507806 | F10: 8.89447 | G10: 1.122284 | H10: 9.844872 | I10: 28.013812 | J10: 15.793878 | K10: 24.59504 | L10: 18.44628 | M10: 36.49587 | N10: 27.96694 | O10: 25.4876 | P10: 23.10744 | Q10: 22.47273 | R10: 35.16653 | S10: 20.92532 | T10: 16.06612 | U10: 25.54711 | V10: 41.95006 | W10: 23.00787 | X10: 14.39954 | Y10: 23.6027 | Z10: 28.5814 | AA10: 27.80787 | AB10: 24.69378 | AC10: 22.29389 | AD10: 27.88801 | AE10: 24.87309 | AF10: 23.24662 | AG10: 25.64665 | AH10: 24.79375
A11: =YampaRiverInflow.TotalOutflow!A11 -> 46357 | B11: 40.94 | C11: 46.996 | D11: 27.3 | E11: 8.464488 | F11: 2.396706 | G11: -6.770972 | H11: 0.601592 | I11: 44.223798 | J11: 1.110544 | K11: 15.07438 | L11: 12.69421 | M11: 35.30579 | N11: 29.35537 | O11: 13.4876 | P11: 18.72397 | Q11: 15.47107 | R11: 19.10049 | S11: 3.96649 | T11: 23.80165 | U11: 57.52066 | V11: 23.99954 | W11: 19.4375 | X11: 33.91687 | Y11: 31.73486 | Z11: 22.7103 | AA11: 25.36826 | AB11: 31.6557 | AC11: 22.41274 | AD11: 36.37739 | AE11: 25.98385 | AF11: 23.54415 | AG11: 39.47165 | AH11: 24.51606
A12: =YampaRiverInflow.TotalOutflow!A12 -> 46388 | B12: 37.788 | C12: 44.08 | D12: 25.349 | E12: 0.148882 | F12: 188.3677 | G12: -19.261466 | H12: -11.55139 | I12: 25.526098 | J12: 1.374568 | K12: 21.42149 | L12: 24.19835 | M12: 42.04959 | N12: 21.61983 | O12: 18.44628 | P12: 23.20661 | Q12: 20.03306 | R12: 101.09752 | S12: 22.61157 | T12: 23.20661 | U12: 42.24793 | V12: 34.11524 | W12: 41.25568 | X12: 24.79283 | Y12: 40.06564 | Z12: 37.88384 | AA12: 23.00781 | AB12: 30.74331 | AC12: 36.4964 | AD12: 45.02545 | AE12: 23.802 | AF12: 42.0502 | AG12: 26.77725 | AH12: 29.809786
A13: =YampaRiverInflow.TotalOutflow!A13 -> 46419 | B13: 32.042 | C13: 37.771 | D13: 23.048 | E13: 7.030234 | F13: 85.799056 | G13: -9.779394 | H13: 38.6577 | I13: 12.339406 | J13: 23.60331 | K13: 17.2562 | L13: 16.06612 | M13: 48.99174 | N13: 36.29752 | O13: 25.74545 | P13: 24.39669 | Q13: 35.66281 | R13: 125.57355 | S13: 20.42975 | T13: 29.35537 | U13: 90.64463 | V13: 38.47899 | W13: 35.16657 | X13: 33.32177 | Y13: 18.84261 | Z13: 38.87569 | AA13: 32.44924 | AB13: 39.4509 | AC13: 41.37581 | AD13: 62.6786 | AE13: 22.2152 | AF13: 72.00105 | AG13: 37.88485 | AH13: 19.033522
A14: =YampaRiverInflow.TotalOutflow!A14 -> 46447 | B14: 33.389 | C14: 30.36 | D14: 52.098 | E14: 23.852602 | F14: 33.571294 | G14: 18.78572 | H14: 66.41882 | I14: 7.678258 | J14: 63.27273 | K14: 48.99174 | L14: 19.83471 | M14: 54.00992 | N14: 55.16033 | O14: 23.22645 | P14: 42.84298 | Q14: 27.59008 | R14: 69.10413 | S14: 49.19008 | T14: 44.6281 | U14: 82.37355 | V14: 74.04259 | W14: 59.4046 | X14: 42.44569 | Y14: 22.21454 | Z14: 58.76989 | AA14: 31.51706 | AB14: 41.17648 | AC14: 36.61541 | AD14: 63.88853 | AE14: 26.5789 | AF14: 124.9605 | AG14: 70.01755 | AH14: 37.98583
A15: =YampaRiverInflow.TotalOutflow!A15 -> 46478 | B15: 43.63 | C15: 22.322 | D15: 53.308 | E15: 40.074694 | F15: 1.36312 | G15: -2.569492 | H15: -26.212884 | I15: 3.676454 | J15: 29.15702 | K15: 70.29421 | L15: 23.60331 | M15: 16.8 | N15: 35.0281 | O15: 13.62645 | P15: 32.74711 | Q15: 39.13388 | R15: 90.90248 | S15: 33.75868 | T15: 33.69917 | U15: 29.79214 | V15: 43.08064 | W15: 88.70045 | X15: 43.63582 | Y15: 17.01784 | Z15: 26.49886 | AA15: 22.98814 | AB15: 25.34842 | AC15: 31.93435 | AD15: 40.24521 | AE15: 24.1987 | AF15: 43.2403 | AG15: 39.82868 | AH15: 41.938178
... A63: =YampaRiverInflow.TotalOutflow!A63 -> 47939 | B63: 53.308 | C63: 53.308 | D63: 53.308 | E63: 3.676454 | F63: 29.15702 | G63: 70.29421 | H63: 23.60331 | I63: 16.8 | J63: 35.0281 | K63: 13.62645 | L63: 32.74711 | M63: 39.13388 | N63: 90.90248 | O63: 33.75868 | P63: 33.69917 | Q63: 29.79214 | R63: 43.08064 | S63: 88.70045 | T63: 43.63582 | U63: 17.01784 | V63: 26.49886 | W63: 22.98814 | X63: 25.34842 | Y63: 31.93435 | Z63: 40.24521 | AA63: 24.1987 | AB63: 43.2403 | AC63: 39.82868 | AD63: 41.938178 | AE63: 40.074694 | AF63: 1.36312 | AG63: -2.569492 | AH63: -26.212884
A64: =YampaRiverInflow.TotalOutflow!A64 -> 47969 | B64: 24.817 | C64: 24.817 | D64: 24.817 | E64: 7.73893 | F64: 15.47107 | G64: 41.13719 | H64: 13.28926 | I64: 27.57025 | J64: 34.69091 | K64: 21.16364 | L64: 23.5438 | M64: 34.33388 | N64: 67.1405 | O64: 34.27438 | P64: 36.81322 | Q64: 20.42975 | R64: 51.17321 | S64: 36.13849 | T64: 21.02414 | U64: 18.54512 | V64: 27.25255 | W64: 27.25261 | X64: 28.95828 | Y64: 32.1327 | Z64: 29.57398 | AA64: 26.28137 | AB64: 27.57065 | AC64: 23.58381 | AD64: 24.65979 | AE64: 21.803582 | AF64: 0.190144 | AG64: -5.505486 | AH64: -26.211384 | ALQ64: #N/A
A65: =YampaRiverInflow.TotalOutflow!A65 -> 48000 | B65: 27.519 | C65: 27.519 | D65: 27.519 | E65: -1.363304 | F65: 31.73554 | G65: 15.27273 | H65: 13.68595 | I65: 32.07273 | J65: 48.23802 | K65: 6.50579 | L65: 14.28099 | M65: 20.82645 | N65: 11.9405 | O65: 14.67769 | P65: 31.73554 | Q65: 13.4876 | R65: 35.54342 | S65: 23.7418 | T65: 24.39593 | U65: 22.73018 | V65: 25.18963 | W65: 26.0823 | X65: 25.58633 | Y65: 28.5624 | Z65: 24.39705 | AA65: 26.5789 | AB65: 24.00035 | AC65: 22.73091 | AD65: 3.42592 | AE65: 8.17292 | AF65: 12.473674 | AG65: 1.061094 | AH65: 22.368066 | ALQ65: #N/A
A66: =YampaRiverInflow.TotalOutflow!A66 -> 48030 | B66: 40.78 | C66: 40.78 | D66: 40.78 | E66: 7.830816 | F66: 31.93388 | G66: 33.12397 | H66: 30.34711 | I66: 21.12397 | J66: 19.95372 | K66: 10.1157 | L66: 17.2562 | M66: 39.27273 | N66: 21.02479 | O66: 21.22314 | P66: 45.42149 | Q66: 28.76033 | R66: 28.16483 | S66: 29.15656 | T66: 31.53636 | U66: 26.37967 | V66: 61.68545 | W66: 29.15657 | X66: 33.52006 | Y66: 26.1822 | Z66: 32.1327 | AA66: 49.5875 | AB66: 22.01685 | AC66: 23.60365 | AD66: -0.527602 | AE66: 14.44595 | AF66: -5.402916 | AG66: -9.198986 | AH66: 30.87281 | ALQ66: #N/A
A67: =YampaRiverInflow.TotalOutflow!A67 -> 48061 | B67: 66.073 | C67: 66.073 | D67: 66.073 | E67: 25.019824 | F67: 50.28099 | G67: 20.82645 | H67: 44.03306 | I67: 23.40496 | J67: 52.06612 | K67: 17.85124 | L67: 42.04959 | M67: 50.57851 | N67: 28.36364 | O67: 66.44628 | P67: 91.63636 | Q67: 39.27273 | R67: 23.60284 | S67: 91.04083 | T67: 36.69338 | U67: 68.60779 | V67: 66.8425 | W67: 41.05739 | X67: 44.42929 | Y67: 41.85185 | Z67: 40.26505 | AA67: 38.8766 | AB67: 29.55415 | AC67: 23.60365 | AD67: 15.49898 | AE67: 39.663324 | AF67: -27.475498 | AG67: -21.766008 | AH67: 29.917686 | ALQ67: #N/A
A68: =YampaRiverInflow.TotalOutflow!A68 -> 48092 | B68: 42.307 | C68: 42.307 | D68: 42.307 | E68: 21.00866 | F68: 59.24628 | G68: 36.09917 | H68: 49.19008 | I68: 39.13388 | J68: 48.4562 | K68: 103.95372 | L68: 34.37355 | M68: 57.38182 | N68: 38.36033 | O68: 50.87603 | P68: 33.83802 | Q68: 38.67769 | R68: 28.36329 | S68: 44.25095 | T68: 41.25566 | U68: 47.99972 | V68: 78.70376 | W68: 38.87568 | X68: 32.72686 | Y68: 30.74425 | Z68: 24.11936 | AA68: 44.62875 | AB68: 21.97718 | AC68: 24.04002 | AD68: 19.180726 | AE68: 38.334448 | AF68: -11.254766 | AG68: -1.109622 | AH68: 14.51578 | ALQ68: #N/A
ALQ69: #N/A
ALQ70: #N/A
ALQ71: #N/A
ALQ72: #N/A

Sheet PowellToMeadGainsAboveHoover
B2: Max | C2: Min | D2: Most | E2: 1991 | F2: 1992 | G2: 1993 | H2: 1994 | I2: 1995 | J2: 1996 | K2: 1997 | L2: 1998 | M2: 1999 | N2: 2000 | O2: 2001 | P2: 2002 | Q2: 2003 | R2: 2004 | S2: 2005 | T2: 2006 | U2: 2007 | V2: 2008 | W2: 2009 | X2: 2010 | Y2: 2011 | Z2: 2012 | AA2: 2013 | AB2: 2014 | AC2: 2015 | AD2: 2016 | AE2: 2017 | AF2: 2018 | AG2: 2019 | AH2: 2020
B3: Trace1 | C3: Trace2 | D3: Trace3 | E3: Trace4 | F3: Trace5 | G3: Trace6 | H3: Trace7 | I3: Trace8 | J3: Trace9 | K3: Trace10 | L3: Trace11 | M3: Trace12 | N3: Trace13 | O3: Trace14 | P3: Trace15 | Q3: Trace16 | R3: Trace17 | S3: Trace18 | T3: Trace19 | U3: Trace20 | V3: Trace21 | W3: Trace22 | X3: Trace23 | Y3: Trace24 | Z3: Trace25 | AA3: Trace26 | AB3: Trace27 | AC3: Trace28 | AD3: Trace29 | AE3: Trace30 | AF3: Trace31 | AG3: Trace32 | AH3: Trace33
A4: =YampaRiverInflow.TotalOutflow!A4 -> 46143 | B4: 32.806 | C4: 3.897 | D4: 11.801 | E4: 13.90567 | F4: 50.25408 | G4: 122.2275 | H4: 45.13036 | I4: 144.82448 | J4: 15.85762 | K4: 26.52762 | L4: 112.01666 | M4: 5.92676 | N4: -7.9632 | O4: -10.18293 | P4: -18.91012 | Q4: -5.16379 | R4: 4.85239 | S4: 136.5727 | T4: -17.06551 | U4: -25.80247 | V4: 13.14698 | W4: 9.72643 | X4: 41.09661 | Y4: 63.82485 | Z4: -6.99187 | AA4: 0.738 | AB4: -18.29754 | AC4: -12.21403 | AD4: 9.08593 | AE4: 5.13402 | AF4: -29.08866 | AG4: 48.69215 | AH4: -11.59253
A5: =YampaRiverInflow.TotalOutflow!A5 -> 46174 | B5: 13.408 | C5: -4.798 | D5: -17.098 | E5: 78.60358 | F5: 0.77814 | G5: 11.42347 | H5: -1.81837 | I5: 48.38521 | J5: 10.9796 | K5: -16.41556 | L5: 59.57919 | M5: 20.13182 | N5: -0.01876 | O5: -40.88886 | P5: -24.57798 | Q5: -41.01443 | R5: -32.64923 | S5: 31.11819 | T5: -16.25863 | U5: -29.00736 | V5: 15.05063 | W5: -28.11341 | X5: -6.29639 | Y5: 35.0373 | Z5: -16.40408 | AA5: -27.57562 | AB5: -23.9761 | AC5: -8.16858 | AD5: -18.75653 | AE5: -18.87973 | AF5: -18.7621 | AG5: 4.93753 | AH5: -14.28379
A6: =YampaRiverInflow.TotalOutflow!A6 -> 46204 | B6: 21.058 | C6: 11.021 | D6: 9.336 | E6: -5.88309 | F6: 27.88008 | G6: -8.34939 | H6: 20.23243 | I6: 30.84354 | J6: 41.04023 | K6: 14.49068 | L6: 75.77899 | M6: 65.88616 | N6: -49.46693 | O6: -38.09598 | P6: -9.22924 | Q6: -13.51318 | R6: -26.59295 | S6: 24.43436 | T6: -13.05605 | U6: -8.18512 | V6: -2.57158 | W6: -30.26468 | X6: -36.50526 | Y6: 7.36666 | Z6: 20.90946 | AA6: 21.97174 | AB6: -3.36791 | AC6: 5.84907 | AD6: 18.37033 | AE6: 18.50708 | AF6: 26.7249 | AG6: -54.71453 | AH6: -25.46342
A7: =YampaRiverInflow.TotalOutflow!A7 -> 46235 | B7: 42.044 | C7: 28.394 | D7: 37.032 | E7: 53.40935 | F7: 56.28331 | G7: 85.91917 | H7: 47.94199 | I7: 32.84368 | J7: 9.41737 | K7: 73.40721 | L7: 56.4598 | M7: 48.11341 | N7: 12.67862 | O7: 24.7421 | P7: -3.38231 | Q7: 40.45872 | R7: 7.93243 | S7: 46.41109 | T7: 6.73959 | U7: 17.92574 | V7: 17.42122 | W7: -3.98806 | X7: -1.24429 | Y7: 21.96488 | Z7: 75.5105 | AA7: 37.56837 | AB7: 42.03425 | AC7: 42.97679 | AD7: 38.01909 | AE7: 12.33011 | AF7: 11.85359 | AG7: -10.87855 | AH7: 0.2834
A8: =YampaRiverInflow.TotalOutflow!A8 -> 46266 | B8: 33.444 | C8: 24.954 | D8: 43.809 | E8: 64.28283 | F8: 64.57793 | G8: 71.45594 | H8: 58.15424 | I8: 42.16926 | J8: 18.81123 | K8: 37.72887 | L8: 102.28239 | M8: 63.2191 | N8: -1.16708 | O8: 27.99283 | P8: 55.19028 | Q8: 32.14048 | R8: 31.01431 | S8: 29.22122 | T8: -5.85776 | U8: 13.77566 | V8: 20.98864 | W8: 9.62802 | X8: 25.32429 | Y8: 17.57888 | Z8: 49.97311 | AA8: 68.10298 | AB8: 84.06966 | AC8: 26.64647 | AD8: 42.18226 | AE8: 36.15168 | AF8: 18.16606 | AG8: 17.87308 | AH8: 4.90493
A9: =YampaRiverInflow.TotalOutflow!A9 -> 46296 | B9: 26.856 | C9: 17.803 | D9: 23.17 | E9: 24.83699 | F9: 75.22243 | G9: 44.38573 | H9: 47.5898 | I9: 34.99763 | J9: 11.21103 | K9: 19.50297 | L9: 54.71868 | M9: 17.3261 | N9: 33.09673 | O9: 7.02412 | P9: 38.16888 | Q9: -0.32697 | R9: 84.07004 | S9: 20.03706 | T9: 40.29116 | U9: 11.96547 | V9: 9.70605 | W9: -4.88783 | X9: 42.03113 | Y9: 22.63785 | Z9: 39.32986 | AA9: 28.04623 | AB9: 21.40565 | AC9: 63.74984 | AD9: 50.55259 | AE9: 35.49815 | AF9: 22.66569 | AG9: 13.30976 | AH9: -5.9156
A10: =YampaRiverInflow.TotalOutflow!A10 -> 46327 | B10: 13.406 | C10: 15.354 | D10: 17.687 | E10: 24.75509 | F10: 41.36851 | G10: 54.31951 | H10: 11.28676 | I10: 42.11188 | J10: 49.31981 | K10: 62.6631 | L10: 57.30667 | M10: 20.52073 | N10: 2.03034 | O10: 10.25154 | P10: 11.65296 | Q10: 18.59071 | R10: 93.23768 | S10: 8.57512 | T10: 14.65644 | U10: 33.63046 | V10: 27.7603 | W10: 11.28638 | X10: -14.38903 | Y10: 11.00366 | Z10: 30.65677 | AA10: 78.43335 | AB10: 20.92628 | AC10: 17.11955 | AD10: 49.56868 | AE10: 30.38326 | AF10: 41.94934 | AG10: 90.30028 | AH10: 25.23702
A11: =YampaRiverInflow.TotalOutflow!A11 -> 46357 | B11: 21.186 | C11: 24.32 | D11: 39.873 | E11: 60.33512 | F11: 94.61439 | G11: 57.22895 | H11: 76.77275 | I11: 23.63281 | J11: 26.6136 | K11: 20.40418 | L11: 6.78611 | M11: 7.0875 | N11: 18.8541 | O11: 35.58996 | P11: 26.33816 | Q11: 20.19105 | R11: 74.97139 | S11: 11.51708 | T11: -4.61832 | U11: 27.15387 | V11: 22.05069 | W11: 10.0003 | X11: 200.48664 | Y11: 49.49866 | Z11: 30.96271 | AA11: 25.01275 | AB11: 10.13376 | AC11: 15.85665 | AD11: 14.69364 | AE11: 24.7771 | AF11: 25.99835 | AG11: 73.96401 | AH11: 39.27014
A12: =YampaRiverInflow.TotalOutflow!A12 -> 46388 | B12: 19.554 | C12: 22.81 | D12: 38.064 | E12: 66.69001 | F12: 209.91325 | G12: 68.70734 | H12: 147.14018 | I12: 12.95735 | J12: 43.174 | K12: 43.57286 | L12: 40.91161 | M12: 13.87321 | N12: 43.65607 | O12: 8.87527 | P12: 27.9463 | Q12: 3.38959 | R12: 303.37369 | S12: 12.21972 | T12: -9.35845 | U12: 28.87254 | V12: 4.98059 | W12: 53.2347 | X12: 36.51267 | Y12: 15.0392 | Z12: 13.09945 | AA12: 6.79841 | AB12: 21.99332 | AC12: 41.23819 | AD12: 58.88133 | AE12: 49.53312 | AF12: 48.6561 | AG12: 36.14956 | AH12: 28.502187
A13: =YampaRiverInflow.TotalOutflow!A13 -> 46419 | B13: 16.581 | C13: 19.546 | D13: 28.969 | E13: 97.82914 | F13: 211.77466 | G13: 63.10925 | H13: 89.95812 | I13: 24.9104 | J13: -4.81601 | K13: 73.33606 | L13: 36.58698 | M13: 21.69112 | N13: 36.68977 | O13: 4.06544 | P13: 38.30422 | Q13: 19.56726 | R13: 194.10926 | S13: 10.56669 | T13: 18.00621 | U13: 42.33981 | V13: 29.49342 | W13: 57.44664 | X13: 36.94975 | Y13: 19.88648 | Z13: 30.00566 | AA13: 35.55381 | AB13: 40.77377 | AC13: 31.99598 | AD13: 74.44978 | AE13: 14.88969 | AF13: 39.65098 | AG13: 14.91981 | AH13: 53.503219
A14: =YampaRiverInflow.TotalOutflow!A14 -> 46447 | B14: 17.278 | C14: 15.711 | D14: 20.625 | E14: 129.22682 | F14: 224.96581 | G14: 44.83519 | H14: 177.33817 | I14: -56.69355 | J14: 37.61509 | K14: 83.82608 | L14: -9.62868 | M14: -8.98685 | N14: 31.59817 | O14: -31.76415 | P14: 8.19778 | Q14: -4.62753 | R14: 107.54282 | S14: 18.53551 | T14: -8.2876 | U14: 9.9111 | V14: -22.67809 | W14: 14.65991 | X14: 17.70744 | Y14: 9.19451 | Z14: 12.19532 | AA14: -13.04682 | AB14: 5.06837 | AC14: -22.83382 | AD14: 21.36993 | AE14: 4.00662 | AF14: 64.57495 | AG14: 63.13487 | AH14: 61.180318
A15: =YampaRiverInflow.TotalOutflow!A15 -> 46478 | B15: 22.577 | C15: 11.551 | D15: 19.73 | E15: 75.02436 | F15: 159.47321 | G15: 29.55232 | H15: 81.07554 | I15: 86.6563 | J15: 38.53715 | K15: 88.09477 | L15: -55.5054 | M15: -25.22441 | N15: -11.06203 | O15: -40.47232 | P15: -8.51503 | Q15: 5.48601 | R15: 89.62395 | S15: 5.59647 | T15: -13.98223 | U15: -5.7306 | V15: -15.20013 | W15: 34.87604 | X15: 71.3001 | Y15: 20.61309 | Z15: 9.50768 | AA15: -18.42854 | AB15: -11.48153 | AC15: 17.48806 | AD15: 42.20413 | AE15: -16.62768 | AF15: 57.90498 | AG15: 18.79239 | AH15: 27.715375
... A63: =YampaRiverInflow.TotalOutflow!A63 -> 47939 | B63: 19.73 | C63: 19.73 | D63: 19.73 | E63: 86.6563 | F63: 38.53715 | G63: 88.09477 | H63: -55.5054 | I63: -25.22441 | J63: -11.06203 | K63: -40.47232 | L63: -8.51503 | M63: 5.48601 | N63: 89.62395 | O63: 5.59647 | P63: -13.98223 | Q63: -5.7306 | R63: -15.20013 | S63: 34.87604 | T63: 71.3001 | U63: 20.61309 | V63: 9.50768 | W63: -18.42854 | X63: -11.48153 | Y63: 17.48806 | Z63: 42.20413 | AA63: -16.62768 | AB63: 57.90498 | AC63: 18.79239 | AD63: 27.715375 | AE63: 73.575186 | AF63: 159.09265 | AG63: 29.569324 | AH63: 81.100536
A64: =YampaRiverInflow.TotalOutflow!A64 -> 47969 | B64: 11.801 | C64: 11.801 | D64: 11.801 | E64: 15.85762 | F64: 26.52762 | G64: 112.01666 | H64: 5.92676 | I64: -7.9632 | J64: -10.18293 | K64: -18.91012 | L64: -5.16379 | M64: 4.85239 | N64: 136.5727 | O64: -17.06551 | P64: -25.80247 | Q64: 13.14698 | R64: 9.72643 | S64: 41.09661 | T64: 63.82485 | U64: -6.99187 | V64: 0.738 | W64: -18.29754 | X64: -12.21403 | Y64: 9.08593 | Z64: 5.13402 | AA64: -29.08866 | AB64: 48.69215 | AC64: -11.59253 | AD64: 13.941845 | AE64: 50.616735 | AF64: 122.33936 | AG64: 45.147363 | AH64: 144.73754 | ALQ64: #N/A
A65: =YampaRiverInflow.TotalOutflow!A65 -> 48000 | B65: -17.098 | C65: -17.098 | D65: -17.098 | E65: 10.9796 | F65: -16.41556 | G65: 59.57919 | H65: 20.13182 | I65: -0.01876 | J65: -40.88886 | K65: -24.57798 | L65: -41.01443 | M65: -32.64923 | N65: 31.11819 | O65: -16.25863 | P65: -29.00736 | Q65: 15.05063 | R65: -28.11341 | S65: -6.29639 | T65: 35.0373 | U65: -16.40408 | V65: -27.57562 | W65: -23.9761 | X65: -8.16858 | Y65: -18.75653 | Z65: -18.87973 | AA65: -18.7621 | AB65: 4.93753 | AC65: -14.28379 | AD65: 78.656605 | AE65: 0.79443609 | AF65: 10.795319 | AG65: -1.7823745 | AH65: 48.4336 | ALQ65: #N/A
A66: =YampaRiverInflow.TotalOutflow!A66 -> 48030 | B66: 9.336 | C66: 9.336 | D66: 9.336 | E66: 41.04023 | F66: 14.49068 | G66: 75.77899 | H66: 65.88616 | I66: -49.46693 | J66: -38.09598 | K66: -9.22924 | L66: -13.51318 | M66: -26.59295 | N66: 24.43436 | O66: -13.05605 | P66: -8.18512 | Q66: -2.57158 | R66: -30.26468 | S66: -36.50526 | T66: 7.36666 | U66: 20.90946 | V66: 21.97174 | W66: -3.36791 | X66: 5.84907 | Y66: 18.37033 | Z66: 18.50708 | AA66: 26.7249 | AB66: -54.71453 | AC66: -25.46342 | AD66: -6.2687282 | AE66: 27.797003 | AF66: -8.8693892 | AG66: 20.270428 | AH66: 31.095875 | ALQ66: #N/A
A67: =YampaRiverInflow.TotalOutflow!A67 -> 48061 | B67: 37.032 | C67: 37.032 | D67: 37.032 | E67: 9.41737 | F67: 73.40721 | G67: 56.4598 | H67: 48.11341 | I67: 12.67862 | J67: 24.7421 | K67: -3.38231 | L67: 40.45872 | M67: 7.93243 | N67: 46.41109 | O67: 6.73959 | P67: 17.92574 | Q67: 17.42122 | R67: -3.98806 | S67: -1.24429 | T67: 21.96488 | U67: 75.5105 | V67: 37.56837 | W67: 42.03425 | X67: 42.97679 | Y67: 38.01909 | Z67: 12.33011 | AA67: 11.85359 | AB67: -10.87855 | AC67: 0.2834 | AD67: 51.813121 | AE67: 55.485193 | AF67: 84.255432 | AG67: 46.678198 | AH67: 31.555223 | ALQ67: #N/A
A68: =YampaRiverInflow.TotalOutflow!A68 -> 48092 | B68: 43.809 | C68: 43.809 | D68: 43.809 | E68: 18.81123 | F68: 37.72887 | G68: 102.28239 | H68: 63.2191 | I68: -1.16708 | J68: 27.99283 | K68: 55.19028 | L68: 32.14048 | M68: 31.01431 | N68: 29.22122 | O68: -5.85776 | P68: 13.77566 | Q68: 20.98864 | R68: 9.62802 | S68: 25.32429 | T68: 17.57888 | U68: 49.97311 | V68: 68.10298 | W68: 84.06966 | X68: 26.64647 | Y68: 42.18226 | Z68: 36.15168 | AA68: 18.16606 | AB68: 17.87308 | AC68: 4.90493 | AD68: 64.526982 | AE68: 64.196071 | AF68: 71.079937 | AG68: 58.189244 | AH68: 42.199258 | ALQ68: #N/A
ALQ69: #N/A
ALQ70: #N/A
ALQ71: #N/A
ALQ72: #N/A

Sheet PowellToMeadGainsAbvLeesFerry
B2: Max | C2: Min | D2: Most | E2: 1991 | F2: 1992 | G2: 1993 | H2: 1994 | I2: 1995 | J2: 1996 | K2: 1997 | L2: 1998 | M2: 1999 | N2: 2000 | O2: 2001 | P2: 2002 | Q2: 2003 | R2: 2004 | S2: 2005 | T2: 2006 | U2: 2007 | V2: 2008 | W2: 2009 | X2: 2010 | Y2: 2011 | Z2: 2012 | AA2: 2013 | AB2: 2014 | AC2: 2015 | AD2: 2016 | AE2: 2017 | AF2: 2018 | AG2: 2019 | AH2: 2020
A3: =$A$1&A2 | B3: Trace1 | C3: Trace2 | D3: Trace3 | E3: Trace4 | F3: Trace5 | G3: Trace6 | H3: Trace7 | I3: Trace8 | J3: Trace9 | K3: Trace10 | L3: Trace11 | M3: Trace12 | N3: Trace13 | O3: Trace14 | P3: Trace15 | Q3: Trace16 | R3: Trace17 | S3: Trace18 | T3: Trace19 | U3: Trace20 | V3: Trace21 | W3: Trace22 | X3: Trace23 | Y3: Trace24 | Z3: Trace25 | AA3: Trace26 | AB3: Trace27 | AC3: Trace28 | AD3: Trace29 | AE3: Trace30 | AF3: Trace31 | AG3: Trace32 | AH3: Trace33
A4: =YampaRiverInflow.TotalOutflow!A4 -> 46143 | B4: 7.88 | C4: 0.936 | D4: 13.552 | E4: 9.31707 | F4: 17.687328 | G4: 30.256136 | H4: 9.571606 | I4: 29.325434 | J4: 5.55033 | K4: 8.06193 | L4: -4.66012 | M4: 9.68321 | N4: 23.33795 | O4: 11.09249 | P4: 14.89179 | Q4: 9.68527 | R4: 5.58471 | S4: 4.1686 | T4: 14.01617 | U4: 5.02379 | V4: 16.88299 | W4: 3.95498 | X4: 10.53945 | Y4: 19.5229 | Z4: 4.97219 | AA4: 1.23093 | AB4: 4.98476 | AC4: 9.39642 | AD4: 9.2539211 | AE4: 5.5819526 | AF4: 25.107576 | AG4: 32.171071 | AH4: 22.140588
A5: =YampaRiverInflow.TotalOutflow!A5 -> 46174 | B5: 3.221 | C5: -1.153 | D5: 9.604 | E5: 19.54268 | F5: 1.2684 | G5: 4.941206 | H5: -1.180104 | I5: 16.706314 | J5: 1.363304 | K5: -0.79384 | L5: -23.25181 | M5: 12.69872 | N5: 19.039 | O5: 6.86877 | P5: 14.24614 | Q5: 18.84508 | R5: 7.49091 | S5: 13.8124 | T5: 24.77592 | U5: 9.75311 | V5: 18.74046 | W5: 5.99421 | X5: 10.93661 | Y5: 14.07673 | Z5: 3.54962 | AA5: 6.42269 | AB5: 10.59356 | AC5: 1.32226 | AD5: 6.961019 | AE5: 13.623505 | AF5: 21.143044 | AG5: 42.150181 | AH5: 13.475459
A6: =YampaRiverInflow.TotalOutflow!A6 -> 46204 | B6: 5.059 | C6: 2.647 | D6: 2.758 | E6: 3.502812 | F6: 15.70281 | G6: 2.031016 | H6: 8.008906 | I6: 20.69744 | J6: 17.755964 | K6: 11.63293 | L6: -12.47663 | M6: 23.62551 | N6: 20.54889 | O6: 8.31909 | P6: 20.10546 | Q6: 19.50067 | R6: 8.34467 | S6: 18.45595 | T6: 31.79073 | U6: 14.55987 | V6: 21.88684 | W6: 25.58391 | X6: 21.07402 | Y6: 18.5444 | Z6: 6.59013 | AA6: 14.91146 | AB6: 14.38373 | AC6: 27.61409 | AD6: 12.557415 | AE6: 24.781192 | AF6: 16.943357 | AG6: 39.158878 | AH6: 23.713968
A7: =YampaRiverInflow.TotalOutflow!A7 -> 46235 | B7: 10.1 | C7: 6.821 | D7: -1.341 | E7: 21.98862 | F7: 28.766426 | G7: 19.739958 | H7: 11.451958 | I7: 20.660824 | J7: 13.796706 | K7: 9.77063 | L7: 7.4435 | M7: 20.50486 | N7: 22.13564 | O7: 5.21308 | P7: 14.80244 | Q7: 21.94164 | R7: 8.41818 | S7: 21.6595 | T7: 35.8294 | U7: 14.21014 | V7: 24.19516 | W7: 26.49627 | X7: 24.025 | Y7: 22.34456 | Z7: 9.87396 | AA7: 13.84548 | AB7: 16.93469 | AC7: 14.48996 | AD7: 14.623601 | AE7: 29.351939 | AF7: 10.637337 | AG7: 32.473984 | AH7: 32.289258
A8: =YampaRiverInflow.TotalOutflow!A8 -> 46266 | B8: 8.034 | C8: 5.994 | D8: 5.123 | E8: 21.500264 | F8: 26.366382 | G8: 15.737406 | H8: 14.914582 | I8: 14.83959 | J8: 10.64754 | K8: -6.01127 | L8: 19.91401 | M8: 13.55515 | N8: 15.39755 | O8: 7.10369 | P8: 8.69739 | Q8: 11.84157 | R8: 3.63884 | S8: 18.0843 | T8: 24.92695 | U8: 13.03225 | V8: 14.70747 | W8: 15.10113 | X8: 9.35192 | Y8: 35.03759 | Z8: -2.86399 | AA8: 6.74818 | AB8: 15.02529 | AC8: 11.45188 | AD8: 13.184864 | AE8: 8.323825 | AF8: 19.834696 | AG8: 16.409711 | AH8: 25.786684
A9: =YampaRiverInflow.TotalOutflow!A9 -> 46296 | B9: 6.451 | C9: 4.277 | D9: 4.009 | E9: 8.610896 | F9: 17.934584 | G9: 11.836898 | H9: 11.503132 | I9: 12.135444 | J9: 6.387686 | K9: -7.82599 | L9: 24.36285 | M9: 10.95425 | N9: 11.72336 | O9: 4.61459 | P9: 6.69535 | Q9: 9.51237 | R9: -0.49926 | S9: 18.13266 | T9: 19.22006 | U9: 10.97871 | V9: 13.21185 | W9: 14.04824 | X9: 6.9534 | Y9: 23.35398 | Z9: -2.86563 | AA9: 2.30122 | AB9: 14.73507 | AC9: 8.50537 | AD9: 9.0830627 | AE9: -6.274046 | AF9: 25.002336 | AG9: 7.7553593 | AH9: 26.85712
A10: =YampaRiverInflow.TotalOutflow!A10 -> 46327 | B10: 3.22 | C10: 3.688 | D10: 0.723 | E10: 8.991364 | F10: 10.96008 | G10: 12.147136 | H10: 3.662568 | I10: 15.820898 | J10: 14.533392 | K10: -12.37326 | L10: 14.93168 | M10: -5.16527 | N10: 10.39585 | O10: 4.06484 | P10: 3.53807 | Q10: 7.52727 | R10: 13.11669 | S10: 15.47784 | T10: 21.89345 | U10: 12.1463 | V10: 8.65121 | W10: 9.76181 | X10: 16.48872 | Y10: 4.62267 | Z10: 5.96895 | AA10: -1.0023 | AB10: 2.8529 | AC10: 5.89244 | AD10: 3.9897065 | AE10: -11.435116 | AF10: 6.3263246 | AG10: 3.8446132 | AH10: 10.148977
A11: =YampaRiverInflow.TotalOutflow!A11 -> 46357 | B11: 5.089 | C11: 5.842 | D11: 2.635 | E11: 16.566912 | F11: 23.606604 | G11: 11.927992 | H11: 18.697578 | I11: 16.272072 | J11: 6.228296 | K11: -16.23841 | L11: 12.00187 | M11: 6.59155 | N11: 12.22857 | O11: 1.01868 | P11: 6.68751 | Q11: 11.48322 | R11: -2.70165 | S11: 25.94837 | T11: 22.77894 | U11: 11.79292 | V11: 17.61081 | W11: 24.30777 | X11: 18.40771 | Y11: 2.61571 | Z11: -1.40792 | AA11: -6.0315 | AB11: 15.6916 | AC11: 6.08727 | AD11: 14.668722 | AE11: -6.0504653 | AF11: 3.9440781 | AG11: 5.9618438 | AH11: -3.3022761
A12: =YampaRiverInflow.TotalOutflow!A12 -> 46388 | B12: 4.697 | C12: 5.479 | D12: 3.671 | E12: 18.317238 | F12: 101.21908 | G12: 14.084606 | H12: 35.53156 | I12: 11.366462 | J12: 12.906422 | K12: -12.26146 | L12: 9.96856 | M12: 3.91824 | N12: 5.25248 | O12: 0.65434 | P12: 10.38495 | Q12: 14.23559 | R12: 9.82033 | S12: 24.70043 | T12: 22.06948 | U12: 12.57952 | V12: 19.21037 | W12: 24.41439 | X12: 14.3564 | Y12: -5.51689 | Z12: 0.0876 | AA12: 10.52117 | AB12: 15.80128 | AC12: 7.4489752 | AD12: 19.816314 | AE12: 0.31217231 | AF12: 11.15806 | AG12: 7.7495686 | AH12: 16.305914
A13: =YampaRiverInflow.TotalOutflow!A13 -> 46419 | B13: 3.983 | C13: 4.695 | D13: 7.736 | E13: 27.521836 | F13: 75.754664 | G13: 14.718234 | H13: 33.48114 | I13: 10.668854 | J13: -2.52626 | K13: -10.19235 | L13: 6.28211 | M13: 3.13246 | N13: 4.16014 | O13: 2.83807 | P13: 9.74901 | Q13: 16.00157 | R13: 9.57207 | S13: 21.74017 | T13: 14.98456 | U13: 10.01197 | V13: 10.48507 | W13: 13.6713 | X13: 11.7835 | Y13: 1.57635 | Z13: -4.56151 | AA13: 4.37724 | AB13: 6.30464 | AC13: 4.0539722 | AD13: 9.3226595 | AE13: 19.796037 | AF13: 11.065683 | AG13: 11.614824 | AH13: 19.425978
A14: =YampaRiverInflow.TotalOutflow!A14 -> 46447 | B14: 4.15 | C14: 3.774 | D14: 7.123 | E14: 39.915998 | F14: 66.375816 | G14: 17.63081 | H14: 62.60597 | I14: -10.494788 | J14: -5.35887 | K14: -15.49112 | L14: 36.32297 | M14: 9.21009 | N14: 5.77649 | O14: 9.28722 | P14: 8.11399 | Q14: 9.83012 | R14: 14.49926 | S14: 12.03308 | T14: 4.53424 | U14: 19.33285 | V14: 6.37479 | W14: 9.29421 | X14: 12.6425 | Y14: 6.92735 | Z14: -7.20953 | AA14: 6.07916 | AB14: 6.54432 | AC14: 12.901664 | AD14: 7.2940712 | AE14: 35.068694 | AF14: 6.2901128 | AG14: 18.741606 | AH14: 26.79434
A15: =YampaRiverInflow.TotalOutflow!A15 -> 46478 | B15: 5.423 | C15: 2.775 | D15: 9.716 | E15: 29.763326 | F15: 41.26167 | G15: 7.766182 | H15: 14.708754 | I15: 23.635946 | J15: 6.84064 | K15: -2.21385 | L15: 19.54747 | M15: 11.52768 | N15: 17.34367 | O15: 13.49269 | P15: 4.66433 | Q15: 2.33064 | R15: 9.17959 | S15: 14.53456 | T15: 4.08804 | U15: 12.77216 | V15: 7.47747 | W15: 12.525 | X15: 22.5366 | Y15: 5.42466 | Z15: -1.42597 | AA15: 9.89152 | AB15: 9.72743 | AC15: 15.713943 | AD15: 6.6015394 | AE15: 32.83023 | AF15: 14.096757 | AG15: 21.90818 | AH15: 18.399012
... A63: =YampaRiverInflow.TotalOutflow!A63 -> 47939 | B63: 9.716 | C63: 9.716 | D63: 9.716 | E63: 23.635946 | F63: 6.84064 | G63: -2.21385 | H63: 19.54747 | I63: 11.52768 | J63: 17.34367 | K63: 13.49269 | L63: 4.66433 | M63: 2.33064 | N63: 9.17959 | O63: 14.53456 | P63: 4.08804 | Q63: 12.77216 | R63: 7.47747 | S63: 12.525 | T63: 22.5366 | U63: 5.42466 | V63: -1.42597 | W63: 9.89152 | X63: 9.72743 | Y63: 15.713943 | Z63: 6.6015394 | AA63: 32.83023 | AB63: 14.096757 | AC63: 21.90818 | AD63: 18.399012 | AE63: 29.763326 | AF63: 41.26167 | AG63: 7.766182 | AH63: 14.708754
A64: =YampaRiverInflow.TotalOutflow!A64 -> 47969 | B64: 13.552 | C64: 13.552 | D64: 13.552 | E64: 5.55033 | F64: 8.06193 | G64: -4.66012 | H64: 9.68321 | I64: 23.33795 | J64: 11.09249 | K64: 14.89179 | L64: 9.68527 | M64: 5.58471 | N64: 4.1686 | O64: 14.01617 | P64: 5.02379 | Q64: 16.88299 | R64: 3.95498 | S64: 10.53945 | T64: 19.5229 | U64: 4.97219 | V64: 1.23093 | W64: 4.98476 | X64: 9.39642 | Y64: 9.2539211 | Z64: 5.5819526 | AA64: 25.107576 | AB64: 32.171071 | AC64: 22.140588 | AD64: 9.31707 | AE64: 17.687328 | AF64: 30.256136 | AG64: 9.571606 | AH64: 29.325434 | ALQ64: #N/A
A65: =YampaRiverInflow.TotalOutflow!A65 -> 48000 | B65: 9.604 | C65: 9.604 | D65: 9.604 | E65: 1.363304 | F65: -0.79384 | G65: -23.25181 | H65: 12.69872 | I65: 19.039 | J65: 6.86877 | K65: 14.24614 | L65: 18.84508 | M65: 7.49091 | N65: 13.8124 | O65: 24.77592 | P65: 9.75311 | Q65: 18.74046 | R65: 5.99421 | S65: 10.93661 | T65: 14.07673 | U65: 3.54962 | V65: 6.42269 | W65: 10.59356 | X65: 1.32226 | Y65: 6.961019 | Z65: 13.623505 | AA65: 21.143044 | AB65: 42.150181 | AC65: 13.475459 | AD65: 19.54268 | AE65: 1.2684 | AF65: 4.941206 | AG65: -1.180104 | AH65: 16.706314 | ALQ65: #N/A
A66: =YampaRiverInflow.TotalOutflow!A66 -> 48030 | B66: 2.758 | C66: 2.758 | D66: 2.758 | E66: 17.755964 | F66: 11.63293 | G66: -12.47663 | H66: 23.62551 | I66: 20.54889 | J66: 8.31909 | K66: 20.10546 | L66: 19.50067 | M66: 8.34467 | N66: 18.45595 | O66: 31.79073 | P66: 14.55987 | Q66: 21.88684 | R66: 25.58391 | S66: 21.07402 | T66: 18.5444 | U66: 6.59013 | V66: 14.91146 | W66: 14.38373 | X66: 27.61409 | Y66: 12.557415 | Z66: 24.781192 | AA66: 16.943357 | AB66: 39.158878 | AC66: 23.713968 | AD66: 3.502812 | AE66: 15.70281 | AF66: 2.031016 | AG66: 8.008906 | AH66: 20.69744 | ALQ66: #N/A
A67: =YampaRiverInflow.TotalOutflow!A67 -> 48061 | B67: -1.341 | C67: -1.341 | D67: -1.341 | E67: 13.796706 | F67: 9.77063 | G67: 7.4435 | H67: 20.50486 | I67: 22.13564 | J67: 5.21308 | K67: 14.80244 | L67: 21.94164 | M67: 8.41818 | N67: 21.6595 | O67: 35.8294 | P67: 14.21014 | Q67: 24.19516 | R67: 26.49627 | S67: 24.025 | T67: 22.34456 | U67: 9.87396 | V67: 13.84548 | W67: 16.93469 | X67: 14.48996 | Y67: 14.623601 | Z67: 29.351939 | AA67: 10.637337 | AB67: 32.473984 | AC67: 32.289258 | AD67: 21.98862 | AE67: 28.766426 | AF67: 19.739958 | AG67: 11.451958 | AH67: 20.660824 | ALQ67: #N/A
A68: =YampaRiverInflow.TotalOutflow!A68 -> 48092 | B68: 5.123 | C68: 5.123 | D68: 5.123 | E68: 10.64754 | F68: -6.01127 | G68: 19.91401 | H68: 13.55515 | I68: 15.39755 | J68: 7.10369 | K68: 8.69739 | L68: 11.84157 | M68: 3.63884 | N68: 18.0843 | O68: 24.92695 | P68: 13.03225 | Q68: 14.70747 | R68: 15.10113 | S68: 9.35192 | T68: 35.03759 | U68: -2.86399 | V68: 6.74818 | W68: 15.02529 | X68: 11.45188 | Y68: 13.184864 | Z68: 8.323825 | AA68: 19.834696 | AB68: 16.409711 | AC68: 25.786684 | AD68: 21.500264 | AE68: 26.366382 | AF68: 15.737406 | AG68: 14.914582 | AH68: 14.83959 | ALQ68: #N/A
ALQ69: #N/A
ALQ70: #N/A
ALQ71: #N/A
ALQ72: #N/A

Sheet GainsImpToNIB
A2: ImpToMex_In | B2: Max | C2: Min | D2: Most | E2: 1991 | F2: 1992 | G2: 1993 | H2: 1994 | I2: 1995 | J2: 1996 | K2: 1997 | L2: 1998 | M2: 1999 | N2: 2000 | O2: 2001 | P2: 2002 | Q2: 2003 | R2: 2004 | S2: 2005 | T2: 2006 | U2: 2007 | V2: 2008 | W2: 2009 | X2: 2010 | Y2: 2011 | Z2: 2012 | AA2: 2013 | AB2: 2014 | AC2: 2015 | AD2: 2016 | AE2: 2017 | AF2: 2018 | AG2: 2019 | AH2: 2020
A3: =A2&"_"&"Time" -> ImpToMex_In_Time | B3: Trace1 | C3: Trace2 | D3: Trace3 | E3: Trace4 | F3: Trace5 | G3: Trace6 | H3: Trace7 | I3: Trace8 | J3: Trace9 | K3: Trace10 | L3: Trace11 | M3: Trace12 | N3: Trace13 | O3: Trace14 | P3: Trace15 | Q3: Trace16 | R3: Trace17 | S3: Trace18 | T3: Trace19 | U3: Trace20 | V3: Trace21 | W3: Trace22 | X3: Trace23 | Y3: Trace24 | Z3: Trace25 | AA3: Trace26 | AB3: Trace27 | AC3: Trace28 | AD3: Trace29 | AE3: Trace30 | AF3: Trace31 | AG3: Trace32 | AH3: Trace33
A4: =YampaRiverInflow.TotalOutflow!A4 -> 46143 | B4: -6.407 | C4: -6.407 | D4: -6.407 | E4: 7.59921 | F4: 4.70344 | G4: -61.7489 | H4: -4.79552 | I4: -13.9744 | J4: -8.20936 | K4: 11.73009 | L4: 21.9991 | M4: 0.11092 | N4: -14.8678 | O4: -7.18095 | P4: -5.66974 | Q4: -33.7004 | R4: -4.72208 | S4: -17.3818 | T4: -33.2793 | U4: -5.42072 | V4: -5.24643 | W4: 3.1493 | X4: -9.55693 | Y4: 4.53819 | Z4: 2.74545 | AA4: 4.56519 | AB4: 0.1095455 | AC4: 7.36375 | AD4: 8.667313 | AE4: 9.6379 | AF4: -0.595014 | AG4: -7.12869 | AH4: 13.08913
A5: =YampaRiverInflow.TotalOutflow!A5 -> 46174 | B5: 0.914 | C5: 0.914 | D5: 0.914 | E5: 4.59762 | F5: 13.49754 | G5: -26.1867 | H5: -3.34913 | I5: 4.08403 | J5: -11.6759 | K5: -0.04116 | L5: 5.60903 | M5: -3.69754 | N5: -11.8339 | O5: -9.22861 | P5: -8.51762 | Q5: -26.9061 | R5: -30.0809 | S5: 1.8562 | T5: -14.7171 | U5: -14.0125 | V5: -1.51996 | W5: -16.5665 | X5: -17.7789 | Y5: -8.33487 | Z5: -5.41853 | AA5: -7.2007 | AB5: -0.738512 | AC5: 2.27776 | AD5: -1.24882 | AE5: -2.25484 | AF5: -7.86572 | AG5: -7.51857 | AH5: -7.54344
A6: =YampaRiverInflow.TotalOutflow!A6 -> 46204 | B6: -9.241 | C6: -9.241 | D6: -9.241 | E6: 1.85019 | F6: 3.09552 | G6: -10.6083 | H6: -7.64445 | I6: 8.12727 | J6: -11.4934 | K6: 10.72801 | L6: 8.72002 | M6: -1.26661 | N6: -11.3472 | O6: -18.3362 | P6: -2.94312 | Q6: -31.4896 | R6: -20.4714 | S6: -11.8964 | T6: -5.89581 | U6: -9.41883 | V6: -9.65005 | W6: -13.4974 | X6: -20.7821 | Y6: -5.39357 | Z6: -16.0344 | AA6: -7.25056 | AB6: -12.2248 | AC6: -2.50335 | AD6: -0.440502 | AE6: 11.24718 | AF6: -1.83872 | AG6: -11.0794 | AH6: -4.75159
A7: =YampaRiverInflow.TotalOutflow!A7 -> 46235 | B7: -6.378 | C7: -6.378 | D7: -6.378 | E7: 4.326 | F7: 3.78698 | G7: -3.94975 | H7: -0.94598 | I7: 2.19681 | J7: -4.32641 | K7: -10.6752 | L7: 1.8042 | M7: 4.2788 | N7: -12.226 | O7: -3.81303 | P7: -0.78469 | Q7: -7.60421 | R7: -5.41207 | S7: -13.8598 | T7: -14.737 | U7: -6.25696 | V7: -22.5538 | W7: -2.44939 | X7: -15.1355 | Y7: 2.97684 | Z7: 5.91778 | AA7: 3.3305 | AB7: 10.57697 | AC7: -7.42223 | AD7: -2.72362 | AE7: 11.2767 | AF7: -2.65595 | AG7: 3.167993 | AH7: -8.08446
A8: =YampaRiverInflow.TotalOutflow!A8 -> 46266 | B8: 0.28 | C8: 0.28 | D8: 0.28 | E8: 2.48401 | F8: 5.24104 | G8: -12.9036 | H8: 8.5776 | I8: 15.86071 | J8: 4.21844 | K8: 2.15045 | L8: -6.8963 | M8: -12.9751 | N8: -7.11902 | O8: -2.28779 | P8: -15.5192 | Q8: -21.1785 | R8: -6.07392 | S8: -3.69593 | T8: 0.22959 | U8: -2.04692 | V8: -1.55017 | W8: 8.77331 | X8: -8.49572 | Y8: 10.46027 | Z8: -5.76176 | AA8: -2.95071 | AB8: 5.573264 | AC8: 6.70491 | AD8: -0.37903 | AE8: 1.002618 | AF8: 4.079742 | AG8: -5.32772 | AH8: -6.24115
A9: =YampaRiverInflow.TotalOutflow!A9 -> 46296 | B9: 0.735 | C9: 0.735 | D9: 0.735 | E9: 4.57265 | F9: 16.06822 | G9: -0.16736 | H9: 3.9343 | I9: -8.19546 | J9: 1.15303 | K9: 4.85469 | L9: -2.77219 | M9: 10.11103 | N9: -7.8798 | O9: 4.26083 | P9: -9.02964 | Q9: -19.2191 | R9: -22.1523 | S9: 1.00861 | T9: -7.54697 | U9: 3.05389 | V9: -0.55309 | W9: -10.613 | X9: -11.0859 | Y9: 5.77902 | Z9: -2.57991 | AA9: 11.36007 | AB9: 13.28439 | AC9: -1.07623 | AD9: 6.739295 | AE9: 9.327697 | AF9: 9.853231 | AG9: 2.386762 | AH9: -14.0033
A10: =YampaRiverInflow.TotalOutflow!A10 -> 46327 | B10: -5.528 | C10: -5.528 | D10: -5.528 | E10: 6.78255 | F10: 12.2211 | G10: -13.3376 | H10: 4.80296 | I10: 7.51395 | J10: 2.73468 | K10: 6.6013 | L10: 0.97684 | M10: 8.36293 | N10: 1.91085 | O10: -3.24073 | P10: 2.93487 | Q10: -7.63729 | R10: 3.43278 | S10: 5.0682 | T10: -2.44712 | U10: 9.4311 | V10: -7.28901 | W10: -3.63885 | X10: 0.89404 | Y10: 10.06827 | Z10: 6.31823 | AA10: 14.42911 | AB10: 13.14282 | AC10: 0.30605 | AD10: 3.28792 | AE10: 9.671672 | AF10: 20.12456 | AG10: -11.0706 | AH10: -13.8909
A11: =YampaRiverInflow.TotalOutflow!A11 -> 46357 | B11: -4.27 | C11: -4.27 | D11: -4.27 | E11: 8.37001 | F11: 26.24044 | G11: 9.7063 | H11: 15.84782 | I11: 94.94103 | J11: -1.66799 | K11: 27.11038 | L11: 15.47331 | M11: 23.39719 | N11: -21.4672 | O11: -1.96912 | P11: 6.169 | Q11: -8.7341 | R11: 2.18902 | S11: 6.21993 | T11: -1.91939 | U11: -0.40074 | V11: -10.7593 | W11: -7.33065 | X11: 7.5782 | Y11: 10.29767 | Z11: -5.86997 | AA11: 24.63308 | AB11: 23.36319 | AC11: -1.24713 | AD11: -6.3737 | AE11: 5.913736 | AF11: 15.60941 | AG11: 24.04254 | AH11: -3.40433
A12: =YampaRiverInflow.TotalOutflow!A12 -> 46388 | B12: 1.958 | C12: 1.958 | D12: 1.958 | E12: 6.99135 | F12: -30.0366 | G12: 0.34805 | H12: 8.10734 | I12: -4.0168 | J12: -0.42529 | K12: -9.22471 | L12: 16.90845 | M12: 1.48193 | N12: -11.1562 | O12: -10.2127 | P12: -20.7432 | Q12: -9.2752 | R12: -13.9984 | S12: -0.47846 | T12: -2.40326 | U12: 3.4121 | V12: -10.2646 | W12: 17.93282 | X12: -2.55436 | Y12: -2.74338 | Z12: -21.3234 | AA12: 2.622719 | AB12: 3.46342 | AC12: 7.884279 | AD12: 16.61054 | AE12: 8.816959 | AF12: 17.90723 | AG12: 12.46012 | AH12: 7.46528
A13: =YampaRiverInflow.TotalOutflow!A13 -> 46419 | B13: 0.824 | C13: 0.824 | D13: 0.824 | E13: 4.10593 | F13: -45.4907 | G13: -8.93899 | H13: 14.93486 | I13: -2.71693 | J13: 1.12064 | K13: -12.9653 | L13: 0.91831 | M13: 1.91351 | N13: -9.20406 | O13: -8.66027 | P13: -7.71341 | Q13: -7.84517 | R13: -18.2522 | S13: -3.11717 | T13: -7.32808 | U13: 1.02014 | V13: -14.3032 | W13: -13.955 | X13: -11.9632 | Y13: -5.20061 | Z13: -1.84041 | AA13: 4.187959 | AB13: 8.03417 | AC13: -3.22832 | AD13: -5.33456 | AE13: -3.98035 | AF13: 3.725031 | AG13: 11.38289 | AH13: 9.95432
A14: =YampaRiverInflow.TotalOutflow!A14 -> 46447 | B14: -0.621 | C14: -0.621 | D14: -0.621 | E14: -1.48194 | F14: -85.6169 | G14: -18.977 | H14: -3.0748 | I14: 33.22572 | J14: 11.03751 | K14: 4.67337 | L14: 0.04089 | M14: 8.19698 | N14: 5.57693 | O14: -5.01995 | P14: -3.68032 | Q14: -25.6903 | R14: 16.04567 | S14: -10.3043 | T14: -11.8922 | U14: 0.31796 | V14: -9.74326 | W14: -12.1452 | X14: -6.3741 | Y14: -11.247 | Z14: -5.82441 | AA14: -14.0675 | AB14: -1.27335 | AC14: -1.89874 | AD14: -12.0581 | AE14: -1.39941 | AF14: 3.061952 | AG14: 0.5556236 | AH14: 2.51511
A15: =YampaRiverInflow.TotalOutflow!A15 -> 46478 | B15: -2.945 | C15: -2.945 | D15: -2.945 | E15: 12.84352 | F15: -51.0623 | G15: -15.1135 | H15: -4.2431 | I15: -7.57599 | J15: 15.39582 | K15: 39.17421 | L15: -0.41739 | M15: -3.93827 | N15: 0.93056 | O15: -11.8729 | P15: -13.3843 | Q15: -6.90933 | R15: 4.29831 | S15: -1.60487 | T15: -3.38812 | U15: -8.26237 | V15: -14.0764 | W15: -15.6444 | X15: -20.3934 | Y15: -12.2591 | Z15: -6.03987 | AA15: 14.18646 | AB15: -9.30564 | AC15: -4.80497 | AD15: -4.72382 | AE15: -4.95659 | AF15: -3.62934 | AG15: -36.7243 | AH15: 5.76356
... A63: =YampaRiverInflow.TotalOutflow!A63 -> 47939 | B63: -2.945 | C63: -2.945 | D63: -2.945 | E63: -7.57599 | F63: 15.39582 | G63: 39.17421 | H63: -0.41739 | I63: -3.93827 | J63: 0.93056 | K63: -11.8729 | L63: -13.3843 | M63: -6.90933 | N63: 4.29831 | O63: -1.60487 | P63: -3.38812 | Q63: -8.26237 | R63: -14.0764 | S63: -15.6444 | T63: -20.3934 | U63: -12.2591 | V63: -6.03987 | W63: 14.18646 | X63: -9.30564 | Y63: -4.80497 | Z63: -4.72382 | AA63: -4.95659 | AB63: -3.62934 | AC63: -36.7243 | AD63: 5.76356 | AE63: 12.84352 | AF63: -51.0623 | AG63: -15.1135 | AH63: -4.2431
A64: =YampaRiverInflow.TotalOutflow!A64 -> 47969 | B64: -6.407 | C64: -6.407 | D64: -6.407 | E64: -8.20936 | F64: 11.73009 | G64: 21.9991 | H64: 0.11092 | I64: -14.8678 | J64: -7.18095 | K64: -5.66974 | L64: -33.7004 | M64: -4.72208 | N64: -17.3818 | O64: -33.2793 | P64: -5.42072 | Q64: -5.24643 | R64: 3.1493 | S64: -9.55693 | T64: 4.53819 | U64: 2.74545 | V64: 4.56519 | W64: 0.1095455 | X64: 7.36375 | Y64: 8.667313 | Z64: 9.6379 | AA64: -0.595014 | AB64: -7.12869 | AC64: 13.08913 | AD64: 7.59921 | AE64: 4.70344 | AF64: -61.7489 | AG64: -4.79552 | AH64: -13.9744 | ALQ64: #N/A
A65: =YampaRiverInflow.TotalOutflow!A65 -> 48000 | B65: 0.914 | C65: 0.914 | D65: 0.914 | E65: -11.6759 | F65: -0.04116 | G65: 5.60903 | H65: -3.69754 | I65: -11.8339 | J65: -9.22861 | K65: -8.51762 | L65: -26.9061 | M65: -30.0809 | N65: 1.8562 | O65: -14.7171 | P65: -14.0125 | Q65: -1.51996 | R65: -16.5665 | S65: -17.7789 | T65: -8.33487 | U65: -5.41853 | V65: -7.2007 | W65: -0.738512 | X65: 2.27776 | Y65: -1.24882 | Z65: -2.25484 | AA65: -7.86572 | AB65: -7.51857 | AC65: -7.54344 | AD65: 4.59762 | AE65: 13.49754 | AF65: -26.1867 | AG65: -3.34913 | AH65: 4.08403 | ALQ65: #N/A
A66: =YampaRiverInflow.TotalOutflow!A66 -> 48030 | B66: -9.241 | C66: -9.241 | D66: -9.241 | E66: -11.4934 | F66: 10.72801 | G66: 8.72002 | H66: -1.26661 | I66: -11.3472 | J66: -18.3362 | K66: -2.94312 | L66: -31.4896 | M66: -20.4714 | N66: -11.8964 | O66: -5.89581 | P66: -9.41883 | Q66: -9.65005 | R66: -13.4974 | S66: -20.7821 | T66: -5.39357 | U66: -16.0344 | V66: -7.25056 | W66: -12.2248 | X66: -2.50335 | Y66: -0.440502 | Z66: 11.24718 | AA66: -1.83872 | AB66: -11.0794 | AC66: -4.75159 | AD66: 1.85019 | AE66: 3.09552 | AF66: -10.6083 | AG66: -7.64445 | AH66: 8.12727 | ALQ66: #N/A
A67: =YampaRiverInflow.TotalOutflow!A67 -> 48061 | B67: -6.378 | C67: -6.378 | D67: -6.378 | E67: -4.32641 | F67: -10.6752 | G67: 1.8042 | H67: 4.2788 | I67: -12.226 | J67: -3.81303 | K67: -0.78469 | L67: -7.60421 | M67: -5.41207 | N67: -13.8598 | O67: -14.737 | P67: -6.25696 | Q67: -22.5538 | R67: -2.44939 | S67: -15.1355 | T67: 2.97684 | U67: 5.91778 | V67: 3.3305 | W67: 10.57697 | X67: -7.42223 | Y67: -2.72362 | Z67: 11.2767 | AA67: -2.65595 | AB67: 3.167993 | AC67: -8.08446 | AD67: 4.326 | AE67: 3.78698 | AF67: -3.94975 | AG67: -0.94598 | AH67: 2.19681 | ALQ67: #N/A
A68: =YampaRiverInflow.TotalOutflow!A68 -> 48092 | B68: 0.28 | C68: 0.28 | D68: 0.28 | E68: 4.21844 | F68: 2.15045 | G68: -6.8963 | H68: -12.9751 | I68: -7.11902 | J68: -2.28779 | K68: -15.5192 | L68: -21.1785 | M68: -6.07392 | N68: -3.69593 | O68: 0.22959 | P68: -2.04692 | Q68: -1.55017 | R68: 8.77331 | S68: -8.49572 | T68: 10.46027 | U68: -5.76176 | V68: -2.95071 | W68: 5.573264 | X68: 6.70491 | Y68: -0.37903 | Z68: 1.002618 | AA68: 4.079742 | AB68: -5.32772 | AC68: -6.24115 | AD68: 2.48401 | AE68: 5.24104 | AF68: -12.9036 | AG68: 8.5776 | AH68: 15.86071 | ALQ68: #N/A
ALQ69: #N/A
ALQ70: #N/A
ALQ71: #N/A
ALQ72: #N/A

Sheet GainsAboveDavis
A2: HvrToDvs_In | B2: Max | C2: Min | D2: Most | E2: 1991 | F2: 1992 | G2: 1993 | H2: 1994 | I2: 1995 | J2: 1996 | K2: 1997 | L2: 1998 | M2: 1999 | N2: 2000 | O2: 2001 | P2: 2002 | Q2: 2003 | R2: 2004 | S2: 2005 | T2: 2006 | U2: 2007 | V2: 2008 | W2: 2009 | X2: 2010 | Y2: 2011 | Z2: 2012 | AA2: 2013 | AB2: 2014 | AC2: 2015 | AD2: 2016 | AE2: 2017 | AF2: 2018 | AG2: 2019 | AH2: 2020
A3: =A2&"_"&"Time" -> HvrToDvs_In_Time | B3: Trace1 | C3: Trace2 | D3: Trace3 | E3: Trace4 | F3: Trace5 | G3: Trace6 | H3: Trace7 | I3: Trace8 | J3: Trace9 | K3: Trace10 | L3: Trace11 | M3: Trace12 | N3: Trace13 | O3: Trace14 | P3: Trace15 | Q3: Trace16 | R3: Trace17 | S3: Trace18 | T3: Trace19 | U3: Trace20 | V3: Trace21 | W3: Trace22 | X3: Trace23 | Y3: Trace24 | Z3: Trace25 | AA3: Trace26 | AB3: Trace27 | AC3: Trace28 | AD3: Trace29 | AE3: Trace30 | AF3: Trace31 | AG3: Trace32 | AH3: Trace33
A4: =YampaRiverInflow.TotalOutflow!A4 -> 46143 | B4: -10.058 | C4: -10.058 | D4: -10.058 | E4: -50.88394 | F4: -27.42698 | G4: -13.26414 | H4: -29.22403 | I4: -23.53134 | J4: -2.77357 | K4: -15.32294 | L4: -19.86726 | M4: -15.57293 | N4: 36.14291 | O4: -3.1131 | P4: -16.67555 | Q4: -17.53692 | R4: -28.01131 | S4: -21.85631 | T4: 3.53554 | U4: -23.03205 | V4: -27.27522 | W4: -11.56688 | X4: -26.85108 | Y4: -16.47208 | Z4: -21.85186 | AA4: -22.57167 | AB4: -23.85818 | AC4: -18.36901 | AD4: -14.94468 | AE4: -19.29626 | AF4: -17.43819 | AG4: -15.69408 | AH4: -9.68905
A5: =YampaRiverInflow.TotalOutflow!A5 -> 46174 | B5: -13.594 | C5: -13.594 | D5: -13.594 | E5: -59.343 | F5: -32.01386 | G5: -5.72829 | H5: -24.09413 | I5: -28.66929 | J5: -22.89478 | K5: -8.43724 | L5: -15.65728 | M5: -12.93118 | N5: -18.7159 | O5: -17.61956 | P5: -9.74472 | Q5: -3.19371 | R5: -11.33467 | S5: -18.53231 | T5: 1.92611 | U5: -21.11004 | V5: -19.5403 | W5: -15.97579 | X5: -32.84748 | Y5: -21.42004 | Z5: -30.22063 | AA5: -27.89715 | AB5: -31.39632 | AC5: -29.21951 | AD5: -25.42126 | AE5: -17.91993 | AF5: -30.92728 | AG5: -23.74782 | AH5: -21.3228
A6: =YampaRiverInflow.TotalOutflow!A6 -> 46204 | B6: -18.729 | C6: -18.729 | D6: -18.729 | E6: -47.63127 | F6: -43.16396 | G6: -27.08154 | H6: -23.89925 | I6: -20.6261 | J6: -10.39821 | K6: -10.19393 | L6: -18.31177 | M6: -15.30276 | N6: -25.18691 | O6: -26.14976 | P6: -18.20659 | Q6: -16.93277 | R6: -11.23888 | S6: -14.99626 | T6: 3.59327 | U6: -18.76597 | V6: -11.52357 | W6: -7.70804 | X6: -27.04875 | Y6: -22.24622 | Z6: -21.47817 | AA6: -36.61427 | AB6: -22.21198 | AC6: -27.41261 | AD6: -37.64265 | AE6: -16.34771 | AF6: -19.61707 | AG6: -22.69987 | AH6: -17.17988
A7: =YampaRiverInflow.TotalOutflow!A7 -> 46235 | B7: -12.797 | C7: -12.797 | D7: -12.797 | E7: -38.69999 | F7: -40.60166 | G7: -10.54106 | H7: -28.24302 | I7: -38.87527 | J7: -10.18477 | K7: -3.4437 | L7: -18.58174 | M7: -17.12154 | N7: -17.84836 | O7: -12.21333 | P7: -14.07167 | Q7: -7.65976 | R7: -9.92169 | S7: -9.82704 | T7: 0.95717 | U7: -13.4948 | V7: -10.93771 | W7: -14.34518 | X7: -20.56952 | Y7: -13.44677 | Z7: -16.82076 | AA7: -22.76131 | AB7: -12.67599 | AC7: -23.7204 | AD7: -20.23878 | AE7: -16.90787 | AF7: -20.43706 | AG7: -18.53177 | AH7: -17.41047
A8: =YampaRiverInflow.TotalOutflow!A8 -> 46266 | B8: -3.575 | C8: -3.575 | D8: -3.575 | E8: -30.64518 | F8: -16.40521 | G8: 1.02267 | H8: -2.58035 | I8: 1.23623 | J8: -6.80903 | K8: 2.44229 | L8: -15.38803 | M8: 3.03957 | N8: -6.11954 | O8: -6.24377 | P8: -1.99848 | Q8: -6.69006 | R8: 0.25474 | S8: -8.86204 | T8: -3.0682 | U8: -5.76062 | V8: 0.47228 | W8: -4.20695 | X8: -6.39364 | Y8: -9.45151 | Z8: -9.59772 | AA8: -16.26549 | AB8: -9.52906 | AC8: -19.45095 | AD8: -20.92162 | AE8: -14.65705 | AF8: -15.9219 | AG8: -21.61981 | AH8: -5.97653
A9: =YampaRiverInflow.TotalOutflow!A9 -> 46296 | B9: -6.326 | C9: -6.326 | D9: -6.326 | E9: -31.0061 | F9: -11.16763 | G9: -10.74901 | H9: -8.81231 | I9: -11.13649 | J9: 6.38866 | K9: 0.5769 | L9: -16.89283 | M9: 8.31196 | N9: -6.46437 | O9: 8.5245 | P9: 6.79573 | Q9: 2.22281 | R9: 14.7875 | S9: 16.68884 | T9: 16.13376 | U9: -1.74673 | V9: -7.60188 | W9: -8.60281 | X9: 1.7289 | Y9: 2.06485 | Z9: -9.30434 | AA9: -14.40264 | AB9: 4.57346 | AC9: -10.345 | AD9: -10.81791 | AE9: -4.67611 | AF9: -11.80575 | AG9: -24.37235 | AH9: -12.45984
A10: =YampaRiverInflow.TotalOutflow!A10 -> 46327 | B10: -7.385 | C10: -7.385 | D10: -7.385 | E10: -19.63449 | F10: -15.4227 | G10: -5.22095 | H10: -36.1793 | I10: 8.16034 | J10: 12.20392 | K10: -3.8944 | L10: -16.17589 | M10: 1.65938 | N10: 20.02626 | O10: 5.54096 | P10: 2.28223 | Q10: 3.49756 | R10: -4.88213 | S10: -22.19115 | T10: 18.74352 | U10: -2.65948 | V10: -8.66129 | W10: -11.71615 | X10: -22.90878 | Y10: -6.54789 | Z10: -5.56704 | AA10: 6.08777 | AB10: -1.55408 | AC10: -10.62641 | AD10: -22.08207 | AE10: -11.88527 | AF10: -24.30201 | AG10: 2.60358 | AH10: -27.81482
A11: =YampaRiverInflow.TotalOutflow!A11 -> 46357 | B11: -2.027 | C11: -2.027 | D11: -2.027 | E11: -8.57359 | F11: -15.72508 | G11: -11.22453 | H11: -16.59118 | I11: 0.8905 | J11: -2.20575 | K11: -30.886 | L11: -18.98793 | M11: -15.28549 | N11: -11.96585 | O11: -8.47876 | P11: -5.58789 | Q11: -3.42475 | R11: -8.01021 | S11: -2.96047 | T11: 8.17284 | U11: -9.53123 | V11: -7.51904 | W11: -17.69978 | X11: -8.1266 | Y11: -21.88248 | Z11: -0.56416 | AA11: -3.97371 | AB11: 3.19019 | AC11: -6.77912 | AD11: -12.66384 | AE11: -11.72982 | AF11: -8.69769 | AG11: 3.13713 | AH11: -2.83372
A12: =YampaRiverInflow.TotalOutflow!A12 -> 46388 | B12: -4.968 | C12: -4.968 | D12: -4.968 | E12: -9.74641 | F12: -7.92973 | G12: -0.53858 | H12: -9.253 | I12: -2.67619 | J12: -10.64539 | K12: -24.76776 | L12: -19.95645 | M12: -6.75516 | N12: 3.66448 | O12: -8.18086 | P12: -6.95673 | Q12: -10.40982 | R12: 0.62289 | S12: -24.6794 | T12: -9.18497 | U12: -14.85136 | V12: -13.8294 | W12: -10.89728 | X12: -7.21141 | Y12: -22.53942 | Z12: -9.43039 | AA12: -6.64371 | AB12: -17.86338 | AC12: -30.41215 | AD12: -21.79925 | AE12: 1.50478 | AF12: -28.80026 | AG12: -0.07333 | AH12: -10.74992
A13: =YampaRiverInflow.TotalOutflow!A13 -> 46419 | B13: -14.456 | C13: -14.456 | D13: -14.456 | E13: -6.0945 | F13: 8.88898 | G13: -7.90215 | H13: -5.54604 | I13: -19.46082 | J13: -16.71562 | K13: 14.06454 | L13: -15.41591 | M13: -12.96556 | N13: -9.59335 | O13: -8.66502 | P13: -4.52272 | Q13: -7.04457 | R13: 0.31457 | S13: -9.05142 | T13: -9.29456 | U13: -5.96043 | V13: -8.6298 | W13: -7.79121 | X13: -10.98805 | Y13: -19.27557 | Z13: -12.94589 | AA13: -22.45902 | AB13: -10.98678 | AC13: -22.57474 | AD13: -15.92117 | AE13: -3.34747 | AF13: -6.90095 | AG13: -3.60376 | AH13: -22.41188
A14: =YampaRiverInflow.TotalOutflow!A14 -> 46447 | B14: -14.478 | C14: -14.478 | D14: -14.478 | E14: -2.06551 | F14: -5.81604 | G14: -25.49388 | H14: -21.36818 | I14: -10.98054 | J14: -22.59241 | K14: -41.33581 | L14: -20.54596 | M14: -14.69911 | N14: -44.77887 | O14: -10.86153 | P14: -10.54404 | Q14: -16.42557 | R14: -14.93465 | S14: -15.63274 | T14: -16.15907 | U14: -15.25135 | V14: -17.03451 | W14: -21.14264 | X14: -13.39416 | Y14: -24.72817 | Z14: -12.94634 | AA14: -14.94193 | AB14: -22.7391 | AC14: -16.13459 | AD14: -28.68308 | AE14: -4.22288 | AF14: 3.45727 | AG14: 1.25017 | AH14: -31.59889
A15: =YampaRiverInflow.TotalOutflow!A15 -> 46478 | B15: -18.241 | C15: -18.241 | D15: -18.241 | E15: -23.29175 | F15: -20.7684 | G15: -26.81444 | H15: -17.90917 | I15: -28.63509 | J15: -14.1168 | K15: -9.09103 | L15: -22.38312 | M15: 59.39154 | N15: -63.58173 | O15: -14.28996 | P15: -18.95611 | Q15: -0.04128 | R15: -19.86904 | S15: -23.20046 | T15: -19.82072 | U15: -9.11378 | V15: -15.77689 | W15: -19.86498 | X15: -16.39604 | Y15: -26.00866 | Z15: -22.02415 | AA15: -23.49466 | AB15: -21.14265 | AC15: -19.85142 | AD15: -28.04072 | AE15: -6.62389 | AF15: -4.05082 | AG15: 0.34856 | AH15: -43.06186
... A63: =YampaRiverInflow.TotalOutflow!A63 -> 47939 | B63: -18.241 | C63: -18.241 | D63: -18.241 | E63: -28.63509 | F63: -14.1168 | G63: -9.09103 | H63: -22.38312 | I63: 59.39154 | J63: -63.58173 | K63: -14.28996 | L63: -18.95611 | M63: -0.04128 | N63: -19.86904 | O63: -23.20046 | P63: -19.82072 | Q63: -9.11378 | R63: -15.77689 | S63: -19.86498 | T63: -16.39604 | U63: -26.00866 | V63: -22.02415 | W63: -23.49466 | X63: -21.14265 | Y63: -19.85142 | Z63: -28.04072 | AA63: -6.62389 | AB63: -4.05082 | AC63: 0.34856 | AD63: -43.06186 | AE63: -23.28194 | AF63: -20.77399 | AG63: -26.82154 | AH63: -17.91362
A64: =YampaRiverInflow.TotalOutflow!A64 -> 47969 | B64: -10.058 | C64: -10.058 | D64: -10.058 | E64: -2.77357 | F64: -15.32294 | G64: -19.86726 | H64: -15.57293 | I64: 36.14291 | J64: -3.1131 | K64: -16.67555 | L64: -17.53692 | M64: -28.01131 | N64: -21.85631 | O64: 3.53554 | P64: -23.03205 | Q64: -27.27522 | R64: -11.56688 | S64: -26.85108 | T64: -16.47208 | U64: -21.85186 | V64: -22.57167 | W64: -23.85818 | X64: -18.36901 | Y64: -14.94468 | Z64: -19.29626 | AA64: -17.43819 | AB64: -15.69408 | AC64: -9.68905 | AD64: -50.87479 | AE64: -27.4281 | AF64: -13.26772 | AG64: -29.21757 | AH64: -23.53449 | ALQ64: #N/A
A65: =YampaRiverInflow.TotalOutflow!A65 -> 48000 | B65: -13.594 | C65: -13.594 | D65: -13.594 | E65: -22.89478 | F65: -8.43724 | G65: -15.65728 | H65: -12.93118 | I65: -18.7159 | J65: -17.61956 | K65: -9.74472 | L65: -3.19371 | M65: -11.33467 | N65: -18.53231 | O65: 1.92611 | P65: -21.11004 | Q65: -19.5403 | R65: -15.97579 | S65: -32.84748 | T65: -21.42004 | U65: -30.22063 | V65: -27.89715 | W65: -31.39632 | X65: -29.21951 | Y65: -25.42126 | Z65: -17.91993 | AA65: -30.92728 | AB65: -23.74782 | AC65: -21.3228 | AD65: -59.34606 | AE65: -32.01583 | AF65: -5.72211 | AG65: -24.08874 | AH65: -28.66141 | ALQ65: #N/A
A66: =YampaRiverInflow.TotalOutflow!A66 -> 48030 | B66: -18.729 | C66: -18.729 | D66: -18.729 | E66: -10.39821 | F66: -10.19393 | G66: -18.31177 | H66: -15.30276 | I66: -25.18691 | J66: -26.14976 | K66: -18.20659 | L66: -16.93277 | M66: -11.23888 | N66: -14.99626 | O66: 3.59327 | P66: -18.76597 | Q66: -11.52357 | R66: -7.70804 | S66: -27.04875 | T66: -22.24622 | U66: -21.47817 | V66: -36.61427 | W66: -22.21198 | X66: -27.41261 | Y66: -37.64265 | Z66: -16.34771 | AA66: -19.61707 | AB66: -22.69987 | AC66: -17.17988 | AD66: -47.63403 | AE66: -43.16314 | AF66: -27.08413 | AG66: -23.90504 | AH66: -20.62253 | ALQ66: #N/A
A67: =YampaRiverInflow.TotalOutflow!A67 -> 48061 | B67: -12.797 | C67: -12.797 | D67: -12.797 | E67: -10.18477 | F67: -3.4437 | G67: -18.58174 | H67: -17.12154 | I67: -17.84836 | J67: -12.21333 | K67: -14.07167 | L67: -7.65976 | M67: -9.92169 | N67: -9.82704 | O67: 0.95717 | P67: -13.4948 | Q67: -10.93771 | R67: -14.34518 | S67: -20.56952 | T67: -13.44677 | U67: -16.82076 | V67: -22.76131 | W67: -12.67599 | X67: -23.7204 | Y67: -20.23878 | Z67: -16.90787 | AA67: -20.43706 | AB67: -18.53177 | AC67: -17.41047 | AD67: -38.69183 | AE67: -40.59751 | AF67: -10.53765 | AG67: -28.23929 | AH67: -38.87562 | ALQ67: #N/A
A68: =YampaRiverInflow.TotalOutflow!A68 -> 48092 | B68: -3.575 | C68: -3.575 | D68: -3.575 | E68: -6.80903 | F68: 2.44229 | G68: -15.38803 | H68: 3.03957 | I68: -6.11954 | J68: -6.24377 | K68: -1.99848 | L68: -6.69006 | M68: 0.25474 | N68: -8.86204 | O68: -3.0682 | P68: -5.76062 | Q68: 0.47228 | R68: -4.20695 | S68: -6.39364 | T68: -9.45151 | U68: -9.59772 | V68: -16.26549 | W68: -9.52906 | X68: -19.45095 | Y68: -20.92162 | Z68: -14.65705 | AA68: -15.9219 | AB68: -21.61981 | AC68: -5.97653 | AD68: -30.64385 | AE68: -16.40672 | AF68: 1.02725 | AG68: -2.57606 | AH68: 1.24063 | ALQ68: #N/A
ALQ69: #N/A
ALQ70: #N/A
ALQ71: #N/A
ALQ72: #N/A

Sheet GainsPkrToImp
A2: PkrToImp_In | B2: Max | C2: Min | D2: Most | E2: 1991 | F2: 1992 | G2: 1993 | H2: 1994 | I2: 1995 | J2: 1996 | K2: 1997 | L2: 1998 | M2: 1999 | N2: 2000 | O2: 2001 | P2: 2002 | Q2: 2003 | R2: 2004 | S2: 2005 | T2: 2006 | U2: 2007 | V2: 2008 | W2: 2009 | X2: 2010 | Y2: 2011 | Z2: 2012 | AA2: 2013 | AB2: 2014 | AC2: 2015 | AD2: 2016 | AE2: 2017 | AF2: 2018 | AG2: 2019 | AH2: 2020
A3: =A2&"_"&"Time" -> PkrToImp_In_Time | B3: Trace1 | C3: Trace2 | D3: Trace3 | E3: Trace4 | F3: Trace5 | G3: Trace6 | H3: Trace7 | I3: Trace8 | J3: Trace9 | K3: Trace10 | L3: Trace11 | M3: Trace12 | N3: Trace13 | O3: Trace14 | P3: Trace15 | Q3: Trace16 | R3: Trace17 | S3: Trace18 | T3: Trace19 | U3: Trace20 | V3: Trace21 | W3: Trace22 | X3: Trace23 | Y3: Trace24 | Z3: Trace25 | AA3: Trace26 | AB3: Trace27 | AC3: Trace28 | AD3: Trace29 | AE3: Trace30 | AF3: Trace31 | AG3: Trace32 | AH3: Trace33
A4: =YampaRiverInflow.TotalOutflow!A4 -> 46143 | B4: -44.896 | C4: -44.896 | D4: -44.896 | E4: -19.012 | F4: -19.0987 | G4: -31.2527 | H4: -147.962 | I4: -29.9095 | J4: -28.1293 | K4: -49.9146 | L4: -34.6034 | M4: -27.7491 | N4: -15.6434 | O4: -26.4809 | P4: -13.4615 | Q4: -3.12216 | R4: -37.49 | S4: -28.5819 | T4: -34.9881 | U4: -27.6106 | V4: -13.7717 | W4: -19.4535 | X4: -43.8341 | Y4: -36.949 | Z4: -18.7086 | AA4: -25.3987 | AB4: -18.6842 | AC4: -10.9742 | AD4: -34.3674 | AE4: -27.6583 | AF4: -22.2641 | AG4: -16.6996 | AH4: -67.2822
A5: =YampaRiverInflow.TotalOutflow!A5 -> 46174 | B5: -39.108 | C5: -39.108 | D5: -39.108 | E5: -57.844 | F5: -49.3213 | G5: -51.9298 | H5: -183.623 | I5: -63.5583 | J5: -43.4433 | K5: -78.7121 | L5: -44.4283 | M5: -46.6234 | N5: -26.48 | O5: -49.2491 | P5: -37.8203 | Q5: -37.1238 | R5: -46.8057 | S5: -42.2714 | T5: -36.9155 | U5: -53.1378 | V5: -64.9482 | W5: -25.7806 | X5: -34.9432 | Y5: -51.2961 | Z5: -57.3318 | AA5: -54.5582 | AB5: -68.587 | AC5: -37.6851 | AD5: -32.2565 | AE5: -52.2287 | AF5: -55.4334 | AG5: -50.6238 | AH5: -49.755
A6: =YampaRiverInflow.TotalOutflow!A6 -> 46204 | B6: -23.525 | C6: -23.525 | D6: -23.525 | E6: -48.3 | F6: -25.5037 | G6: -48.5671 | H6: -182.992 | I6: -65.306 | J6: -37.942 | K6: -73.7868 | L6: -40.7665 | M6: -6.45708 | N6: -40.4782 | O6: -35.3471 | P6: -30.9842 | Q6: -12.6444 | R6: -15.2517 | S6: -52.7661 | T6: -45.9359 | U6: -47.3004 | V6: -39.2214 | W6: -35.2228 | X6: -42.7215 | Y6: -48.9001 | Z6: -17.8947 | AA6: -23.6962 | AB6: -7.1829 | AC6: -15.9044 | AD6: -28.5896 | AE6: -43.7275 | AF6: -35.5823 | AG6: -30.5755 | AH6: -37.1808
A7: =YampaRiverInflow.TotalOutflow!A7 -> 46235 | B7: -12.019 | C7: -12.019 | D7: -12.019 | E7: -23.998 | F7: 5.84362 | G7: -37.1213 | H7: -39.3799 | I7: -27.815 | J7: -14.0517 | K7: -65.3813 | L7: -36.5657 | M7: -19.8544 | N7: -3.75305 | O7: -2.87759 | P7: -12.6664 | Q7: -13.9602 | R7: -39.9984 | S7: 7.28506 | T7: -24.3444 | U7: -33.4494 | V7: -19.8319 | W7: -46.2576 | X7: -32.9453 | Y7: -39.4583 | Z7: -23.4458 | AA7: -14.4425 | AB7: -5.31476 | AC7: -20.151 | AD7: -29.1483 | AE7: -33.4379 | AF7: -29.4506 | AG7: -25.8036 | AH7: -58.4669
A8: =YampaRiverInflow.TotalOutflow!A8 -> 46266 | B8: -6.004 | C8: -6.004 | D8: -6.004 | E8: -15.521 | F8: -12.7457 | G8: -31.3336 | H8: -19.8563 | I8: -41.4159 | J8: -22.5552 | K8: 0.85353 | L8: -61.9663 | M8: -54.049 | N8: -27.7121 | O8: -18.0221 | P8: -8.84472 | Q8: -17.9664 | R8: -5.13582 | S8: -10.9739 | T8: -32.4698 | U8: -35.09 | V8: -20.7882 | W8: -50.8041 | X8: -26.4872 | Y8: -30.2539 | Z8: -43.0578 | AA8: -36.3501 | AB8: -18.8728 | AC8: -16.6816 | AD8: -22.6026 | AE8: -13.8663 | AF8: -20.75 | AG8: -8.91838 | AH8: -33.3539
A9: =YampaRiverInflow.TotalOutflow!A9 -> 46296 | B9: -4.306 | C9: -4.306 | D9: -4.306 | E9: 3.17 | F9: -15.058 | G9: -8.18728 | H9: -13.2617 | I9: 8.34383 | J9: 1.62834 | K9: -1.52561 | L9: 0.55819 | M9: -0.40666 | N9: -3.37436 | O9: 10.40099 | P9: 3.1251 | Q9: 0.16554 | R9: 26.08508 | S9: -4.43981 | T9: 7.40005 | U9: -11.6661 | V9: -2.74084 | W9: -4.4333 | X9: -10.0848 | Y9: -27.0326 | Z9: -5.75541 | AA9: -10.2515 | AB9: -12.6999 | AC9: -3.16777 | AD9: -24.612 | AE9: -28.0771 | AF9: -12.1576 | AG9: 1.722325 | AH9: -9.78189
A10: =YampaRiverInflow.TotalOutflow!A10 -> 46327 | B10: 21.308 | C10: 21.308 | D10: 21.308 | E10: 8.676 | F10: -7.5486 | G10: 1.33239 | H10: 8.96171 | I10: 4.50231 | J10: 13.97513 | K10: 6.87569 | L10: -37.7539 | M10: 12.5796 | N10: 4.95281 | O10: 14.292 | P10: 10.39825 | Q10: 14.77266 | R10: 2.89751 | S10: -5.15955 | T10: 8.35953 | U10: 0.24359 | V10: -2.1938 | W10: -8.1243 | X10: -20.0396 | Y10: -7.13505 | Z10: -4.97493 | AA10: -2.77477 | AB10: -5.46425 | AC10: 12.7534 | AD10: 1.235026 | AE10: 6.938932 | AF10: -9.73919 | AG10: 26.70477 | AH10: 4.100474
A11: =YampaRiverInflow.TotalOutflow!A11 -> 46357 | B11: 17.788 | C11: 17.788 | D11: 17.788 | E11: 18.335 | F11: 4.65828 | G11: 11.40897 | H11: 18.88374 | I11: 6.48062 | J11: -1.68867 | K11: -26.6223 | L11: -69.3121 | M11: 30.47054 | N11: 12.73404 | O11: 16.88007 | P11: 5.85979 | Q11: 7.44447 | R11: 33.22427 | S11: 12.47998 | T11: 17.5514 | U11: 6.27061 | V11: 38.81458 | W11: 9.56931 | X11: 34.18055 | Y11: 4.38112 | Z11: 12.84577 | AA11: -9.61699 | AB11: 8.367279 | AC11: 21.69985 | AD11: 30.9231 | AE11: 2.64348 | AF11: 7.848967 | AG11: 2.937633 | AH11: 20.85674
A12: =YampaRiverInflow.TotalOutflow!A12 -> 46388 | B12: 1.12 | C12: 1.12 | D12: 1.12 | E12: -16.6886 | F12: 33.01545 | G12: -30.7127 | H12: -2.29701 | I12: -5.62753 | J12: -64.6809 | K12: -113.199 | L12: 36.2424 | M12: -10.6774 | N12: 8.15814 | O12: 1.39302 | P12: 10.17 | Q12: 3.65426 | R12: 8.1713 | S12: -29.2118 | T12: -12.4862 | U12: -4.20131 | V12: -21.9872 | W12: 21.38131 | X12: -39.1005 | Y12: -31.0888 | Z12: 7.30674 | AA12: -13.319 | AB12: -6.39839 | AC12: -23.134 | AD12: -29.6379 | AE12: -24.3563 | AF12: -6.12601 | AG12: -35.9651 | AH12: -1.432
A13: =YampaRiverInflow.TotalOutflow!A13 -> 46419 | B13: -29.684 | C13: -29.684 | D13: -29.684 | E13: -22.5732 | F13: -17.1022 | G13: -38.9018 | H13: -63.5752 | I13: -26.557 | J13: -43.0946 | K13: -46.8044 | L13: -20.8753 | M13: -24.3658 | N13: 1.18557 | O13: -25.8432 | P13: -4.47626 | Q13: -2.36822 | R13: 5.90798 | S13: -17.9784 | T13: -35.6017 | U13: -45.1038 | V13: -5.11783 | W13: -37.283 | X13: -15.6464 | Y13: -40.0718 | Z13: -32.633 | AA13: -26.7033 | AB13: -28.7275 | AC13: -41.4633 | AD13: -12.3648 | AE13: -17.9447 | AF13: -30.3818 | AG13: -39.8801 | AH13: -13.894
A14: =YampaRiverInflow.TotalOutflow!A14 -> 46447 | B14: -43.48 | C14: -43.48 | D14: -43.48 | E14: -9.44514 | F14: -51.1229 | G14: -40.1935 | H14: -34.902 | I14: -96.0959 | J14: -38.8813 | K14: -9.18325 | L14: -13.1533 | M14: -27.9139 | N14: -37.9453 | O14: -37.2325 | P14: -84.1511 | Q14: -52.8228 | R14: -62.3754 | S14: -22.7028 | T14: -24.4108 | U14: -35.7792 | V14: -52.1896 | W14: -44.5941 | X14: -46.2769 | Y14: -41.1785 | Z14: -54.0988 | AA14: -94.3867 | AB14: -68.116 | AC14: -21.3297 | AD14: -45.1336 | AE14: -41.104 | AF14: -52.2875 | AG14: -39.9965 | AH14: -34.947
A15: =YampaRiverInflow.TotalOutflow!A15 -> 46478 | B15: -47.68 | C15: -47.68 | D15: -47.68 | E15: -58.0701 | F15: -46.2243 | G15: -45.2311 | H15: -21.3372 | I15: -46.392 | J15: -46.9317 | K15: -10.3939 | L15: -22.1833 | M15: -50.3609 | N15: -34.2443 | O15: -28.2986 | P15: -23.057 | Q15: -23.6526 | R15: -18.7313 | S15: -34.493 | T15: -34.7191 | U15: -39.3543 | V15: -36.8165 | W15: -31.0965 | X15: -26.8207 | Y15: -39.5966 | Z15: -38.4906 | AA15: -7.43297 | AB15: -6.86445 | AC15: -16.9156 | AD15: -37.5362 | AE15: -51.6753 | AF15: -49.0565 | AG15: 3.832347 | AH15: -59.116
... A63: =YampaRiverInflow.TotalOutflow!A63 -> 47939 | B63: -47.68 | C63: -47.68 | D63: -47.68 | E63: -46.392 | F63: -46.9317 | G63: -10.3939 | H63: -22.1833 | I63: -50.3609 | J63: -34.2443 | K63: -28.2986 | L63: -23.057 | M63: -23.6526 | N63: -18.7313 | O63: -34.493 | P63: -34.7191 | Q63: -39.3543 | R63: -36.8165 | S63: -31.0965 | T63: -26.8207 | U63: -39.5966 | V63: -38.4906 | W63: -7.43297 | X63: -6.86445 | Y63: -16.9156 | Z63: -37.5362 | AA63: -51.6753 | AB63: -49.0565 | AC63: 3.832347 | AD63: -59.116 | AE63: -58.0701 | AF63: -46.2243 | AG63: -45.2311 | AH63: -21.3372
A64: =YampaRiverInflow.TotalOutflow!A64 -> 47969 | B64: -44.896 | C64: -44.896 | D64: -44.896 | E64: -28.1293 | F64: -49.9146 | G64: -34.6034 | H64: -27.7491 | I64: -15.6434 | J64: -26.4809 | K64: -13.4615 | L64: -3.12216 | M64: -37.49 | N64: -28.5819 | O64: -34.9881 | P64: -27.6106 | Q64: -13.7717 | R64: -19.4535 | S64: -43.8341 | T64: -36.949 | U64: -18.7086 | V64: -25.3987 | W64: -18.6842 | X64: -10.9742 | Y64: -34.3674 | Z64: -27.6583 | AA64: -22.2641 | AB64: -16.6996 | AC64: -67.2822 | AD64: -19.012 | AE64: -19.0987 | AF64: -31.2527 | AG64: -147.962 | AH64: -29.9095 | ALQ64: #N/A
A65: =YampaRiverInflow.TotalOutflow!A65 -> 48000 | B65: -39.108 | C65: -39.108 | D65: -39.108 | E65: -43.4433 | F65: -78.7121 | G65: -44.4283 | H65: -46.6234 | I65: -26.48 | J65: -49.2491 | K65: -37.8203 | L65: -37.1238 | M65: -46.8057 | N65: -42.2714 | O65: -36.9155 | P65: -53.1378 | Q65: -64.9482 | R65: -25.7806 | S65: -34.9432 | T65: -51.2961 | U65: -57.3318 | V65: -54.5582 | W65: -68.587 | X65: -37.6851 | Y65: -32.2565 | Z65: -52.2287 | AA65: -55.4334 | AB65: -50.6238 | AC65: -49.755 | AD65: -57.844 | AE65: -49.3213 | AF65: -51.9298 | AG65: -183.623 | AH65: -63.5583 | ALQ65: #N/A
A66: =YampaRiverInflow.TotalOutflow!A66 -> 48030 | B66: -23.525 | C66: -23.525 | D66: -23.525 | E66: -37.942 | F66: -73.7868 | G66: -40.7665 | H66: -6.45708 | I66: -40.4782 | J66: -35.3471 | K66: -30.9842 | L66: -12.6444 | M66: -15.2517 | N66: -52.7661 | O66: -45.9359 | P66: -47.3004 | Q66: -39.2214 | R66: -35.2228 | S66: -42.7215 | T66: -48.9001 | U66: -17.8947 | V66: -23.6962 | W66: -7.1829 | X66: -15.9044 | Y66: -28.5896 | Z66: -43.7275 | AA66: -35.5823 | AB66: -30.5755 | AC66: -37.1808 | AD66: -48.3 | AE66: -25.5037 | AF66: -48.5671 | AG66: -182.992 | AH66: -65.306 | ALQ66: #N/A
A67: =YampaRiverInflow.TotalOutflow!A67 -> 48061 | B67: -12.019 | C67: -12.019 | D67: -12.019 | E67: -14.0517 | F67: -65.3813 | G67: -36.5657 | H67: -19.8544 | I67: -3.75305 | J67: -2.87759 | K67: -12.6664 | L67: -13.9602 | M67: -39.9984 | N67: 7.28506 | O67: -24.3444 | P67: -33.4494 | Q67: -19.8319 | R67: -46.2576 | S67: -32.9453 | T67: -39.4583 | U67: -23.4458 | V67: -14.4425 | W67: -5.31476 | X67: -20.151 | Y67: -29.1483 | Z67: -33.4379 | AA67: -29.4506 | AB67: -25.8036 | AC67: -58.4669 | AD67: -23.998 | AE67: 5.84362 | AF67: -37.1213 | AG67: -39.3799 | AH67: -27.815 | ALQ67: #N/A
A68: =YampaRiverInflow.TotalOutflow!A68 -> 48092 | B68: -6.004 | C68: -6.004 | D68: -6.004 | E68: -22.5552 | F68: 0.85353 | G68: -61.9663 | H68: -54.049 | I68: -27.7121 | J68: -18.0221 | K68: -8.84472 | L68: -17.9664 | M68: -5.13582 | N68: -10.9739 | O68: -32.4698 | P68: -35.09 | Q68: -20.7882 | R68: -50.8041 | S68: -26.4872 | T68: -30.2539 | U68: -43.0578 | V68: -36.3501 | W68: -18.8728 | X68: -16.6816 | Y68: -22.6026 | Z68: -13.8663 | AA68: -20.75 | AB68: -8.91838 | AC68: -33.3539 | AD68: -15.521 | AE68: -12.7457 | AF68: -31.3336 | AG68: -19.8563 | AH68: -41.4159 | ALQ68: #N/A
ALQ69: #N/A
ALQ70: #N/A
ALQ71: #N/A
ALQ72: #N/A

Sheet GainsAboveParker
A2: DvsToPkr_In | B2: Max | C2: Min | D2: Most | E2: 1991 | F2: 1992 | G2: 1993 | H2: 1994 | I2: 1995 | J2: 1996 | K2: 1997 | L2: 1998 | M2: 1999 | N2: 2000 | O2: 2001 | P2: 2002 | Q2: 2003 | R2: 2004 | S2: 2005 | T2: 2006 | U2: 2007 | V2: 2008 | W2: 2009 | X2: 2010 | Y2: 2011 | Z2: 2012 | AA2: 2013 | AB2: 2014 | AC2: 2015 | AD2: 2016 | AE2: 2017 | AF2: 2018 | AG2: 2019 | AH2: 2020
A3: =A2&"_"&"Time" -> DvsToPkr_In_Time | B3: Trace1 | C3: Trace2 | D3: Trace3 | E3: Trace4 | F3: Trace5 | G3: Trace6 | H3: Trace7 | I3: Trace8 | J3: Trace9 | K3: Trace10 | L3: Trace11 | M3: Trace12 | N3: Trace13 | O3: Trace14 | P3: Trace15 | Q3: Trace16 | R3: Trace17 | S3: Trace18 | T3: Trace19 | U3: Trace20 | V3: Trace21 | W3: Trace22 | X3: Trace23 | Y3: Trace24 | Z3: Trace25 | AA3: Trace26 | AB3: Trace27 | AC3: Trace28 | AD3: Trace29 | AE3: Trace30 | AF3: Trace31 | AG3: Trace32 | AH3: Trace33
A4: =YampaRiverInflow.TotalOutflow!A4 -> 46143 | B4: 5.909 | C4: 5.909 | D4: 5.909 | E4: 42.96897 | F4: 42.5136 | G4: 61.40608 | H4: 156.79035 | I4: 38.48441 | J4: 26.34796 | K4: 25.86776 | L4: 34.76431 | M4: 25.36792 | N4: -18.43773 | O4: 9.63806 | P4: 21.70689 | Q4: 18.98912 | R4: 6.74551 | S4: 10.56181 | T4: -4.51649 | U4: 13.6478 | V4: 14.3807 | W4: 20.27851 | X4: 24.10663 | Y4: 17.29781 | Z4: 25.73425 | AA4: 20.64638 | AB4: -2.82873 | AC4: 20.73298 | AD4: 13.07884 | AE4: 22.11518 | AF4: 10.55193 | AG4: 8.31186 | AH4: -6.53068
A5: =YampaRiverInflow.TotalOutflow!A5 -> 46174 | B5: 14.849 | C5: 14.849 | D5: 14.849 | E5: 47.77697 | F5: 30.47293 | G5: 41.87585 | H5: 162.57756 | I5: 38.63072 | J5: 28.58334 | K5: 31.82819 | L5: 32.59767 | M5: 24.75342 | N5: 34.45603 | O5: 44.05958 | P5: 22.55361 | Q5: 11.88465 | R5: 3.43373 | S5: 10.73582 | T5: -12.62983 | U5: 11.01207 | V5: 4.87912 | W5: 20.43703 | X5: 23.30864 | Y5: 14.64692 | Z5: 10.02741 | AA5: 15.25596 | AB5: 10.84935 | AC5: 19.48375 | AD5: 18.53059 | AE5: 0.33273 | AF5: 6.22284 | AG5: 11.04167 | AH5: -4.77001
A6: =YampaRiverInflow.TotalOutflow!A6 -> 46204 | B6: 18.539 | C6: 18.539 | D6: 18.539 | E6: 47.54931 | F6: 61.74411 | G6: 56.98644 | H6: 176.79275 | I6: 47.45546 | J6: 34.65512 | K6: 33.56126 | L6: 28.15003 | M6: 51.28918 | N6: 41.38404 | O6: 33.49259 | P6: 27.52253 | Q6: 15.31824 | R6: 6.77528 | S6: 10.10783 | T6: 4.59037 | U6: 26.34673 | V6: 12.03446 | W6: 17.30554 | X6: 17.51608 | Y6: 34.46132 | Z6: 45.97855 | AA6: 28.13441 | AB6: 19.27378 | AC6: 17.61988 | AD6: 20.37025 | AE6: 18.26059 | AF6: 20.42544 | AG6: 15.59191 | AH6: 2.50277
A7: =YampaRiverInflow.TotalOutflow!A7 -> 46235 | B7: 19.315 | C7: 19.315 | D7: 19.315 | E7: 55.22383 | F7: 61.62239 | G7: 63.19542 | H7: 55.47361 | I7: 43.95215 | J7: 35.97391 | K7: 38.82039 | L7: 44.4117 | M7: 34.7297 | N7: 47.30745 | O7: 39.60067 | P7: 28.68741 | Q7: 23.30156 | R7: 11.3675 | S7: 31.26309 | T7: 3.74146 | U7: 14.78705 | V7: 25.30525 | W7: 24.65094 | X7: 21.20816 | Y7: 24.72842 | Z7: 25.74599 | AA7: 37.13162 | AB7: 26.0872 | AC7: 15.61852 | AD7: 22.61469 | AE7: 11.92481 | AF7: 21.49428 | AG7: 15.17706 | AH7: 1.53237
A8: =YampaRiverInflow.TotalOutflow!A8 -> 46266 | B8: 11.255 | C8: 11.255 | D8: 11.255 | E8: 52.20159 | F8: 44.2432 | G8: 44.78087 | H8: 37.59209 | I8: 39.71172 | J8: 31.9017 | K8: 56.05281 | L8: 39.03198 | M8: 22.41049 | N8: 25.4244 | O8: 31.6371 | P8: 25.40353 | Q8: 16.95394 | R8: 23.52132 | S8: 6.10923 | T8: 5.1206 | U8: 18.61912 | V8: 14.41678 | W8: 21.23971 | X8: 17.40443 | Y8: 30.4716 | Z8: 31.30835 | AA8: 23.0104 | AB8: 13.29727 | AC8: 19.10316 | AD8: 13.49493 | AE8: 16.10501 | AF8: 9.40531 | AG8: 25.57864 | AH8: 3.75977
A9: =YampaRiverInflow.TotalOutflow!A9 -> 46296 | B9: 17.218 | C9: 17.218 | D9: 17.218 | E9: 41.36547 | F9: 43.13233 | G9: 33.98084 | H9: 41.26681 | I9: 29.10363 | J9: 25.96427 | K9: 17.12565 | L9: 46.32744 | M9: -9.21419 | N9: 33.4552 | O9: 17.61167 | P9: 33.28969 | Q9: 9.327 | R9: 44.05358 | S9: 22.42199 | T9: 15.98033 | U9: 21.85923 | V9: 21.11929 | W9: 17.55356 | X9: 25.01381 | Y9: 30.83512 | Z9: 33.81677 | AA9: 18.59195 | AB9: 16.11141 | AC9: 34.13435 | AD9: 35.68943 | AE9: 9.00045 | AF9: 22.62888 | AG9: 18.0348 | AH9: 21.00828
A10: =YampaRiverInflow.TotalOutflow!A10 -> 46327 | B10: 15.69 | C10: 15.69 | D10: 15.69 | E10: 40.0026 | F10: 31.05196 | G10: 21.41379 | H10: 37.11804 | I10: 31.5911 | J10: 21.96197 | K10: 34.47256 | L10: 17.06053 | M10: 26.18551 | N10: 0.18277 | O10: 9.81234 | P10: 18.02574 | Q10: 18.85513 | R10: 52.82048 | S10: 26.40189 | T10: 7.47088 | U10: 17.07439 | V10: 28.74788 | W10: 31.61481 | X10: 37.70553 | Y10: 37.45104 | Z10: 26.64231 | AA10: 24.67809 | AB10: 8.99539 | AC10: 10.98026 | AD10: 20.74005 | AE10: 12.02684 | AF10: 16.10122 | AG10: 21.6662 | AH10: 20.03202
A11: =YampaRiverInflow.TotalOutflow!A11 -> 46357 | B11: 15.99 | C11: 15.99 | D11: 15.99 | E11: 31.99293 | F11: 42.82227 | G11: 29.81605 | H11: 44.60654 | I11: 19.76508 | J11: 7.77966 | K11: 13.67696 | L11: 23.66765 | M11: 37.51386 | N11: 34.278 | O11: 20.09415 | P11: 16.35925 | Q11: 19.77997 | R11: 32.12878 | S11: 31.08907 | T11: -1.11826 | U11: 19.9822 | V11: 24.6101 | W11: 25.21958 | X11: 32.67764 | Y11: 27.84977 | Z11: 19.7839 | AA11: 7.22792 | AB11: 18.56762 | AC11: 21.62541 | AD11: 25.90841 | AE11: 17.12948 | AF11: 26.60964 | AG11: 19.80631 | AH11: 8.9451
A12: =YampaRiverInflow.TotalOutflow!A12 -> 46388 | B12: 8.024 | C12: 8.024 | D12: 8.024 | E12: 19.73033 | F12: 101.48094 | G12: 22.18625 | H12: 31.44839 | I12: 12.8701 | J12: -2.47626 | K12: 17.8524 | L12: 41.02344 | M12: 32.83238 | N12: 37.03804 | O12: 4.0774 | P12: 8.47555 | Q12: 7.35494 | R12: 137.11972 | S12: 5.13034 | T12: 9.66275 | U12: 13.88271 | V12: 3.59128 | W12: 41.67734 | X12: 7.61434 | Y12: 11.31534 | Z12: 17.09442 | AA12: 12.35053 | AB12: 17.26952 | AC12: 26.24969 | AD12: 33.22169 | AE12: 3.04768 | AF12: 19.35218 | AG12: 1.27113 | AH12: 34.92404
A13: =YampaRiverInflow.TotalOutflow!A13 -> 46419 | B13: 1.28 | C13: 1.28 | D13: 1.28 | E13: 31.82765 | F13: 223.49723 | G13: 12.69018 | H13: 90.41898 | I13: 14.52515 | J13: 22.38951 | K13: 37.95812 | L13: 22.29544 | M13: 16.79486 | N13: 22.4228 | O13: 6.87912 | P13: 23.19329 | Q13: 13.38234 | R13: 174.80966 | S13: 11.10446 | T13: -5.53458 | U13: 2.9117 | V13: 14.60534 | W13: 8.72083 | X13: 14.52425 | Y13: 10.42364 | Z13: 3.61097 | AA13: 19.37181 | AB13: 9.03759 | AC13: 9.42035 | AD13: 14.4858 | AE13: 2.46605 | AF13: 12.83705 | AG13: -3.5236 | AH13: 48.39384
A14: =YampaRiverInflow.TotalOutflow!A14 -> 46447 | B14: 7.398 | C14: 7.398 | D14: 7.398 | E14: 65.72315 | F14: 320.00678 | G14: 37.8846 | H14: 112.95494 | I14: 11.05152 | J14: 29.33547 | K14: 39.44098 | L14: 28.53557 | M14: 11.61671 | N14: 39.45598 | O14: 14.63863 | P14: 0.6577 | Q14: 5.99915 | R14: 168.58646 | S14: 24.27091 | T14: 15.90566 | U14: 3.04539 | V14: 10.66257 | W14: 54.88222 | X14: 5.2404 | Y14: 8.12809 | Z14: 7.57452 | AA14: -3.13728 | AB14: 2.7689 | AC14: 17.60759 | AD14: 10.79764 | AE14: -2.69144 | AF14: -4.71918 | AG14: 15.22737 | AH14: 42.54028
A15: =YampaRiverInflow.TotalOutflow!A15 -> 46478 | B15: 11.433 | C15: 11.433 | D15: 11.433 | E15: 41.32734 | F15: 46.89721 | G15: 26.37837 | H15: 26.40803 | I15: 24.8754 | J15: 18.27895 | K15: 37.05164 | L15: 17.81608 | M15: -60.41943 | N15: 61.05544 | O15: 14.78669 | P15: 22.41154 | Q15: 12.2781 | R15: 16.63385 | S15: 14.43315 | T15: 15.62908 | U15: 11.95072 | V15: 15.12138 | W15: 34.07334 | X15: 18.95266 | Y15: 23.9536 | Z15: 14.33919 | AA15: 23.93705 | AB15: 12.69601 | AC15: 18.01211 | AD15: 12.86886 | AE15: -8.04922 | AF15: 5.61697 | AG15: 28.85717 | AH15: 70.87842
... A63: =YampaRiverInflow.TotalOutflow!A63 -> 47939 | B63: 11.433 | C63: 11.433 | D63: 11.433 | E63: 24.8754 | F63: 18.27895 | G63: 37.05164 | H63: 17.81608 | I63: -60.41943 | J63: 61.05544 | K63: 14.78669 | L63: 22.41154 | M63: 12.2781 | N63: 16.63385 | O63: 14.43315 | P63: 15.62908 | Q63: 11.95072 | R63: 15.12138 | S63: 34.07334 | T63: 18.95266 | U63: 23.9536 | V63: 14.33919 | W63: 23.93705 | X63: 12.69601 | Y63: 18.01211 | Z63: 12.86886 | AA63: -8.04922 | AB63: 5.61697 | AC63: 28.85717 | AD63: 70.87842 | AE63: 41.31472 | AF63: 46.89879 | AG63: 26.36436 | AH63: 26.39806
A64: =YampaRiverInflow.TotalOutflow!A64 -> 47969 | B64: 5.909 | C64: 5.909 | D64: 5.909 | E64: 26.34796 | F64: 25.86776 | G64: 34.76431 | H64: 25.36792 | I64: -18.43773 | J64: 9.63806 | K64: 21.70689 | L64: 18.98912 | M64: 6.74551 | N64: 10.56181 | O64: -4.51649 | P64: 13.6478 | Q64: 14.3807 | R64: 20.27851 | S64: 24.10663 | T64: 17.29781 | U64: 25.73425 | V64: 20.64638 | W64: -2.82873 | X64: 20.73298 | Y64: 13.07884 | Z64: 22.11518 | AA64: 10.55193 | AB64: 8.31186 | AC64: -6.53068 | AD64: 42.96922 | AE64: 42.51309 | AF64: 61.39786 | AG64: 156.7941 | AH64: 38.48481 | ALQ64: #N/A
A65: =YampaRiverInflow.TotalOutflow!A65 -> 48000 | B65: 14.849 | C65: 14.849 | D65: 14.849 | E65: 28.58334 | F65: 31.82819 | G65: 32.59767 | H65: 24.75342 | I65: 34.45603 | J65: 44.05958 | K65: 22.55361 | L65: 11.88465 | M65: 3.43373 | N65: 10.73582 | O65: -12.62983 | P65: 11.01207 | Q65: 4.87912 | R65: 20.43703 | S65: 23.30864 | T65: 14.64692 | U65: 10.02741 | V65: 15.25596 | W65: 10.84935 | X65: 19.48375 | Y65: 18.53059 | Z65: 0.33273 | AA65: 6.22284 | AB65: 11.04167 | AC65: -4.77001 | AD65: 47.76947 | AE65: 30.46839 | AF65: 41.86404 | AG65: 162.56731 | AH65: 38.62424 | ALQ65: #N/A
A66: =YampaRiverInflow.TotalOutflow!A66 -> 48030 | B66: 18.539 | C66: 18.539 | D66: 18.539 | E66: 34.65512 | F66: 33.56126 | G66: 28.15003 | H66: 51.28918 | I66: 41.38404 | J66: 33.49259 | K66: 27.52253 | L66: 15.31824 | M66: 6.77528 | N66: 10.10783 | O66: 4.59037 | P66: 26.34673 | Q66: 12.03446 | R66: 17.30554 | S66: 17.51608 | T66: 34.46132 | U66: 45.97855 | V66: 28.13441 | W66: 19.27378 | X66: 17.61988 | Y66: 20.37025 | Z66: 18.26059 | AA66: 20.42544 | AB66: 15.59191 | AC66: 2.50277 | AD66: 47.54383 | AE66: 61.73623 | AF66: 56.98791 | AG66: 176.79157 | AH66: 47.43757 | ALQ66: #N/A
A67: =YampaRiverInflow.TotalOutflow!A67 -> 48061 | B67: 19.315 | C67: 19.315 | D67: 19.315 | E67: 35.97391 | F67: 38.82039 | G67: 44.4117 | H67: 34.7297 | I67: 47.30745 | J67: 39.60067 | K67: 28.68741 | L67: 23.30156 | M67: 11.3675 | N67: 31.26309 | O67: 3.74146 | P67: 14.78705 | Q67: 25.30525 | R67: 24.65094 | S67: 21.20816 | T67: 24.72842 | U67: 25.74599 | V67: 37.13162 | W67: 26.0872 | X67: 15.61852 | Y67: 22.61469 | Z67: 11.92481 | AA67: 21.49428 | AB67: 15.17706 | AC67: 1.53237 | AD67: 55.2004 | AE67: 61.60128 | AF67: 63.18181 | AG67: 55.46155 | AH67: 43.947 | ALQ67: #N/A
